OCI,delta_OCI,temp_indoor,humi_indoor,ac_mode_class
0.0,0.0,27.76,60.14,1
0.14,0.14,27.61,60.28,1
0.082,-0.058,27.72,60.45,0
0.2006,0.1186,27.72,60.62,0
0.2989,0.0983,27.5,60.77,1
0.3441,0.0452,27.36,60.91,1
0.3843,0.0403,27.28,61.05,1
0.4106,0.0262,27.18,61.19,1
0.4725,0.0619,26.77,61.29,2
0.4681,-0.0044,26.3,61.39,2
0.5179,0.0498,25.9,61.48,2
0.4802,-0.0377,25.56,61.58,2
0.52,0.0397,25.36,61.67,2
0.3627,-0.1572,25.41,61.8,1
0.3988,0.036,25.48,61.92,1
0.4611,0.0624,25.26,62.01,2
0.4876,0.0265,25.03,62.09,2
0.5071,0.0195,24.75,62.17,2
0.5281,0.0209,24.48,62.26,2
0.5424,0.0144,24.41,62.34,2
0.5082,-0.0342,24.19,62.42,2
0.4867,-0.0215,23.94,62.49,2
0.483,-0.0038,23.81,62.57,2
0.5008,0.0178,23.68,62.64,2
0.5261,0.0253,23.59,62.72,2
0.5298,0.0038,23.53,62.79,2
0.5392,0.0093,23.43,62.86,2
0.5746,0.0355,23.34,62.93,2
0.5844,0.0098,23.27,63.0,2
0.5828,-0.0017,23.24,63.07,2
0.5726,-0.0102,23.23,63.14,2
0.5467,-0.0259,23.19,63.2,2
0.5548,0.0081,23.15,63.27,2
0.5993,0.0444,23.17,63.33,2
0.6238,0.0246,23.08,63.39,2
0.6186,-0.0052,23.15,63.46,2
0.5735,-0.0451,23.07,63.52,2
0.5836,0.0101,23.04,63.58,2
0.5489,-0.0348,22.95,63.63,2
0.5113,-0.0376,22.98,63.68,2
0.5007,-0.0106,22.84,63.74,2
0.4869,-0.0138,22.84,63.79,2
0.5163,0.0294,22.79,63.84,2
0.55,0.0338,22.79,63.89,2
0.5865,0.0364,22.8,63.94,2
0.5601,-0.0264,22.74,63.99,2
0.579,0.0189,22.79,64.04,2
0.6247,0.0457,22.8,64.09,2
0.588,-0.0367,22.68,64.13,2
0.5752,-0.0129,22.64,64.18,2
0.5672,-0.008,22.67,64.23,2
0.5464,-0.0207,22.69,64.27,2
0.5574,0.011,22.82,64.31,2
0.5777,0.0203,22.81,64.35,2
0.603,0.0253,22.8,64.4,2
0.5951,-0.0079,22.77,64.44,2
0.6302,0.0351,22.86,64.48,2
0.6072,-0.023,22.91,64.52,2
0.6005,-0.0067,22.94,64.56,2
0.635,0.0345,23.0,64.6,2
0.648,0.013,23.0,64.64,2
0.5887,-0.0593,23.01,64.68,2
0.6254,0.0367,23.12,64.72,2
0.6356,0.0102,23.11,64.75,2
0.647,0.0114,23.11,64.79,2
0.6311,-0.0159,23.18,64.83,2
0.6037,-0.0273,23.02,64.86,2
0.6319,0.0282,23.08,64.9,2
0.631,-0.0009,23.07,64.93,2
0.6278,-0.0032,23.04,64.96,2
0.6455,0.0177,23.06,64.99,2
0.6022,-0.0433,23.02,65.02,2
0.6052,0.003,22.9,65.05,2
0.5948,-0.0104,22.9,65.08,2
0.6173,0.0225,22.84,65.11,2
0.6038,-0.0135,22.8,65.14,2
0.5842,-0.0196,22.92,65.17,2
0.5575,-0.0267,22.92,65.19,2
0.5739,0.0164,22.92,65.22,2
0.5286,-0.0453,22.89,65.24,2
0.5706,0.042,22.87,65.26,2
0.5894,0.0188,22.91,65.29,2
0.6112,0.0218,22.9,65.31,2
0.5626,-0.0486,22.89,65.33,2
0.5402,-0.0224,22.86,65.35,2
0.5896,0.0494,22.77,65.38,2
0.6125,0.0228,22.77,65.4,2
0.6302,0.0178,22.76,65.42,2
0.5901,-0.0401,22.71,65.44,2
0.5374,-0.0527,22.66,65.46,2
0.5214,-0.016,22.64,65.48,2
0.5574,0.036,22.71,65.5,2
0.6115,0.054,22.66,65.52,2
0.5869,-0.0246,22.6,65.54,2
0.5699,-0.017,22.66,65.55,2
0.5825,0.0126,22.58,65.57,2
0.4186,-0.1639,22.84,65.62,1
0.4788,0.0601,23.09,65.67,1
0.5543,0.0755,23.11,65.69,2
0.6116,0.0574,23.1,65.7,2
0.6301,0.0185,23.07,65.72,2
0.6229,-0.0072,22.98,65.74,2
0.621,-0.0019,22.99,65.75,2
0.628,0.007,22.97,65.77,2
0.5965,-0.0315,22.87,65.79,2
0.5919,-0.0046,22.85,65.8,2
0.5823,-0.0096,22.86,65.81,2
0.6316,0.0493,22.78,65.83,2
0.6097,-0.0219,22.84,65.84,2
0.6043,-0.0055,22.78,65.86,2
0.616,0.0117,22.75,65.87,2
0.5923,-0.0237,22.74,65.88,2
0.6046,0.0123,22.76,65.89,2
0.588,-0.0167,22.75,65.91,2
0.5722,-0.0158,22.7,65.92,2
0.5856,0.0134,22.67,65.93,2
0.6079,0.0223,22.77,65.94,2
0.6396,0.0317,22.75,65.95,2
0.6686,0.029,22.83,65.97,2
0.6201,-0.0485,22.81,65.98,2
0.6525,0.0324,22.84,65.99,2
0.6501,-0.0024,22.91,66.0,2
0.6864,0.0363,22.98,66.02,2
0.7119,0.0255,22.99,66.03,2
0.6789,-0.033,22.93,66.05,2
0.6665,-0.0124,22.93,66.06,2
0.6781,0.0116,22.97,66.07,2
0.6971,0.019,23.0,66.08,2
0.7063,0.0092,23.09,66.1,2
0.674,-0.0323,23.06,66.11,2
0.6663,-0.0077,23.04,66.12,2
0.6573,-0.009,23.04,66.13,2
0.6546,-0.0027,22.99,66.14,2
0.6789,0.0243,22.97,66.15,2
0.6915,0.0126,22.94,66.16,2
0.7021,0.0106,23.0,66.18,2
0.6587,-0.0434,22.94,66.19,2
0.6254,-0.0333,22.99,66.19,2
0.6131,-0.0123,22.97,66.2,2
0.6146,0.0015,22.86,66.21,2
0.6098,-0.0048,22.75,66.21,2
0.6285,0.0186,22.7,66.22,2
0.6202,-0.0083,22.73,66.23,2
0.6057,-0.0145,22.67,66.23,2
0.5988,-0.0068,22.71,66.24,2
0.6096,0.0108,22.67,66.24,2
0.5839,-0.0257,22.66,66.25,2
0.6119,0.028,22.66,66.25,2
0.6407,0.0288,22.72,66.26,2
0.6514,0.0107,22.75,66.27,2
0.666,0.0146,22.77,66.28,2
0.6671,0.0011,22.74,66.28,2
0.6377,-0.0294,22.74,66.29,2
0.6443,0.0066,22.79,66.3,2
0.6651,0.0208,22.84,66.3,2
0.6984,0.0333,22.92,66.31,2
0.6984,-0.0,22.9,66.32,2
0.6549,-0.0434,22.93,66.33,2
0.6207,-0.0343,22.89,66.33,2
0.6431,0.0224,22.91,66.34,2
0.6682,0.0252,22.87,66.34,2
0.6327,-0.0355,22.86,66.35,2
0.6496,0.0169,22.93,66.35,2
0.7001,0.0504,22.96,66.36,2
0.671,-0.0291,23.01,66.37,2
0.6796,0.0086,22.98,66.38,2
0.6684,-0.0112,22.95,66.38,2
0.6604,-0.008,22.91,66.39,2
0.641,-0.0194,22.83,66.39,2
0.4664,-0.1746,22.75,66.39,2
0.4828,0.0164,22.64,66.38,2
0.5238,0.0409,22.68,66.38,2
0.5355,0.0118,22.74,66.38,2
0.5232,-0.0123,22.69,66.38,2
0.5772,0.054,22.68,66.38,2
0.5836,0.0064,22.64,66.38,2
0.6277,0.0441,22.7,66.39,2
0.6029,-0.0248,22.66,66.39,2
0.6038,0.0009,22.67,66.39,2
0.6289,0.0251,22.63,66.39,2
0.6622,0.0333,22.63,66.4,2
0.6725,0.0102,22.7,66.4,2
0.682,0.0096,22.73,66.41,2
0.6962,0.0142,22.82,66.42,2
0.7163,0.0201,22.85,66.43,2
0.7291,0.0128,22.88,66.43,2
0.7236,-0.0055,22.81,66.44,2
0.6761,-0.0475,22.77,66.45,2
0.6502,-0.0259,22.85,66.45,2
0.6638,0.0136,22.81,66.45,2
0.7129,0.0491,22.79,66.46,2
0.6606,-0.0523,22.68,66.46,2
0.6625,0.0019,22.75,66.47,2
0.6852,0.0226,22.87,66.47,2
0.7074,0.0223,22.8,66.48,2
0.6548,-0.0527,22.77,66.48,2
0.6283,-0.0265,22.81,66.48,2
0.6498,0.0215,22.9,66.49,2
0.6159,-0.0339,22.86,66.49,2
0.6183,0.0024,22.85,66.49,2
0.6296,0.0113,22.85,66.49,2
0.6509,0.0214,22.77,66.49,2
0.6569,0.006,22.83,66.5,2
0.6697,0.0127,22.75,66.5,2
0.6899,0.0203,22.69,66.5,2
0.7311,0.0412,22.79,66.51,2
0.7431,0.0119,22.86,66.52,2
0.7133,-0.0297,22.93,66.52,2
0.7267,0.0133,22.97,66.53,2
0.7324,0.0058,22.88,66.53,2
0.7342,0.0018,22.91,66.54,2
0.7469,0.0127,22.85,66.55,2
0.7328,-0.0141,22.89,66.55,2
0.7321,-0.0008,22.89,66.56,2
0.7164,-0.0157,22.87,66.56,2
0.6711,-0.0453,22.9,66.57,2
0.6683,-0.0028,22.83,66.57,2
0.676,0.0077,22.85,66.57,2
0.7015,0.0255,22.91,66.57,2
0.7032,0.0017,22.9,66.58,2
0.6692,-0.0339,22.95,66.58,2
0.6821,0.0129,23.04,66.58,2
0.6871,0.005,23.01,66.58,2
0.6865,-0.0005,22.93,66.59,2
0.7185,0.0319,22.92,66.59,2
0.7399,0.0214,22.85,66.6,2
0.763,0.0232,22.84,66.6,2
0.7326,-0.0305,22.77,66.61,2
0.7158,-0.0168,22.81,66.61,2
0.7011,-0.0147,22.86,66.61,2
0.687,-0.0142,22.81,66.62,2
0.6972,0.0102,22.84,66.62,2
0.7181,0.0208,22.86,66.62,2
0.7332,0.0151,22.91,66.63,2
0.7546,0.0214,22.89,66.63,2
0.7634,0.0088,22.93,66.64,2
0.7292,-0.0342,23.0,66.64,2
0.742,0.0128,22.94,66.64,2
0.739,-0.003,22.96,66.65,2
0.7497,0.0108,23.09,66.65,2
0.7814,0.0316,22.97,66.66,2
0.7755,-0.0059,22.99,66.66,2
0.7279,-0.0477,22.98,66.67,2
0.7155,-0.0124,23.0,66.67,2
0.7344,0.0189,23.07,66.67,2
0.7295,-0.005,23.07,66.68,2
0.68,-0.0495,23.03,66.68,2
0.6819,0.002,23.04,66.68,2
0.641,-0.041,23.05,66.68,2
0.6511,0.0101,23.07,66.68,2
0.6535,0.0024,23.09,66.67,2
0.6904,0.0369,23.06,66.68,2
0.6682,-0.0222,22.97,66.68,2
0.6484,-0.0198,22.87,66.67,2
0.6786,0.0302,22.9,66.67,2
0.6709,-0.0077,22.8,66.67,2
0.6923,0.0214,22.82,66.68,2
0.7158,0.0235,22.82,66.68,2
0.7414,0.0256,22.88,66.68,2
0.7295,-0.0119,22.86,66.68,2
0.74,0.0104,22.88,66.69,2
0.6925,-0.0475,22.9,66.69,2
0.7134,0.0209,22.98,66.69,2
0.6748,-0.0386,22.94,66.69,2
0.6843,0.0094,22.98,66.69,2
0.7096,0.0253,22.94,66.69,2
0.7271,0.0175,22.85,66.7,2
0.7227,-0.0044,22.86,66.7,2
0.7359,0.0132,22.86,66.7,2
0.7385,0.0026,22.87,66.7,2
0.7574,0.0189,22.99,66.71,2
0.7246,-0.0329,22.99,66.71,2
0.7384,0.0138,22.99,66.71,2
0.7337,-0.0047,22.98,66.71,2
0.7423,0.0086,23.02,66.72,2
0.7075,-0.0348,23.0,66.72,2
0.7023,-0.0052,23.0,66.72,2
0.7193,0.017,23.05,66.72,2
0.7153,-0.0041,23.08,66.72,2
0.6944,-0.0209,23.08,66.72,2
0.6809,-0.0134,23.08,66.72,2
0.6827,0.0018,22.98,66.72,2
0.6996,0.0169,22.9,66.72,2
0.7185,0.019,22.99,66.72,2
0.702,-0.0165,22.95,66.72,2
0.7169,0.0149,23.01,66.73,2
0.7474,0.0305,22.98,66.73,2
0.7581,0.0107,23.01,66.73,2
0.7472,-0.011,23.1,66.73,2
0.7298,-0.0173,23.05,66.74,2
0.7185,-0.0114,23.13,66.74,2
0.7198,0.0014,23.06,66.74,2
0.6896,-0.0302,22.98,66.74,2
0.6815,-0.0082,22.96,66.74,2
0.6802,-0.0012,22.93,66.74,2
0.6551,-0.0251,22.79,66.73,2
0.6267,-0.0285,22.86,66.73,2
0.6257,-0.001,22.83,66.73,2
0.6571,0.0315,22.85,66.73,2
0.6951,0.038,22.88,66.73,2
0.7099,0.0148,22.94,66.73,2
0.6907,-0.0192,22.87,66.73,2
0.7087,0.018,22.85,66.73,2
0.7127,0.004,22.81,66.73,2
0.6952,-0.0176,22.82,66.73,2
0.6936,-0.0015,22.81,66.73,2
0.7059,0.0123,22.82,66.73,2
0.7277,0.0218,22.82,66.73,2
0.7551,0.0274,22.8,66.74,2
0.7473,-0.0077,22.75,66.74,2
0.7583,0.011,22.72,66.74,2
0.7444,-0.0139,22.73,66.74,2
0.7298,-0.0146,22.75,66.75,2
0.7266,-0.0032,22.8,66.75,2
0.7341,0.0074,22.77,66.75,2
0.7411,0.007,22.8,66.75,2
0.7564,0.0153,22.82,66.75,2
0.7751,0.0187,22.88,66.76,2
0.7688,-0.0063,22.97,66.76,2
0.7229,-0.0459,22.97,66.76,2
0.7241,0.0012,23.01,66.76,2
0.7181,-0.006,22.96,66.76,2
0.7406,0.0225,22.98,66.76,2
0.7079,-0.0327,22.99,66.76,2
0.7242,0.0164,23.03,66.77,2
0.7474,0.0231,23.07,66.77,2
0.7739,0.0266,23.12,66.77,2
0.7904,0.0165,23.09,66.78,2
0.7409,-0.0496,23.07,66.78,2
0.7287,-0.0122,23.03,66.78,2
0.7451,0.0164,23.02,66.78,2
0.7168,-0.0284,23.11,66.78,2
0.7348,0.0181,23.09,66.78,2
0.7356,0.0008,23.03,66.78,2
0.7493,0.0136,22.94,66.78,2
0.7251,-0.0242,22.93,66.78,2
0.6946,-0.0305,22.85,66.78,2
0.7157,0.0211,22.94,66.78,2
0.6902,-0.0255,22.91,66.78,2
0.6997,0.0095,22.91,66.78,2
0.7224,0.0227,22.91,66.78,2
0.7547,0.0323,22.97,66.78,2
0.7209,-0.0339,23.02,66.78,2
0.6854,-0.0355,23.05,66.78,2
0.6994,0.014,23.02,66.78,2
0.7258,0.0264,22.98,66.78,2
0.751,0.0252,22.96,66.79,2
0.7227,-0.0283,22.97,66.79,2
0.7371,0.0144,22.89,66.79,2
0.6971,-0.0401,22.87,66.79,2
0.7134,0.0163,22.81,66.79,2
0.7201,0.0067,22.81,66.79,2
0.6555,-0.0646,22.72,66.78,2
0.6636,0.0082,22.71,66.78,2
0.6559,-0.0078,22.77,66.78,2
0.6562,0.0003,22.8,66.77,2
0.6833,0.0271,22.81,66.77,2
0.6682,-0.0151,22.82,66.77,2
0.6594,-0.0088,22.84,66.77,2
0.6944,0.035,22.86,66.77,2
0.7293,0.0349,22.85,66.77,2
0.7108,-0.0185,22.84,66.77,2
0.6929,-0.0179,22.86,66.77,2
0.702,0.0091,22.99,66.77,2
0.7321,0.0301,23.05,66.77,2
0.7491,0.017,23.01,66.77,2
0.7608,0.0118,22.96,66.77,2
0.7547,-0.0061,22.99,66.78,2
0.7506,-0.0041,23.04,66.78,2
0.7305,-0.0201,22.98,66.78,2
0.7288,-0.0017,22.99,66.78,2
0.7172,-0.0116,23.04,66.78,2
0.7142,-0.003,23.05,66.78,2
0.7254,0.0112,23.04,66.78,2
0.6956,-0.0299,22.94,66.78,2
0.7039,0.0084,22.86,66.78,2
0.7061,0.0021,22.9,66.78,2
0.7498,0.0438,22.93,66.78,2
0.762,0.0121,22.92,66.78,2
0.7468,-0.0152,22.9,66.79,2
0.7535,0.0067,22.8,66.79,2
0.7401,-0.0134,22.79,66.79,2
0.7592,0.0191,22.8,66.79,2
0.7665,0.0073,22.92,66.79,2
0.7521,-0.0144,22.98,66.8,2
0.749,-0.0031,22.92,66.8,2
0.7474,-0.0016,22.92,66.8,2
0.7639,0.0165,22.98,66.8,2
0.7684,0.0045,23.01,66.8,2
0.7795,0.011,23.05,66.81,2
0.7998,0.0203,23.04,66.81,2
0.7891,-0.0107,23.06,66.81,2
0.803,0.0139,23.01,66.82,2
0.8204,0.0175,23.0,66.82,2
0.8348,0.0143,23.07,66.83,2
0.8442,0.0095,23.13,66.83,2
0.8404,-0.0039,23.05,66.84,2
0.8541,0.0137,23.06,66.84,2
0.8527,-0.0014,23.07,66.85,2
0.8617,0.0091,23.11,66.86,2
0.8539,-0.0078,23.18,66.86,2
0.8447,-0.0093,23.19,66.87,2
0.7948,-0.0499,23.25,66.87,2
0.8012,0.0064,23.18,66.87,2
0.8099,0.0087,23.2,66.87,2
0.7767,-0.0332,23.15,66.88,2
0.7819,0.0052,23.11,66.88,2
0.7654,-0.0165,23.02,66.88,2
0.7624,-0.003,23.12,66.88,2
0.76,-0.0025,23.07,66.88,2
0.74,-0.02,23.05,66.88,2
0.7494,0.0094,23.03,66.88,2
0.7332,-0.0162,22.99,66.88,2
0.7461,0.0129,22.99,66.88,2
0.7151,-0.0311,23.03,66.88,2
0.7279,0.0129,23.11,66.87,2
0.7143,-0.0136,23.11,66.87,2
0.7081,-0.0062,23.03,66.87,2
0.7382,0.0301,22.99,66.87,2
0.7401,0.0019,22.97,66.87,2
0.7461,0.006,23.01,66.87,2
0.752,0.0059,23.05,66.87,2
0.7445,-0.0076,22.92,66.87,2
0.7298,-0.0147,22.99,66.87,2
0.7326,0.0028,23.02,66.87,2
0.755,0.0224,22.99,66.87,2
0.7599,0.005,22.96,66.87,2
0.7352,-0.0247,22.95,66.87,2
0.7297,-0.0055,22.96,66.87,2
0.7197,-0.01,22.95,66.87,2
0.7487,0.0289,23.01,66.87,2
0.7189,-0.0297,22.97,66.86,2
0.7342,0.0153,23.01,66.86,2
0.7454,0.0112,23.04,66.86,2
0.7538,0.0084,23.1,66.86,2
0.6974,-0.0564,23.11,66.86,2
0.6977,0.0004,22.99,66.86,2
0.7247,0.0269,23.06,66.86,2
0.7304,0.0057,23.07,66.86,2
0.7607,0.0304,23.09,66.86,2
0.7801,0.0194,23.1,66.86,2
0.7801,0.0,23.09,66.86,2
0.7386,-0.0415,23.07,66.86,2
0.7229,-0.0157,23.03,66.86,2
0.7404,0.0176,23.02,66.86,2
0.7651,0.0247,23.04,66.86,2
0.7677,0.0026,23.06,66.86,2
0.7822,0.0145,23.01,66.87,2
0.7908,0.0086,23.03,66.87,2
0.7917,0.0009,23.12,66.87,2
0.7865,-0.0052,23.15,66.87,2
0.7816,-0.0049,23.23,66.87,2
0.7874,0.0058,23.15,66.88,2
0.7441,-0.0433,23.14,66.87,2
0.7505,0.0064,23.01,66.87,2
0.7532,0.0027,23.06,66.88,2
0.7716,0.0184,23.08,66.88,2
0.7659,-0.0058,23.07,66.88,2
0.7,-0.0658,23.06,66.87,2
0.6803,-0.0197,23.09,66.87,2
0.7094,0.0291,23.02,66.87,2
0.6982,-0.0112,23.07,66.87,2
0.7195,0.0213,23.02,66.87,2
0.7321,0.0126,22.96,66.86,2
0.7133,-0.0189,22.98,66.86,2
0.7319,0.0186,23.03,66.86,2
0.7506,0.0187,23.01,66.86,2
0.7772,0.0266,22.98,66.86,2
0.8,0.0228,23.01,66.87,2
0.7989,-0.0011,23.04,66.87,2
0.8196,0.0207,23.12,66.87,2
0.7894,-0.0302,23.09,66.87,2
0.7804,-0.009,23.04,66.88,2
0.7847,0.0042,23.07,66.88,2
0.7326,-0.0521,23.02,66.88,2
0.682,-0.0505,22.98,66.87,2
0.703,0.021,22.98,66.87,2
0.7142,0.0112,23.02,66.87,2
0.7411,0.0269,23.08,66.87,2
0.7593,0.0182,23.04,66.87,2
0.7527,-0.0067,22.98,66.87,2
0.7414,-0.0113,23.04,66.87,2
0.7404,-0.001,23.01,66.87,2
0.7153,-0.0251,23.04,66.87,2
0.7348,0.0196,23.11,66.87,2
0.687,-0.0479,23.16,66.86,2
0.6673,-0.0197,23.09,66.86,2
0.7027,0.0354,23.12,66.86,2
0.7281,0.0253,23.12,66.86,2
0.7314,0.0033,23.13,66.86,2
0.7221,-0.0093,23.13,66.86,2
0.7525,0.0304,23.15,66.86,2
0.7512,-0.0013,23.08,66.86,2
0.7623,0.0111,23.1,66.86,2
0.7788,0.0165,23.01,66.86,2
0.7966,0.0178,23.02,66.86,2
0.76,-0.0366,23.03,66.86,2
0.7475,-0.0125,23.06,66.86,2
0.7546,0.0071,23.12,66.86,2
0.7323,-0.0223,23.13,66.86,2
0.7246,-0.0077,23.07,66.86,2
0.7248,0.0002,23.0,66.86,2
0.7268,0.002,22.98,66.86,2
0.73,0.0032,22.98,66.86,2
0.7587,0.0287,22.99,66.86,2
0.7693,0.0106,23.02,66.86,2
0.7704,0.0011,22.98,66.86,2
0.7439,-0.0265,22.99,66.86,2
0.746,0.002,22.97,66.86,2
0.7547,0.0088,22.97,66.86,2
0.7411,-0.0136,22.98,66.86,2
0.7215,-0.0196,22.89,66.86,2
0.7207,-0.0009,22.92,66.86,2
0.7231,0.0025,22.91,66.86,2
0.7515,0.0283,22.96,66.86,2
0.7703,0.0189,23.02,66.86,2
0.7623,-0.008,22.92,66.86,2
0.77,0.0077,22.93,66.86,2
0.7939,0.0239,22.86,66.87,2
0.7565,-0.0374,22.9,66.87,2
0.7497,-0.0068,22.85,66.87,2
0.7207,-0.029,22.92,66.87,2
0.7227,0.002,22.92,66.86,2
0.7181,-0.0045,22.89,66.86,2
0.7264,0.0082,22.94,66.86,2
0.7449,0.0185,22.94,66.86,2
0.7507,0.0058,22.91,66.86,2
0.7335,-0.0171,22.89,66.86,2
0.736,0.0025,22.96,66.86,2
0.7248,-0.0112,22.94,66.86,2
0.7186,-0.0062,23.01,66.86,2
0.7215,0.0029,23.03,66.86,2
0.677,-0.0445,22.97,66.85,2
0.6892,0.0121,22.97,66.85,2
0.6718,-0.0173,22.96,66.85,2
0.6926,0.0208,22.89,66.85,2
0.6557,-0.0369,22.82,66.84,2
0.6782,0.0225,22.79,66.84,2
0.6641,-0.0141,22.83,66.84,2
0.6881,0.0239,22.88,66.83,2
0.6735,-0.0145,22.87,66.83,2
0.671,-0.0025,22.85,66.83,2
0.6881,0.0171,22.91,66.82,2
0.643,-0.0451,22.89,66.82,2
0.6654,0.0224,22.83,66.82,2
0.6393,-0.0261,22.85,66.81,2
0.6629,0.0236,22.85,66.81,2
0.7046,0.0417,22.97,66.81,2
0.6838,-0.0208,22.94,66.81,2
0.6985,0.0147,22.91,66.81,2
0.6969,-0.0016,22.91,66.8,2
0.7124,0.0155,22.9,66.8,2
0.7254,0.0131,22.94,66.8,2
0.7173,-0.0081,22.86,66.8,2
0.6999,-0.0174,22.85,66.8,2
0.6925,-0.0075,22.78,66.8,2
0.7099,0.0175,22.78,66.8,2
0.7441,0.0341,22.82,66.8,2
0.7596,0.0155,22.86,66.8,2
0.705,-0.0546,22.97,66.8,2
0.717,0.0119,22.93,66.8,2
0.7302,0.0132,22.94,66.8,2
0.7313,0.0011,22.77,66.8,2
0.7218,-0.0095,22.82,66.8,2
0.7187,-0.0031,22.83,66.8,2
0.7227,0.004,22.88,66.8,2
0.7095,-0.0132,22.83,66.8,2
0.7143,0.0048,22.85,66.8,2
0.7264,0.0121,22.85,66.8,2
0.74,0.0136,22.83,66.8,2
0.703,-0.0369,22.83,66.8,2
0.7,-0.003,22.8,66.8,2
0.7304,0.0304,22.86,66.8,2
0.7147,-0.0157,22.88,66.8,2
0.7165,0.0018,22.9,66.8,2
0.7121,-0.0044,22.91,66.8,2
0.7348,0.0227,23.0,66.8,2
0.7645,0.0297,23.13,66.8,2
0.7637,-0.0008,23.11,66.81,2
0.7208,-0.0429,23.02,66.81,2
0.7132,-0.0076,23.05,66.81,2
0.6551,-0.0581,22.98,66.8,2
0.6828,0.0277,22.91,66.8,2
0.672,-0.0108,22.82,66.8,2
0.6971,0.0251,22.89,66.8,2
0.7154,0.0183,22.89,66.8,2
0.7103,-0.005,22.9,66.8,2
0.6847,-0.0257,22.89,66.79,2
0.6932,0.0086,22.83,66.79,2
0.7296,0.0364,22.86,66.79,2
0.7502,0.0206,22.93,66.8,2
0.7698,0.0196,22.9,66.8,2
0.7609,-0.0089,23.0,66.8,2
0.7662,0.0053,23.05,66.8,2
0.7683,0.0021,23.13,66.81,2
0.7746,0.0063,23.1,66.81,2
0.7261,-0.0485,23.11,66.81,2
0.7203,-0.0058,23.12,66.81,2
0.6827,-0.0376,23.03,66.81,2
0.6487,-0.034,22.99,66.8,2
0.6469,-0.0018,23.0,66.8,2
0.6756,0.0287,22.99,66.8,2
0.7059,0.0303,22.95,66.8,2
0.7065,0.0006,22.96,66.8,2
0.6728,-0.0337,22.88,66.79,2
0.6538,-0.019,22.81,66.79,2
0.6339,-0.0199,22.77,66.79,2
0.6133,-0.0206,22.73,66.78,2
0.6066,-0.0066,22.77,66.78,2
0.6475,0.0409,22.7,66.77,2
0.6499,0.0023,22.72,66.77,2
0.672,0.0222,22.82,66.77,2
0.7031,0.0311,22.93,66.77,2
0.7246,0.0214,22.93,66.77,2
0.7419,0.0173,22.95,66.77,2
0.7523,0.0104,23.0,66.77,2
0.7727,0.0204,22.95,66.78,2
0.768,-0.0047,22.88,66.78,2
0.7757,0.0077,22.9,66.78,2
0.7828,0.0071,22.86,66.78,2
0.7782,-0.0046,22.78,66.79,2
0.7817,0.0035,22.83,66.79,2
0.7664,-0.0153,22.75,66.79,2
0.7817,0.0153,22.72,66.8,2
0.7489,-0.0328,22.71,66.8,2
0.7068,-0.0421,22.7,66.8,2
0.6756,-0.0312,22.72,66.8,2
0.6734,-0.0022,22.8,66.79,2
0.6839,0.0104,22.81,66.79,2
0.67,-0.0139,22.85,66.79,2
0.6545,-0.0154,22.86,66.79,2
0.6778,0.0233,22.86,66.78,2
0.6786,0.0008,22.83,66.78,2
0.6373,-0.0413,22.85,66.78,2
0.6305,-0.0067,22.93,66.77,2
0.5903,-0.0403,22.96,66.77,2
0.5749,-0.0153,22.96,66.76,2
0.5873,0.0124,22.99,66.76,2
0.6303,0.043,22.92,66.75,2
0.6493,0.019,22.87,66.75,2
0.6725,0.0232,22.88,66.75,2
0.6489,-0.0237,22.86,66.75,2
0.6569,0.008,22.88,66.74,2
0.6119,-0.045,22.94,66.74,2
0.6451,0.0332,22.83,66.74,2
0.6712,0.0261,22.85,66.74,2
0.7018,0.0306,22.87,66.74,2
0.7027,0.0009,22.86,66.74,2
0.6847,-0.018,22.84,66.74,2
0.6848,0.0001,22.83,66.74,2
0.7041,0.0193,22.84,66.74,2
0.6928,-0.0113,22.84,66.74,2
0.6498,-0.043,22.81,66.73,2
0.6477,-0.0021,22.79,66.73,2
0.6271,-0.0205,22.84,66.73,2
0.6334,0.0062,22.85,66.73,2
0.642,0.0086,22.85,66.72,2
0.6291,-0.0129,22.77,66.72,2
0.6378,0.0087,22.69,66.72,2
0.6671,0.0293,22.77,66.72,2
0.6667,-0.0004,22.72,66.72,2
0.6966,0.0299,22.71,66.72,2
0.696,-0.0006,22.67,66.72,2
0.6661,-0.0299,22.67,66.72,2
0.672,0.0058,22.63,66.72,2
0.6688,-0.0032,22.66,66.71,2
0.6503,-0.0185,22.68,66.71,2
0.6784,0.0281,22.6,66.71,2
0.4946,-0.1838,22.57,66.7,2
0.5314,0.0368,22.49,66.7,2
0.6046,0.0732,22.61,66.69,2
0.6714,0.0667,22.6,66.69,2
0.6226,-0.0488,22.56,66.69,2
0.6281,0.0055,22.59,66.69,2
0.6482,0.0201,22.59,66.68,2
0.6503,0.0021,22.52,66.68,2
0.687,0.0367,22.58,66.68,2
0.7081,0.0211,22.61,66.69,2
0.7296,0.0215,22.59,66.69,2
0.7316,0.002,22.57,66.69,2
0.676,-0.0556,22.68,66.69,2
0.6644,-0.0116,22.74,66.69,2
0.6849,0.0205,22.67,66.69,2
0.6759,-0.0089,22.68,66.69,2
0.6706,-0.0053,22.76,66.69,2
0.6498,-0.0208,22.87,66.69,2
0.6628,0.013,22.82,66.69,2
0.6062,-0.0566,22.9,66.69,2
0.5852,-0.0211,22.83,66.68,2
0.5666,-0.0186,22.78,66.68,2
0.5759,0.0093,22.81,66.67,2
0.5771,0.0012,22.83,66.67,2
0.573,-0.0041,22.86,66.66,2
0.5764,0.0034,22.77,66.66,2
0.6253,0.0489,22.83,66.66,2
0.6728,0.0475,22.9,66.66,2
0.6199,-0.053,22.94,66.65,2
0.587,-0.0328,22.88,66.65,2
0.6014,0.0143,22.9,66.65,2
0.6232,0.0218,22.93,66.65,2
0.6289,0.0058,22.91,66.64,2
0.6256,-0.0033,22.88,66.64,2
0.5968,-0.0289,22.89,66.64,2
0.5656,-0.0311,22.8,66.63,2
0.5846,0.0189,22.7,66.63,2
0.5954,0.0108,22.69,66.63,2
0.6324,0.037,22.72,66.63,2
0.6632,0.0308,22.74,66.63,2
0.6689,0.0057,22.68,66.63,2
0.6429,-0.026,22.65,66.63,2
0.5992,-0.0437,22.72,66.63,2
0.5873,-0.0118,22.71,66.62,2
0.5477,-0.0396,22.73,66.62,2
0.5727,0.025,22.7,66.61,2
0.5765,0.0038,22.69,66.61,2
0.6033,0.0269,22.78,66.61,2
0.6414,0.0381,22.83,66.61,2
0.6388,-0.0027,22.86,66.61,2
0.6585,0.0197,22.92,66.61,2
0.6089,-0.0496,22.92,66.61,2
0.6342,0.0253,22.95,66.61,2
0.6575,0.0234,22.91,66.61,2
0.6857,0.0281,22.92,66.61,2
0.6671,-0.0185,22.87,66.61,2
0.6516,-0.0155,22.87,66.61,2
0.6358,-0.0159,22.91,66.61,2
0.6628,0.027,22.85,66.61,2
0.6817,0.019,22.89,66.61,2
0.7055,0.0237,22.85,66.62,2
0.6883,-0.0171,22.87,66.62,2
0.6918,0.0035,22.76,66.62,2
0.7137,0.0219,22.72,66.62,2
0.71,-0.0037,22.71,66.63,2
0.7022,-0.0078,22.75,66.63,2
0.695,-0.0072,22.75,66.63,2
0.7087,0.0138,22.8,66.63,2
0.6586,-0.0501,22.8,66.63,2
0.6455,-0.0131,22.82,66.63,2
0.6564,0.0109,22.79,66.63,2
0.6894,0.033,22.82,66.64,2
0.676,-0.0134,22.78,66.64,2
0.6897,0.0137,22.92,66.64,2
0.6894,-0.0002,22.98,66.64,2
0.7098,0.0203,23.07,66.64,2
0.7387,0.029,23.04,66.65,2
0.7275,-0.0113,23.05,66.65,2
0.723,-0.0045,23.11,66.65,2
0.6728,-0.0502,23.01,66.65,2
0.6937,0.0209,23.0,66.66,2
0.7123,0.0187,22.97,66.66,2
0.6865,-0.0258,23.06,66.66,2
0.6483,-0.0382,23.07,66.66,2
0.6713,0.023,23.0,66.66,2
0.7199,0.0486,22.94,66.66,2
0.6655,-0.0544,22.96,66.66,2
0.6495,-0.0159,22.94,66.66,2
0.6567,0.0072,22.88,66.66,2
0.6473,-0.0095,22.96,66.66,2
0.6283,-0.019,22.91,66.66,2
0.6363,0.008,22.9,66.66,2
0.6653,0.0291,22.92,66.66,2
0.6346,-0.0307,22.91,66.66,2
0.6228,-0.0118,22.95,66.65,2
0.6376,0.0148,23.02,66.65,2
0.6285,-0.0091,23.02,66.65,2
0.6574,0.029,22.99,66.65,2
0.6144,-0.043,22.97,66.65,2
0.6068,-0.0076,22.92,66.65,2
0.6372,0.0303,22.88,66.64,2
0.6182,-0.0189,22.82,66.64,2
0.6103,-0.0079,22.79,66.64,2
0.6366,0.0263,22.83,66.64,2
0.6505,0.0139,22.81,66.64,2
0.6202,-0.0303,22.75,66.64,2
0.6104,-0.0098,22.81,66.64,2
0.5854,-0.025,22.86,66.63,2
0.5806,-0.0048,22.89,66.63,2
0.6209,0.0403,22.82,66.63,2
0.5795,-0.0414,22.83,66.62,2
0.5389,-0.0406,22.86,66.62,2
0.5049,-0.034,22.77,66.61,2
0.4847,-0.0203,22.8,66.6,2
0.5238,0.0392,22.78,66.6,2
0.5321,0.0083,22.7,66.59,2
0.5102,-0.0219,22.73,66.59,2
0.5347,0.0245,22.74,66.58,2
0.5785,0.0437,22.72,66.58,2
0.6058,0.0273,22.67,66.58,2
0.6095,0.0037,22.7,66.58,2
0.5882,-0.0213,22.73,66.57,2
0.6162,0.028,22.67,66.57,2
0.5887,-0.0275,22.63,66.57,2
0.5838,-0.0049,22.56,66.57,2
0.5753,-0.0086,22.58,66.57,2
0.5363,-0.039,22.65,66.56,2
0.5481,0.0118,22.68,66.56,2
0.5882,0.0401,22.69,66.56,2
0.6071,0.0189,22.63,66.55,2
0.6142,0.0072,22.58,66.55,2
0.6077,-0.0065,22.72,66.55,2
0.6082,0.0004,22.68,66.55,2
0.5961,-0.0121,22.7,66.55,2
0.5642,-0.0319,22.74,66.55,2
0.5622,-0.002,22.71,66.55,2
0.5747,0.0125,22.62,66.54,2
0.591,0.0163,22.54,66.54,2
0.6033,0.0123,22.56,66.54,2
0.5691,-0.0341,22.61,66.54,2
0.4085,-0.1606,22.87,66.57,1
0.4762,0.0677,23.23,66.6,1
0.4864,0.0102,23.15,66.59,2
0.4825,-0.004,23.05,66.59,2
0.4894,0.0069,23.01,66.58,2
0.5163,0.0269,23.07,66.57,2
0.3657,-0.1506,23.3,66.6,1
0.4386,0.0729,23.45,66.63,1
0.4911,0.0525,23.34,66.62,2
0.531,0.0399,23.15,66.62,2
0.5349,0.0039,23.15,66.61,2
0.5472,0.0124,23.12,66.61,2
0.5014,-0.0459,23.06,66.6,2
0.4826,-0.0188,23.0,66.59,2
0.4915,0.009,22.91,66.58,2
0.3436,-0.1479,23.2,66.61,1
0.3667,0.0231,23.37,66.64,1
0.425,0.0583,23.61,66.66,1
0.4978,0.0728,23.47,66.66,2
0.5023,0.0045,23.4,66.65,2
0.5509,0.0486,23.26,66.64,2
0.5987,0.0478,23.28,66.64,2
0.5797,-0.019,23.19,66.64,2
0.6204,0.0406,23.1,66.63,2
0.581,-0.0393,23.11,66.63,2
0.5687,-0.0124,23.14,66.63,2
0.5737,0.0051,23.04,66.62,2
0.5913,0.0176,23.1,66.62,2
0.5561,-0.0351,23.02,66.61,2
0.566,0.0098,23.02,66.61,2
0.5614,-0.0045,23.08,66.61,2
0.5412,-0.0203,23.1,66.6,2
0.543,0.0019,23.01,66.6,2
0.5571,0.014,23.05,66.59,2
0.5907,0.0336,22.91,66.59,2
0.6273,0.0366,22.84,66.59,2
0.6385,0.0112,22.85,66.59,2
0.6473,0.0089,22.85,66.59,2
0.6416,-0.0058,22.87,66.59,2
0.6198,-0.0218,22.79,66.59,2
0.6174,-0.0024,22.79,66.59,2
0.6046,-0.0128,22.67,66.59,2
0.5645,-0.0401,22.65,66.58,2
0.5547,-0.0098,22.63,66.58,2
0.546,-0.0086,22.62,66.58,2
0.5473,0.0013,22.61,66.57,2
0.5519,0.0046,22.58,66.57,2
0.5554,0.0035,22.63,66.56,2
0.5804,0.025,22.69,66.56,2
0.4164,-0.164,22.95,66.59,1
0.479,0.0626,23.14,66.62,1
0.5289,0.05,23.06,66.62,2
0.5791,0.0502,22.99,66.61,2
0.6061,0.027,22.94,66.61,2
0.5914,-0.0147,22.92,66.61,2
0.6226,0.0312,22.92,66.61,2
0.6359,0.0133,22.9,66.61,2
0.6157,-0.0201,22.81,66.61,2
0.6136,-0.0022,22.73,66.61,2
0.5754,-0.0381,22.76,66.6,2
0.5256,-0.0499,22.76,66.6,2
0.506,-0.0196,22.73,66.59,2
0.5487,0.0427,22.69,66.58,2
0.5672,0.0185,22.62,66.58,2
0.5661,-0.001,22.65,66.58,2
0.5679,0.0017,22.66,66.58,2
0.4062,-0.1616,22.91,66.6,1
0.4557,0.0495,23.11,66.63,1
0.4707,0.015,23.06,66.63,2
0.5067,0.036,23.03,66.62,2
0.4888,-0.0179,22.99,66.61,2
0.467,-0.0218,22.97,66.6,2
0.4943,0.0273,22.89,66.59,2
0.4829,-0.0114,22.79,66.59,2
0.4933,0.0104,22.76,66.58,2
0.5048,0.0115,22.71,66.57,2
0.5116,0.0067,22.72,66.57,2
0.5249,0.0133,22.58,66.56,2
0.527,0.0022,22.58,66.56,2
0.5138,-0.0132,22.59,66.55,2
0.5289,0.0151,22.56,66.55,2
0.5558,0.0269,22.63,66.54,2
0.5134,-0.0424,22.52,66.54,2
0.5043,-0.0091,22.57,66.53,2
0.354,-0.1503,22.87,66.56,1
0.4128,0.0587,23.05,66.59,1
0.4185,0.0058,23.26,66.62,1
0.4426,0.0241,23.51,66.65,1
0.4477,0.005,23.69,66.68,1
0.4759,0.0283,23.63,66.67,2
0.4689,-0.007,23.53,66.66,2
0.4808,0.0119,23.41,66.65,2
0.4733,-0.0075,23.37,66.64,2
0.4576,-0.0157,23.37,66.63,2
0.4705,0.0129,23.17,66.62,2
0.5058,0.0353,23.12,66.61,2
0.5269,0.0212,23.12,66.61,2
0.5094,-0.0175,23.2,66.6,2
0.5161,0.0067,23.13,66.59,2
0.5265,0.0104,23.03,66.59,2
0.3743,-0.1522,23.22,66.62,1
0.3862,0.0119,23.41,66.64,1
0.2746,-0.1116,23.76,66.69,0
0.3442,0.0696,24.07,66.75,0
0.3747,0.0305,24.24,66.77,1
0.4135,0.0388,24.31,66.8,1
0.4471,0.0336,24.5,66.82,1
0.5037,0.0566,24.35,66.81,2
0.5174,0.0137,24.07,66.8,2
0.4989,-0.0185,23.88,66.79,2
0.5306,0.0317,23.75,66.78,2
0.5615,0.0309,23.56,66.77,2
0.559,-0.0024,23.45,66.77,2
0.5132,-0.0458,23.31,66.76,2
0.4862,-0.027,23.18,66.75,2
0.4752,-0.011,23.12,66.73,2
0.4762,0.001,23.11,66.72,2
0.4511,-0.0251,23.04,66.71,2
0.3119,-0.1393,23.21,66.73,1
0.3543,0.0425,23.46,66.76,1
0.3898,0.0354,23.71,66.78,1
0.2693,-0.1205,24.1,66.83,0
0.3032,0.0339,24.46,66.88,0
0.2075,-0.0957,24.76,66.92,0
0.2892,0.0817,24.9,66.94,1
0.3567,0.0675,24.91,66.95,1
0.3962,0.0395,24.98,66.98,1
0.4274,0.0312,24.99,67.0,1
0.2908,-0.1366,25.01,67.01,1
0.3672,0.0764,25.03,67.03,1
0.4094,0.0422,25.15,67.05,1
0.2808,-0.1286,25.17,67.06,1
0.3359,0.0552,25.18,67.08,1
0.4306,0.0947,25.31,67.1,1
0.2972,-0.1334,25.31,67.11,1
0.3283,0.0311,25.32,67.13,1
0.2233,-0.1051,25.58,67.16,0
0.1603,-0.063,25.81,67.2,0
0.2553,0.095,26.02,67.24,0
0.3255,0.0702,25.97,67.25,1
0.3564,0.0308,26.02,67.26,1
0.3625,0.0062,25.89,67.27,1
0.3763,0.0138,25.93,67.29,1
0.4075,0.0312,25.92,67.3,1
0.3917,-0.0158,25.96,67.32,1
0.3935,0.0018,25.96,67.33,1
0.4074,0.0139,25.96,67.34,1
0.4085,0.0011,25.95,67.36,1
0.4156,0.0071,25.96,67.37,1
0.4348,0.0192,25.98,67.39,1
0.2968,-0.138,25.94,67.39,1
0.373,0.0762,25.88,67.4,1
0.4417,0.0687,25.88,67.42,1
0.4464,0.0048,25.85,67.43,1
0.4508,0.0044,25.58,67.4,2
0.4558,0.005,25.27,67.38,2
0.3148,-0.141,25.23,67.39,1
0.3681,0.0533,25.27,67.4,1
0.3738,0.0057,25.33,67.41,1
0.399,0.0252,25.36,67.42,1
0.2699,-0.1291,25.59,67.46,0
0.1941,-0.0758,25.88,67.49,0
0.2768,0.0828,26.14,67.52,0
0.3374,0.0605,26.03,67.53,1
0.3698,0.0324,26.02,67.54,1
0.4033,0.0336,26.09,67.54,1
0.2721,-0.1312,26.24,67.58,0
0.3151,0.0429,26.47,67.61,0
0.3352,0.0202,26.49,67.62,1
0.3559,0.0207,26.35,67.62,1
0.3692,0.0133,26.37,67.63,1
0.3829,0.0137,26.26,67.63,1
0.3945,0.0116,26.27,67.64,1
0.3859,-0.0086,26.25,67.65,1
0.3715,-0.0144,26.11,67.65,1
0.2456,-0.1259,26.35,67.68,0
0.1741,-0.0716,26.54,67.71,0
0.296,0.122,26.4,67.71,1
0.3312,0.0351,26.3,67.71,1
0.2225,-0.1087,26.52,67.74,0
0.2843,0.0618,26.69,67.77,0
0.3271,0.0428,26.64,67.77,1
0.3613,0.0343,26.56,67.77,1
0.357,-0.0043,26.5,67.77,1
0.349,-0.008,26.41,67.78,1
0.3419,-0.0071,26.48,67.78,1
0.3621,0.0202,26.45,67.78,1
0.3756,0.0135,26.37,67.78,1
0.4038,0.0282,26.2,67.79,1
0.4064,0.0026,26.25,67.79,1
0.4145,0.0081,26.25,67.8,1
0.4303,0.0158,26.22,67.8,1
0.4517,0.0214,25.95,67.77,2
0.4304,-0.0213,25.66,67.73,2
0.4453,0.0149,25.67,67.74,1
0.4425,-0.0028,25.7,67.75,1
0.4516,0.0091,25.49,67.72,2
0.4447,-0.0069,25.13,67.69,2
0.4433,-0.0014,25.25,67.69,1
0.4764,0.0331,25.32,67.7,1
0.4602,-0.0162,25.09,67.67,2
0.4491,-0.0111,24.79,67.64,2
0.4737,0.0246,24.5,67.61,2
0.4829,0.0092,24.25,67.58,2
0.4754,-0.0075,24.06,67.56,2
0.4574,-0.018,23.95,67.53,2
0.4451,-0.0123,24.09,67.54,1
0.4588,0.0137,24.2,67.55,1
0.4623,0.0035,24.06,67.52,2
0.4417,-0.0206,23.9,67.5,2
0.4529,0.0112,23.69,67.47,2
0.4408,-0.0121,23.89,67.48,1
0.4305,-0.0103,24.1,67.49,1
0.2964,-0.1341,24.15,67.5,1
0.3329,0.0365,24.22,67.5,1
0.3404,0.0075,24.38,67.51,1
0.229,-0.1114,24.78,67.54,0
0.1652,-0.0638,25.14,67.57,0
0.1265,-0.0387,25.35,67.59,0
0.2163,0.0898,25.54,67.62,0
0.2995,0.0832,25.56,67.63,1
0.1988,-0.1007,25.51,67.62,1
0.1409,-0.0579,25.79,67.65,0
0.2158,0.0749,26.07,67.68,0
0.141,-0.0748,26.27,67.7,0
0.2087,0.0677,26.5,67.73,0
0.2663,0.0576,26.73,67.75,0
0.3421,0.0758,26.6,67.76,1
0.3476,0.0054,26.52,67.76,1
0.3355,-0.0121,26.45,67.76,1
0.3369,0.0014,26.45,67.76,1
0.2159,-0.121,26.59,67.79,0
0.2707,0.0548,26.75,67.82,0
0.3018,0.0311,26.72,67.81,1
0.194,-0.1078,26.68,67.81,1
0.2435,0.0495,26.85,67.83,0
0.2778,0.0344,27.01,67.86,0
0.2923,0.0145,26.92,67.86,1
0.1825,-0.1098,26.8,67.85,1
0.2497,0.0671,26.92,67.88,0
0.2812,0.0315,27.03,67.9,0
0.3049,0.0237,26.97,67.9,1
0.1916,-0.1133,26.86,67.89,1
0.2585,0.067,26.98,67.92,0
0.3133,0.0547,27.18,67.94,0
0.2043,-0.109,27.33,67.97,0
0.2525,0.0482,27.43,67.99,0
0.1636,-0.0889,27.55,68.01,0
0.2535,0.0899,27.63,68.03,0
0.3068,0.0533,27.5,68.02,1
0.201,-0.1058,27.31,68.01,1
0.2535,0.0525,27.44,68.04,0
0.165,-0.0885,27.55,68.05,0
0.23,0.065,27.67,68.07,0
0.1473,-0.0828,27.7,68.09,0
0.256,0.1087,27.73,68.11,0
0.299,0.043,27.58,68.1,1
0.1945,-0.1044,27.34,68.09,1
0.1355,-0.059,27.38,68.11,0
0.2178,0.0823,27.42,68.13,0
0.2846,0.0668,27.35,68.12,1
0.3381,0.0535,27.17,68.11,1
0.361,0.023,27.07,68.11,1
0.2396,-0.1214,27.24,68.13,0
0.2803,0.0406,27.37,68.15,0
0.3166,0.0363,27.17,68.14,1
0.2089,-0.1077,27.02,68.13,1
0.288,0.0791,26.91,68.12,1
0.3559,0.0679,26.76,68.12,1
0.38,0.0241,26.72,68.11,1
0.2557,-0.1243,26.97,68.13,0
0.3134,0.0577,27.25,68.16,0
0.3755,0.062,27.21,68.15,1
0.2554,-0.1201,27.05,68.14,1
0.3046,0.0492,26.92,68.13,1
0.3594,0.0548,26.82,68.13,1
0.2424,-0.117,26.96,68.15,0
0.1739,-0.0685,27.1,68.16,0
0.1315,-0.0425,27.17,68.18,0
0.2359,0.1044,27.31,68.2,0
0.1597,-0.0762,27.37,68.21,0
0.2299,0.0702,27.51,68.23,0
0.149,-0.0809,27.67,68.24,0
0.2381,0.0891,27.76,68.26,0
0.1537,-0.0844,27.75,68.27,0
0.1056,-0.048,27.87,68.28,0
0.0768,-0.0288,27.86,68.29,0
0.0585,-0.0183,27.92,68.3,0
0.1861,0.1276,28.03,68.31,0
0.255,0.0689,28.11,68.33,0
0.1627,-0.0923,28.15,68.34,0
0.1112,-0.0515,28.26,68.35,0
0.216,0.1048,28.3,68.36,0
0.311,0.095,28.08,68.35,1
0.3597,0.0487,27.88,68.34,1
0.2373,-0.1224,27.94,68.35,0
0.1659,-0.0713,28.1,68.37,0
0.2471,0.0811,28.16,68.38,0
0.1634,-0.0836,28.22,68.39,0
0.2271,0.0637,28.43,68.4,0
0.1445,-0.0826,28.52,68.41,0
0.0979,-0.0467,28.5,68.42,0
0.1876,0.0898,28.5,68.43,0
0.2629,0.0753,28.51,68.45,0
0.2932,0.0303,28.28,68.43,1
0.1834,-0.1098,28.0,68.41,1
0.1222,-0.0612,27.96,68.42,0
0.2289,0.1067,28.02,68.43,0
0.1483,-0.0806,28.08,68.44,0
0.2295,0.0812,28.22,68.45,0
0.2684,0.0389,28.19,68.47,0
0.167,-0.1014,28.24,68.48,0
0.243,0.076,28.26,68.49,0
0.1535,-0.0895,28.3,68.5,0
0.223,0.0695,28.36,68.51,0
0.2848,0.0619,28.13,68.49,1
0.3193,0.0344,27.88,68.48,1
0.2046,-0.1147,27.91,68.49,0
0.1399,-0.0646,27.9,68.5,0
0.2441,0.1042,27.95,68.51,0
0.1615,-0.0826,27.95,68.52,0
0.1136,-0.0479,28.03,68.52,0
0.1991,0.0856,28.11,68.53,0
0.2606,0.0614,28.23,68.54,0
0.2992,0.0387,28.03,68.53,1
0.3164,0.0172,27.85,68.51,1
0.201,-0.1154,27.98,68.52,0
0.2542,0.0532,28.07,68.54,0
0.3071,0.0529,27.94,68.52,1
0.3383,0.0312,27.73,68.51,1
0.3591,0.0208,27.61,68.49,1
0.2386,-0.1205,27.69,68.51,0
0.1702,-0.0683,27.75,68.52,0
0.1292,-0.041,27.91,68.52,0
0.1029,-0.0263,27.92,68.53,0
0.1948,0.0919,27.96,68.54,0
0.2579,0.063,28.09,68.55,0
0.1667,-0.0912,28.11,68.55,0
0.266,0.0994,28.21,68.57,0
0.3255,0.0595,28.0,68.55,1
0.3317,0.0062,27.79,68.54,1
0.2168,-0.1149,27.86,68.55,0
0.1519,-0.0649,28.0,68.55,0
0.1132,-0.0387,28.12,68.56,0
0.0886,-0.0246,28.2,68.56,0
0.1918,0.1033,28.26,68.57,0
0.2361,0.0443,28.36,68.58,0
0.1474,-0.0887,28.38,68.59,0
0.2065,0.059,28.38,68.6,0
0.2877,0.0813,28.13,68.58,1
0.3071,0.0194,28.08,68.56,1
0.3376,0.0305,27.92,68.55,1
0.337,-0.0006,27.72,68.53,1
0.2166,-0.1204,27.74,68.54,0
0.1491,-0.0675,27.82,68.55,0
0.2293,0.0802,27.92,68.56,0
0.1503,-0.079,27.97,68.57,0
0.1054,-0.0449,27.98,68.57,0
0.0784,-0.027,28.0,68.57,0
0.0612,-0.0173,28.01,68.57,0
0.0494,-0.0118,28.06,68.58,0
0.0408,-0.0085,28.09,68.58,0
0.1469,0.106,28.16,68.58,0
0.2431,0.0962,28.2,68.59,0
0.1515,-0.0915,28.29,68.6,0
0.1007,-0.0509,28.36,68.6,0
0.071,-0.0296,28.37,68.6,0
0.1603,0.0893,28.34,68.61,0
0.0969,-0.0634,28.33,68.61,0
0.0624,-0.0345,28.26,68.61,0
0.0429,-0.0195,28.34,68.61,0
0.0313,-0.0116,28.36,68.61,0
0.1339,0.1026,28.41,68.62,0
0.077,-0.057,28.37,68.62,0
0.0468,-0.0301,28.41,68.62,0
0.0304,-0.0164,28.41,68.62,0
0.0211,-0.0093,28.39,68.62,0
0.0155,-0.0056,28.38,68.61,0
0.1669,0.1514,28.4,68.62,0
0.1035,-0.0634,28.44,68.62,0
0.2105,0.107,28.37,68.63,0
0.1311,-0.0793,28.37,68.63,0
0.0864,-0.0447,28.37,68.64,0
0.06,-0.0264,28.41,68.64,0
0.0436,-0.0164,28.49,68.64,0
0.1428,0.0992,28.56,68.64,0
0.0833,-0.0595,28.66,68.64,0
0.0512,-0.032,28.54,68.64,0
0.0334,-0.0179,28.58,68.64,0
0.0229,-0.0104,28.59,68.64,0
0.1315,0.1086,28.67,68.64,0
0.0744,-0.0572,28.66,68.64,0
0.1541,0.0797,28.75,68.65,0
0.0857,-0.0685,28.83,68.65,0
0.0498,-0.0359,28.8,68.65,0
0.0305,-0.0193,28.77,68.65,0
0.0197,-0.0107,28.74,68.65,0
0.116,0.0963,28.72,68.65,0
0.1797,0.0637,28.8,68.65,0
0.23,0.0502,28.83,68.66,0
0.1342,-0.0957,28.82,68.67,0
0.0837,-0.0505,28.85,68.67,0
0.1613,0.0775,28.92,68.67,0
0.2264,0.0651,28.93,68.68,0
0.135,-0.0914,28.94,68.68,0
0.0858,-0.0492,28.85,68.68,0
0.1658,0.08,28.85,68.69,0
0.0982,-0.0676,28.75,68.69,0
0.062,-0.0362,28.69,68.69,0
0.0419,-0.0201,28.65,68.69,0
0.1852,0.1433,28.68,68.69,0
0.1169,-0.0682,28.71,68.69,0
0.0783,-0.0386,28.66,68.69,0
0.0555,-0.0229,28.67,68.69,0
0.1511,0.0956,28.7,68.7,0
0.2206,0.0695,28.61,68.7,0
0.2888,0.0683,28.41,68.68,1
0.3239,0.0351,28.23,68.67,1
0.207,-0.1169,28.28,68.67,0
0.1412,-0.0657,28.32,68.68,0
0.1024,-0.0389,28.35,68.68,0
0.078,-0.0244,28.3,68.68,0
0.1692,0.0912,28.36,68.68,0
0.1062,-0.063,28.42,68.69,0
0.0714,-0.0348,28.48,68.69,0
0.0512,-0.0201,28.43,68.68,0
0.1489,0.0977,28.52,68.69,0
0.0888,-0.0601,28.56,68.69,0
0.0566,-0.0322,28.52,68.69,0
0.1536,0.0971,28.49,68.69,0
0.0901,-0.0635,28.51,68.69,0
0.0562,-0.0339,28.51,68.69,0
0.0374,-0.0187,28.54,68.69,0
0.0266,-0.0108,28.54,68.69,0
0.02,-0.0066,28.56,68.68,0
0.1606,0.1407,28.54,68.69,0
0.0986,-0.062,28.54,68.69,0
0.2017,0.1031,28.42,68.7,0
0.1243,-0.0774,28.42,68.7,0
0.1886,0.0643,28.44,68.7,0
0.1119,-0.0767,28.48,68.71,0
0.1752,0.0633,28.52,68.71,0
0.2284,0.0533,28.5,68.72,0
0.1337,-0.0948,28.51,68.72,0
0.1927,0.0591,28.64,68.73,0
0.2332,0.0405,28.68,68.73,0
0.2693,0.0361,28.75,68.74,0
0.162,-0.1073,28.7,68.74,0
0.1037,-0.0583,28.69,68.74,0
0.0708,-0.0329,28.72,68.74,0
0.0513,-0.0195,28.68,68.74,0
0.149,0.0977,28.66,68.74,0
0.0887,-0.0603,28.66,68.74,0
0.0562,-0.0325,28.67,68.74,0
0.1481,0.0918,28.71,68.74,0
0.0854,-0.0627,28.7,68.74,0
0.0522,-0.0332,28.81,68.74,0
0.034,-0.0182,28.73,68.74,0
0.0236,-0.0104,28.63,68.73,0
0.1249,0.1013,28.69,68.74,0
0.0694,-0.0555,28.63,68.73,0
0.158,0.0886,28.65,68.74,0
0.0891,-0.0689,28.66,68.74,0
0.1678,0.0787,28.64,68.74,0
0.0951,-0.0726,28.67,68.74,0
0.0567,-0.0384,28.68,68.74,0
0.1408,0.0841,28.68,68.74,0
0.078,-0.0628,28.7,68.74,0
0.0451,-0.0328,28.61,68.74,0
0.0276,-0.0176,28.65,68.73,0
0.1454,0.1178,28.62,68.74,0
0.2004,0.055,28.67,68.74,0
0.2561,0.0557,28.73,68.75,0
0.1535,-0.1026,28.83,68.75,0
0.2252,0.0718,28.85,68.76,0
0.1383,-0.087,28.83,68.76,0
0.0902,-0.0481,28.8,68.76,0
0.0624,-0.0278,28.78,68.76,0
0.158,0.0956,28.85,68.76,0
0.0946,-0.0634,28.9,68.76,0
0.0601,-0.0345,28.84,68.76,0
0.0406,-0.0195,28.81,68.75,0
0.139,0.0984,28.75,68.76,0
0.2208,0.0818,28.73,68.76,0
0.1315,-0.0893,28.79,68.76,0
0.083,-0.0485,28.78,68.76,0
0.0556,-0.0274,28.89,68.76,0
0.1568,0.1013,28.89,68.76,0
0.208,0.0512,28.91,68.77,0
0.2971,0.089,28.69,68.75,1
0.186,-0.111,28.5,68.72,1
0.1237,-0.0624,28.41,68.72,0
0.1919,0.0683,28.46,68.73,0
0.2486,0.0566,28.53,68.74,0
0.2682,0.0197,28.56,68.75,0
0.1625,-0.1057,28.56,68.75,0
0.2348,0.0723,28.57,68.76,0
0.2983,0.0635,28.29,68.74,1
0.3864,0.0881,28.21,68.72,1
0.4091,0.0227,28.05,68.71,1
0.3948,-0.0143,27.9,68.69,1
0.2614,-0.1335,28.03,68.7,0
0.2961,0.0348,28.15,68.71,0
0.3289,0.0328,27.92,68.69,1
0.2144,-0.1146,27.7,68.67,1
0.1485,-0.0658,27.76,68.67,0
0.2161,0.0676,27.85,68.68,0
0.139,-0.0772,27.87,68.69,0
0.0953,-0.0437,28.0,68.69,0
0.2167,0.1214,28.11,68.69,0
0.2763,0.0596,28.19,68.7,0
0.287,0.0107,28.08,68.68,1
0.3075,0.0206,27.87,68.67,1
0.331,0.0235,27.8,68.65,1
0.2108,-0.1202,27.91,68.66,0
0.1435,-0.0674,28.04,68.66,0
0.2138,0.0703,28.15,68.67,0
0.1369,-0.0768,28.24,68.67,0
0.0938,-0.0431,28.27,68.67,0
0.1933,0.0995,28.35,68.68,0
0.1224,-0.071,28.48,68.68,0
0.0827,-0.0397,28.42,68.68,0
0.1794,0.0967,28.57,68.69,0
0.1109,-0.0685,28.52,68.69,0
0.1881,0.0772,28.6,68.69,0
0.1133,-0.0748,28.63,68.7,0
0.0726,-0.0407,28.64,68.7,0
0.1521,0.0795,28.67,68.7,0
0.2243,0.0722,28.56,68.71,0
0.1331,-0.0912,28.52,68.71,0
0.2162,0.0831,28.55,68.72,0
0.2667,0.0505,28.54,68.73,0
0.3062,0.0395,28.24,68.71,1
0.3342,0.0279,28.06,68.69,1
0.3163,-0.0178,27.92,68.67,1
0.3358,0.0195,27.76,68.65,1
0.2129,-0.1229,27.83,68.66,0
0.2615,0.0485,27.92,68.67,0
0.1673,-0.0942,28.0,68.68,0
0.2491,0.0818,28.1,68.69,0
0.3255,0.0764,27.89,68.67,1
0.215,-0.1105,27.63,68.65,1
0.2639,0.0489,27.68,68.66,0
0.1726,-0.0912,27.78,68.66,0
0.2331,0.0604,27.84,68.67,0
0.2809,0.0478,27.71,68.65,1
0.1786,-0.1023,27.5,68.63,1
0.1215,-0.0571,27.58,68.63,0
0.088,-0.0335,27.67,68.63,0
0.2322,0.1442,27.8,68.64,0
0.2849,0.0526,27.64,68.62,1
0.3158,0.0309,27.56,68.61,1
0.3171,0.0014,27.43,68.59,1
0.2031,-0.114,27.58,68.6,0
0.2671,0.064,27.65,68.61,0
0.3194,0.0524,27.46,68.59,1
0.2101,-0.1093,27.28,68.57,1
0.148,-0.0621,27.38,68.58,0
0.2333,0.0853,27.44,68.59,0
0.155,-0.0783,27.56,68.59,0
0.1101,-0.0449,27.69,68.6,0
0.0829,-0.0272,27.77,68.6,0
0.0653,-0.0176,27.8,68.6,0
0.1581,0.0928,27.8,68.61,0
0.0982,-0.0599,27.9,68.61,0
0.0656,-0.0326,27.94,68.61,0
0.047,-0.0186,27.97,68.61,0
0.1758,0.1288,28.09,68.62,0
0.1106,-0.0652,28.26,68.62,0
0.2142,0.1036,28.26,68.63,0
0.1349,-0.0793,28.24,68.63,0
0.2578,0.1229,28.3,68.64,0
0.3096,0.0518,28.11,68.63,1
0.3434,0.0338,27.9,68.61,1
0.3549,0.0115,27.72,68.6,1
0.231,-0.1239,27.82,68.61,0
0.2877,0.0567,27.84,68.62,0
0.1895,-0.0982,27.93,68.62,0
0.2527,0.0632,28.03,68.63,0
0.2945,0.0418,27.89,68.62,1
0.1888,-0.1057,27.71,68.59,1
0.1291,-0.0597,27.78,68.6,0
0.2012,0.0721,27.79,68.61,0
0.1273,-0.0738,27.89,68.61,0
0.2011,0.0738,27.98,68.62,0
0.124,-0.0771,28.02,68.62,0
0.2217,0.0976,28.11,68.63,0
0.2661,0.0445,28.18,68.64,0
0.3106,0.0445,28.01,68.62,1
0.1978,-0.1128,27.8,68.6,1
0.2446,0.0468,27.94,68.61,0
0.2847,0.0401,28.0,68.62,0
0.1794,-0.1053,28.03,68.63,0
0.1208,-0.0586,28.1,68.63,0
0.0865,-0.0343,28.16,68.64,0
0.0653,-0.0212,28.2,68.64,0
0.1738,0.1085,28.3,68.64,0
0.1095,-0.0643,28.36,68.64,0
0.1962,0.0867,28.44,68.65,0
0.2565,0.0603,28.53,68.66,0
0.3058,0.0493,28.34,68.64,1
0.3676,0.0618,28.13,68.63,1
0.3795,0.0119,27.93,68.62,1
0.3756,-0.0039,27.75,68.6,1
0.2494,-0.1263,27.84,68.61,0
0.3372,0.0878,27.99,68.63,0
0.3864,0.0493,27.85,68.61,1
0.4047,0.0182,27.66,68.6,1
0.4258,0.0211,27.49,68.59,1
0.4404,0.0146,27.31,68.58,1
0.4431,0.0028,27.25,68.57,1
0.4614,0.0183,26.79,68.52,2
0.4625,0.0011,26.28,68.48,2
0.4574,-0.0051,25.88,68.43,2
0.3192,-0.1382,25.85,68.42,1
0.4148,0.0956,25.77,68.41,1
0.2976,-0.1172,25.79,68.4,1
0.3377,0.0401,25.82,68.38,1
0.2376,-0.1001,26.07,68.4,0
0.1773,-0.0603,26.35,68.41,0
0.1385,-0.0387,26.62,68.42,0
0.2595,0.121,26.82,68.43,0
0.3567,0.0972,26.74,68.42,1
0.3794,0.0227,26.68,68.41,1
0.3879,0.0085,26.6,68.4,1
0.3839,-0.0041,26.53,68.4,1
0.3934,0.0096,26.49,68.39,1
0.2642,-0.1292,26.7,68.4,0
0.307,0.0428,26.78,68.42,0
0.343,0.036,26.73,68.41,1
0.2305,-0.1125,26.63,68.39,1
0.1659,-0.0646,26.95,68.4,0
0.2991,0.1331,27.12,68.42,0
0.3633,0.0642,27.03,68.41,1
0.3748,0.0115,26.92,68.4,1
0.3841,0.0093,26.85,68.39,1
0.2577,-0.1264,27.04,68.41,0
0.1844,-0.0733,27.16,68.42,0
0.1393,-0.0451,27.31,68.43,0
0.2248,0.0855,27.35,68.44,0
0.1512,-0.0736,27.38,68.45,0
0.2411,0.0899,27.52,68.46,0
0.306,0.0649,27.32,68.45,1
0.3318,0.0258,27.17,68.43,1
0.355,0.0232,27.06,68.42,1
0.3747,0.0196,26.87,68.41,1
0.2487,-0.126,27.06,68.43,0
0.314,0.0653,27.14,68.44,0
0.3372,0.0232,27.0,68.43,1
0.3733,0.0361,26.86,68.42,1
0.3785,0.0051,26.87,68.41,1
0.4111,0.0327,26.76,68.41,1
0.4207,0.0096,26.66,68.4,1
0.2866,-0.1341,26.62,68.38,1
0.2081,-0.0785,26.81,68.4,0
0.2869,0.0787,26.97,68.41,0
0.1991,-0.0878,27.11,68.43,0
0.1468,-0.0522,27.25,68.43,0
0.2562,0.1094,27.37,68.45,0
0.3198,0.0636,27.18,68.44,1
0.2148,-0.105,26.98,68.42,1
0.3138,0.099,26.82,68.4,1
0.3892,0.0754,26.62,68.4,1
0.3859,-0.0033,26.65,68.39,1
0.3914,0.0055,26.56,68.38,1
0.384,-0.0073,26.48,68.37,1
0.3913,0.0073,26.45,68.36,1
0.4157,0.0244,26.49,68.36,1
0.4132,-0.0025,26.41,68.35,1
0.28,-0.1332,26.61,68.37,0
0.3049,0.0249,26.72,68.39,0
0.319,0.0141,26.6,68.37,1
0.3453,0.0262,26.55,68.36,1
0.3559,0.0106,26.55,68.35,1
0.3549,-0.0009,26.44,68.34,1
0.3642,0.0093,26.36,68.34,1
0.3575,-0.0067,26.31,68.33,1
0.235,-0.1225,26.41,68.34,0
0.3135,0.0785,26.68,68.36,0
0.3301,0.0166,26.51,68.35,1
0.3874,0.0573,26.47,68.34,1
0.381,-0.0064,26.48,68.33,1
0.4204,0.0394,26.33,68.33,1
0.2834,-0.137,26.27,68.32,1
0.3352,0.0518,26.19,68.31,1
0.355,0.0198,26.22,68.3,1
0.394,0.0391,26.16,68.29,1
0.3732,-0.0208,26.19,68.29,1
0.3756,0.0024,26.18,68.28,1
0.3744,-0.0012,26.13,68.27,1
0.3821,0.0076,26.11,68.27,1
0.3808,-0.0013,26.07,68.26,1
0.3932,0.0124,25.97,68.25,1
0.3958,0.0026,26.01,68.25,1
0.3952,-0.0006,25.97,68.24,1
0.265,-0.1302,26.13,68.26,0
0.3024,0.0374,26.38,68.28,0
0.3373,0.0349,26.24,68.27,1
0.3657,0.0284,26.22,68.27,1
0.3938,0.0281,26.27,68.26,1
0.2654,-0.1283,26.37,68.28,0
0.2985,0.033,26.57,68.3,0
0.3159,0.0174,26.48,68.29,1
0.335,0.019,26.42,68.28,1
0.369,0.0341,26.39,68.27,1
0.3791,0.0101,26.29,68.26,1
0.2523,-0.1268,26.47,68.28,0
0.3296,0.0773,26.61,68.3,0
0.3759,0.0462,26.53,68.3,1
0.2555,-0.1204,26.47,68.28,1
0.1847,-0.0708,26.6,68.3,0
0.2805,0.0958,26.8,68.31,0
0.1931,-0.0874,26.99,68.33,0
0.2434,0.0503,27.15,68.34,0
0.2879,0.0444,27.11,68.33,1
0.3406,0.0527,27.06,68.32,1
0.222,-0.1186,27.21,68.34,0
0.2916,0.0696,27.32,68.35,0
0.3484,0.0568,27.23,68.34,1
0.359,0.0105,27.07,68.33,1
0.3516,-0.0074,27.0,68.33,1
0.2282,-0.1234,27.23,68.34,0
0.2729,0.0448,27.45,68.36,0
0.3249,0.0519,27.34,68.35,1
0.355,0.0302,27.15,68.34,1
0.4218,0.0668,27.11,68.33,1
0.2847,-0.1371,26.98,68.32,1
0.331,0.0463,26.96,68.31,1
0.2246,-0.1064,27.03,68.32,0
0.1613,-0.0633,27.14,68.34,0
0.2313,0.0701,27.26,68.35,0
0.2701,0.0387,27.41,68.37,0
0.2802,0.0101,27.27,68.35,1
0.3746,0.0944,27.1,68.35,1
0.4179,0.0432,27.04,68.34,1
0.4003,-0.0175,26.89,68.33,1
0.3963,-0.004,26.82,68.33,1
0.4362,0.0399,26.74,68.32,1
0.4661,0.0298,26.34,68.28,2
0.4825,0.0164,25.99,68.24,2
0.4582,-0.0243,25.65,68.19,2
0.3167,-0.1415,25.62,68.19,1
0.3475,0.0308,25.59,68.18,1
0.3758,0.0282,25.59,68.18,1
0.4037,0.028,25.57,68.17,1
0.388,-0.0158,25.53,68.17,1
0.2606,-0.1274,25.84,68.19,0
0.3044,0.0438,26.17,68.21,0
0.2057,-0.0987,26.35,68.23,0
0.1484,-0.0573,26.54,68.24,0
0.2456,0.0972,26.65,68.26,0
0.3043,0.0587,26.58,68.25,1
0.2004,-0.1039,26.53,68.23,1
0.1407,-0.0597,26.66,68.24,0
0.1045,-0.0362,26.85,68.25,0
0.0811,-0.0234,27.02,68.26,0
0.215,0.1339,27.2,68.28,0
0.3167,0.1017,27.09,68.27,1
0.3309,0.0141,26.99,68.26,1
0.3461,0.0152,26.83,68.25,1
0.3634,0.0173,26.72,68.25,1
0.3937,0.0303,26.61,68.24,1
0.4064,0.0127,26.66,68.24,1
0.4166,0.0102,26.63,68.23,1
0.429,0.0124,26.58,68.23,1
0.295,-0.134,26.49,68.22,1
0.2165,-0.0785,26.64,68.23,0
0.3327,0.1162,26.77,68.26,0
0.3592,0.0265,26.72,68.25,1
0.3785,0.0194,26.62,68.24,1
0.4084,0.0299,26.54,68.24,1
0.4307,0.0223,26.58,68.24,1
0.2932,-0.1375,26.47,68.23,1
0.3818,0.0886,26.37,68.22,1
0.4537,0.072,26.0,68.18,2
0.4889,0.0352,25.64,68.14,2
0.494,0.0051,25.44,68.1,2
0.4966,0.0026,25.13,68.06,2
0.486,-0.0106,24.84,68.03,2
0.4775,-0.0085,24.6,67.99,2
0.4852,0.0077,24.42,67.96,2
0.4686,-0.0166,24.29,67.92,2
0.49,0.0214,24.22,67.89,2
0.4932,0.0032,24.1,67.85,2
0.4767,-0.0165,23.92,67.82,2
0.4566,-0.0201,23.65,67.79,2
0.492,0.0353,23.5,67.75,2
0.5002,0.0083,23.37,67.72,2
0.5063,0.0061,23.32,67.7,2
0.4937,-0.0126,23.23,67.67,2
0.5403,0.0466,23.16,67.64,2
0.5418,0.0015,23.08,67.61,2
0.5195,-0.0223,23.08,67.59,2
0.3657,-0.1537,23.35,67.59,1
0.4518,0.086,23.6,67.61,1
0.4721,0.0204,23.49,67.58,2
0.4649,-0.0073,23.44,67.55,2
0.503,0.0382,23.34,67.52,2
0.5604,0.0573,23.42,67.5,2
0.3983,-0.1621,23.65,67.51,1
0.4247,0.0264,23.82,67.52,1
0.4744,0.0497,23.66,67.49,2
0.47,-0.0043,23.54,67.47,2
0.4564,-0.0136,23.45,67.44,2
0.4515,-0.0049,23.34,67.42,2
0.3118,-0.1398,23.58,67.42,1
0.366,0.0542,23.73,67.43,1
0.3814,0.0154,23.88,67.44,1
0.4172,0.0358,24.05,67.45,1
0.436,0.0188,24.15,67.47,1
0.4533,0.0173,23.93,67.44,2
0.3138,-0.1395,23.79,67.41,2
0.3657,0.0519,23.9,67.42,1
0.3967,0.031,24.02,67.43,1
0.4117,0.015,24.27,67.44,1
0.43,0.0182,24.35,67.45,1
0.4346,0.0047,24.46,67.47,1
0.4531,0.0185,24.26,67.44,2
0.4312,-0.0219,24.14,67.41,2
0.4756,0.0444,23.92,67.39,2
0.4792,0.0036,23.77,67.36,2
0.4947,0.0155,23.62,67.34,2
0.5382,0.0435,23.46,67.32,2
0.4943,-0.0439,23.35,67.3,2
0.5077,0.0134,23.25,67.28,2
0.5137,0.006,23.19,67.26,2
0.479,-0.0347,23.08,67.24,2
0.475,-0.0041,23.05,67.22,2
0.4534,-0.0215,23.0,67.2,2
0.4884,0.035,23.02,67.18,2
0.4831,-0.0054,22.9,67.16,2
0.5033,0.0202,22.94,67.14,2
0.4757,-0.0275,22.87,67.12,2
0.4781,0.0024,22.78,67.1,2
0.5011,0.0229,22.74,67.08,2
0.5407,0.0397,22.72,67.07,2
0.539,-0.0017,22.8,67.06,2
0.5369,-0.0021,22.78,67.04,2
0.588,0.0511,22.67,67.03,2
0.5773,-0.0107,22.6,67.02,2
0.5645,-0.0129,22.63,67.01,2
0.5552,-0.0093,22.65,66.99,2
0.5684,0.0133,22.7,66.98,2
0.5852,0.0168,22.79,66.97,2
0.5998,0.0146,22.82,66.96,2
0.5847,-0.0152,22.89,66.95,2
0.5929,0.0082,22.99,66.94,2
0.6327,0.0399,23.0,66.94,2
0.5897,-0.043,22.95,66.93,2
0.5652,-0.0245,22.92,66.92,2
0.5398,-0.0254,22.88,66.9,2
0.514,-0.0258,22.87,66.89,2
0.5272,0.0132,22.88,66.88,2
0.5136,-0.0137,22.88,66.87,2
0.5545,0.0409,22.88,66.86,2
0.553,-0.0015,22.81,66.85,2
0.5781,0.0251,22.72,66.84,2
0.6227,0.0446,22.56,66.84,2
0.5828,-0.0398,22.59,66.83,2
0.5741,-0.0087,22.59,66.82,2
0.5974,0.0233,22.53,66.81,2
0.4304,-0.167,22.76,66.84,1
0.473,0.0427,23.05,66.87,1
0.4743,0.0013,23.01,66.85,2
0.4775,0.0032,22.89,66.84,2
0.4689,-0.0086,22.75,66.83,2
0.4467,-0.0222,22.98,66.85,1
0.4696,0.0229,23.33,66.88,1
0.471,0.0014,23.21,66.86,2
0.5022,0.0312,23.16,66.85,2
0.5313,0.0291,23.13,66.84,2
0.5279,-0.0034,23.1,66.83,2
0.526,-0.0019,23.07,66.82,2
0.5507,0.0247,23.04,66.81,2
0.5666,0.0159,22.99,66.8,2
0.5824,0.0158,23.02,66.8,2
0.5806,-0.0018,22.94,66.79,2
0.5822,0.0016,22.89,66.78,2
0.5482,-0.034,22.83,66.78,2
0.5462,-0.0021,22.81,66.77,2
0.51,-0.0362,22.79,66.76,2
0.506,-0.004,22.77,66.75,2
0.4935,-0.0125,22.78,66.74,2
0.534,0.0405,22.81,66.73,2
0.5172,-0.0168,22.84,66.72,2
0.4948,-0.0224,22.75,66.71,2
0.5338,0.039,22.84,66.7,2
0.5693,0.0355,22.74,66.7,2
0.5521,-0.0172,22.84,66.69,2
0.5221,-0.03,22.75,66.68,2
0.5534,0.0313,22.73,66.68,2
0.517,-0.0364,22.79,66.67,2
0.5664,0.0494,22.78,66.66,2
0.567,0.0007,22.77,66.66,2
0.55,-0.0171,22.82,66.65,2
0.5951,0.0451,22.81,66.65,2
0.5776,-0.0174,22.86,66.65,2
0.5941,0.0165,22.85,66.64,2
0.5552,-0.0389,22.79,66.64,2
0.5519,-0.0033,22.81,66.63,2
0.5384,-0.0135,22.77,66.63,2
0.5739,0.0355,22.73,66.62,2
0.5475,-0.0264,22.8,66.62,2
0.5465,-0.001,22.76,66.61,2
0.5532,0.0066,22.73,66.61,2
0.5325,-0.0206,22.71,66.6,2
0.5272,-0.0053,22.71,66.6,2
0.4891,-0.0381,22.66,66.59,2
0.5282,0.0391,22.54,66.58,2
0.3723,-0.1559,22.83,66.61,1
0.4566,0.0843,23.0,66.64,1
0.5177,0.0611,22.96,66.64,2
0.5296,0.0119,23.03,66.63,2
0.4937,-0.0359,23.02,66.62,2
0.4982,0.0045,22.98,66.61,2
0.4938,-0.0044,22.89,66.61,2
0.4887,-0.0051,22.87,66.6,2
0.4781,-0.0106,22.85,66.59,2
0.493,0.0149,22.73,66.58,2
0.5501,0.0571,22.71,66.58,2
0.57,0.0198,22.66,66.58,2
0.5699,-0.0001,22.67,66.57,2
0.5655,-0.0044,22.61,66.57,2
0.5705,0.005,22.61,66.57,2
0.6162,0.0457,22.66,66.57,2
0.6148,-0.0014,22.63,66.57,2
0.6106,-0.0042,22.59,66.56,2
0.608,-0.0026,22.57,66.56,2
0.6365,0.0285,22.56,66.56,2
0.5798,-0.0567,22.59,66.56,2
0.6026,0.0229,22.63,66.56,2
0.6039,0.0013,22.68,66.56,2
0.6326,0.0286,22.66,66.56,2
0.6328,0.0002,22.73,66.56,2
0.6226,-0.0102,22.72,66.56,2
0.5952,-0.0274,22.71,66.56,2
0.6089,0.0137,22.67,66.56,2
0.6425,0.0336,22.65,66.56,2
0.6348,-0.0077,22.59,66.56,2
0.6091,-0.0257,22.56,66.56,2
0.5781,-0.031,22.61,66.56,2
0.6088,0.0307,22.63,66.56,2
0.6155,0.0067,22.64,66.56,2
0.4442,-0.1713,22.93,66.59,1
0.451,0.0068,23.2,66.62,1
0.4941,0.0431,23.11,66.61,2
0.5323,0.0382,23.07,66.6,2
0.3785,-0.1538,23.34,66.63,1
0.4403,0.0617,23.56,66.66,1
0.5076,0.0674,23.5,66.65,2
0.5061,-0.0015,23.41,66.65,2
0.4877,-0.0184,23.36,66.64,2
0.515,0.0273,23.4,66.63,2
0.5362,0.0212,23.36,66.62,2
0.5828,0.0465,23.23,66.62,2
0.592,0.0092,23.24,66.62,2
0.5995,0.0075,23.17,66.62,2
0.6228,0.0233,23.11,66.61,2
0.5911,-0.0318,23.12,66.61,2
0.4225,-0.1685,23.36,66.64,1
0.4467,0.0242,23.62,66.67,1
0.489,0.0423,23.56,66.66,2
0.5077,0.0187,23.44,66.65,2
0.5608,0.0531,23.27,66.65,2
0.564,0.0032,23.17,66.64,2
0.542,-0.0221,23.15,66.64,2
0.5906,0.0486,23.13,66.63,2
0.6385,0.0479,23.06,66.63,2
0.6339,-0.0047,23.05,66.63,2
0.6569,0.023,23.09,66.63,2
0.6922,0.0354,23.04,66.63,2
0.6349,-0.0573,23.0,66.63,2
0.6386,0.0036,22.97,66.63,2
0.6263,-0.0122,23.06,66.63,2
0.5927,-0.0336,23.0,66.63,2
0.615,0.0224,23.01,66.63,2
0.6246,0.0095,22.98,66.63,2
0.6618,0.0372,22.87,66.63,2
0.6906,0.0288,22.89,66.63,2
0.672,-0.0186,22.88,66.63,2
0.6812,0.0092,22.89,66.63,2
0.6525,-0.0287,22.95,66.63,2
0.6811,0.0286,23.07,66.63,2
0.6877,0.0066,23.02,66.63,2
0.6747,-0.013,23.03,66.63,2
0.6689,-0.0058,23.06,66.64,2
0.6389,-0.03,22.98,66.63,2
0.6726,0.0336,23.04,66.64,2
0.6519,-0.0207,22.94,66.64,2
0.6542,0.0023,22.9,66.64,2
0.6444,-0.0098,22.83,66.64,2
0.6361,-0.0083,22.87,66.63,2
0.6292,-0.0069,22.81,66.63,2
0.663,0.0338,22.85,66.63,2
0.6387,-0.0243,22.79,66.63,2
0.6364,-0.0023,22.85,66.63,2
0.6171,-0.0194,22.92,66.63,2
0.5656,-0.0515,22.77,66.63,2
0.6063,0.0407,22.81,66.62,2
0.5482,-0.0581,22.8,66.62,2
0.5457,-0.0025,22.75,66.61,2
0.502,-0.0437,22.65,66.61,2
0.5347,0.0327,22.61,66.6,2
0.5308,-0.0039,22.63,66.6,2
0.5631,0.0323,22.57,66.59,2
0.6088,0.0457,22.61,66.59,2
0.5842,-0.0246,22.6,66.59,2
0.5724,-0.0118,22.62,66.58,2
0.6201,0.0477,22.6,66.58,2
0.578,-0.0422,22.71,66.58,2
0.616,0.0381,22.65,66.58,2
0.5964,-0.0196,22.71,66.58,2
0.5953,-0.0011,22.78,66.58,2
0.6126,0.0173,22.71,66.58,2
0.6232,0.0106,22.77,66.58,2
0.6278,0.0046,22.86,66.58,2
0.6087,-0.019,22.9,66.57,2
0.6385,0.0298,22.93,66.57,2
0.6264,-0.0122,22.93,66.57,2
0.5937,-0.0327,22.85,66.57,2
0.63,0.0363,22.87,66.57,2
0.6839,0.0539,22.83,66.58,2
0.7202,0.0363,22.85,66.58,2
0.7118,-0.0084,22.86,66.58,2
0.7161,0.0042,22.83,66.59,2
0.739,0.0229,22.85,66.59,2
0.7082,-0.0308,22.88,66.6,2
0.7133,0.0051,22.97,66.6,2
0.668,-0.0453,22.93,66.6,2
0.6868,0.0188,22.91,66.6,2
0.7118,0.025,22.92,66.61,2
0.728,0.0162,22.95,66.61,2
0.678,-0.05,22.9,66.61,2
0.7042,0.0262,22.98,66.62,2
0.6451,-0.0592,23.01,66.62,2
0.6381,-0.007,23.0,66.62,2
0.6543,0.0163,23.02,66.62,2
0.674,0.0197,23.01,66.62,2
0.6413,-0.0327,23.04,66.62,2
0.6667,0.0253,23.08,66.62,2
0.6184,-0.0483,23.04,66.62,2
0.6489,0.0305,23.0,66.62,2
0.608,-0.0409,23.05,66.62,2
0.571,-0.037,23.03,66.61,2
0.5835,0.0125,23.0,66.61,2
0.5644,-0.0191,22.99,66.6,2
0.5946,0.0302,22.93,66.6,2
0.6275,0.0329,22.91,66.6,2
0.6701,0.0426,22.96,66.6,2
0.6519,-0.0181,22.94,66.6,2
0.6746,0.0227,22.94,66.61,2
0.6995,0.0249,22.8,66.61,2
0.7165,0.017,22.89,66.61,2
0.6744,-0.0421,22.83,66.61,2
0.6943,0.0198,22.77,66.62,2
0.7312,0.0369,22.77,66.62,2
0.7001,-0.0311,22.82,66.62,2
0.7133,0.0132,22.82,66.63,2
0.6777,-0.0356,22.82,66.63,2
0.6987,0.021,22.95,66.63,2
0.71,0.0112,22.88,66.63,2
0.66,-0.0499,22.85,66.63,2
0.4787,-0.1814,22.84,66.62,2
0.54,0.0613,22.74,66.62,2
0.5972,0.0572,22.68,66.62,2
0.599,0.0018,22.68,66.61,2
0.5738,-0.0252,22.7,66.61,2
0.5978,0.024,22.78,66.61,2
0.6364,0.0386,22.77,66.61,2
0.633,-0.0034,22.69,66.61,2
0.6011,-0.0319,22.71,66.6,2
0.5932,-0.0079,22.76,66.6,2
0.6199,0.0267,22.71,66.6,2
0.6665,0.0466,22.73,66.6,2
0.6951,0.0286,22.75,66.61,2
0.6625,-0.0326,22.79,66.61,2
0.6841,0.0216,22.86,66.61,2
0.6684,-0.0157,22.92,66.61,2
0.6858,0.0174,22.99,66.61,2
0.69,0.0042,23.07,66.61,2
0.7064,0.0164,23.05,66.62,2
0.7089,0.0024,23.07,66.62,2
0.7352,0.0263,23.12,66.62,2
0.7668,0.0316,23.12,66.63,2
0.7527,-0.0141,23.11,66.64,2
0.7061,-0.0466,23.12,66.64,2
0.6792,-0.0268,23.12,66.64,2
0.6429,-0.0364,23.21,66.64,2
0.6773,0.0344,23.2,66.64,2
0.649,-0.0283,23.12,66.64,2
0.6352,-0.0138,23.06,66.64,2
0.5975,-0.0377,22.96,66.64,2
0.6318,0.0343,22.95,66.63,2
0.6447,0.0129,22.93,66.63,2
0.6617,0.017,22.91,66.63,2
0.699,0.0373,22.92,66.64,2
0.7188,0.0199,22.93,66.64,2
0.7108,-0.008,22.92,66.64,2
0.6764,-0.0344,22.94,66.64,2
0.7083,0.0319,22.99,66.65,2
0.6712,-0.0371,23.01,66.65,2
0.6728,0.0016,23.0,66.65,2
0.6832,0.0104,22.96,66.65,2
0.7141,0.0309,23.04,66.65,2
0.723,0.0089,23.1,66.65,2
0.7485,0.0255,23.11,66.66,2
0.7119,-0.0366,23.2,66.66,2
0.7058,-0.0061,23.18,66.66,2
0.7086,0.0028,23.17,66.67,2
0.691,-0.0176,23.16,66.67,2
0.6474,-0.0437,23.13,66.67,2
0.6397,-0.0077,23.05,66.66,2
0.6331,-0.0066,23.04,66.66,2
0.6527,0.0196,23.13,66.66,2
0.6139,-0.0388,23.05,66.66,2
0.5989,-0.0151,23.09,66.66,2
0.6381,0.0392,23.09,66.66,2
0.5988,-0.0393,23.08,66.65,2
0.6038,0.005,23.04,66.65,2
0.6393,0.0355,23.01,66.65,2
0.6308,-0.0085,23.01,66.65,2
0.653,0.0222,22.98,66.65,2
0.659,0.006,23.04,66.65,2
0.6324,-0.0266,22.89,66.65,2
0.6473,0.015,22.86,66.64,2
0.6895,0.0421,22.89,66.65,2
0.6984,0.009,22.86,66.65,2
0.7281,0.0296,23.02,66.65,2
0.7037,-0.0243,23.11,66.65,2
0.6953,-0.0085,23.07,66.66,2
0.7002,0.0049,23.04,66.66,2
0.7311,0.0309,23.04,66.66,2
0.721,-0.0101,23.03,66.66,2
0.7175,-0.0035,22.95,66.67,2
0.7056,-0.012,22.9,66.67,2
0.7216,0.016,22.88,66.67,2
0.7525,0.0308,22.87,66.68,2
0.7248,-0.0277,22.83,66.68,2
0.7064,-0.0184,22.91,66.68,2
0.7317,0.0253,22.96,66.68,2
0.7366,0.0049,22.97,66.69,2
0.7628,0.0262,22.9,66.69,2
0.7425,-0.0203,22.96,66.69,2
0.7061,-0.0364,22.9,66.69,2
0.6947,-0.0113,22.86,66.7,2
0.6506,-0.0442,22.96,66.69,2
0.6648,0.0142,22.92,66.69,2
0.7034,0.0386,22.99,66.69,2
0.7108,0.0074,22.97,66.7,2
0.7089,-0.0019,22.97,66.7,2
0.699,-0.0099,22.91,66.7,2
0.694,-0.005,22.87,66.7,2
0.6954,0.0014,22.85,66.7,2
0.671,-0.0244,22.82,66.7,2
0.6793,0.0083,22.91,66.7,2
0.6593,-0.0201,22.9,66.7,2
0.6692,0.0099,22.88,66.7,2
0.6725,0.0033,22.9,66.7,2
0.6844,0.012,22.85,66.7,2
0.6766,-0.0078,22.84,66.7,2
0.6836,0.007,22.73,66.7,2
0.714,0.0304,22.77,66.7,2
0.7314,0.0173,22.79,66.7,2
0.7069,-0.0245,22.76,66.7,2
0.7269,0.0201,22.82,66.71,2
0.7364,0.0095,22.9,66.71,2
0.7459,0.0095,22.94,66.71,2
0.7076,-0.0382,22.92,66.71,2
0.7199,0.0122,22.87,66.72,2
0.7333,0.0134,22.83,66.72,2
0.7006,-0.0327,22.82,66.72,2
0.7179,0.0173,22.8,66.72,2
0.719,0.0011,22.74,66.72,2
0.7358,0.0169,22.87,66.72,2
0.7578,0.022,22.87,66.73,2
0.749,-0.0088,22.92,66.73,2
0.7443,-0.0047,22.96,66.73,2
0.7277,-0.0167,22.89,66.73,2
0.744,0.0163,22.9,66.74,2
0.7001,-0.0438,22.88,66.74,2
0.7249,0.0248,22.97,66.74,2
0.7205,-0.0044,22.91,66.74,2
0.7079,-0.0126,22.84,66.74,2
0.6895,-0.0184,22.85,66.74,2
0.7253,0.0359,22.82,66.74,2
0.7414,0.0161,22.75,66.74,2
0.7586,0.0172,22.75,66.75,2
0.7703,0.0117,22.77,66.75,2
0.7821,0.0118,22.87,66.75,2
0.7483,-0.0338,22.88,66.76,2
0.7671,0.0188,22.89,66.76,2
0.7871,0.02,22.95,66.76,2
0.7726,-0.0145,22.98,66.77,2
0.7479,-0.0247,23.02,66.77,2
0.7268,-0.0211,23.03,66.77,2
0.7052,-0.0216,23.02,66.77,2
0.6959,-0.0093,23.06,66.77,2
0.6605,-0.0355,23.04,66.77,2
0.6673,0.0069,23.05,66.77,2
0.6849,0.0176,23.1,66.76,2
0.6812,-0.0037,23.13,66.76,2
0.7009,0.0197,23.21,66.76,2
0.7259,0.025,23.22,66.76,2
0.7481,0.0221,23.24,66.77,2
0.7001,-0.048,23.26,66.77,2
0.6885,-0.0115,23.25,66.76,2
0.6977,0.0092,23.21,66.76,2
0.7249,0.0272,23.21,66.77,2
0.7421,0.0171,23.2,66.77,2
0.7534,0.0113,23.22,66.77,2
0.7708,0.0173,23.24,66.77,2
0.7374,-0.0333,23.3,66.77,2
0.7631,0.0256,23.25,66.78,2
0.7859,0.0228,23.23,66.78,2
0.7991,0.0132,23.25,66.78,2
0.7911,-0.008,23.25,66.79,2
0.798,0.0068,23.18,66.79,2
0.8071,0.0091,23.12,66.8,2
0.7919,-0.0151,23.13,66.8,2
0.783,-0.0089,23.18,66.8,2
0.7665,-0.0166,23.2,66.81,2
0.7751,0.0086,23.22,66.81,2
0.7779,0.0028,23.28,66.81,2
0.712,-0.0659,23.19,66.81,2
0.7005,-0.0115,23.16,66.81,2
0.7233,0.0228,23.31,66.81,2
0.7005,-0.0228,23.38,66.81,2
0.7059,0.0055,23.33,66.81,2
0.7109,0.0049,23.3,66.81,2
0.7275,0.0166,23.31,66.81,2
0.7476,0.0201,23.23,66.81,2
0.7475,-0.0001,23.21,66.81,2
0.7148,-0.0327,23.11,66.81,2
0.7174,0.0026,23.16,66.81,2
0.6992,-0.0182,23.15,66.81,2
0.7173,0.0181,23.12,66.81,2
0.7105,-0.0068,23.17,66.81,2
0.6802,-0.0303,23.14,66.8,2
0.7033,0.0231,23.18,66.8,2
0.7336,0.0303,23.19,66.8,2
0.7523,0.0186,23.17,66.81,2
0.7713,0.019,23.2,66.81,2
0.7223,-0.0489,23.09,66.81,2
0.7419,0.0196,23.03,66.81,2
0.7296,-0.0123,23.03,66.81,2
0.7585,0.0289,23.04,66.81,2
0.763,0.0045,23.04,66.81,2
0.792,0.0291,23.09,66.82,2
0.7882,-0.0039,23.24,66.82,2
0.8071,0.0189,23.26,66.82,2
0.8208,0.0136,23.2,66.83,2
0.8244,0.0037,23.13,66.83,2
0.8383,0.0139,23.09,66.84,2
0.7911,-0.0472,23.11,66.84,2
0.7894,-0.0017,23.1,66.84,2
0.7508,-0.0387,23.03,66.84,2
0.722,-0.0287,23.01,66.84,2
0.721,-0.001,23.01,66.84,2
0.7155,-0.0055,23.03,66.84,2
0.7456,0.0301,23.04,66.84,2
0.7669,0.0213,22.97,66.84,2
0.7706,0.0037,23.0,66.85,2
0.7428,-0.0278,23.03,66.85,2
0.7254,-0.0174,23.08,66.84,2
0.7561,0.0307,23.08,66.85,2
0.7848,0.0287,23.16,66.85,2
0.7743,-0.0105,23.16,66.85,2
0.7911,0.0168,23.21,66.85,2
0.75,-0.041,23.16,66.85,2
0.7712,0.0212,23.16,66.85,2
0.7109,-0.0603,23.19,66.85,2
0.6689,-0.0421,23.21,66.85,2
0.6914,0.0225,23.1,66.85,2
0.6519,-0.0395,23.12,66.84,2
0.6832,0.0313,23.09,66.84,2
0.7062,0.023,22.96,66.84,2
0.7366,0.0304,22.96,66.84,2
0.7569,0.0202,22.98,66.84,2
0.7523,-0.0046,22.98,66.84,2
0.772,0.0197,22.96,66.84,2
0.7825,0.0105,22.93,66.84,2
0.7326,-0.0499,22.91,66.84,2
0.7455,0.013,22.91,66.84,2
0.7577,0.0122,22.88,66.85,2
0.7688,0.0111,22.9,66.85,2
0.7242,-0.0446,22.91,66.85,2
0.7234,-0.0008,22.81,66.85,2
0.7615,0.0381,22.84,66.85,2
0.7766,0.0152,22.87,66.85,2
0.7686,-0.0081,22.87,66.85,2
0.7877,0.0191,22.85,66.85,2
0.7915,0.0039,22.82,66.85,2
0.7895,-0.002,22.84,66.86,2
0.8039,0.0143,22.92,66.86,2
0.7969,-0.007,22.93,66.86,2
0.7909,-0.006,22.97,66.87,2
0.7951,0.0042,22.95,66.87,2
0.773,-0.0221,22.91,66.87,2
0.7879,0.0149,22.9,66.87,2
0.7527,-0.0352,22.9,66.87,2
0.7241,-0.0287,22.8,66.87,2
0.72,-0.004,22.8,66.87,2
0.7443,0.0242,22.87,66.87,2
0.7465,0.0022,22.89,66.87,2
0.7487,0.0022,22.82,66.87,2
0.7704,0.0217,22.88,66.87,2
0.7707,0.0003,22.85,66.87,2
0.7746,0.004,22.9,66.87,2
0.7662,-0.0085,22.96,66.87,2
0.7491,-0.0171,22.94,66.87,2
0.719,-0.0301,22.94,66.87,2
0.7206,0.0016,22.91,66.87,2
0.7312,0.0105,22.93,66.87,2
0.7573,0.0261,22.97,66.87,2
0.7584,0.0011,23.01,66.87,2
0.7803,0.0219,23.03,66.87,2
0.7637,-0.0166,23.1,66.87,2
0.7709,0.0072,23.13,66.87,2
0.7502,-0.0206,23.15,66.87,2
0.7568,0.0066,23.21,66.87,2
0.7824,0.0256,23.19,66.88,2
0.7213,-0.0611,23.11,66.87,2
0.7363,0.015,23.09,66.87,2
0.7027,-0.0336,23.19,66.87,2
0.7333,0.0307,23.23,66.87,2
0.7262,-0.0071,23.22,66.87,2
0.7092,-0.017,23.25,66.87,2
0.6822,-0.027,23.2,66.86,2
0.7216,0.0394,23.19,66.86,2
0.74,0.0185,23.17,66.86,2
0.7329,-0.0072,23.17,66.86,2
0.7045,-0.0284,23.02,66.86,2
0.6982,-0.0064,23.01,66.86,2
0.6982,0.0,23.03,66.86,2
0.7143,0.016,23.09,66.85,2
0.7415,0.0272,23.02,66.85,2
0.776,0.0345,23.05,66.86,2
0.7833,0.0073,22.98,66.86,2
0.7926,0.0093,23.05,66.86,2
0.7963,0.0037,23.1,66.86,2
0.7907,-0.0056,23.19,66.87,2
0.784,-0.0067,23.2,66.87,2
0.7853,0.0013,23.2,66.87,2
0.7689,-0.0163,23.2,66.87,2
0.7876,0.0187,23.23,66.87,2
0.7544,-0.0332,23.17,66.87,2
0.7053,-0.0491,23.08,66.87,2
0.6858,-0.0196,23.1,66.87,2
0.7035,0.0177,23.07,66.86,2
0.7222,0.0187,23.14,66.86,2
0.69,-0.0322,23.07,66.86,2
0.6753,-0.0147,23.07,66.86,2
0.6842,0.0089,23.06,66.85,2
0.6961,0.0119,23.11,66.85,2
0.7257,0.0296,23.12,66.85,2
0.7248,-0.0009,23.14,66.85,2
0.7132,-0.0115,23.14,66.85,2
0.7097,-0.0036,23.08,66.85,2
0.7299,0.0202,23.03,66.85,2
0.741,0.0111,22.99,66.85,2
0.7323,-0.0087,22.96,66.85,2
0.7524,0.0201,22.94,66.85,2
0.7414,-0.011,22.92,66.85,2
0.7647,0.0233,22.91,66.85,2
0.7664,0.0017,22.95,66.85,2
0.7391,-0.0273,22.92,66.85,2
0.7199,-0.0192,22.89,66.85,2
0.741,0.0211,22.88,66.85,2
0.7015,-0.0396,22.98,66.85,2
0.7175,0.0161,23.02,66.85,2
0.7512,0.0337,22.94,66.85,2
0.7855,0.0343,22.98,66.85,2
0.7966,0.0111,23.03,66.85,2
0.7694,-0.0272,22.95,66.85,2
0.7895,0.0201,22.98,66.86,2
0.7837,-0.0059,22.9,66.86,2
0.7198,-0.0639,22.9,66.86,2
0.6807,-0.0391,22.81,66.85,2
0.702,0.0214,22.8,66.85,2
0.7414,0.0394,22.86,66.85,2
0.7287,-0.0127,22.91,66.85,2
0.7361,0.0074,22.9,66.85,2
0.7348,-0.0013,23.05,66.85,2
0.7551,0.0203,23.07,66.85,2
0.7809,0.0258,23.21,66.85,2
0.7864,0.0055,23.18,66.86,2
0.7336,-0.0528,23.15,66.86,2
0.7493,0.0157,23.13,66.86,2
0.7205,-0.0287,23.16,66.85,2
0.7466,0.026,23.12,66.85,2
0.7442,-0.0023,23.12,66.86,2
0.7588,0.0145,23.03,66.86,2
0.7435,-0.0152,23.06,66.86,2
0.7657,0.0221,23.0,66.86,2
0.7713,0.0057,22.88,66.86,2
0.7561,-0.0152,22.86,66.86,2
0.7694,0.0133,22.85,66.86,2
0.7537,-0.0157,22.81,66.86,2
0.7237,-0.03,22.88,66.86,2
0.713,-0.0107,22.86,66.86,2
0.7216,0.0086,22.86,66.86,2
0.7336,0.012,22.85,66.86,2
0.7201,-0.0135,22.85,66.86,2
0.7401,0.02,22.8,66.86,2
0.7636,0.0235,22.78,66.86,2
0.7801,0.0165,22.84,66.86,2
0.762,-0.0181,22.88,66.86,2
0.7721,0.0101,22.96,66.86,2
0.7715,-0.0006,23.04,66.86,2
0.741,-0.0305,23.07,66.86,2
0.7604,0.0194,23.18,66.86,2
0.7921,0.0317,23.16,66.87,2
0.7796,-0.0125,23.25,66.87,2
0.7877,0.0081,23.28,66.87,2
0.7563,-0.0314,23.25,66.87,2
0.6885,-0.0678,23.24,66.87,2
0.6763,-0.0121,23.26,66.86,2
0.6943,0.018,23.26,66.86,2
0.7056,0.0113,23.29,66.86,2
0.7235,0.0178,23.39,66.86,2
0.7465,0.023,23.35,66.86,2
0.7577,0.0112,23.35,66.86,2
0.7419,-0.0158,23.3,66.86,2
0.7296,-0.0123,23.3,66.86,2
0.7502,0.0206,23.27,66.86,2
0.7653,0.0151,23.28,66.86,2
0.7458,-0.0195,23.27,66.86,2
0.7288,-0.017,23.23,66.86,2
0.7156,-0.0132,23.16,66.86,2
0.7306,0.015,23.14,66.86,2
0.7251,-0.0055,23.09,66.86,2
0.7164,-0.0087,23.08,66.85,2
0.7348,0.0184,23.05,66.85,2
0.7259,-0.0089,23.03,66.85,2
0.7541,0.0282,23.06,66.85,2
0.7127,-0.0414,23.08,66.85,2
0.7187,0.0061,23.05,66.85,2
0.7081,-0.0107,22.96,66.85,2
0.7256,0.0176,22.95,66.85,2
0.7303,0.0046,23.03,66.85,2
0.7376,0.0073,22.97,66.85,2
0.7039,-0.0337,22.96,66.85,2
0.6938,-0.0101,22.99,66.84,2
0.6721,-0.0217,22.98,66.84,2
0.653,-0.019,22.95,66.84,2
0.6658,0.0127,22.87,66.83,2
0.6857,0.0199,22.91,66.83,2
0.7144,0.0287,22.75,66.83,2
0.7318,0.0174,22.85,66.83,2
0.6856,-0.0462,22.84,66.83,2
0.6906,0.005,22.81,66.83,2
0.6502,-0.0404,22.83,66.82,2
0.6389,-0.0113,22.88,66.82,2
0.6752,0.0363,22.95,66.81,2
0.7025,0.0273,22.93,66.81,2
0.717,0.0145,22.91,66.81,2
0.7274,0.0104,22.82,66.81,2
0.7174,-0.01,22.81,66.81,2
0.7207,0.0033,22.88,66.81,2
0.7297,0.0089,22.77,66.81,2
0.7034,-0.0263,22.76,66.81,2
0.7224,0.019,22.73,66.81,2
0.6868,-0.0356,22.71,66.81,2
0.6709,-0.0159,22.68,66.81,2
0.6909,0.0201,22.81,66.81,2
0.7106,0.0197,22.81,66.8,2
0.7265,0.0158,22.79,66.81,2
0.7167,-0.0097,22.75,66.8,2
0.7049,-0.0118,22.69,66.8,2
0.717,0.0121,22.77,66.8,2
0.6913,-0.0257,22.82,66.8,2
0.6836,-0.0077,22.92,66.8,2
0.7079,0.0243,22.93,66.8,2
0.6822,-0.0258,22.96,66.8,2
0.7004,0.0182,22.93,66.8,2
0.6906,-0.0097,22.95,66.8,2
0.6933,0.0026,22.88,66.79,2
0.6997,0.0064,22.85,66.79,2
0.7168,0.0171,22.88,66.79,2
0.7029,-0.0139,22.91,66.79,2
0.6925,-0.0104,22.94,66.79,2
0.7129,0.0204,22.97,66.79,2
0.6596,-0.0532,22.92,66.79,2
0.6861,0.0265,22.91,66.79,2
0.6916,0.0054,22.87,66.79,2
0.6521,-0.0395,22.86,66.78,2
0.6638,0.0118,22.88,66.78,2
0.6864,0.0226,22.88,66.78,2
0.6817,-0.0047,22.79,66.78,2
0.676,-0.0057,22.87,66.78,2
0.7009,0.0249,22.86,66.78,2
0.6793,-0.0216,22.83,66.77,2
0.7004,0.0211,22.82,66.77,2
0.7332,0.0328,22.91,66.77,2
0.7382,0.005,22.86,66.78,2
0.7541,0.016,22.92,66.78,2
0.7411,-0.013,22.94,66.78,2
0.7409,-0.0002,22.89,66.78,2
0.775,0.034,22.92,66.78,2
0.8053,0.0303,22.88,66.79,2
0.7722,-0.0331,22.94,66.79,2
0.7672,-0.0051,23.04,66.79,2
0.7353,-0.0318,23.05,66.79,2
0.7277,-0.0076,22.95,66.8,2
0.7069,-0.0208,22.98,66.79,2
0.7125,0.0056,22.97,66.79,2
0.6849,-0.0277,23.01,66.79,2
0.6789,-0.006,22.93,66.79,2
0.7056,0.0267,22.99,66.79,2
0.723,0.0174,22.99,66.79,2
0.7304,0.0074,22.86,66.79,2
0.7379,0.0075,22.9,66.79,2
0.7251,-0.0127,22.84,66.79,2
0.7523,0.0272,22.84,66.79,2
0.7289,-0.0234,22.87,66.8,2
0.7254,-0.0035,22.88,66.8,2
0.7305,0.0051,22.86,66.8,2
0.6912,-0.0393,22.91,66.79,2
0.69,-0.0012,22.94,66.79,2
0.6936,0.0036,22.8,66.79,2
0.694,0.0004,22.74,66.79,2
0.678,-0.016,22.78,66.79,2
0.6255,-0.0525,22.83,66.78,2
0.6183,-0.0073,22.8,66.78,2
0.6432,0.025,22.85,66.78,2
0.6787,0.0355,22.92,66.77,2
0.6478,-0.0309,22.96,66.77,2
0.6595,0.0117,22.91,66.77,2
0.6487,-0.0108,22.94,66.77,2
0.6572,0.0085,22.92,66.76,2
0.6557,-0.0015,22.86,66.76,2
0.6301,-0.0256,22.86,66.76,2
0.6418,0.0117,22.91,66.75,2
0.6476,0.0058,22.93,66.75,2
0.65,0.0024,22.92,66.75,2
0.6444,-0.0055,22.86,66.75,2
0.6291,-0.0153,22.94,66.74,2
0.6048,-0.0242,22.95,66.74,2
0.6322,0.0274,22.85,66.74,2
0.6499,0.0177,22.81,66.73,2
0.6955,0.0456,22.8,66.73,2
0.6845,-0.011,22.86,66.73,2
0.6956,0.0111,22.85,66.73,2
0.6286,-0.067,22.83,66.73,2
0.6317,0.0031,22.78,66.73,2
0.6171,-0.0146,22.91,66.72,2
0.6163,-0.0008,22.84,66.72,2
0.6269,0.0105,22.8,66.72,2
0.643,0.0161,22.81,66.71,2
0.6743,0.0313,22.81,66.71,2
0.6527,-0.0215,22.77,66.71,2
0.6098,-0.0429,22.64,66.71,2
0.6177,0.0079,22.66,66.7,2
0.6193,0.0016,22.65,66.7,2
0.6028,-0.0166,22.65,66.7,2
0.6089,0.0062,22.6,66.69,2
0.6235,0.0146,22.6,66.69,2
0.6748,0.0513,22.57,66.69,2
0.6621,-0.0127,22.65,66.69,2
0.6471,-0.015,22.68,66.69,2
0.6277,-0.0194,22.72,66.69,2
0.6271,-0.0005,22.78,66.68,2
0.6077,-0.0195,22.83,66.68,2
0.617,0.0093,22.73,66.68,2
0.6029,-0.0141,22.72,66.68,2
0.5984,-0.0045,22.76,66.67,2
0.5645,-0.0339,22.75,66.67,2
0.5626,-0.0018,22.75,66.66,2
0.5262,-0.0364,22.7,66.65,2
0.5457,0.0195,22.72,66.65,2
0.5804,0.0347,22.68,66.64,2
0.6231,0.0427,22.65,66.64,2
0.6041,-0.019,22.67,66.64,2
0.6211,0.017,22.62,66.64,2
0.6215,0.0004,22.61,66.64,2
0.636,0.0145,22.6,66.64,2
0.6507,0.0147,22.65,66.64,2
0.6785,0.0278,22.63,66.64,2
0.6297,-0.0488,22.67,66.64,2
0.593,-0.0367,22.69,66.63,2
0.6276,0.0347,22.66,66.63,2
0.6392,0.0115,22.53,66.63,2
0.6427,0.0035,22.53,66.63,2
0.6683,0.0256,22.53,66.63,2
0.6861,0.0178,22.55,66.63,2
0.7088,0.0227,22.59,66.64,2
0.7115,0.0027,22.68,66.64,2
0.7292,0.0177,22.7,66.64,2
0.7022,-0.0269,22.7,66.64,2
0.688,-0.0143,22.77,66.65,2
0.7003,0.0124,22.86,66.65,2
0.7169,0.0165,22.95,66.65,2
0.6922,-0.0247,23.01,66.65,2
0.6926,0.0005,22.94,66.65,2
0.6655,-0.0271,22.97,66.65,2
0.6157,-0.0498,23.03,66.65,2
0.6282,0.0125,23.01,66.65,2
0.6324,0.0042,23.01,66.65,2
0.6051,-0.0273,22.99,66.65,2
0.6082,0.0031,22.97,66.64,2
0.6278,0.0196,22.96,66.64,2
0.6129,-0.0148,22.93,66.64,2
0.6233,0.0103,22.88,66.64,2
0.6265,0.0032,22.84,66.64,2
0.6192,-0.0073,22.81,66.63,2
0.6039,-0.0153,22.83,66.63,2
0.5852,-0.0188,22.76,66.63,2
0.6041,0.019,22.74,66.63,2
0.6375,0.0334,22.8,66.63,2
0.6523,0.0149,22.85,66.63,2
0.6215,-0.0308,22.88,66.62,2
0.6199,-0.0016,22.93,66.62,2
0.5871,-0.0329,22.89,66.62,2
0.5926,0.0056,22.88,66.62,2
0.5925,-0.0001,22.96,66.61,2
0.6204,0.0279,22.97,66.61,2
0.6046,-0.0158,22.97,66.61,2
0.6077,0.0031,22.9,66.61,2
0.6254,0.0177,22.87,66.61,2
0.643,0.0177,22.83,66.61,2
0.6376,-0.0054,22.84,66.61,2
0.6398,0.0022,22.82,66.61,2
0.6358,-0.0039,22.84,66.61,2
0.6411,0.0052,22.72,66.61,2
0.6512,0.0102,22.71,66.61,2
0.6294,-0.0219,22.75,66.61,2
0.5867,-0.0426,22.68,66.6,2
0.6054,0.0187,22.69,66.6,2
0.6239,0.0185,22.71,66.6,2
0.6274,0.0035,22.68,66.6,2
0.6205,-0.0069,22.69,66.6,2
0.6137,-0.0068,22.74,66.6,2
0.6095,-0.0042,22.72,66.6,2
0.576,-0.0335,22.73,66.59,2
0.5884,0.0124,22.72,66.59,2
0.6284,0.04,22.69,66.59,2
0.6058,-0.0227,22.73,66.59,2
0.56,-0.0457,22.65,66.59,2
0.5706,0.0106,22.65,66.58,2
0.5645,-0.0062,22.69,66.58,2
0.565,0.0005,22.61,66.58,2
0.5374,-0.0276,22.62,66.57,2
0.5732,0.0358,22.63,66.57,2
0.6094,0.0361,22.56,66.57,2
0.612,0.0027,22.59,66.57,2
0.5967,-0.0154,22.59,66.57,2
0.5893,-0.0074,22.59,66.56,2
0.6163,0.027,22.53,66.56,2
0.6177,0.0014,22.61,66.56,2
0.6141,-0.0036,22.63,66.56,2
0.603,-0.0111,22.62,66.56,2
0.5696,-0.0334,22.65,66.56,2
0.5575,-0.0121,22.61,66.56,2
0.5618,0.0043,22.72,66.55,2
0.6031,0.0413,22.69,66.55,2
0.5584,-0.0447,22.54,66.55,2
0.6012,0.0427,22.61,66.55,2
0.6454,0.0442,22.6,66.55,2
0.6145,-0.0309,22.67,66.55,2
0.5651,-0.0494,22.7,66.55,2
0.5393,-0.0258,22.77,66.54,2
0.5095,-0.0298,22.8,66.54,2
0.5173,0.0078,22.72,66.53,2
0.5249,0.0076,22.71,66.53,2
0.5381,0.0132,22.64,66.52,2
0.5534,0.0153,22.61,66.52,2
0.5389,-0.0145,22.66,66.52,2
0.5609,0.022,22.65,66.51,2
0.5475,-0.0134,22.7,66.51,2
0.5403,-0.0073,22.64,66.51,2
0.5132,-0.0271,22.69,66.5,2
0.5574,0.0442,22.74,66.5,2
0.5578,0.0004,22.77,66.5,2
0.5762,0.0184,22.71,66.5,2
0.5694,-0.0067,22.72,66.5,2
0.6012,0.0318,22.73,66.5,2
0.5946,-0.0067,22.76,66.5,2
0.6,0.0054,22.7,66.5,2
0.6152,0.0153,22.66,66.5,2
0.604,-0.0112,22.59,66.5,2
0.571,-0.033,22.66,66.5,2
0.5921,0.0211,22.57,66.5,2
0.5735,-0.0186,22.56,66.5,2
0.5691,-0.0044,22.55,66.49,2
0.6012,0.0321,22.49,66.49,2
0.572,-0.0291,22.47,66.49,2
0.5771,0.0051,22.47,66.49,2
0.5768,-0.0003,22.47,66.49,2
0.5819,0.0051,22.42,66.49,2
0.5905,0.0086,22.45,66.49,2
0.4264,-0.1641,22.76,66.52,1
0.4787,0.0523,22.97,66.55,1
0.47,-0.0087,22.86,66.55,2
0.4909,0.0209,22.71,66.54,2
0.4785,-0.0124,22.7,66.53,2
0.4407,-0.0378,22.97,66.57,1
0.4643,0.0236,23.28,66.6,1
0.4645,0.0001,23.2,66.59,2
0.4541,-0.0103,23.11,66.58,2
0.5059,0.0518,23.06,66.57,2
0.5124,0.0065,23.07,66.57,2
0.5076,-0.0048,23.04,66.56,2
0.4997,-0.0079,22.92,66.55,2
0.4849,-0.0148,22.78,66.55,2
0.4663,-0.0187,22.75,66.54,2
0.4904,0.0241,22.74,66.53,2
0.5066,0.0162,22.75,66.53,2
0.4973,-0.0093,22.65,66.52,2
0.3469,-0.1505,22.93,66.55,1
0.3681,0.0212,23.21,66.58,1
0.4053,0.0372,23.43,66.61,1
0.4473,0.042,23.6,66.64,1
0.5066,0.0593,23.51,66.63,2
0.5139,0.0073,23.42,66.62,2
0.5421,0.0282,23.46,66.62,2
0.5648,0.0227,23.5,66.61,2
0.604,0.0392,23.41,66.61,2
0.6075,0.0035,23.4,66.61,2
0.5702,-0.0373,23.37,66.61,2
0.4081,-0.1621,23.63,66.63,1
0.4472,0.0391,23.75,66.66,1
0.4699,0.0227,23.68,66.65,2
0.4797,0.0098,23.56,66.64,2
0.4685,-0.0112,23.46,66.63,2
0.5308,0.0623,23.43,66.63,2
0.3753,-0.1555,23.57,66.65,1
0.412,0.0367,23.85,66.68,1
0.426,0.014,24.08,66.71,1
0.4946,0.0686,23.95,66.7,2
0.4949,0.0003,23.83,66.69,2
0.4863,-0.0086,23.73,66.68,2
0.4832,-0.003,23.52,66.67,2
0.4734,-0.0099,23.41,66.66,2
0.5034,0.03,23.3,66.65,2
0.5079,0.0045,23.26,66.65,2
0.5376,0.0297,23.28,66.64,2
0.5422,0.0046,23.13,66.63,2
0.3865,-0.1558,23.38,66.66,1
0.423,0.0366,23.53,66.69,1
0.4608,0.0378,23.35,66.68,2
0.3256,-0.1352,23.17,66.66,2
0.3527,0.0271,23.37,66.69,1
0.4087,0.056,23.54,66.71,1
0.4296,0.0209,23.74,66.74,1
0.4194,-0.0103,23.93,66.77,1
0.4388,0.0194,24.13,66.79,1
0.4248,-0.014,24.32,66.82,1
0.4132,-0.0116,24.43,66.84,1
0.4426,0.0294,24.62,66.87,1
0.4876,0.045,24.46,66.85,2
0.5383,0.0507,24.26,66.84,2
0.5428,0.0045,24.14,66.83,2
0.5068,-0.0361,24.06,66.82,2
0.4854,-0.0214,23.86,66.81,2
0.4822,-0.0031,23.69,66.8,2
0.4916,0.0094,23.55,66.79,2
0.4896,-0.0021,23.51,66.78,2
0.4626,-0.027,23.37,66.76,2
0.4698,0.0072,23.38,66.75,2
0.4828,0.013,23.29,66.74,2
0.4902,0.0074,23.24,66.73,2
0.4664,-0.0238,23.15,66.72,2
0.4704,0.004,23.06,66.71,2
0.5123,0.0419,23.05,66.7,2
0.3627,-0.1496,23.24,66.72,1
0.2717,-0.091,23.44,66.74,1
0.3603,0.0886,23.62,66.77,1
0.2601,-0.1002,23.9,66.81,0
0.3378,0.0777,24.36,66.86,0
0.398,0.0602,24.46,66.89,1
0.4493,0.0514,24.69,66.91,1
0.4647,0.0153,24.6,66.9,2
0.4794,0.0147,24.37,66.88,2
0.4544,-0.025,24.16,66.87,2
0.4621,0.0076,24.07,66.85,2
0.4731,0.0111,23.95,66.84,2
0.501,0.0278,23.75,66.83,2
0.3489,-0.152,23.94,66.85,1
0.3839,0.035,24.14,66.87,1
0.4475,0.0635,24.32,66.9,1
0.4688,0.0214,24.19,66.88,2
0.4905,0.0217,24.06,66.87,2
0.5233,0.0328,23.93,66.86,2
0.5022,-0.0212,23.84,66.85,2
0.4946,-0.0075,23.81,66.83,2
0.4789,-0.0158,23.74,66.82,2
0.4755,-0.0034,23.66,66.81,2
0.3332,-0.1424,23.81,66.83,1
0.4004,0.0673,23.94,66.85,1
0.2856,-0.1148,24.13,66.87,1
0.3277,0.0421,24.26,66.89,1
0.3605,0.0328,24.41,66.91,1
0.2454,-0.1151,24.68,66.95,0
0.1778,-0.0675,24.94,66.99,0
0.2408,0.0629,25.22,67.03,0
0.3124,0.0716,25.33,67.05,1
0.3516,0.0392,25.35,67.07,1
0.3689,0.0172,25.36,67.08,1
0.3687,-0.0002,25.35,67.1,1
0.2434,-0.1253,25.6,67.14,0
0.2992,0.0558,25.81,67.18,0
0.3644,0.0652,25.79,67.2,1
0.2449,-0.1195,25.85,67.21,1
0.3149,0.07,25.77,67.22,1
0.3656,0.0507,25.75,67.23,1
0.4027,0.0371,25.78,67.25,1
0.4568,0.0541,25.52,67.22,2
0.4807,0.024,25.23,67.2,2
0.4452,-0.0356,25.28,67.22,1
0.4458,0.0006,25.37,67.24,1
0.4298,-0.0159,25.49,67.26,1
0.4272,-0.0026,25.57,67.27,1
0.4337,0.0065,25.55,67.29,1
0.4713,0.0376,25.23,67.27,2
0.5062,0.0348,24.99,67.25,2
0.5501,0.0439,24.81,67.23,2
0.5493,-0.0008,24.64,67.21,2
0.5525,0.0032,24.4,67.2,2
0.5175,-0.035,24.28,67.18,2
0.5059,-0.0115,24.15,67.16,2
0.4911,-0.0149,23.9,67.14,2
0.3423,-0.1488,24.06,67.16,1
0.3923,0.05,24.1,67.17,1
0.2764,-0.1158,24.49,67.21,0
0.3305,0.0541,24.83,67.25,0
0.342,0.0116,24.86,67.27,1
0.3774,0.0354,24.98,67.28,1
0.2524,-0.125,25.21,67.32,0
0.3445,0.0921,25.48,67.36,0
0.3701,0.0256,25.56,67.37,1
0.4016,0.0316,25.65,67.38,1
0.4342,0.0325,25.72,67.4,1
0.4508,0.0166,25.39,67.37,2
0.4652,0.0145,25.17,67.35,2
0.4352,-0.0301,25.15,67.36,1
0.4121,-0.0231,25.15,67.37,1
0.4138,0.0017,25.21,67.39,1
0.4385,0.0246,25.24,67.4,1
0.4253,-0.0131,25.31,67.42,1
0.4439,0.0185,25.37,67.43,1
0.3037,-0.1402,25.33,67.44,1
0.2206,-0.083,25.59,67.47,0
0.1684,-0.0522,25.79,67.5,0
0.276,0.1076,25.99,67.53,0
0.3526,0.0766,26.01,67.54,1
0.242,-0.1106,26.01,67.54,1
0.1763,-0.0657,26.23,67.57,0
0.1348,-0.0415,26.48,67.59,0
0.222,0.0871,26.62,67.62,0
0.2939,0.0719,26.44,67.62,1
0.3564,0.0625,26.31,67.63,1
0.3681,0.0118,26.31,67.64,1
0.3931,0.0249,26.27,67.64,1
0.4506,0.0576,25.89,67.61,2
0.3095,-0.1412,25.51,67.58,2
0.2253,-0.0842,25.73,67.6,0
0.2971,0.0717,26.02,67.64,0
0.334,0.037,26.03,67.64,1
0.374,0.04,25.98,67.65,1
0.3849,0.011,25.9,67.65,1
0.3666,-0.0183,25.82,67.66,1
0.3884,0.0217,25.81,67.67,1
0.2578,-0.1306,25.97,67.69,0
0.1823,-0.0754,26.21,67.72,0
0.2912,0.1089,26.14,67.72,1
0.3397,0.0485,26.11,67.72,1
0.3927,0.053,26.1,67.73,1
0.4186,0.0259,26.06,67.73,1
0.4124,-0.0062,26.09,67.74,1
0.3989,-0.0135,26.05,67.75,1
0.3977,-0.0012,26.12,67.75,1
0.3819,-0.0158,26.09,67.75,1
0.3708,-0.0111,26.06,67.76,1
0.2456,-0.1252,26.24,67.79,0
0.2845,0.0389,26.36,67.81,0
0.301,0.0165,26.3,67.81,1
0.1956,-0.1053,26.27,67.81,1
0.3193,0.1237,26.2,67.81,1
0.3444,0.0251,26.17,67.81,1
0.365,0.0206,26.11,67.81,1
0.4003,0.0353,26.05,67.81,1
0.408,0.0077,25.99,67.82,1
0.2778,-0.1302,26.23,67.84,0
0.3071,0.0293,26.44,67.87,0
0.2093,-0.0978,26.6,67.9,0
0.1526,-0.0567,26.77,67.92,0
0.1177,-0.0349,26.89,67.93,0
0.2422,0.1245,27.02,67.96,0
0.1664,-0.0757,27.13,67.98,0
0.1217,-0.0447,27.25,67.99,0
0.2036,0.0819,27.37,68.01,0
0.1328,-0.0708,27.42,68.03,0
0.1953,0.0625,27.54,68.05,0
0.2477,0.0524,27.69,68.07,0
0.152,-0.0957,27.73,68.09,0
0.0997,-0.0522,27.78,68.1,0
0.2025,0.1027,27.89,68.12,0
0.1281,-0.0744,27.93,68.13,0
0.0864,-0.0417,28.02,68.14,0
0.0619,-0.0245,28.08,68.15,0
0.1567,0.0947,28.1,68.17,0
0.205,0.0484,28.18,68.19,0
0.1198,-0.0853,28.25,68.2,0
0.0744,-0.0453,28.17,68.21,0
0.2045,0.1301,28.22,68.22,0
0.242,0.0374,28.29,68.24,0
0.3035,0.0615,28.16,68.23,1
0.3436,0.0401,28.02,68.22,1
0.2215,-0.1221,28.09,68.24,0
0.2644,0.0429,28.13,68.26,0
0.2969,0.0324,27.87,68.25,1
0.3417,0.0449,27.71,68.24,1
0.3727,0.031,27.58,68.23,1
0.2444,-0.1284,27.66,68.25,0
0.2827,0.0384,27.78,68.27,0
0.1851,-0.0977,27.82,68.28,0
0.2364,0.0513,27.98,68.3,0
0.1507,-0.0856,28.02,68.31,0
0.1025,-0.0482,28.08,68.32,0
0.0739,-0.0286,28.11,68.33,0
0.1685,0.0946,28.17,68.34,0
0.2387,0.0702,28.17,68.36,0
0.1466,-0.0922,28.22,68.37,0
0.0958,-0.0508,28.28,68.37,0
0.1715,0.0758,28.33,68.38,0
0.1028,-0.0687,28.36,68.39,0
0.1755,0.0728,28.36,68.4,0
0.2364,0.0608,28.38,68.42,0
0.2928,0.0564,28.14,68.4,1
0.3333,0.0406,28.07,68.39,1
0.2134,-0.1199,28.09,68.4,0
0.2608,0.0473,28.13,68.42,0
0.3321,0.0713,27.87,68.41,1
0.4022,0.0701,27.76,68.4,1
0.4215,0.0193,27.62,68.39,1
0.4178,-0.0037,27.51,68.39,1
0.4165,-0.0013,27.42,68.38,1
0.4102,-0.0063,27.25,68.37,1
0.4187,0.0085,27.1,68.37,1
0.4298,0.0112,26.98,68.36,1
0.4369,0.0071,26.89,68.35,1
0.4592,0.0223,26.5,68.31,2
0.4472,-0.012,26.06,68.27,2
0.431,-0.0163,25.97,68.26,1
0.4366,0.0057,25.96,68.26,1
0.429,-0.0076,25.99,68.26,1
0.4053,-0.0237,25.95,68.25,1
0.2742,-0.1311,26.24,68.27,0
0.3409,0.0666,26.46,68.29,0
0.3656,0.0247,26.4,68.28,1
0.3563,-0.0093,26.34,68.28,1
0.3638,0.0075,26.43,68.27,1
0.2424,-0.1214,26.62,68.28,0
0.1734,-0.069,26.81,68.3,0
0.1318,-0.0415,26.97,68.31,0
0.1051,-0.0267,27.06,68.32,0
0.2242,0.1191,27.13,68.33,0
0.1531,-0.0711,27.28,68.34,0
0.1116,-0.0415,27.44,68.35,0
0.1984,0.0868,27.53,68.36,0
0.2361,0.0377,27.57,68.38,0
0.1461,-0.0901,27.7,68.39,0
0.0971,-0.049,27.75,68.4,0
0.1843,0.0872,27.74,68.41,0
0.1146,-0.0697,27.79,68.42,0
0.2465,0.1319,27.87,68.43,0
0.3154,0.0689,27.59,68.42,1
0.3673,0.0519,27.48,68.41,1
0.2453,-0.122,27.66,68.42,0
0.1745,-0.0709,27.77,68.43,0
0.2584,0.0839,27.87,68.45,0
0.2932,0.0348,27.57,68.43,1
0.3291,0.0359,27.46,68.42,1
0.3476,0.0185,27.29,68.41,1
0.3675,0.0199,27.11,68.4,1
0.3706,0.0031,27.01,68.39,1
0.3893,0.0188,26.94,68.38,1
0.3664,-0.0229,26.88,68.37,1
0.358,-0.0085,26.78,68.36,1
0.2337,-0.1243,27.02,68.38,0
0.296,0.0623,27.22,68.39,0
0.1977,-0.0983,27.26,68.41,0
0.141,-0.0568,27.32,68.41,0
0.2513,0.1103,27.46,68.43,0
0.2784,0.0272,27.57,68.44,0
0.1794,-0.099,27.72,68.45,0
0.2537,0.0742,27.83,68.47,0
0.1646,-0.0891,27.88,68.48,0
0.239,0.0744,27.94,68.49,0
0.1536,-0.0853,27.97,68.5,0
0.2278,0.0742,28.04,68.51,0
0.3251,0.0973,27.97,68.49,1
0.213,-0.1121,27.78,68.47,1
0.148,-0.065,27.82,68.48,0
0.1083,-0.0397,27.85,68.49,0
0.0825,-0.0258,27.91,68.49,0
0.1748,0.0923,27.97,68.5,0
0.11,-0.0648,27.95,68.51,0
0.0738,-0.0362,27.91,68.51,0
0.1926,0.1188,27.99,68.52,0
0.1214,-0.0712,27.99,68.53,0
0.0813,-0.0401,28.08,68.53,0
0.0576,-0.0237,28.07,68.53,0
0.0427,-0.0148,28.2,68.53,0
0.1529,0.1102,28.16,68.54,0
0.092,-0.0609,28.18,68.54,0
0.0588,-0.0333,28.17,68.55,0
0.1598,0.1011,28.26,68.55,0
0.0945,-0.0653,28.25,68.56,0
0.2067,0.1121,28.24,68.57,0
0.2656,0.0589,28.24,68.58,0
0.2997,0.0341,28.03,68.56,1
0.188,-0.1117,27.94,68.54,1
0.1257,-0.0623,28.02,68.55,0
0.0892,-0.0365,28.11,68.55,0
0.0666,-0.0226,28.11,68.55,0
0.1818,0.1151,28.19,68.56,0
0.2575,0.0757,28.45,68.57,0
0.1646,-0.0929,28.46,68.58,0
0.1128,-0.0518,28.46,68.58,0
0.0824,-0.0304,28.59,68.58,0
0.191,0.1086,28.62,68.59,0
0.1228,-0.0681,28.72,68.6,0
0.0845,-0.0384,28.8,68.6,0
0.2118,0.1273,28.8,68.61,0
0.1374,-0.0743,28.83,68.61,0
0.2398,0.1024,28.9,68.62,0
0.1551,-0.0848,28.94,68.63,0
0.1064,-0.0487,28.84,68.63,0
0.1894,0.083,28.79,68.64,0
0.1179,-0.0714,28.81,68.64,0
0.2006,0.0826,28.88,68.65,0
0.2753,0.0747,28.8,68.66,0
0.1748,-0.1005,28.78,68.66,0
0.2287,0.0539,28.8,68.67,0
0.1438,-0.0849,28.73,68.68,0
0.0967,-0.0471,28.73,68.68,0
0.0694,-0.0274,28.64,68.68,0
0.0525,-0.0169,28.68,68.68,0
0.0415,-0.0111,28.65,68.67,0
0.1512,0.1098,28.69,68.68,0
0.092,-0.0592,28.75,68.68,0
0.0598,-0.0322,28.67,68.68,0
0.0415,-0.0183,28.63,68.68,0
0.1406,0.0991,28.6,68.68,0
0.0817,-0.0589,28.53,68.68,0
0.2029,0.1212,28.45,68.69,0
0.2565,0.0536,28.41,68.7,0
0.2835,0.0269,28.26,68.68,1
0.2943,0.0108,28.02,68.66,1
0.3029,0.0087,27.75,68.64,1
0.1871,-0.1159,27.82,68.65,0
0.2559,0.0688,27.89,68.66,0
0.1627,-0.0931,27.9,68.66,0
0.1103,-0.0524,27.92,68.66,0
0.2068,0.0965,28.03,68.67,0
0.2608,0.0541,28.08,68.68,0
0.2807,0.0198,27.99,68.66,1
0.1745,-0.1062,27.79,68.64,1
0.2211,0.0466,27.8,68.64,0
0.1366,-0.0846,27.91,68.65,0
0.0904,-0.0462,27.98,68.65,0
0.169,0.0786,28.03,68.66,0
0.102,-0.0669,28.03,68.66,0
0.1835,0.0814,28.16,68.66,0
0.1098,-0.0737,28.2,68.67,0
0.1875,0.0778,28.26,68.67,0
0.2373,0.0497,28.36,68.68,0
0.2682,0.0309,28.54,68.69,0
0.1629,-0.1053,28.52,68.69,0
0.2333,0.0704,28.5,68.7,0
0.1456,-0.0877,28.55,68.71,0
0.202,0.0564,28.6,68.71,0
0.26,0.058,28.63,68.72,0
0.1599,-0.1001,28.63,68.72,0
0.1049,-0.0551,28.6,68.72,0
0.0732,-0.0316,28.6,68.72,0
0.1565,0.0833,28.66,68.73,0
0.0936,-0.0629,28.64,68.73,0
0.1748,0.0811,28.73,68.73,0
0.2453,0.0705,28.72,68.74,0
0.2578,0.0125,28.78,68.75,0
0.1556,-0.1022,28.75,68.75,0
0.1007,-0.0549,28.64,68.75,0
0.1825,0.0819,28.67,68.75,0
0.1121,-0.0705,28.75,68.75,0
0.1988,0.0867,28.77,68.76,0
0.1221,-0.0767,28.76,68.76,0
0.0802,-0.042,28.66,68.76,0
0.1912,0.111,28.64,68.76,0
0.1197,-0.0715,28.64,68.76,0
0.2323,0.1126,28.69,68.77,0
0.1485,-0.0838,28.77,68.77,0
0.1007,-0.0478,28.78,68.77,0
0.0719,-0.0287,28.75,68.77,0
0.0537,-0.0182,28.64,68.77,0
0.1664,0.1127,28.66,68.77,0
0.1027,-0.0637,28.68,68.77,0
0.0673,-0.0354,28.66,68.77,0
0.0467,-0.0206,28.73,68.77,0
0.034,-0.0127,28.63,68.76,0
0.0258,-0.0082,28.62,68.76,0
0.0201,-0.0057,28.57,68.75,0
0.1361,0.1159,28.61,68.76,0
0.079,-0.0571,28.63,68.75,0
0.0484,-0.0306,28.6,68.75,0
0.0315,-0.0169,28.64,68.75,0
0.0217,-0.0098,28.57,68.74,0
0.0157,-0.006,28.46,68.74,0
0.0118,-0.0039,28.41,68.74,0
0.1192,0.1074,28.34,68.74,0
0.195,0.0758,28.38,68.74,0
0.2424,0.0473,28.42,68.75,0
0.1442,-0.0981,28.41,68.75,0
0.1967,0.0525,28.41,68.76,0
0.2684,0.0716,28.4,68.76,0
0.1654,-0.1029,28.45,68.77,0
0.2261,0.0607,28.43,68.77,0
0.2862,0.06,28.22,68.75,1
0.1798,-0.1064,27.96,68.73,1
0.2227,0.0429,28.02,68.73,0
0.2628,0.0401,28.05,68.74,0
0.1606,-0.1022,28.11,68.74,0
0.2293,0.0687,28.2,68.75,0
0.142,-0.0873,28.22,68.75,0
0.0934,-0.0486,28.17,68.75,0
0.0652,-0.0283,28.11,68.75,0
0.0478,-0.0174,28.09,68.75,0
0.0365,-0.0113,28.11,68.75,0
0.0287,-0.0078,28.14,68.74,0
0.023,-0.0057,28.08,68.74,0
0.1213,0.0982,28.13,68.74,0
0.0675,-0.0538,28.14,68.74,0
0.0394,-0.028,28.23,68.74,0
0.0245,-0.0149,28.22,68.73,0
0.0163,-0.0082,28.19,68.73,0
0.179,0.1628,28.24,68.73,0
0.2393,0.0603,28.31,68.74,0
0.279,0.0397,28.47,68.75,0
0.1727,-0.1063,28.43,68.75,0
0.2313,0.0586,28.48,68.76,0
0.1437,-0.0876,28.56,68.76,0
0.22,0.0763,28.6,68.77,0
0.1367,-0.0833,28.71,68.77,0
0.0903,-0.0464,28.7,68.77,0
0.0632,-0.0271,28.63,68.77,0
0.1665,0.1033,28.63,68.77,0
0.1016,-0.0649,28.61,68.77,0
0.0659,-0.0357,28.67,68.77,0
0.1504,0.0845,28.64,68.77,0
0.2173,0.0669,28.68,68.77,0
0.1277,-0.0896,28.71,68.77,0
0.0795,-0.0482,28.75,68.77,0
0.1551,0.0756,28.71,68.78,0
0.2123,0.0572,28.79,68.78,0
0.2765,0.0642,28.8,68.79,0
0.2855,0.009,28.52,68.77,1
0.1739,-0.1116,28.25,68.74,1
0.2278,0.0539,28.26,68.75,0
0.14,-0.0878,28.32,68.75,0
0.0916,-0.0483,28.38,68.75,0
0.1763,0.0847,28.44,68.75,0
0.107,-0.0694,28.4,68.75,0
0.0691,-0.0379,28.48,68.75,0
0.1901,0.121,28.53,68.76,0
0.1187,-0.0714,28.54,68.76,0
0.0787,-0.04,28.52,68.76,0
0.0552,-0.0235,28.44,68.75,0
0.1831,0.1279,28.51,68.76,0
0.2516,0.0685,28.59,68.76,0
0.157,-0.0946,28.62,68.77,0
0.1042,-0.0528,28.68,68.77,0
0.0733,-0.0309,28.59,68.77,0
0.1616,0.0884,28.62,68.77,0
0.2083,0.0467,28.56,68.77,0
0.2802,0.0719,28.38,68.75,1
0.3289,0.0487,28.19,68.73,1
0.209,-0.1199,28.25,68.74,0
0.2562,0.0472,28.22,68.75,0
0.3062,0.05,27.95,68.73,1
0.3166,0.0104,27.66,68.71,1
0.352,0.0354,27.55,68.69,1
0.2284,-0.1236,27.63,68.7,0
0.2731,0.0447,27.75,68.71,0
0.1779,-0.0952,27.77,68.71,0
0.1236,-0.0543,27.89,68.72,0
0.0909,-0.0327,28.02,68.72,0
0.1825,0.0916,28.11,68.72,0
0.2448,0.0623,28.2,68.73,0
0.297,0.0521,28.02,68.71,1
0.1896,-0.1074,27.77,68.68,1
0.2448,0.0552,27.88,68.69,0
0.2968,0.0521,27.96,68.7,0
0.1901,-0.1067,27.99,68.71,0
0.2527,0.0625,28.13,68.72,0
0.3105,0.0578,27.98,68.7,1
0.3377,0.0272,27.79,68.68,1
0.2193,-0.1185,27.88,68.69,0
0.2794,0.0601,27.94,68.7,0
0.3097,0.0304,27.71,68.68,1
0.2007,-0.109,27.53,68.66,1
0.139,-0.0617,27.56,68.66,0
0.2472,0.1082,27.7,68.67,0
0.3057,0.0585,27.51,68.65,1
0.2011,-0.1046,27.34,68.63,1
0.2561,0.055,27.38,68.64,0
0.3085,0.0525,27.55,68.65,0
0.3107,0.0022,27.39,68.63,1
0.1992,-0.1115,27.09,68.61,1
0.2521,0.0529,27.2,68.62,0
0.1628,-0.0893,27.34,68.63,0
0.1128,-0.05,27.36,68.63,0
0.2158,0.103,27.45,68.64,0
0.1408,-0.075,27.48,68.64,0
0.2156,0.0749,27.59,68.65,0
0.1366,-0.0791,27.58,68.66,0
0.195,0.0584,27.67,68.66,0
0.249,0.0541,27.67,68.67,0
0.1515,-0.0975,27.68,68.68,0
0.0983,-0.0533,27.84,68.68,0
0.0679,-0.0304,27.83,68.68,0
0.0497,-0.0182,27.9,68.68,0
0.0381,-0.0116,27.97,68.67,0
0.1927,0.1546,28.1,68.68,0
0.2497,0.057,28.25,68.69,0
0.1574,-0.0923,28.3,68.69,0
0.106,-0.0514,28.34,68.69,0
0.1984,0.0924,28.4,68.7,0
0.2588,0.0604,28.45,68.71,0
0.1633,-0.0955,28.52,68.71,0
0.1104,-0.0529,28.52,68.71,0
0.2197,0.1093,28.54,68.72,0
0.3013,0.0816,28.29,68.7,1
0.1966,-0.1047,28.13,68.68,1
0.1365,-0.0601,28.13,68.68,0
0.1,-0.0364,28.1,68.68,0
0.1891,0.0891,28.2,68.69,0
0.2437,0.0546,28.28,68.7,0
0.2948,0.051,28.03,68.68,1
0.1861,-0.1087,27.78,68.65,1
0.2454,0.0593,27.85,68.66,0
0.2942,0.0488,27.91,68.67,0
0.3289,0.0347,27.79,68.66,1
0.2132,-0.1157,27.58,68.63,1
0.1479,-0.0653,27.75,68.64,0
0.1091,-0.0388,27.78,68.64,0
0.2096,0.1005,27.88,68.65,0
0.1381,-0.0716,27.89,68.65,0
0.0972,-0.0409,27.97,68.65,0
0.0725,-0.0247,27.99,68.66,0
0.0566,-0.0159,28.02,68.66,0
0.0457,-0.0109,28.05,68.65,0
0.0378,-0.0079,27.99,68.65,0
0.0318,-0.006,27.95,68.65,0
0.027,-0.0048,28.0,68.65,0
0.1381,0.1111,28.03,68.65,0
0.0819,-0.0562,28.09,68.65,0
0.1694,0.0874,28.13,68.66,0
0.0992,-0.0702,28.12,68.66,0
0.1992,0.1,28.12,68.67,0
0.2659,0.0668,28.2,68.68,0
0.335,0.0691,28.02,68.66,1
0.3395,0.0045,27.85,68.65,1
0.3527,0.0131,27.73,68.63,1
0.2278,-0.1249,27.79,68.64,0
0.1568,-0.071,27.84,68.64,0
0.1143,-0.0425,27.84,68.65,0
0.2073,0.093,27.89,68.65,0
0.2561,0.0487,27.95,68.66,0
0.2909,0.0348,27.79,68.65,1
0.1832,-0.1077,27.62,68.62,1
0.2359,0.0527,27.71,68.63,0
0.2836,0.0477,27.9,68.64,0
0.3042,0.0206,27.7,68.62,1
0.3434,0.0392,27.46,68.61,1
0.2233,-0.1201,27.54,68.62,0
0.1556,-0.0678,27.59,68.62,0
0.1152,-0.0403,27.61,68.63,0
0.0897,-0.0255,27.68,68.63,0
0.0724,-0.0173,27.67,68.63,0
0.06,-0.0124,27.64,68.63,0
0.0505,-0.0094,27.7,68.63,0
0.1706,0.1201,27.85,68.64,0
0.2228,0.0522,27.85,68.64,0
0.136,-0.0868,27.82,68.65,0
0.0889,-0.0472,27.8,68.65,0
0.2122,0.1233,27.93,68.66,0
0.1362,-0.076,27.9,68.66,0
0.093,-0.0432,27.91,68.66,0
0.0672,-0.0258,27.99,68.66,0
0.1834,0.1161,28.05,68.67,0
0.1159,-0.0675,28.2,68.67,0
0.0778,-0.038,28.1,68.67,0
0.0553,-0.0225,28.12,68.67,0
0.1512,0.0959,28.08,68.68,0
0.2224,0.0711,28.2,68.68,0
0.2541,0.0317,28.27,68.69,0
0.1543,-0.0998,28.31,68.7,0
0.2181,0.0638,28.35,68.7,0
0.1344,-0.0836,28.36,68.71,0
0.2014,0.0669,28.38,68.71,0
0.1229,-0.0784,28.49,68.71,0
0.0803,-0.0426,28.48,68.71,0
0.0562,-0.0241,28.48,68.71,0
0.1668,0.1106,28.48,68.72,0
0.2237,0.0569,28.55,68.72,0
0.2487,0.025,28.56,68.73,0
0.1497,-0.099,28.5,68.73,0
0.2366,0.087,28.51,68.74,0
0.274,0.0374,28.58,68.75,0
0.1711,-0.1029,28.68,68.75,0
0.2392,0.0681,28.61,68.76,0
0.3038,0.0646,28.38,68.74,1
0.3311,0.0273,28.11,68.72,1
0.3745,0.0434,27.89,68.71,1
0.247,-0.1274,27.94,68.71,0
0.1734,-0.0736,28.0,68.72,0
0.2336,0.0601,28.18,68.73,0
0.2739,0.0403,28.38,68.74,0
0.33,0.0561,28.27,68.72,1
0.3581,0.0281,28.04,68.7,1
0.2348,-0.1233,28.14,68.71,0
0.3093,0.0744,28.18,68.72,0
0.3998,0.0905,28.0,68.71,1
0.4463,0.0465,27.93,68.69,1
0.3076,-0.1387,27.73,68.67,1
0.224,-0.0836,27.86,68.68,0
0.298,0.074,27.92,68.69,0
0.3556,0.0576,27.74,68.68,1
0.3722,0.0166,27.64,68.66,1
0.2492,-0.1229,27.75,68.67,0
0.3324,0.0832,27.96,68.69,0
0.3526,0.0202,27.83,68.67,1
0.3464,-0.0062,27.61,68.65,1
0.3535,0.0071,27.51,68.64,1
0.2307,-0.1228,27.65,68.65,0
0.1608,-0.0699,27.74,68.65,0
0.2314,0.0706,27.79,68.66,0
0.295,0.0636,27.63,68.64,1
0.3305,0.0355,27.51,68.63,1
0.2154,-0.1151,27.64,68.63,0
0.2924,0.077,27.77,68.65,0
0.1946,-0.0978,27.88,68.65,0
0.2478,0.0531,27.98,68.66,0
0.2978,0.05,27.85,68.64,1
0.3239,0.0261,27.66,68.63,1
0.2085,-0.1154,27.77,68.63,0
0.1434,-0.0652,27.95,68.64,0
0.1046,-0.0387,28.05,68.64,0
0.2552,0.1505,28.17,68.65,0
0.3067,0.0516,27.95,68.63,1
0.3353,0.0285,27.69,68.62,1
0.3474,0.0122,27.5,68.6,1
0.3626,0.0151,27.29,68.59,1
0.2372,-0.1253,27.46,68.6,0
0.3106,0.0734,27.63,68.61,0
0.2084,-0.1022,27.7,68.62,0
0.2534,0.0451,27.78,68.63,0
0.3034,0.0499,27.64,68.61,1
0.3207,0.0173,27.47,68.6,1
0.3449,0.0242,27.28,68.58,1
0.3531,0.0082,27.23,68.57,1
0.3811,0.028,27.16,68.56,1
0.2507,-0.1304,27.36,68.57,0
0.2906,0.0399,27.45,68.58,0
0.3244,0.0339,27.31,68.57,1
0.3682,0.0437,27.25,68.55,1
0.3869,0.0188,27.11,68.54,1
0.2564,-0.1305,27.35,68.55,0
0.1805,-0.0759,27.39,68.56,0
0.2589,0.0784,27.52,68.57,0
0.3041,0.0452,27.32,68.56,1
0.3332,0.029,27.2,68.54,1
0.3333,0.0001,27.04,68.53,1
0.3906,0.0574,26.94,68.52,1
0.3965,0.0059,26.85,68.51,1
0.4369,0.0403,26.77,68.5,1
0.4297,-0.0072,26.76,68.49,1
0.2913,-0.1384,26.63,68.47,1
0.3273,0.036,26.48,68.46,1
0.2228,-0.1044,26.61,68.47,0
0.2862,0.0633,26.75,68.49,0
0.3465,0.0603,26.67,68.48,1
0.3829,0.0364,26.63,68.47,1
0.3996,0.0167,26.51,68.46,1
0.4079,0.0083,26.49,68.45,1
0.4193,0.0114,26.39,68.44,1
0.4354,0.0161,26.34,68.43,1
0.4457,0.0102,26.34,68.43,1
0.4347,-0.0109,26.22,68.42,1
0.449,0.0142,26.19,68.41,1
0.4566,0.0077,25.88,68.37,2
0.4861,0.0294,25.56,68.32,2
0.513,0.0269,25.24,68.28,2
0.4897,-0.0233,25.06,68.24,2
0.3445,-0.1452,25.15,68.23,1
0.3995,0.0551,25.2,68.23,1
0.4036,0.0041,25.27,68.23,1
0.2813,-0.1223,25.34,68.22,1
0.3636,0.0823,25.39,68.21,1
0.3894,0.0258,25.4,68.2,1
0.4144,0.025,25.44,68.2,1
0.4198,0.0054,25.53,68.2,1
0.4542,0.0344,25.14,68.16,2
0.4749,0.0207,24.79,68.12,2
0.4851,0.0102,24.51,68.08,2
0.4825,-0.0026,24.33,68.04,2
0.4867,0.0042,24.24,68.01,2
0.453,-0.0337,24.16,67.97,2
0.4846,0.0316,24.08,67.93,2
0.3383,-0.1463,24.14,67.93,1
0.3627,0.0244,24.26,67.93,1
0.3901,0.0274,24.38,67.93,1
0.4531,0.063,24.19,67.9,2
0.4515,-0.0016,23.98,67.86,2
0.4598,0.0083,23.76,67.83,2
0.4333,-0.0264,23.97,67.83,1
0.4693,0.036,24.15,67.84,1
0.4756,0.0062,23.99,67.8,2
0.4804,0.0048,23.82,67.77,2
0.5141,0.0337,23.71,67.74,2
0.3615,-0.1526,23.89,67.75,1
0.2684,-0.0931,24.09,67.74,1
0.208,-0.0604,24.42,67.77,0
0.3214,0.1133,24.76,67.8,0
0.2301,-0.0913,25.15,67.83,0
0.2907,0.0606,25.21,67.82,1
0.3704,0.0797,25.28,67.83,1
0.4122,0.0417,25.36,67.83,1
0.4439,0.0317,25.4,67.84,1
0.4657,0.0218,25.16,67.8,2
0.4615,-0.0042,24.94,67.77,2
0.4843,0.0228,24.68,67.74,2
0.502,0.0177,24.52,67.71,2
0.4711,-0.0309,24.31,67.68,2
0.5136,0.0424,24.13,67.65,2
0.4944,-0.0192,24.05,67.62,2
0.4893,-0.005,23.86,67.59,2
0.5132,0.0239,23.87,67.57,2
0.5355,0.0223,23.73,67.54,2
0.5459,0.0104,23.72,67.52,2
0.3881,-0.1578,23.89,67.53,1
0.4232,0.0351,24.04,67.54,1
0.428,0.0048,24.22,67.55,1
0.4574,0.0294,24.05,67.52,2
0.4768,0.0194,23.93,67.5,2
0.4804,0.0037,23.74,67.47,2
0.4676,-0.0129,23.61,67.44,2
0.3241,-0.1434,23.74,67.45,1
0.4132,0.0891,23.9,67.46,1
0.4951,0.0819,23.75,67.44,2
0.5019,0.0068,23.62,67.41,2
0.5296,0.0277,23.56,67.39,2
0.5371,0.0075,23.43,67.37,2
0.5631,0.026,23.32,67.35,2
0.4009,-0.1622,23.47,67.37,1
0.4349,0.034,23.75,67.38,1
0.4582,0.0234,23.6,67.35,2
0.5,0.0418,23.5,67.33,2
0.5181,0.0181,23.38,67.31,2
0.5098,-0.0083,23.25,67.29,2
0.5033,-0.0065,23.2,67.27,2
0.5018,-0.0015,23.09,67.25,2
0.5334,0.0316,23.01,67.23,2
0.5236,-0.0099,22.95,67.21,2
0.5271,0.0036,22.96,67.2,2
0.5234,-0.0037,22.92,67.18,2
0.5274,0.0039,22.94,67.16,2
0.4858,-0.0415,22.97,67.14,2
0.4759,-0.0099,22.85,67.12,2
0.3326,-0.1434,23.1,67.14,1
0.3792,0.0466,23.27,67.15,1
0.4211,0.0419,23.55,67.17,1
0.2958,-0.1253,23.68,67.18,1
0.2207,-0.0751,24.04,67.22,0
0.3002,0.0795,24.43,67.26,0
0.3633,0.0631,24.59,67.27,1
0.4096,0.0463,24.76,67.29,1
0.4338,0.0242,24.81,67.3,1
0.452,0.0182,24.58,67.28,2
0.3132,-0.1388,24.29,67.25,2
0.3729,0.0597,24.44,67.26,1
0.4253,0.0524,24.57,67.28,1
0.412,-0.0134,24.64,67.3,1
0.435,0.023,24.76,67.31,1
0.4582,0.0232,24.47,67.29,2
0.4615,0.0033,24.31,67.27,2
0.5028,0.0413,24.01,67.25,2
0.5346,0.0318,23.85,67.23,2
0.5479,0.0133,23.73,67.21,2
0.5762,0.0282,23.63,67.19,2
0.5644,-0.0118,23.53,67.18,2
0.5366,-0.0277,23.37,67.16,2
0.5194,-0.0172,23.34,67.14,2
0.5678,0.0484,23.21,67.13,2
0.5616,-0.0061,23.2,67.12,2
0.5499,-0.0118,23.19,67.1,2
0.5414,-0.0084,23.11,67.09,2
0.5103,-0.0311,23.01,67.07,2
0.3622,-0.1481,23.21,67.09,1
0.3873,0.0251,23.37,67.1,1
0.4167,0.0293,23.64,67.12,1
0.434,0.0174,23.88,67.14,1
0.4968,0.0628,23.71,67.12,2
0.5048,0.008,23.61,67.11,2
0.5172,0.0124,23.48,67.09,2
0.3646,-0.1526,23.66,67.11,1
0.4213,0.0567,23.84,67.13,1
0.4726,0.0513,23.7,67.11,2
0.498,0.0254,23.61,67.09,2
0.5355,0.0375,23.52,67.07,2
0.5486,0.0131,23.43,67.06,2
0.5547,0.0061,23.34,67.05,2
0.5759,0.0212,23.36,67.04,2
0.5435,-0.0324,23.29,67.02,2
0.5867,0.0433,23.27,67.01,2
0.6488,0.062,23.31,67.0,2
0.6635,0.0148,23.32,67.0,2
0.6676,0.0041,23.28,66.99,2
0.644,-0.0236,23.24,66.98,2
0.6673,0.0233,23.14,66.98,2
0.6223,-0.0449,23.15,66.97,2
0.5915,-0.0308,23.08,66.96,2
0.6072,0.0157,22.94,66.95,2
0.44,-0.1672,23.19,66.97,1
0.4523,0.0123,23.42,66.99,1
0.4766,0.0243,23.27,66.98,2
0.4978,0.0211,23.13,66.96,2
0.5144,0.0167,23.1,66.95,2
0.3662,-0.1483,23.47,66.97,1
0.4003,0.0342,23.62,66.99,1
0.4862,0.0858,23.5,66.97,2
0.4906,0.0044,23.43,66.96,2
0.4907,0.0002,23.31,66.95,2
0.5233,0.0326,23.15,66.93,2
0.5266,0.0033,23.12,66.92,2
0.4812,-0.0455,22.95,66.91,2
0.4515,-0.0297,22.79,66.89,2
0.4845,0.033,22.79,66.88,2
0.5015,0.017,22.79,66.86,2
0.518,0.0165,22.76,66.85,2
0.5425,0.0245,22.7,66.84,2
0.5428,0.0002,22.67,66.83,2
0.5404,-0.0023,22.6,66.82,2
0.5445,0.0041,22.57,66.81,2
0.5816,0.037,22.5,66.81,2
0.6236,0.042,22.54,66.8,2
0.612,-0.0116,22.59,66.8,2
0.5597,-0.0522,22.61,66.79,2
0.3972,-0.1626,22.8,66.81,1
0.4512,0.054,23.11,66.84,1
0.3235,-0.1276,23.26,66.86,1
0.3806,0.0571,23.47,66.88,1
0.4178,0.0372,23.7,66.9,1
0.4584,0.0406,23.53,66.89,2
0.4917,0.0333,23.42,66.88,2
0.4879,-0.0038,23.37,66.86,2
0.5033,0.0154,23.3,66.85,2
0.5172,0.0139,23.17,66.84,2
0.4965,-0.0208,23.02,66.83,2
0.489,-0.0075,22.98,66.81,2
0.4689,-0.0201,22.89,66.8,2
0.4896,0.0207,22.82,66.79,2
0.5369,0.0473,22.75,66.78,2
0.546,0.0091,22.77,66.77,2
0.5395,-0.0065,22.77,66.76,2
0.5274,-0.0121,22.81,66.76,2
0.5211,-0.0063,22.8,66.75,2
0.518,-0.0031,22.8,66.74,2
0.5292,0.0112,22.83,66.73,2
0.5454,0.0162,22.73,66.72,2
0.5176,-0.0278,22.7,66.71,2
0.544,0.0264,22.75,66.71,2
0.5719,0.0279,22.77,66.7,2
0.5736,0.0017,22.74,66.7,2
0.5762,0.0026,22.71,66.69,2
0.5653,-0.0109,22.81,66.68,2
0.5191,-0.0462,22.76,66.68,2
0.5576,0.0386,22.8,66.67,2
0.5351,-0.0225,22.89,66.66,2
0.5398,0.0047,22.82,66.66,2
0.545,0.0052,22.81,66.65,2
0.5364,-0.0086,22.69,66.65,2
0.5029,-0.0334,22.67,66.64,2
0.5045,0.0015,22.73,66.63,2
0.5557,0.0512,22.66,66.63,2
0.5696,0.0139,22.8,66.62,2
0.5725,0.0029,22.78,66.62,2
0.5731,0.0006,22.78,66.61,2
0.5953,0.0221,22.79,66.61,2
0.5707,-0.0246,22.81,66.61,2
0.527,-0.0437,22.77,66.6,2
0.5262,-0.0007,22.76,66.6,2
0.5003,-0.0259,22.69,66.59,2
0.4969,-0.0034,22.61,66.58,2
0.5197,0.0228,22.56,66.58,2
0.561,0.0412,22.62,66.57,2
0.5676,0.0067,22.63,66.57,2
0.5298,-0.0379,22.69,66.57,2
0.536,0.0062,22.6,66.56,2
0.5384,0.0024,22.63,66.56,2
0.5595,0.0211,22.6,66.55,2
0.5568,-0.0027,22.58,66.55,2
0.5492,-0.0077,22.64,66.55,2
0.5462,-0.003,22.64,66.54,2
0.5222,-0.024,22.69,66.54,2
0.5443,0.0221,22.6,66.54,2
0.5538,0.0095,22.56,66.53,2
0.3944,-0.1594,22.83,66.56,1
0.4558,0.0614,23.18,66.59,1
0.5274,0.0716,23.12,66.59,2
0.549,0.0216,22.93,66.58,2
0.5537,0.0047,22.88,66.58,2
0.5685,0.0148,22.89,66.58,2
0.5814,0.013,22.84,66.57,2
0.5655,-0.0159,22.76,66.57,2
0.5764,0.0109,22.72,66.57,2
0.4122,-0.1643,23.0,66.6,1
0.4521,0.0399,23.34,66.63,1
0.5258,0.0737,23.23,66.62,2
0.5682,0.0424,23.19,66.62,2
0.5564,-0.0118,23.09,66.61,2
0.5854,0.0291,23.03,66.61,2
0.5283,-0.0571,22.97,66.6,2
0.5542,0.0259,22.96,66.6,2
0.5614,0.0072,22.95,66.6,2
0.6106,0.0492,22.94,66.59,2
0.5681,-0.0425,22.91,66.59,2
0.6054,0.0373,22.92,66.59,2
0.5612,-0.0442,22.93,66.59,2
0.5305,-0.0307,22.91,66.58,2
0.5766,0.0461,22.92,66.58,2
0.5586,-0.018,22.94,66.57,2
0.5596,0.001,22.95,66.57,2
0.579,0.0194,22.96,66.57,2
0.5962,0.0172,22.9,66.57,2
0.6049,0.0088,22.83,66.57,2
0.6038,-0.0011,22.81,66.56,2
0.5581,-0.0457,22.86,66.56,2
0.5387,-0.0194,22.86,66.56,2
0.5588,0.0201,22.9,66.55,2
0.521,-0.0378,22.82,66.55,2
0.5685,0.0475,22.76,66.55,2
0.5911,0.0226,22.72,66.54,2
0.5695,-0.0216,22.72,66.54,2
0.5506,-0.0189,22.74,66.54,2
0.563,0.0124,22.81,66.54,2
0.5309,-0.032,22.8,66.53,2
0.5358,0.0048,22.76,66.53,2
0.5087,-0.0271,22.7,66.52,2
0.5185,0.0098,22.68,66.52,2
0.5509,0.0324,22.54,66.52,2
0.6031,0.0522,22.53,66.52,2
0.5973,-0.0058,22.62,66.51,2
0.6103,0.013,22.67,66.52,2
0.601,-0.0093,22.68,66.51,2
0.6243,0.0234,22.6,66.52,2
0.6574,0.033,22.6,66.52,2
0.6729,0.0155,22.63,66.52,2
0.6261,-0.0468,22.59,66.52,2
0.6597,0.0337,22.56,66.53,2
0.6668,0.0071,22.47,66.53,2
0.6659,-0.0009,22.44,66.53,2
0.7054,0.0396,22.47,66.54,2
0.7032,-0.0022,22.52,66.54,2
0.6661,-0.0372,22.56,66.54,2
0.6472,-0.0189,22.59,66.54,2
0.6436,-0.0036,22.63,66.55,2
0.6283,-0.0153,22.67,66.55,2
0.6344,0.0061,22.69,66.55,2
0.6378,0.0034,22.83,66.55,2
0.6282,-0.0096,22.77,66.55,2
0.6606,0.0323,22.77,66.55,2
0.6645,0.0039,22.74,66.55,2
0.646,-0.0185,22.72,66.55,2
0.6664,0.0204,22.8,66.56,2
0.6636,-0.0028,22.89,66.56,2
0.6698,0.0061,22.84,66.56,2
0.699,0.0292,22.84,66.56,2
0.7151,0.0162,22.86,66.57,2
0.7042,-0.0109,22.85,66.57,2
0.7245,0.0203,22.84,66.58,2
0.702,-0.0225,22.75,66.58,2
0.6856,-0.0164,22.85,66.58,2
0.7078,0.0222,22.94,66.59,2
0.7205,0.0127,22.99,66.59,2
0.6988,-0.0217,23.03,66.59,2
0.6826,-0.0162,22.97,66.6,2
0.6969,0.0143,22.89,66.6,2
0.6822,-0.0147,22.88,66.6,2
0.6557,-0.0264,22.83,66.6,2
0.656,0.0003,22.84,66.6,2
0.6583,0.0023,22.89,66.6,2
0.6458,-0.0125,22.92,66.6,2
0.6647,0.019,22.94,66.61,2
0.693,0.0283,22.98,66.61,2
0.7384,0.0454,23.02,66.61,2
0.6952,-0.0432,23.0,66.62,2
0.6868,-0.0084,22.98,66.62,2
0.7028,0.016,23.0,66.62,2
0.714,0.0112,22.9,66.62,2
0.6547,-0.0593,22.82,66.62,2
0.5893,-0.0654,22.75,66.62,2
0.6171,0.0278,22.8,66.62,2
0.6369,0.0199,22.83,66.62,2
0.6384,0.0014,22.87,66.62,2
0.6767,0.0383,22.9,66.62,2
0.7198,0.0431,22.92,66.62,2
0.7178,-0.002,22.87,66.63,2
0.727,0.0093,22.92,66.63,2
0.7276,0.0005,22.9,66.63,2
0.7171,-0.0104,22.95,66.64,2
0.7061,-0.0111,22.97,66.64,2
0.7337,0.0277,22.96,66.64,2
0.7033,-0.0304,23.02,66.65,2
0.6913,-0.012,22.95,66.65,2
0.6395,-0.0518,22.99,66.65,2
0.6495,0.0099,23.02,66.65,2
0.6366,-0.0129,22.92,66.65,2
0.6342,-0.0024,22.81,66.64,2
0.5977,-0.0365,22.82,66.64,2
0.5909,-0.0068,22.89,66.64,2
0.6401,0.0492,22.93,66.64,2
0.6532,0.0131,22.95,66.64,2
0.6163,-0.0369,22.88,66.63,2
0.6328,0.0164,22.91,66.63,2
0.6395,0.0067,22.98,66.63,2
0.6368,-0.0027,22.97,66.63,2
0.6508,0.014,22.94,66.63,2
0.6429,-0.0079,22.99,66.63,2
0.6278,-0.0151,22.93,66.63,2
0.6611,0.0334,22.81,66.63,2
0.6813,0.0201,22.79,66.63,2
0.6288,-0.0525,22.82,66.63,2
0.6545,0.0257,22.76,66.63,2
0.6291,-0.0254,22.79,66.63,2
0.6254,-0.0037,22.74,66.63,2
0.6444,0.0189,22.67,66.63,2
0.6099,-0.0344,22.7,66.63,2
0.6428,0.0329,22.61,66.63,2
0.6547,0.0119,22.69,66.63,2
0.681,0.0262,22.7,66.63,2
0.6743,-0.0066,22.62,66.63,2
0.6693,-0.0051,22.59,66.63,2
0.6902,0.021,22.64,66.63,2
0.7216,0.0313,22.62,66.64,2
0.7102,-0.0114,22.61,66.64,2
0.6971,-0.0131,22.65,66.64,2
0.7175,0.0204,22.67,66.64,2
0.7393,0.0218,22.7,66.65,2
0.7413,0.002,22.84,66.65,2
0.6941,-0.0472,22.82,66.65,2
0.7058,0.0117,22.83,66.66,2
0.698,-0.0078,22.78,66.66,2
0.7163,0.0182,22.72,66.66,2
0.7209,0.0047,22.76,66.66,2
0.7346,0.0137,22.81,66.67,2
0.7505,0.0159,22.86,66.67,2
0.7597,0.0093,22.88,66.67,2
0.7331,-0.0266,22.8,66.68,2
0.7052,-0.0279,22.74,66.68,2
0.7392,0.034,22.76,66.68,2
0.7337,-0.0055,22.84,66.69,2
0.7166,-0.0171,22.87,66.69,2
0.7344,0.0178,22.86,66.69,2
0.7235,-0.0109,22.96,66.69,2
0.7352,0.0117,22.87,66.7,2
0.7499,0.0147,22.97,66.7,2
0.7542,0.0043,23.0,66.7,2
0.7468,-0.0074,23.0,66.71,2
0.7638,0.017,23.04,66.71,2
0.772,0.0082,23.0,66.72,2
0.7636,-0.0084,23.03,66.72,2
0.7739,0.0103,23.05,66.72,2
0.7603,-0.0136,23.02,66.73,2
0.7463,-0.014,22.99,66.73,2
0.7104,-0.0359,22.96,66.73,2
0.6836,-0.0268,22.95,66.73,2
0.6863,0.0028,22.93,66.73,2
0.7016,0.0153,22.93,66.73,2
0.7276,0.026,22.91,66.73,2
0.7455,0.0179,22.95,66.73,2
0.7728,0.0273,22.98,66.74,2
0.7768,0.004,22.94,66.74,2
0.7164,-0.0604,22.94,66.74,2
0.7055,-0.0109,22.87,66.74,2
0.7203,0.0149,22.89,66.75,2
0.7523,0.032,22.9,66.75,2
0.7192,-0.0331,22.92,66.75,2
0.7133,-0.0059,22.84,66.75,2
0.7377,0.0244,22.82,66.75,2
0.6952,-0.0425,22.83,66.75,2
0.6546,-0.0406,22.71,66.75,2
0.6794,0.0247,22.69,66.75,2
0.6913,0.012,22.73,66.75,2
0.6881,-0.0032,22.8,66.75,2
0.6907,0.0026,22.81,66.75,2
0.6943,0.0036,22.93,66.75,2
0.7183,0.024,22.94,66.75,2
0.7363,0.018,23.05,66.75,2
0.7207,-0.0156,23.01,66.75,2
0.7404,0.0198,23.01,66.75,2
0.7543,0.0138,22.98,66.76,2
0.7516,-0.0027,23.02,66.76,2
0.7618,0.0102,23.04,66.76,2
0.7457,-0.0161,23.05,66.76,2
0.7481,0.0024,23.12,66.76,2
0.7763,0.0282,23.12,66.77,2
0.7685,-0.0078,23.1,66.77,2
0.7424,-0.0261,23.12,66.77,2
0.7335,-0.009,23.1,66.77,2
0.7442,0.0108,23.17,66.78,2
0.7287,-0.0155,23.16,66.78,2
0.7425,0.0137,23.18,66.78,2
0.6851,-0.0574,23.04,66.78,2
0.671,-0.0141,23.03,66.78,2
0.6629,-0.008,23.02,66.77,2
0.6438,-0.0191,23.01,66.77,2
0.6164,-0.0274,22.99,66.76,2
0.593,-0.0235,22.91,66.76,2
0.6216,0.0287,22.91,66.76,2
0.6753,0.0537,22.83,66.75,2
0.6578,-0.0175,22.83,66.75,2
0.6528,-0.0051,22.83,66.75,2
0.6477,-0.0051,22.75,66.75,2
0.6652,0.0175,22.79,66.75,2
0.6707,0.0055,22.77,66.74,2
0.6668,-0.0039,22.84,66.74,2
0.7001,0.0333,22.76,66.74,2
0.6856,-0.0144,22.83,66.74,2
0.6958,0.0102,22.86,66.74,2
0.7182,0.0224,22.85,66.74,2
0.7418,0.0236,22.85,66.74,2
0.7197,-0.0221,22.91,66.75,2
0.7249,0.0052,22.99,66.75,2
0.747,0.022,22.95,66.75,2
0.7086,-0.0383,22.99,66.75,2
0.6684,-0.0402,22.96,66.75,2
0.6468,-0.0216,22.9,66.75,2
0.6733,0.0265,22.94,66.74,2
0.7141,0.0408,22.96,66.75,2
0.7117,-0.0024,22.96,66.75,2
0.7352,0.0235,23.03,66.75,2
0.7564,0.0212,22.99,66.75,2
0.7622,0.0058,23.01,66.75,2
0.7379,-0.0244,23.07,66.76,2
0.7444,0.0065,23.0,66.76,2
0.7676,0.0232,23.02,66.76,2
0.7758,0.0082,23.05,66.76,2
0.8012,0.0254,23.04,66.77,2
0.7707,-0.0305,23.02,66.77,2
0.7729,0.0022,23.05,66.78,2
0.7789,0.006,22.96,66.78,2
0.7737,-0.0052,22.95,66.78,2
0.7808,0.0071,23.01,66.79,2
0.784,0.0032,23.02,66.79,2
0.7847,0.0006,23.02,66.79,2
0.744,-0.0406,23.08,66.79,2
0.7092,-0.0349,23.14,66.79,2
0.6819,-0.0273,23.17,66.79,2
0.701,0.0191,23.09,66.79,2
0.7119,0.0109,23.05,66.79,2
0.7136,0.0018,23.09,66.79,2
0.7166,0.003,23.18,66.79,2
0.7473,0.0307,23.17,66.79,2
0.7654,0.0182,23.17,66.79,2
0.7741,0.0087,23.19,66.8,2
0.7857,0.0116,23.22,66.8,2
0.7563,-0.0294,23.16,66.8,2
0.7275,-0.0288,23.11,66.8,2
0.7233,-0.0042,23.16,66.8,2
0.7273,0.004,23.12,66.8,2
0.7306,0.0033,23.13,66.8,2
0.7562,0.0256,23.11,66.81,2
0.7504,-0.0058,23.26,66.81,2
0.734,-0.0163,23.14,66.81,2
0.7423,0.0082,23.22,66.81,2
0.7095,-0.0328,23.1,66.81,2
0.7006,-0.0089,23.12,66.81,2
0.7211,0.0205,23.17,66.81,2
0.7486,0.0275,23.17,66.81,2
0.7624,0.0138,23.09,66.81,2
0.7598,-0.0026,23.19,66.81,2
0.7153,-0.0445,23.16,66.81,2
0.6895,-0.0258,23.09,66.81,2
0.6884,-0.0012,23.0,66.81,2
0.7101,0.0217,22.89,66.81,2
0.676,-0.0341,22.85,66.8,2
0.6704,-0.0056,22.78,66.8,2
0.7063,0.0359,22.69,66.8,2
0.6798,-0.0265,22.81,66.8,2
0.6915,0.0117,22.81,66.8,2
0.7172,0.0257,22.83,66.8,2
0.7316,0.0145,22.89,66.8,2
0.7598,0.0282,22.91,66.8,2
0.7865,0.0266,22.96,66.8,2
0.7546,-0.0319,22.94,66.81,2
0.7722,0.0177,23.06,66.81,2
0.7588,-0.0134,23.07,66.81,2
0.7714,0.0126,23.03,66.81,2
0.7576,-0.0138,23.06,66.81,2
0.7839,0.0263,23.03,66.82,2
0.7777,-0.0061,23.12,66.82,2
0.7648,-0.0129,23.17,66.82,2
0.7731,0.0083,23.11,66.82,2
0.7376,-0.0355,23.2,66.82,2
0.7376,0.0,23.14,66.82,2
0.7435,0.0059,23.11,66.82,2
0.7528,0.0092,23.0,66.83,2
0.7089,-0.0439,22.97,66.82,2
0.7207,0.0118,22.89,66.82,2
0.74,0.0193,22.81,66.82,2
0.768,0.0279,22.8,66.83,2
0.7458,-0.0221,22.8,66.83,2
0.7557,0.0098,22.83,66.83,2
0.7481,-0.0076,22.87,66.83,2
0.7494,0.0013,22.91,66.83,2
0.768,0.0186,22.93,66.83,2
0.7739,0.0059,23.0,66.83,2
0.7724,-0.0014,23.06,66.84,2
0.7831,0.0107,23.05,66.84,2
0.7727,-0.0104,23.04,66.84,2
0.7776,0.0049,23.08,66.84,2
0.7353,-0.0423,23.01,66.84,2
0.7042,-0.0312,23.02,66.84,2
0.7233,0.0191,23.01,66.84,2
0.6995,-0.0238,22.97,66.84,2
0.7272,0.0277,22.96,66.84,2
0.7153,-0.0119,22.94,66.84,2
0.7305,0.0152,22.9,66.84,2
0.7543,0.0238,22.84,66.84,2
0.7676,0.0132,22.84,66.84,2
0.7694,0.0018,22.9,66.84,2
0.7524,-0.017,22.94,66.84,2
0.7619,0.0095,22.99,66.84,2
0.7505,-0.0114,23.01,66.84,2
0.7374,-0.0131,23.05,66.84,2
0.7533,0.0158,23.05,66.84,2
0.7821,0.0289,23.12,66.85,2
0.7965,0.0144,23.17,66.85,2
0.7933,-0.0033,23.22,66.85,2
0.7611,-0.0322,23.07,66.85,2
0.7488,-0.0123,23.05,66.85,2
0.7645,0.0157,23.11,66.85,2
0.737,-0.0274,23.23,66.85,2
0.7357,-0.0013,23.18,66.85,2
0.7585,0.0228,23.16,66.86,2
0.7896,0.0311,23.2,66.86,2
0.7962,0.0066,23.26,66.86,2
0.7949,-0.0013,23.29,66.86,2
0.776,-0.0188,23.27,66.86,2
0.7827,0.0066,23.25,66.87,2
0.7946,0.012,23.27,66.87,2
0.799,0.0043,23.19,66.87,2
0.8193,0.0204,23.21,66.87,2
0.827,0.0077,23.25,66.88,2
0.8319,0.0049,23.25,66.88,2
0.8403,0.0083,23.22,66.89,2
0.8538,0.0135,23.15,66.89,2
0.8429,-0.0108,23.04,66.9,2
0.8384,-0.0045,23.09,66.9,2
0.8082,-0.0302,23.05,66.9,2
0.7943,-0.0139,23.11,66.9,2
0.591,-0.2033,23.11,66.9,2
0.6568,0.0658,23.11,66.89,2
0.7196,0.0628,23.11,66.89,2
0.7336,0.0141,22.99,66.89,2
0.7594,0.0258,22.97,66.89,2
0.7935,0.0341,22.91,66.89,2
0.8053,0.0119,23.01,66.89,2
0.8144,0.009,22.99,66.9,2
0.758,-0.0564,23.06,66.9,2
0.7696,0.0116,23.04,66.9,2
0.7856,0.0161,23.04,66.9,2
0.7917,0.0061,22.95,66.9,2
0.7499,-0.0419,22.93,66.9,2
0.7451,-0.0048,23.03,66.9,2
0.7014,-0.0437,23.03,66.89,2
0.6978,-0.0037,23.05,66.89,2
0.7038,0.006,23.08,66.89,2
0.7015,-0.0023,23.02,66.89,2
0.7097,0.0081,23.07,66.88,2
0.7225,0.0128,23.05,66.88,2
0.7454,0.0229,23.05,66.88,2
0.7365,-0.0089,23.12,66.88,2
0.7521,0.0156,23.14,66.88,2
0.7798,0.0277,23.09,66.88,2
0.7835,0.0037,23.0,66.88,2
0.7782,-0.0053,23.04,66.89,2
0.7812,0.003,23.01,66.89,2
0.744,-0.0372,23.0,66.89,2
0.7629,0.019,22.91,66.89,2
0.7497,-0.0132,22.81,66.89,2
0.7094,-0.0403,22.8,66.88,2
0.7132,0.0038,22.81,66.88,2
0.7374,0.0242,22.8,66.88,2
0.7454,0.008,22.83,66.88,2
0.7707,0.0252,22.83,66.88,2
0.7487,-0.022,22.81,66.88,2
0.7597,0.011,22.81,66.88,2
0.7759,0.0161,22.84,66.88,2
0.7877,0.0118,22.95,66.88,2
0.8079,0.0203,22.88,66.89,2
0.7749,-0.033,22.81,66.89,2
0.7783,0.0034,22.79,66.89,2
0.7836,0.0053,22.85,66.89,2
0.8023,0.0186,22.91,66.89,2
0.7684,-0.0339,23.03,66.89,2
0.7285,-0.0399,23.11,66.89,2
0.7367,0.0082,23.21,66.89,2
0.7167,-0.0201,23.16,66.89,2
0.7148,-0.0018,23.1,66.89,2
0.6939,-0.0209,23.09,66.88,2
0.6974,0.0035,23.09,66.88,2
0.7229,0.0255,23.04,66.88,2
0.7292,0.0063,23.04,66.88,2
0.7455,0.0162,23.0,66.88,2
0.7296,-0.0159,23.03,66.88,2
0.7374,0.0078,23.06,66.88,2
0.7697,0.0323,23.1,66.88,2
0.7412,-0.0285,23.12,66.88,2
0.727,-0.0142,23.02,66.88,2
0.7428,0.0157,23.04,66.88,2
0.7263,-0.0165,22.94,66.87,2
0.7448,0.0185,22.91,66.87,2
0.7115,-0.0333,22.92,66.87,2
0.7304,0.0189,22.98,66.87,2
0.7664,0.036,22.99,66.87,2
0.7384,-0.028,23.04,66.87,2
0.7525,0.0141,22.99,66.87,2
0.7617,0.0091,22.99,66.87,2
0.7917,0.0301,23.02,66.87,2
0.7733,-0.0185,23.0,66.88,2
0.7697,-0.0035,22.98,66.88,2
0.7633,-0.0064,23.06,66.88,2
0.7616,-0.0017,23.1,66.88,2
0.7143,-0.0473,23.14,66.88,2
0.6763,-0.038,23.15,66.87,2
0.6899,0.0136,23.19,66.87,2
0.6871,-0.0028,23.13,66.87,2
0.6685,-0.0185,23.09,66.86,2
0.6852,0.0167,23.05,66.86,2
0.7012,0.0161,23.04,66.86,2
0.5142,-0.187,23.01,66.85,2
0.5507,0.0365,23.03,66.84,2
0.5826,0.0319,23.03,66.83,2
0.5903,0.0076,22.97,66.82,2
0.5951,0.0049,22.93,66.82,2
0.6055,0.0103,22.92,66.81,2
0.6483,0.0429,22.9,66.81,2
0.6576,0.0092,22.93,66.8,2
0.655,-0.0026,22.94,66.8,2
0.6772,0.0221,22.94,66.8,2
0.7003,0.0232,22.93,66.8,2
0.6895,-0.0108,22.94,66.79,2
0.7162,0.0267,22.96,66.79,2
0.7286,0.0123,22.97,66.79,2
0.7639,0.0353,22.97,66.8,2
0.7577,-0.0062,23.05,66.8,2
0.78,0.0223,23.11,66.8,2
0.785,0.005,23.07,66.81,2
0.8121,0.0271,23.1,66.81,2
0.7948,-0.0173,23.07,66.81,2
0.763,-0.0318,23.08,66.82,2
0.7708,0.0078,23.09,66.82,2
0.7809,0.01,23.01,66.82,2
0.7923,0.0114,23.03,66.82,2
0.7626,-0.0297,23.07,66.83,2
0.78,0.0174,23.05,66.83,2
0.7858,0.0058,23.14,66.83,2
0.8022,0.0164,23.1,66.83,2
0.7906,-0.0116,23.14,66.84,2
0.7833,-0.0072,23.18,66.84,2
0.7732,-0.0102,23.11,66.84,2
0.7818,0.0086,23.13,66.84,2
0.794,0.0122,23.04,66.85,2
0.7987,0.0047,23.04,66.85,2
0.8136,0.0149,22.99,66.85,2
0.8223,0.0087,23.02,66.86,2
0.7873,-0.035,23.06,66.86,2
0.7475,-0.0398,23.02,66.86,2
0.765,0.0175,22.92,66.86,2
0.7984,0.0334,22.99,66.86,2
0.7835,-0.0149,23.05,66.87,2
0.7968,0.0132,23.08,66.87,2
0.797,0.0003,23.12,66.87,2
0.8017,0.0047,22.98,66.87,2
0.8035,0.0018,22.94,66.88,2
0.8025,-0.001,22.91,66.88,2
0.7719,-0.0306,22.86,66.88,2
0.7789,0.007,22.95,66.88,2
0.7386,-0.0403,22.93,66.88,2
0.7334,-0.0053,22.84,66.88,2
0.6998,-0.0336,22.82,66.88,2
0.6939,-0.0059,22.87,66.87,2
0.6653,-0.0287,22.91,66.87,2
0.6926,0.0273,22.91,66.87,2
0.7226,0.03,22.89,66.87,2
0.7369,0.0143,22.96,66.86,2
0.7445,0.0076,22.94,66.86,2
0.7452,0.0007,22.96,66.86,2
0.7718,0.0266,22.98,66.87,2
0.7921,0.0202,23.01,66.87,2
0.7794,-0.0126,22.98,66.87,2
0.7501,-0.0294,22.99,66.87,2
0.7427,-0.0074,22.98,66.87,2
0.71,-0.0327,22.93,66.87,2
0.7168,0.0068,22.97,66.87,2
0.7144,-0.0024,22.91,66.86,2
0.6988,-0.0155,22.99,66.86,2
0.7082,0.0094,23.03,66.86,2
0.6773,-0.031,23.04,66.86,2
0.6796,0.0024,23.04,66.85,2
0.7199,0.0402,23.01,66.85,2
0.7468,0.027,22.96,66.85,2
0.7569,0.01,22.91,66.85,2
0.7693,0.0125,22.94,66.86,2
0.7569,-0.0125,22.92,66.86,2
0.7555,-0.0014,22.88,66.86,2
0.7811,0.0256,22.86,66.86,2
0.7457,-0.0354,22.87,66.86,2
0.7607,0.015,22.92,66.86,2
0.7685,0.0078,22.94,66.86,2
0.7882,0.0197,22.94,66.86,2
0.768,-0.0202,22.91,66.86,2
0.774,0.006,22.94,66.87,2
0.7913,0.0173,22.98,66.87,2
0.7961,0.0048,23.07,66.87,2
0.7427,-0.0534,23.05,66.87,2
0.7474,0.0047,23.03,66.87,2
0.6972,-0.0502,23.03,66.87,2
0.709,0.0118,23.01,66.87,2
0.7271,0.0182,22.98,66.86,2
0.7439,0.0167,22.98,66.86,2
0.7578,0.014,22.99,66.87,2
0.6877,-0.0701,23.01,66.86,2
0.7062,0.0185,22.91,66.86,2
0.7317,0.0255,22.85,66.86,2
0.7507,0.0189,22.93,66.86,2
0.7278,-0.0229,22.94,66.86,2
0.7542,0.0265,22.96,66.86,2
0.7551,0.0008,23.02,66.86,2
0.7599,0.0049,23.11,66.86,2
0.7627,0.0028,23.1,66.86,2
0.763,0.0003,23.07,66.86,2
0.7499,-0.0131,23.04,66.86,2
0.7042,-0.0457,23.05,66.86,2
0.7209,0.0167,23.07,66.86,2
0.6888,-0.0321,23.07,66.86,2
0.698,0.0092,23.04,66.85,2
0.7131,0.0151,23.0,66.85,2
0.7279,0.0149,22.96,66.85,2
0.7466,0.0187,23.06,66.85,2
0.7431,-0.0035,22.99,66.85,2
0.732,-0.0111,23.01,66.85,2
0.7449,0.0129,23.01,66.85,2
0.7413,-0.0036,23.03,66.85,2
0.7488,0.0075,23.02,66.85,2
0.7163,-0.0325,23.07,66.85,2
0.6857,-0.0306,23.08,66.85,2
0.6848,-0.0009,23.13,66.85,2
0.6916,0.0068,23.12,66.84,2
0.725,0.0334,23.08,66.84,2
0.742,0.017,23.06,66.84,2
0.7536,0.0116,23.09,66.84,2
0.745,-0.0087,23.01,66.84,2
0.7562,0.0113,22.97,66.85,2
0.7389,-0.0174,23.06,66.85,2
0.7244,-0.0144,23.11,66.85,2
0.7362,0.0118,23.06,66.85,2
0.7432,0.0069,23.07,66.85,2
0.7419,-0.0013,23.06,66.85,2
0.7597,0.0178,23.02,66.85,2
0.7598,0.0001,23.03,66.85,2
0.7743,0.0145,23.21,66.85,2
0.7524,-0.0219,23.22,66.85,2
0.7298,-0.0226,23.15,66.85,2
0.7464,0.0166,23.07,66.85,2
0.7649,0.0185,23.13,66.85,2
0.7193,-0.0456,23.11,66.85,2
0.6989,-0.0203,23.18,66.85,2
0.7027,0.0037,23.09,66.85,2
0.7079,0.0052,23.03,66.84,2
0.6607,-0.0472,23.01,66.84,2
0.6607,-0.0,22.97,66.84,2
0.6637,0.003,23.0,66.83,2
0.6487,-0.0149,22.96,66.83,2
0.6625,0.0138,22.92,66.83,2
0.6936,0.0311,22.92,66.82,2
0.6724,-0.0211,22.95,66.82,2
0.6908,0.0183,22.97,66.82,2
0.7069,0.0161,23.07,66.82,2
0.7139,0.0071,23.05,66.82,2
0.7364,0.0225,22.93,66.82,2
0.7292,-0.0072,22.91,66.82,2
0.7319,0.0027,22.94,66.82,2
0.7161,-0.0157,22.92,66.82,2
0.7314,0.0152,22.95,66.82,2
0.7268,-0.0046,22.99,66.82,2
0.7565,0.0297,23.04,66.82,2
0.7372,-0.0193,23.11,66.82,2
0.7499,0.0128,23.11,66.82,2
0.7549,0.005,23.13,66.82,2
0.7526,-0.0023,23.11,66.82,2
0.7312,-0.0214,23.04,66.82,2
0.7152,-0.016,23.07,66.82,2
0.6921,-0.0231,23.06,66.82,2
0.6883,-0.0039,23.02,66.82,2
0.7106,0.0223,22.98,66.82,2
0.6851,-0.0255,22.99,66.82,2
0.6972,0.012,23.0,66.81,2
0.6927,-0.0044,22.94,66.81,2
0.6911,-0.0016,22.87,66.81,2
0.6838,-0.0073,22.83,66.81,2
0.6521,-0.0317,22.88,66.81,2
0.6277,-0.0244,22.87,66.8,2
0.6057,-0.022,22.9,66.8,2
0.5792,-0.0265,22.9,66.79,2
0.6145,0.0353,22.85,66.78,2
0.5776,-0.0369,22.76,66.78,2
0.5312,-0.0464,22.72,66.77,2
0.5658,0.0346,22.71,66.76,2
0.5977,0.0319,22.73,66.76,2
0.5896,-0.0081,22.66,66.75,2
0.5936,0.0041,22.63,66.74,2
0.6059,0.0122,22.64,66.74,2
0.6004,-0.0054,22.72,66.73,2
0.4303,-0.1702,22.96,66.76,1
0.4957,0.0654,23.19,66.79,1
0.513,0.0173,23.12,66.78,2
0.5272,0.0143,23.07,66.77,2
0.5268,-0.0004,23.03,66.76,2
0.5271,0.0003,23.0,66.75,2
0.5387,0.0116,22.96,66.75,2
0.5526,0.0139,22.92,66.74,2
0.5744,0.0219,23.03,66.73,2
0.5873,0.0128,22.98,66.73,2
0.5963,0.009,22.91,66.72,2
0.5677,-0.0286,22.89,66.72,2
0.5541,-0.0136,22.92,66.71,2
0.5974,0.0432,22.85,66.71,2
0.5851,-0.0123,22.9,66.7,2
0.6159,0.0308,22.77,66.7,2
0.5717,-0.0441,22.76,66.69,2
0.5577,-0.0141,22.77,66.69,2
0.5525,-0.0051,22.78,66.68,2
0.5515,-0.0011,22.7,66.67,2
0.5954,0.0439,22.7,66.67,2
0.5949,-0.0005,22.65,66.67,2
0.6328,0.0379,22.7,66.66,2
0.5997,-0.0331,22.6,66.66,2
0.5844,-0.0153,22.62,66.66,2
0.5857,0.0014,22.54,66.65,2
0.5958,0.01,22.55,66.65,2
0.6369,0.0412,22.58,66.65,2
0.6178,-0.0192,22.55,66.65,2
0.6303,0.0125,22.62,66.65,2
0.6217,-0.0086,22.66,66.64,2
0.6418,0.0201,22.64,66.64,2
0.6162,-0.0256,22.64,66.64,2
0.5934,-0.0228,22.61,66.64,2
0.5798,-0.0136,22.67,66.63,2
0.5776,-0.0022,22.64,66.63,2
0.6158,0.0382,22.53,66.63,2
0.6432,0.0274,22.55,66.63,2
0.681,0.0378,22.56,66.63,2
0.6322,-0.0488,22.61,66.63,2
0.663,0.0308,22.59,66.63,2
0.6844,0.0214,22.63,66.63,2
0.6647,-0.0198,22.6,66.63,2
0.6694,0.0047,22.69,66.63,2
0.6094,-0.06,22.61,66.63,2
0.6441,0.0347,22.67,66.63,2
0.6199,-0.0242,22.72,66.63,2
0.6195,-0.0004,22.8,66.63,2
0.6626,0.0431,22.78,66.63,2
0.6855,0.0229,22.82,66.63,2
0.4991,-0.1864,22.81,66.62,2
0.5165,0.0173,22.84,66.61,2
0.5405,0.024,22.87,66.61,2
0.5795,0.039,22.79,66.61,2
0.5665,-0.013,22.78,66.6,2
0.5618,-0.0047,22.78,66.6,2
0.5284,-0.0334,22.82,66.59,2
0.5338,0.0054,22.81,66.59,2
0.5826,0.0488,22.84,66.58,2
0.5462,-0.0364,22.84,66.58,2
0.5076,-0.0386,22.81,66.57,2
0.552,0.0443,22.81,66.57,2
0.5854,0.0334,22.76,66.57,2
0.5562,-0.0292,22.8,66.56,2
0.3967,-0.1594,23.1,66.59,1
0.4455,0.0488,23.28,66.62,1
0.4978,0.0524,23.17,66.62,2
0.5064,0.0085,23.17,66.61,2
0.5311,0.0247,23.17,66.6,2
0.556,0.0249,23.13,66.6,2
0.5624,0.0064,23.17,66.6,2
0.6131,0.0507,23.13,66.59,2
0.6057,-0.0074,22.97,66.59,2
0.5808,-0.0249,22.85,66.59,2
0.5502,-0.0306,22.74,66.59,2
0.5456,-0.0045,22.72,66.58,2
0.5365,-0.0091,22.79,66.58,2
0.5697,0.0332,22.62,66.57,2
0.5747,0.005,22.67,66.57,2
0.5612,-0.0136,22.61,66.57,2
0.5346,-0.0265,22.49,66.56,2
0.5291,-0.0056,22.4,66.56,2
0.5338,0.0047,22.44,66.55,2
0.5641,0.0303,22.42,66.55,2
0.5653,0.0012,22.45,66.55,2
0.5906,0.0253,22.52,66.55,2
0.5593,-0.0313,22.56,66.54,2
0.5568,-0.0025,22.56,66.54,2
0.5685,0.0116,22.57,66.54,2
0.5834,0.0149,22.64,66.54,2
0.5674,-0.016,22.65,66.53,2
0.5576,-0.0098,22.62,66.53,2
0.5748,0.0172,22.61,66.53,2
0.5971,0.0223,22.61,66.53,2
0.6073,0.0102,22.65,66.53,2
0.5679,-0.0393,22.68,66.53,2
0.4103,-0.1577,22.99,66.56,1
0.4676,0.0573,23.26,66.59,1
0.5357,0.0682,23.18,66.58,2
0.5655,0.0298,23.17,66.58,2
0.5692,0.0036,23.1,66.58,2
0.5514,-0.0178,23.02,66.57,2
0.544,-0.0074,22.95,66.57,2
0.5207,-0.0233,22.9,66.56,2
0.5389,0.0182,22.89,66.56,2
0.5134,-0.0255,22.79,66.55,2
0.5457,0.0323,22.72,66.55,2
0.538,-0.0078,22.74,66.55,2
0.4959,-0.0421,22.7,66.54,2
0.4901,-0.0058,22.62,66.53,2
0.5255,0.0354,22.61,66.53,2
0.5065,-0.0189,22.62,66.52,2
0.5076,0.001,22.62,66.52,2
0.534,0.0265,22.62,66.51,2
0.547,0.0129,22.58,66.51,2
0.563,0.016,22.54,66.51,2
0.5863,0.0233,22.58,66.51,2
0.555,-0.0313,22.68,66.51,2
0.5078,-0.0472,22.7,66.5,2
0.4879,-0.0199,22.62,66.5,2
0.4905,0.0026,22.54,66.49,2
0.4797,-0.0109,22.56,66.48,2
0.4724,-0.0072,22.58,66.48,2
0.5025,0.0301,22.56,66.47,2
0.5265,0.024,22.53,66.47,2
0.5446,0.0181,22.54,66.47,2
0.5389,-0.0057,22.61,66.47,2
0.5741,0.0352,22.62,66.47,2
0.5787,0.0045,22.66,66.47,2
0.5581,-0.0206,22.65,66.46,2
0.5345,-0.0236,22.63,66.46,2
0.5166,-0.0179,22.65,66.46,2
0.5384,0.0218,22.7,66.46,2
0.54,0.0016,22.79,66.45,2
0.5348,-0.0053,22.8,66.45,2
0.3824,-0.1523,22.99,66.48,1
0.3916,0.0092,23.2,66.51,1
0.3961,0.0044,23.44,66.54,1
0.4248,0.0287,23.62,66.57,1
0.4099,-0.0149,23.85,66.6,1
0.2797,-0.1302,24.24,66.65,0
0.3436,0.0639,24.61,66.71,0
0.3993,0.0556,24.73,66.73,1
0.4113,0.012,24.86,66.76,1
0.4622,0.0509,24.7,66.75,2
0.32,-0.1422,24.48,66.73,2
0.4195,0.0994,24.52,66.75,1
0.4308,0.0113,24.63,66.78,1
0.4442,0.0134,24.71,66.81,1
0.4507,0.0066,24.45,66.79,2
0.5156,0.0648,24.32,66.78,2
0.5495,0.0339,24.23,66.78,2
0.5459,-0.0035,24.01,66.77,2
0.5425,-0.0035,23.82,66.76,2
0.5445,0.002,23.73,66.75,2
0.5741,0.0296,23.57,66.74,2
0.5554,-0.0187,23.45,66.74,2
0.5668,0.0114,23.39,66.73,2
0.5593,-0.0075,23.39,66.72,2
0.4008,-0.1585,23.58,66.75,1
0.4477,0.0469,23.74,66.78,1
0.511,0.0633,23.6,66.77,2
0.5344,0.0234,23.6,66.76,2
0.5132,-0.0212,23.53,66.75,2
0.5172,0.0039,23.4,66.74,2
0.4991,-0.018,23.3,66.73,2
0.4805,-0.0186,23.28,66.72,2
0.4704,-0.0102,23.13,66.71,2
0.478,0.0076,23.17,66.7,2
0.5043,0.0263,22.99,66.69,2
0.4863,-0.018,22.96,66.68,2
0.4972,0.0109,22.94,66.67,2
0.5198,0.0227,22.94,66.66,2
0.5439,0.0241,22.93,66.66,2
0.527,-0.0169,22.87,66.65,2
0.5377,0.0107,22.78,66.64,2
0.5135,-0.0242,22.82,66.64,2
0.4813,-0.0322,22.79,66.63,2
0.4991,0.0177,22.72,66.62,2
0.5002,0.0011,22.64,66.61,2
0.3507,-0.1495,22.84,66.64,1
0.4075,0.0569,23.11,66.67,1
0.4615,0.0539,22.98,66.66,2
0.4496,-0.0118,22.94,66.65,2
0.4643,0.0147,22.92,66.64,2
0.4886,0.0243,22.79,66.63,2
0.4581,-0.0305,22.73,66.62,2
0.4796,0.0215,22.64,66.61,2
0.5328,0.0531,22.62,66.6,2
0.5287,-0.0041,22.64,66.6,2
0.5031,-0.0257,22.58,66.59,2
0.4656,-0.0375,22.54,66.58,2
0.4451,-0.0205,22.78,66.61,1
0.4387,-0.0064,23.13,66.64,1
0.4706,0.0319,23.18,66.63,2
0.4918,0.0211,23.11,66.63,2
0.5143,0.0226,23.09,66.62,2
0.5332,0.0189,22.95,66.61,2
0.3801,-0.1531,23.11,66.64,1
0.4838,0.1037,23.27,66.67,1
0.5118,0.028,23.11,66.66,2
0.3684,-0.1433,23.07,66.65,2
0.4314,0.0629,23.31,66.68,1
0.4299,-0.0015,23.57,66.71,1
0.4349,0.005,23.69,66.73,1
0.4326,-0.0023,23.85,66.76,1
0.4238,-0.0088,23.98,66.79,1
0.4417,0.018,24.18,66.81,1
0.4572,0.0155,24.16,66.8,2
0.4862,0.029,23.94,66.79,2
0.4772,-0.0091,23.85,66.78,2
0.4619,-0.0152,23.75,66.76,2
0.4755,0.0136,23.65,66.75,2
0.4873,0.0118,23.52,66.74,2
0.4631,-0.0243,23.38,66.73,2
0.3237,-0.1394,23.56,66.75,1
0.4259,0.1022,23.7,66.78,1
0.4717,0.0459,23.6,66.77,2
0.481,0.0092,23.4,66.75,2
0.4999,0.0189,23.35,66.74,2
0.355,-0.1449,23.51,66.77,1
0.2668,-0.0882,23.64,66.78,1
0.3396,0.0728,23.79,66.81,1
0.3941,0.0544,23.96,66.83,1
0.4336,0.0395,24.11,66.85,1
0.4528,0.0193,23.94,66.84,2
0.4219,-0.0309,23.8,66.82,2
0.45,0.028,23.91,66.85,1
0.4643,0.0143,24.03,66.88,1
0.4609,-0.0034,24.01,66.86,2
0.4591,-0.0018,23.85,66.85,2
0.4382,-0.0209,24.01,66.87,1
0.3013,-0.1369,24.06,66.89,1
0.3306,0.0294,24.21,66.91,1
0.3446,0.0139,24.44,66.93,1
0.353,0.0085,24.48,66.95,1
0.3596,0.0066,24.47,66.97,1
0.3816,0.022,24.68,66.99,1
0.2545,-0.1271,25.0,67.03,0
0.1815,-0.073,25.26,67.07,0
0.3372,0.1556,25.29,67.08,1
0.3929,0.0557,25.42,67.1,1
0.3838,-0.0091,25.53,67.12,1
0.4186,0.0348,25.62,67.14,1
0.2847,-0.1339,25.64,67.15,1
0.3704,0.0858,25.63,67.16,1
0.3847,0.0142,25.66,67.18,1
0.3905,0.0058,25.77,67.2,1
0.405,0.0145,25.89,67.21,1
0.4131,0.0082,25.91,67.23,1
0.4067,-0.0064,25.84,67.24,1
0.2746,-0.1321,26.13,67.28,0
0.3178,0.0432,26.28,67.32,0
0.2165,-0.1014,26.49,67.36,0
0.3021,0.0856,26.49,67.37,1
0.3487,0.0466,26.47,67.38,1
0.3871,0.0384,26.35,67.39,1
0.4353,0.0482,26.32,67.4,1
0.4422,0.0068,26.22,67.42,1
0.4708,0.0286,25.9,67.39,2
0.4696,-0.0012,25.64,67.37,2
0.3261,-0.1435,25.7,67.38,1
0.3677,0.0416,25.78,67.39,1
0.3652,-0.0025,25.75,67.4,1
0.3896,0.0244,25.7,67.41,1
0.391,0.0014,25.74,67.42,1
0.4002,0.0092,25.77,67.43,1
0.4257,0.0256,25.77,67.44,1
0.4365,0.0107,25.81,67.46,1
0.4618,0.0254,25.51,67.43,2
0.47,0.0081,25.22,67.41,2
0.457,-0.0129,24.97,67.38,2
0.4423,-0.0147,24.98,67.4,1
0.4454,0.003,25.12,67.41,1
0.4572,0.0118,24.86,67.38,2
0.3166,-0.1406,24.61,67.35,2
0.3406,0.0239,24.73,67.36,1
0.3624,0.0218,24.85,67.37,1
0.3833,0.0209,24.97,67.38,1
0.4132,0.0299,25.08,67.4,1
0.4251,0.0119,25.12,67.41,1
0.2927,-0.1324,25.09,67.42,1
0.3202,0.0274,25.12,67.43,1
0.3816,0.0614,25.23,67.44,1
0.4165,0.0349,25.25,67.45,1
0.4171,0.0006,25.3,67.46,1
0.4006,-0.0165,25.37,67.47,1
0.3977,-0.0028,25.31,67.48,1
0.4298,0.032,25.28,67.49,1
0.4308,0.001,25.29,67.5,1
0.4389,0.0081,25.35,67.52,1
0.3021,-0.1368,25.38,67.52,1
0.3266,0.0245,25.4,67.53,1
0.3616,0.035,25.53,67.53,1
0.4182,0.0565,25.6,67.54,1
0.4183,0.0002,25.62,67.55,1
0.4266,0.0083,25.62,67.57,1
0.2922,-0.1345,25.68,67.57,1
0.2131,-0.079,25.9,67.6,0
0.2863,0.0731,26.0,67.63,0
0.3324,0.0461,26.04,67.63,1
0.4041,0.0718,26.09,67.64,1
0.4152,0.0111,26.11,67.65,1
0.4223,0.0071,26.1,67.66,1
0.2894,-0.1329,26.14,67.66,1
0.3914,0.102,26.19,67.67,1
0.4692,0.0778,25.76,67.64,2
0.4608,-0.0084,25.49,67.61,2
0.4501,-0.0106,25.26,67.58,2
0.4836,0.0334,24.98,67.55,2
0.4925,0.0089,24.81,67.52,2
0.4819,-0.0106,24.51,67.5,2
0.4798,-0.0021,24.32,67.47,2
0.3353,-0.1445,24.43,67.48,1
0.4035,0.0682,24.55,67.49,1
0.287,-0.1165,24.6,67.49,1
0.2154,-0.0716,24.91,67.52,0
0.1685,-0.0469,25.13,67.55,0
0.1359,-0.0326,25.43,67.58,0
0.1119,-0.024,25.67,67.6,0
0.2385,0.1266,25.9,67.63,0
0.165,-0.0735,26.16,67.66,0
0.2235,0.0585,26.41,67.69,0
0.2562,0.0326,26.54,67.71,0
0.3118,0.0556,26.47,67.72,1
0.3127,0.0009,26.43,67.72,1
0.343,0.0303,26.33,67.72,1
0.2202,-0.1228,26.54,67.75,0
0.3108,0.0906,26.7,67.78,0
0.2076,-0.1033,26.87,67.8,0
0.1469,-0.0606,27.02,67.82,0
0.2343,0.0873,27.24,67.85,0
0.1544,-0.0798,27.34,67.87,0
0.2531,0.0987,27.4,67.89,0
0.3032,0.0501,27.19,67.89,1
0.3362,0.0331,27.15,67.89,1
0.219,-0.1172,27.3,67.91,0
0.3071,0.0881,27.47,67.94,0
0.3523,0.0452,27.29,67.94,1
0.2358,-0.1165,27.14,67.93,1
0.278,0.0422,27.37,67.96,0
0.1842,-0.0938,27.43,67.98,0
0.2676,0.0834,27.43,68.0,0
0.1772,-0.0904,27.58,68.02,0
0.2323,0.0551,27.67,68.04,0
0.259,0.0267,27.75,68.06,0
0.1607,-0.0983,27.8,68.08,0
0.1067,-0.054,27.83,68.09,0
0.2032,0.0965,27.95,68.11,0
0.2532,0.05,28.09,68.13,0
0.1587,-0.0945,28.04,68.15,0
0.1067,-0.052,28.08,68.16,0
0.2043,0.0976,28.15,68.18,0
0.2702,0.0659,28.22,68.2,0
0.1739,-0.0963,28.3,68.21,0
0.1203,-0.0536,28.34,68.22,0
0.2039,0.0836,28.36,68.24,0
0.2802,0.0763,28.32,68.23,1
0.3169,0.0367,28.16,68.22,1
0.3492,0.0324,28.02,68.21,1
0.3776,0.0284,27.89,68.21,1
0.2502,-0.1274,27.97,68.23,0
0.1769,-0.0733,28.05,68.24,0
0.1323,-0.0446,28.16,68.25,0
0.2333,0.1011,28.3,68.27,0
0.1574,-0.076,28.29,68.28,0
0.2405,0.0831,28.33,68.3,0
0.1575,-0.083,28.43,68.31,0
0.235,0.0775,28.48,68.33,0
0.3016,0.0666,28.31,68.31,1
0.3342,0.0327,28.29,68.3,1
0.3378,0.0036,28.07,68.3,1
0.3634,0.0256,27.99,68.29,1
0.4017,0.0383,27.8,68.28,1
0.3797,-0.022,27.68,68.28,1
0.2527,-0.127,27.82,68.29,0
0.2826,0.0299,27.97,68.31,0
0.3489,0.0663,27.91,68.3,1
0.233,-0.1159,27.71,68.29,1
0.3034,0.0704,27.54,68.28,1
0.3311,0.0277,27.43,68.27,1
0.3626,0.0314,27.22,68.26,1
0.3771,0.0145,27.14,68.25,1
0.378,0.0009,27.05,68.25,1
0.3995,0.0215,27.08,68.24,1
0.434,0.0345,27.02,68.24,1
0.4377,0.0037,26.95,68.24,1
0.4373,-0.0004,26.82,68.23,1
0.4104,-0.0269,26.68,68.23,1
0.2775,-0.1329,26.84,68.25,0
0.2003,-0.0773,26.89,68.26,0
0.1526,-0.0476,26.99,68.28,0
0.1213,-0.0314,27.14,68.29,0
0.0993,-0.022,27.24,68.3,0
0.083,-0.0163,27.29,68.3,0
0.0703,-0.0127,27.46,68.31,0
0.0602,-0.0102,27.56,68.32,0
0.1868,0.1267,27.73,68.33,0
0.2466,0.0598,27.89,68.35,0
0.2834,0.0368,27.69,68.33,1
0.3298,0.0464,27.54,68.32,1
0.3592,0.0294,27.38,68.32,1
0.2349,-0.1243,27.54,68.33,0
0.164,-0.071,27.68,68.34,0
0.1212,-0.0427,27.84,68.35,0
0.2113,0.0901,28.01,68.37,0
0.2615,0.0502,28.15,68.38,0
0.2942,0.0327,27.96,68.37,1
0.3265,0.0323,27.8,68.36,1
0.3489,0.0223,27.7,68.35,1
0.3694,0.0205,27.44,68.34,1
0.2444,-0.125,27.6,68.35,0
0.1731,-0.0712,27.71,68.37,0
0.2427,0.0696,27.76,68.38,0
0.2994,0.0567,27.58,68.37,1
0.1968,-0.1026,27.43,68.35,1
0.1384,-0.0584,27.51,68.36,0
0.1034,-0.035,27.51,68.37,0
0.206,0.1026,27.57,68.38,0
0.1356,-0.0703,27.62,68.39,0
0.0955,-0.0401,27.65,68.4,0
0.1813,0.0858,27.7,68.41,0
0.1138,-0.0675,27.7,68.42,0
0.234,0.1202,27.84,68.43,0
0.3164,0.0824,27.62,68.42,1
0.3194,0.003,27.41,68.4,1
0.2055,-0.1139,27.58,68.42,0
0.1412,-0.0643,27.76,68.43,0
0.253,0.1118,27.86,68.44,0
0.169,-0.0841,27.9,68.45,0
0.2698,0.1008,28.07,68.46,0
0.1793,-0.0904,28.18,68.47,0
0.1263,-0.053,28.24,68.48,0
0.0934,-0.0329,28.3,68.49,0
0.0718,-0.0216,28.32,68.49,0
0.0568,-0.015,28.24,68.49,0
0.0458,-0.011,28.18,68.49,0
0.1425,0.0967,28.28,68.5,0
0.2208,0.0784,28.36,68.51,0
0.1328,-0.0881,28.42,68.52,0
0.2473,0.1145,28.46,68.53,0
0.2788,0.0315,28.42,68.54,0
0.1749,-0.1039,28.38,68.55,0
0.2469,0.072,28.4,68.56,0
0.3044,0.0575,28.21,68.55,1
0.197,-0.1074,28.01,68.53,1
0.1363,-0.0607,28.02,68.53,0
0.2377,0.1013,28.11,68.54,0
0.2637,0.0261,28.17,68.56,0
0.2829,0.0192,27.96,68.54,1
0.3205,0.0376,27.79,68.52,1
0.2031,-0.1174,27.91,68.53,0
0.2773,0.0742,27.93,68.55,0
0.1806,-0.0967,28.03,68.56,0
0.1251,-0.0555,28.03,68.56,0
0.2264,0.1014,28.02,68.57,0
0.1478,-0.0786,27.99,68.58,0
0.225,0.0772,27.99,68.59,0
0.1429,-0.0821,28.02,68.59,0
0.2165,0.0736,28.1,68.6,0
0.2821,0.0656,27.85,68.58,1
0.3011,0.019,27.71,68.57,1
0.1892,-0.1119,27.76,68.57,0
0.2418,0.0526,27.83,68.59,0
0.2648,0.023,27.91,68.6,0
0.1633,-0.1015,27.96,68.6,0
0.1078,-0.0556,27.97,68.61,0
0.216,0.1082,28.08,68.61,0
0.1387,-0.0772,28.14,68.62,0
0.095,-0.0438,28.22,68.62,0
0.0688,-0.0261,28.23,68.62,0
0.0523,-0.0165,28.3,68.62,0
0.0412,-0.0111,28.26,68.62,0
0.0332,-0.0079,28.24,68.62,0
0.1573,0.1241,28.27,68.63,0
0.0967,-0.0606,28.3,68.63,0
0.1883,0.0916,28.41,68.64,0
0.2876,0.0993,28.16,68.62,1
0.3253,0.0378,28.01,68.6,1
0.2087,-0.1166,28.11,68.61,0
0.2473,0.0386,28.13,68.62,0
0.2695,0.0222,28.21,68.63,0
0.3006,0.0311,28.07,68.61,1
0.1871,-0.1135,27.9,68.59,1
0.1241,-0.0631,27.88,68.6,0
0.1999,0.0758,27.91,68.6,0
0.1248,-0.0751,27.95,68.61,0
0.2005,0.0757,28.05,68.62,0
0.1227,-0.0778,28.04,68.62,0
0.2149,0.0922,28.13,68.63,0
0.1333,-0.0816,28.22,68.63,0
0.2028,0.0695,28.27,68.64,0
0.1233,-0.0795,28.28,68.64,0
0.1871,0.0638,28.38,68.65,0
0.1105,-0.0766,28.33,68.65,0
0.0691,-0.0414,28.4,68.65,0
0.0459,-0.0232,28.35,68.65,0
0.1473,0.1014,28.39,68.66,0
0.0859,-0.0614,28.44,68.66,0
0.1704,0.0845,28.45,68.66,0
0.0987,-0.0718,28.48,68.66,0
0.1977,0.0991,28.5,68.67,0
0.119,-0.0787,28.5,68.67,0
0.1858,0.0667,28.57,68.68,0
0.109,-0.0768,28.51,68.68,0
0.1825,0.0735,28.41,68.69,0
0.1063,-0.0762,28.45,68.69,0
0.0652,-0.041,28.52,68.69,0
0.1449,0.0796,28.56,68.69,0
0.2142,0.0693,28.64,68.7,0
0.1241,-0.0901,28.73,68.7,0
0.2007,0.0766,28.69,68.71,0
0.1189,-0.0818,28.69,68.71,0
0.1943,0.0754,28.66,68.71,0
0.2642,0.0699,28.71,68.72,0
0.1614,-0.1028,28.69,68.73,0
0.2343,0.0729,28.74,68.73,0
0.1451,-0.0892,28.73,68.74,0
0.095,-0.0501,28.71,68.74,0
0.0655,-0.0295,28.7,68.73,0
0.1498,0.0842,28.67,68.74,0
0.0873,-0.0625,28.69,68.74,0
0.0537,-0.0337,28.68,68.73,0
0.1474,0.0937,28.73,68.74,0
0.0839,-0.0634,28.66,68.74,0
0.0502,-0.0337,28.72,68.73,0
0.1392,0.089,28.7,68.74,0
0.2043,0.0651,28.75,68.74,0
0.2519,0.0475,28.69,68.75,0
0.2852,0.0333,28.4,68.73,1
0.1749,-0.1103,28.19,68.7,1
0.2297,0.0548,28.21,68.71,0
0.2698,0.0402,28.28,68.72,0
0.1668,-0.103,28.37,68.72,0
0.1101,-0.0567,28.46,68.73,0
0.1801,0.0699,28.39,68.73,0
0.1098,-0.0703,28.37,68.73,0
0.1791,0.0693,28.41,68.73,0
0.2372,0.0581,28.36,68.74,0
0.1422,-0.095,28.35,68.74,0
0.1933,0.0511,28.41,68.75,0
0.1138,-0.0794,28.5,68.75,0
0.1738,0.06,28.46,68.75,0
0.0998,-0.0741,28.46,68.75,0
0.0607,-0.0391,28.41,68.75,0
0.162,0.1013,28.43,68.75,0
0.0955,-0.0665,28.38,68.75,0
0.0597,-0.0358,28.42,68.75,0
0.0398,-0.0199,28.37,68.75,0
0.0281,-0.0116,28.39,68.75,0
0.1534,0.1253,28.44,68.75,0
0.2263,0.0728,28.45,68.75,0
0.2601,0.0338,28.48,68.76,0
0.2786,0.0186,28.59,68.77,0
0.1705,-0.1082,28.71,68.77,0
0.1117,-0.0587,28.76,68.77,0
0.0785,-0.0332,28.76,68.77,0
0.0586,-0.0199,28.73,68.77,0
0.046,-0.0127,28.79,68.77,0
0.1873,0.1414,28.83,68.77,0
0.1211,-0.0663,28.79,68.77,0
0.0833,-0.0378,28.77,68.77,0
0.0606,-0.0227,28.75,68.77,0
0.1612,0.1005,28.67,68.77,0
0.2242,0.063,28.71,68.78,0
0.1359,-0.0882,28.72,68.78,0
0.0881,-0.0479,28.72,68.78,0
0.0611,-0.027,28.65,68.77,0
0.1825,0.1214,28.74,68.78,0
0.2527,0.0703,28.83,68.79,0
0.1576,-0.0952,28.85,68.79,0
0.1045,-0.0531,28.88,68.79,0
0.0734,-0.031,28.77,68.78,0
0.1993,0.1258,28.76,68.79,0
0.2636,0.0644,28.7,68.8,0
0.2909,0.0273,28.54,68.77,1
0.1831,-0.1078,28.36,68.75,1
0.1231,-0.06,28.43,68.75,0
0.088,-0.035,28.48,68.75,0
0.0664,-0.0217,28.5,68.75,0
0.1546,0.0882,28.5,68.75,0
0.0942,-0.0605,28.43,68.75,0
0.0614,-0.0328,28.37,68.75,0
0.1479,0.0865,28.46,68.75,0
0.1972,0.0493,28.54,68.76,0
0.2434,0.0462,28.5,68.76,0
0.1447,-0.0987,28.52,68.76,0
0.2246,0.0799,28.59,68.77,0
0.1392,-0.0855,28.6,68.77,0
0.0922,-0.047,28.7,68.77,0
0.0652,-0.027,28.83,68.77,0
0.0488,-0.0164,28.89,68.77,0
0.0381,-0.0106,28.94,68.76,0
0.0308,-0.0073,28.94,68.76,0
0.0255,-0.0053,28.97,68.75,0
0.0214,-0.0041,28.93,68.75,0
0.0182,-0.0032,28.97,68.75,0
0.0155,-0.0026,28.86,68.74,0
0.0134,-0.0022,28.87,68.74,0
0.164,0.1507,28.79,68.74,0
0.2713,0.1072,28.89,68.75,0
0.3252,0.0539,28.56,68.73,1
0.3578,0.0326,28.39,68.72,1
0.3809,0.0232,28.19,68.7,1
0.2544,-0.1265,28.23,68.71,0
0.1815,-0.0729,28.33,68.71,0
0.2395,0.058,28.44,68.72,0
0.266,0.0265,28.49,68.73,0
0.1693,-0.0966,28.5,68.73,0
0.2483,0.079,28.54,68.74,0
0.1607,-0.0876,28.54,68.74,0
0.2263,0.0656,28.58,68.75,0
0.281,0.0547,28.37,68.73,1
0.1785,-0.1024,28.22,68.7,1
0.1213,-0.0572,28.3,68.71,0
0.0878,-0.0336,28.27,68.71,0
0.0669,-0.0209,28.25,68.71,0
0.1605,0.0936,28.33,68.71,0
0.2243,0.0638,28.35,68.72,0
0.1363,-0.088,28.45,68.72,0
0.201,0.0647,28.5,68.73,0
0.2572,0.0561,28.6,68.73,0
0.1588,-0.0984,28.56,68.74,0
0.21,0.0513,28.65,68.74,0
0.278,0.068,28.7,68.75,0
0.3159,0.0379,28.5,68.73,1
0.2022,-0.1138,28.33,68.71,1
0.2635,0.0613,28.37,68.72,0
0.171,-0.0925,28.43,68.72,0
0.1185,-0.0524,28.41,68.72,0
0.0872,-0.0313,28.49,68.72,0
0.0673,-0.0199,28.49,68.72,0
0.0538,-0.0135,28.53,68.72,0
0.0441,-0.0097,28.48,68.72,0
0.1443,0.1002,28.56,68.72,0
0.087,-0.0572,28.55,68.72,0
0.1662,0.0792,28.62,68.72,0
0.097,-0.0692,28.66,68.72,0
0.0603,-0.0368,28.73,68.72,0
0.1476,0.0873,28.8,68.73,0
0.0845,-0.0631,28.79,68.73,0
0.1838,0.0993,28.89,68.73,0
0.2694,0.0856,28.92,68.74,0
0.3318,0.0624,28.59,68.72,1
0.2148,-0.117,28.39,68.7,1
0.2606,0.0458,28.43,68.71,0
0.3055,0.0448,28.45,68.72,0
0.198,-0.1075,28.53,68.72,0
0.1374,-0.0606,28.49,68.73,0
0.1013,-0.036,28.46,68.73,0
0.2185,0.1172,28.5,68.73,0
0.2936,0.0751,28.28,68.71,1
0.3225,0.0289,28.15,68.69,1
0.3329,0.0104,27.91,68.68,1
0.2166,-0.1163,27.96,68.68,0
0.2612,0.0446,28.07,68.69,0
0.3132,0.052,27.88,68.68,1
0.2038,-0.1094,27.75,68.65,1
0.1418,-0.062,27.7,68.66,0
0.2172,0.0754,27.78,68.66,0
0.2812,0.064,27.58,68.64,1
0.318,0.0367,27.42,68.63,1
0.2051,-0.1129,27.46,68.64,0
0.1413,-0.0637,27.48,68.64,0
0.2084,0.0671,27.67,68.65,0
0.257,0.0486,27.76,68.66,0
0.1615,-0.0955,27.76,68.66,0
0.1088,-0.0527,27.84,68.66,0
0.2259,0.1171,27.94,68.67,0
0.3041,0.0782,27.85,68.65,1
0.1985,-0.1057,27.65,68.63,1
0.2576,0.0592,27.76,68.64,0
0.3007,0.0431,27.83,68.65,0
0.1925,-0.1082,27.92,68.66,0
0.1312,-0.0613,27.95,68.66,0
0.2071,0.0759,28.07,68.67,0
0.1315,-0.0756,28.06,68.67,0
0.2239,0.0925,28.13,68.68,0
0.1418,-0.0821,28.15,68.68,0
0.0955,-0.0463,28.12,68.69,0
0.218,0.1226,28.11,68.69,0
0.2635,0.0455,28.18,68.7,0
0.2907,0.0272,28.04,68.68,1
0.3119,0.0212,27.78,68.66,1
0.3067,-0.0053,27.54,68.65,1
0.31,0.0033,27.36,68.63,1
0.1936,-0.1163,27.43,68.64,0
0.1297,-0.0639,27.5,68.64,0
0.2254,0.0957,27.62,68.65,0
0.2672,0.0418,27.72,68.66,0
0.1701,-0.0971,27.77,68.66,0
0.1163,-0.0539,27.79,68.67,0
0.0849,-0.0314,27.85,68.67,0
0.0655,-0.0194,27.9,68.67,0
0.0527,-0.0128,28.01,68.67,0
0.1486,0.0959,28.08,68.67,0
0.2125,0.064,28.17,68.68,0
0.1275,-0.0851,28.15,68.68,0
0.0818,-0.0456,28.14,68.68,0
0.0564,-0.0254,28.16,68.68,0
0.0415,-0.0149,28.24,68.68,0
0.0322,-0.0093,28.22,68.68,0
0.026,-0.0062,28.26,68.68,0
0.1241,0.0981,28.22,68.68,0
0.2234,0.0992,28.21,68.69,0
0.1348,-0.0886,28.17,68.69,0
0.1964,0.0616,28.3,68.69,0
0.1169,-0.0795,28.28,68.7,0
0.2013,0.0844,28.25,68.7,0
0.2593,0.058,28.3,68.71,0
0.159,-0.1002,28.33,68.72,0
0.2113,0.0522,28.49,68.72,0
0.1279,-0.0834,28.51,68.72,0
0.1949,0.0669,28.48,68.73,0
0.1164,-0.0784,28.54,68.73,0
0.1864,0.0699,28.52,68.73,0
0.1099,-0.0765,28.58,68.74,0
0.2137,0.1038,28.62,68.74,0
0.1317,-0.082,28.65,68.74,0
0.086,-0.0457,28.71,68.74,0
0.0594,-0.0266,28.73,68.74,0
0.1781,0.1187,28.77,68.74,0
0.2906,0.1125,28.5,68.72,1
0.1884,-0.1022,28.19,68.7,1
0.1296,-0.0588,28.21,68.7,0
0.0939,-0.0357,28.12,68.7,0
0.1885,0.0945,28.11,68.71,0
0.2341,0.0456,28.22,68.72,0
0.1424,-0.0917,28.15,68.72,0
0.2021,0.0597,28.27,68.72,0
0.1213,-0.0808,28.4,68.73,0
0.0773,-0.0439,28.42,68.72,0
0.0525,-0.0249,28.49,68.72,0
0.1527,0.1002,28.47,68.73,0
0.0904,-0.0623,28.47,68.73,0
0.0567,-0.0336,28.4,68.72,0
0.0379,-0.0188,28.4,68.72,0
0.0268,-0.0111,28.4,68.72,0
0.1275,0.1006,28.48,68.72,0
0.1896,0.0621,28.49,68.73,0
0.2237,0.034,28.61,68.73,0
0.2415,0.0179,28.64,68.74,0
0.2617,0.0202,28.64,68.75,0
0.155,-0.1067,28.56,68.75,0
0.0984,-0.0566,28.5,68.75,0
0.0673,-0.0311,28.56,68.75,0
0.1893,0.1221,28.56,68.75,0
0.2454,0.056,28.57,68.76,0
0.3137,0.0683,28.38,68.74,1
0.2006,-0.1131,28.14,68.72,1
0.264,0.0634,28.25,68.73,0
0.1703,-0.0937,28.33,68.73,0
0.2568,0.0865,28.35,68.74,0
0.3191,0.0623,28.15,68.72,1
0.3575,0.0385,27.96,68.7,1
0.2364,-0.1211,28.06,68.71,0
0.2791,0.0427,28.09,68.72,0
0.184,-0.0951,28.17,68.72,0
0.2394,0.0554,28.26,68.73,0
0.294,0.0546,28.06,68.71,1
0.3145,0.0205,27.89,68.69,1
0.3339,0.0194,27.7,68.68,1
0.3495,0.0156,27.6,68.66,1
0.2269,-0.1225,27.59,68.67,0
0.1577,-0.0692,27.67,68.67,0
0.2415,0.0838,27.81,68.68,0
0.2928,0.0514,27.6,68.66,1
0.1926,-0.1002,27.39,68.64,1
0.2561,0.0635,27.51,68.65,0
0.3085,0.0523,27.71,68.66,0
0.337,0.0286,27.56,68.65,1
0.3611,0.0241,27.34,68.63,1
0.2396,-0.1215,27.35,68.64,0
0.1704,-0.0692,27.42,68.65,0
0.2713,0.1008,27.57,68.66,0
0.3216,0.0503,27.42,68.64,1
0.2158,-0.1058,27.25,68.62,1
0.2597,0.044,27.4,68.63,0
0.3087,0.0489,27.42,68.64,0
0.3181,0.0095,27.32,68.62,1
0.3393,0.0211,27.17,68.61,1
0.3487,0.0094,26.99,68.59,1
0.3765,0.0278,26.91,68.58,1
0.3663,-0.0103,26.82,68.57,1
0.3939,0.0276,26.77,68.56,1
0.4115,0.0176,26.71,68.54,1
0.4217,0.0102,26.62,68.54,1
0.4055,-0.0162,26.59,68.52,1
0.4126,0.007,26.6,68.51,1
0.4137,0.0012,26.58,68.51,1
0.4016,-0.0121,26.47,68.5,1
0.4206,0.019,26.41,68.49,1
0.4454,0.0248,26.33,68.48,1
0.4753,0.0299,26.02,68.43,2
0.4797,0.0043,25.65,68.39,2
0.3343,-0.1454,25.75,68.38,1
0.247,-0.0873,25.73,68.36,1
0.3061,0.0592,25.66,68.35,1
0.3404,0.0342,25.77,68.34,1
0.232,-0.1084,25.98,68.36,0
0.1688,-0.0632,26.17,68.37,0
0.2397,0.0709,26.44,68.38,0
0.2916,0.0519,26.36,68.37,1
0.3299,0.0382,26.24,68.36,1
0.2191,-0.1107,26.38,68.37,0
0.2942,0.075,26.64,68.39,0
0.3295,0.0354,26.55,68.38,1
0.2201,-0.1094,26.37,68.36,1
0.2802,0.0601,26.27,68.35,1
0.1879,-0.0923,26.42,68.36,0
0.1349,-0.053,26.6,68.37,0
0.1026,-0.0323,26.81,68.38,0
0.1991,0.0965,26.9,68.39,0
0.3055,0.1064,26.82,68.38,1
0.2022,-0.1033,26.61,68.36,1
0.1423,-0.0599,26.8,68.37,0
0.2606,0.1183,26.98,68.39,0
0.1758,-0.0849,27.16,68.4,0
0.2304,0.0547,27.28,68.41,0
0.2729,0.0425,27.35,68.43,0
0.1726,-0.1003,27.51,68.44,0
0.1167,-0.0559,27.6,68.44,0
0.1915,0.0748,27.66,68.45,0
0.2629,0.0714,27.81,68.47,0
0.3084,0.0455,27.66,68.45,1
0.3341,0.0257,27.51,68.44,1
0.3464,0.0123,27.32,68.43,1
0.3357,-0.0107,27.2,68.42,1
0.3459,0.0102,27.06,68.41,1
0.3815,0.0357,26.92,68.4,1
0.3956,0.014,26.77,68.39,1
0.394,-0.0015,26.64,68.38,1
0.3685,-0.0255,26.52,68.37,1
0.3823,0.0138,26.47,68.36,1
0.3942,0.0118,26.46,68.36,1
0.4026,0.0084,26.49,68.35,1
0.4585,0.056,26.16,68.31,2
0.4489,-0.0096,25.86,68.26,2
0.4707,0.0218,25.52,68.22,2
0.4775,0.0068,25.2,68.18,2
0.3332,-0.1443,25.24,68.17,1
0.3841,0.0509,25.3,68.17,1
0.4308,0.0467,25.33,68.17,1
0.3015,-0.1293,25.34,68.16,1
0.3859,0.0844,25.32,68.15,1
0.4072,0.0213,25.44,68.15,1
0.4321,0.0249,25.51,68.15,1
0.4479,0.0158,25.47,68.15,1
0.452,0.0041,25.13,68.11,2
0.4675,0.0155,24.84,68.07,2
0.4834,0.0159,24.66,68.03,2
0.5005,0.0171,24.53,68.0,2
0.5087,0.0082,24.33,67.96,2
0.5034,-0.0053,24.11,67.93,2
0.5123,0.009,23.98,67.9,2
0.5174,0.005,23.9,67.86,2
0.5466,0.0292,23.86,67.83,2
0.4967,-0.0499,23.76,67.8,2
0.3499,-0.1468,23.95,67.8,1
0.3637,0.0138,24.13,67.81,1
0.2561,-0.1076,24.46,67.83,0
0.3466,0.0904,24.83,67.86,0
0.395,0.0484,24.86,67.87,1
0.4408,0.0458,24.92,67.87,1
0.4561,0.0153,24.63,67.84,2
0.4451,-0.011,24.42,67.8,2
0.4492,0.0041,24.56,67.81,1
0.4352,-0.014,24.73,67.81,1
0.4456,0.0104,24.77,67.82,1
0.4402,-0.0054,24.88,67.82,1
0.4592,0.019,24.66,67.79,2
0.4493,-0.0099,24.49,67.76,2
0.4411,-0.0082,24.69,67.76,1
0.4533,0.0122,24.77,67.77,1
0.4808,0.0275,24.58,67.74,2
0.5104,0.0297,24.39,67.71,2
0.5064,-0.0041,24.24,67.68,2
0.4848,-0.0215,24.07,67.65,2
0.4776,-0.0072,24.01,67.62,2
0.4866,0.009,23.86,67.6,2
0.4912,0.0046,23.71,67.57,2
0.4603,-0.0308,23.57,67.54,2
0.4429,-0.0175,23.76,67.55,1
0.4426,-0.0003,23.94,67.56,1
0.4658,0.0232,23.74,67.53,2
0.3267,-0.1391,23.5,67.5,2
0.3541,0.0273,23.68,67.51,1
0.4387,0.0846,23.86,67.52,1
0.4735,0.0348,23.88,67.49,2
0.4747,0.0011,23.72,67.47,2
0.5065,0.0319,23.54,67.44,2
0.502,-0.0046,23.48,67.42,2
0.5124,0.0105,23.45,67.4,2
0.5054,-0.0071,23.41,67.37,2
0.3567,-0.1487,23.56,67.38,1
0.4089,0.0523,23.82,67.4,1
0.4047,-0.0042,23.99,67.41,1
0.4488,0.044,24.14,67.42,1
0.4285,-0.0203,24.31,67.44,1
0.4244,-0.0041,24.39,67.45,1
0.4348,0.0104,24.47,67.46,1
0.4414,0.0067,24.54,67.47,1
0.4412,-0.0003,24.63,67.49,1
0.3022,-0.139,24.69,67.49,1
0.3625,0.0603,24.77,67.5,1
0.4505,0.088,24.61,67.47,2
0.4492,-0.0012,24.34,67.45,2
0.5024,0.0532,24.13,67.42,2
0.4931,-0.0094,23.99,67.4,2
0.3448,-0.1482,24.2,67.41,1
0.4024,0.0575,24.3,67.42,1
0.4692,0.0668,24.19,67.39,2
0.496,0.0268,23.99,67.37,2
0.5002,0.0041,23.81,67.35,2
0.5075,0.0074,23.68,67.33,2
0.5347,0.0272,23.63,67.31,2
0.5605,0.0259,23.58,67.29,2
0.572,0.0114,23.54,67.27,2
0.5261,-0.0459,23.43,67.25,2
0.5255,-0.0006,23.38,67.23,2
0.5264,0.0009,23.38,67.22,2
0.5391,0.0127,23.28,67.2,2
0.3831,-0.1559,23.46,67.21,1
0.4197,0.0366,23.53,67.23,1
0.4358,0.0161,23.66,67.25,1
0.4434,0.0075,23.81,67.27,1
0.4436,0.0002,24.05,67.28,1
0.4714,0.0278,23.99,67.26,2
0.5025,0.0311,23.88,67.24,2
0.352,-0.1505,24.01,67.25,1
0.4079,0.0559,24.21,67.27,1
0.2891,-0.1188,24.33,67.28,1
0.3683,0.0792,24.32,67.29,1
0.4185,0.0502,24.46,67.31,1
0.4707,0.0522,24.23,67.28,2
0.5073,0.0367,24.1,67.26,2
0.5162,0.0089,23.88,67.24,2
0.5304,0.0142,23.81,67.22,2
0.3744,-0.156,23.98,67.24,1
0.4309,0.0565,24.09,67.26,1
0.475,0.0442,23.95,67.23,2
0.4939,0.0189,23.83,67.21,2
0.469,-0.025,23.71,67.19,2
0.496,0.027,23.62,67.17,2
0.5111,0.0151,23.52,67.16,2
0.36,-0.151,23.69,67.17,1
0.4154,0.0554,23.9,67.19,1
0.4477,0.0323,24.02,67.21,1
0.4754,0.0277,23.8,67.19,2
0.4655,-0.0099,23.66,67.17,2
0.4786,0.0131,23.59,67.15,2
0.48,0.0014,23.45,67.13,2
0.5044,0.0243,23.45,67.11,2
0.5427,0.0383,23.47,67.1,2
0.5627,0.02,23.38,67.08,2
0.5805,0.0178,23.3,67.07,2
0.418,-0.1625,23.53,67.09,1
0.4466,0.0286,23.72,67.11,1
0.4838,0.0372,23.5,67.09,2
0.4892,0.0054,23.39,67.07,2
0.4949,0.0057,23.28,67.06,2
0.4762,-0.0187,23.22,67.04,2
0.4822,0.006,23.03,67.02,2
0.507,0.0248,22.97,67.01,2
0.5195,0.0125,22.96,66.99,2
