OCI,delta_OCI,temp_indoor,humi_indoor,ac_mode_class
0.1025,0.1025,27.89,60.15,1
0.1949,0.0924,27.64,60.29,1
0.2505,0.0556,27.74,60.47,0
0.2583,0.0078,27.85,60.64,0
0.3334,0.0751,27.64,60.79,1
0.3628,0.0294,27.45,60.93,1
0.3637,0.0009,27.34,61.07,1
0.4165,0.0527,27.13,61.21,1
0.4057,-0.0108,26.94,61.34,1
0.4039,-0.0018,26.83,61.48,1
0.4208,0.0169,26.82,61.61,1
0.4562,0.0354,26.32,61.7,2
0.4999,0.0437,25.89,61.79,2
0.4949,-0.005,25.68,61.88,2
0.4649,-0.03,25.34,61.96,2
0.5118,0.0468,25.03,62.05,2
0.5774,0.0656,24.85,62.14,2
0.5943,0.0169,24.68,62.23,2
0.5956,0.0013,24.55,62.31,2
0.5979,0.0023,24.39,62.39,2
0.5796,-0.0182,24.24,62.48,2
0.5755,-0.0041,24.02,62.56,2
0.5595,-0.016,23.92,62.63,2
0.5481,-0.0114,23.8,62.71,2
0.5615,0.0133,23.6,62.78,2
0.5756,0.0141,23.59,62.85,2
0.5579,-0.0177,23.5,62.92,2
0.5991,0.0411,23.48,63.0,2
0.5886,-0.0105,23.41,63.07,2
0.6095,0.0208,23.28,63.13,2
0.6258,0.0164,23.21,63.2,2
0.6498,0.024,23.2,63.27,2
0.5911,-0.0587,23.2,63.34,2
0.5894,-0.0017,23.07,63.4,2
0.5946,0.0051,23.03,63.46,2
0.5933,-0.0013,22.96,63.52,2
0.5729,-0.0204,22.96,63.58,2
0.6021,0.0291,22.98,63.64,2
0.5748,-0.0273,22.99,63.69,2
0.572,-0.0028,22.93,63.75,2
0.5679,-0.0041,22.85,63.8,2
0.5746,0.0067,22.79,63.85,2
0.5896,0.015,22.83,63.91,2
0.5355,-0.054,22.83,63.96,2
0.4943,-0.0412,22.85,64.0,2
0.4902,-0.0041,22.73,64.05,2
0.5035,0.0134,22.62,64.09,2
0.5163,0.0127,22.59,64.13,2
0.5412,0.0249,22.63,64.18,2
0.5169,-0.0243,22.57,64.22,2
0.4958,-0.0211,22.52,64.26,2
0.4981,0.0024,22.43,64.3,2
0.5573,0.0592,22.43,64.34,2
0.5242,-0.0331,22.44,64.38,2
0.5294,0.0052,22.46,64.42,2
0.5465,0.0171,22.48,64.46,2
0.5628,0.0164,22.48,64.5,2
0.5555,-0.0073,22.42,64.54,2
0.5588,0.0033,22.41,64.57,2
0.5728,0.014,22.45,64.61,2
0.5906,0.0178,22.49,64.65,2
0.6002,0.0096,22.59,64.69,2
0.6097,0.0095,22.62,64.72,2
0.5752,-0.0345,22.65,64.76,2
0.5744,-0.0008,22.68,64.79,2
0.5969,0.0225,22.72,64.82,2
0.6124,0.0155,22.73,64.86,2
0.6066,-0.0058,22.66,64.89,2
0.5735,-0.0331,22.62,64.92,2
0.5688,-0.0047,22.54,64.95,2
0.5688,-0.0001,22.59,64.98,2
0.5914,0.0226,22.55,65.01,2
0.6103,0.0189,22.54,65.04,2
0.6219,0.0117,22.53,65.07,2
0.6672,0.0453,22.53,65.1,2
0.6576,-0.0096,22.56,65.13,2
0.6875,0.0299,22.56,65.17,2
0.712,0.0244,22.77,65.2,2
0.7087,-0.0033,22.87,65.23,2
0.6361,-0.0726,22.97,65.26,2
0.6541,0.018,22.91,65.28,2
0.4757,-0.1784,22.89,65.3,2
0.5167,0.0411,22.82,65.32,2
0.3785,-0.1383,23.02,65.38,1
0.4393,0.0609,23.24,65.43,1
0.5056,0.0663,23.14,65.45,2
0.5376,0.032,23.07,65.46,2
0.5407,0.0031,22.94,65.48,2
0.5413,0.0006,22.83,65.5,2
0.3849,-0.1564,23.01,65.55,1
0.4481,0.0632,23.17,65.6,1
0.468,0.0199,23.1,65.61,2
0.5156,0.0476,23.04,65.63,2
0.5814,0.0659,23.02,65.64,2
0.6439,0.0624,22.9,65.66,2
0.6082,-0.0357,22.82,65.68,2
0.59,-0.0183,22.82,65.69,2
0.5844,-0.0056,22.8,65.71,2
0.6098,0.0254,22.77,65.73,2
0.6143,0.0045,22.78,65.74,2
0.6035,-0.0107,22.76,65.76,2
0.6118,0.0083,22.72,65.77,2
0.5982,-0.0136,22.72,65.79,2
0.587,-0.0112,22.61,65.8,2
0.5832,-0.0038,22.6,65.81,2
0.5944,0.0112,22.59,65.83,2
0.6097,0.0153,22.61,65.84,2
0.6148,0.0052,22.59,65.86,2
0.6005,-0.0144,22.63,65.87,2
0.4335,-0.167,22.83,65.91,1
0.4736,0.0401,23.19,65.96,1
0.539,0.0655,23.1,65.97,2
0.5573,0.0183,23.06,65.97,2
0.5494,-0.0079,23.07,65.98,2
0.5667,0.0174,23.05,65.99,2
0.6052,0.0385,22.91,66.0,2
0.5675,-0.0377,22.86,66.01,2
0.5408,-0.0267,22.82,66.02,2
0.5212,-0.0195,22.79,66.02,2
0.5248,0.0036,22.76,66.03,2
0.5757,0.0509,22.7,66.04,2
0.5692,-0.0065,22.72,66.04,2
0.6017,0.0325,22.76,66.05,2
0.6244,0.0227,22.73,66.06,2
0.639,0.0146,22.82,66.07,2
0.6582,0.0193,22.77,66.09,2
0.6378,-0.0205,22.84,66.1,2
0.6177,-0.0201,22.8,66.1,2
0.5824,-0.0353,22.71,66.11,2
0.5788,-0.0037,22.64,66.12,2
0.5673,-0.0114,22.7,66.12,2
0.5712,0.0038,22.73,66.13,2
0.5726,0.0015,22.65,66.14,2
0.5883,0.0157,22.63,66.14,2
0.6289,0.0406,22.68,66.15,2
0.6697,0.0408,22.83,66.16,2
0.6551,-0.0145,22.77,66.17,2
0.6023,-0.0528,22.7,66.18,2
0.6358,0.0335,22.78,66.19,2
0.6383,0.0025,22.8,66.19,2
0.6497,0.0114,22.75,66.2,2
0.6294,-0.0204,22.7,66.21,2
0.6101,-0.0192,22.74,66.22,2
0.614,0.0038,22.8,66.22,2
0.5964,-0.0176,22.85,66.23,2
0.6278,0.0314,22.79,66.24,2
0.6569,0.0291,22.8,66.24,2
0.6553,-0.0015,22.81,66.25,2
0.6425,-0.0128,22.81,66.26,2
0.6416,-0.0009,22.81,66.27,2
0.6393,-0.0023,22.84,66.27,2
0.6426,0.0033,22.82,66.28,2
0.6452,0.0026,22.88,66.29,2
0.662,0.0168,22.82,66.29,2
0.6591,-0.0029,22.76,66.3,2
0.6562,-0.0029,22.73,66.31,2
0.685,0.0287,22.76,66.32,2
0.6748,-0.0101,22.8,66.32,2
0.6667,-0.0082,22.79,66.33,2
0.6677,0.001,22.76,66.34,2
0.6726,0.0049,22.85,66.34,2
0.6741,0.0015,22.86,66.35,2
0.643,-0.0311,22.87,66.36,2
0.629,-0.014,22.84,66.36,2
0.6243,-0.0047,22.81,66.36,2
0.6481,0.0238,22.84,66.37,2
0.6446,-0.0035,22.86,66.37,2
0.6515,0.0069,22.87,66.38,2
0.6522,0.0007,22.83,66.38,2
0.6616,0.0093,22.86,66.39,2
0.6439,-0.0177,22.82,66.39,2
0.6306,-0.0133,22.76,66.4,2
0.6229,-0.0078,22.67,66.4,2
0.6057,-0.0172,22.66,66.4,2
0.596,-0.0097,22.81,66.4,2
0.618,0.022,22.81,66.41,2
0.6807,0.0627,22.81,66.41,2
0.6657,-0.015,22.87,66.42,2
0.4897,-0.176,22.83,66.41,2
0.5472,0.0575,22.77,66.41,2
0.5465,-0.0007,22.74,66.41,2
0.5973,0.0508,22.71,66.41,2
0.6254,0.0281,22.78,66.42,2
0.6173,-0.0081,22.78,66.42,2
0.6518,0.0344,22.75,66.42,2
0.6579,0.0061,22.67,66.43,2
0.6571,-0.0008,22.76,66.43,2
0.6504,-0.0067,22.7,66.44,2
0.6813,0.0309,22.63,66.44,2
0.68,-0.0013,22.69,66.45,2
0.6754,-0.0046,22.77,66.45,2
0.6952,0.0198,22.79,66.46,2
0.6624,-0.0327,22.82,66.46,2
0.6626,0.0002,22.86,66.47,2
0.6713,0.0087,22.87,66.47,2
0.6988,0.0275,22.85,66.47,2
0.6692,-0.0296,22.81,66.48,2
0.6931,0.0238,22.83,66.48,2
0.6832,-0.0099,22.8,66.49,2
0.6483,-0.0349,22.72,66.49,2
0.6661,0.0178,22.75,66.49,2
0.6668,0.0007,22.74,66.5,2
0.6749,0.0082,22.76,66.5,2
0.6831,0.0082,22.86,66.51,2
0.6843,0.0012,22.84,66.51,2
0.6924,0.008,22.91,66.51,2
0.7018,0.0094,22.87,66.52,2
0.7173,0.0155,22.85,66.52,2
0.6931,-0.0241,22.93,66.53,2
0.6855,-0.0076,22.97,66.53,2
0.6433,-0.0422,22.96,66.53,2
0.6199,-0.0234,22.98,66.53,2
0.6365,0.0166,22.96,66.54,2
0.6447,0.0082,22.97,66.54,2
0.6424,-0.0024,22.97,66.54,2
0.6364,-0.006,22.92,66.54,2
0.6539,0.0175,22.89,66.54,2
0.6832,0.0293,22.85,66.54,2
0.6976,0.0144,22.9,66.55,2
0.6923,-0.0053,22.86,66.55,2
0.6587,-0.0336,22.84,66.55,2
0.664,0.0052,22.84,66.56,2
0.6841,0.0202,22.86,66.56,2
0.7267,0.0425,22.92,66.56,2
0.7368,0.0101,22.9,66.57,2
0.7487,0.012,22.95,66.58,2
0.758,0.0092,22.98,66.58,2
0.7144,-0.0436,22.97,66.59,2
0.7152,0.0008,22.88,66.59,2
0.7008,-0.0143,22.92,66.59,2
0.6664,-0.0344,22.99,66.6,2
0.6861,0.0197,23.03,66.6,2
0.7047,0.0186,23.02,66.6,2
0.7265,0.0218,22.99,66.61,2
0.7306,0.0041,22.97,66.61,2
0.7461,0.0155,22.91,66.61,2
0.7169,-0.0291,22.84,66.62,2
0.6631,-0.0539,22.88,66.62,2
0.6713,0.0083,22.85,66.62,2
0.6621,-0.0092,22.88,66.62,2
0.6074,-0.0547,22.88,66.62,2
0.5864,-0.021,22.81,66.62,2
0.6243,0.0378,22.77,66.61,2
0.6431,0.0188,22.81,66.61,2
0.652,0.0089,22.87,66.62,2
0.6768,0.0248,22.9,66.62,2
0.7086,0.0318,22.88,66.62,2
0.6843,-0.0243,22.82,66.62,2
0.6748,-0.0095,22.77,66.62,2
0.6438,-0.031,22.78,66.62,2
0.6463,0.0025,22.83,66.62,2
0.6134,-0.0329,22.81,66.62,2
0.6397,0.0264,22.84,66.62,2
0.6698,0.0301,22.87,66.62,2
0.6824,0.0126,22.92,66.62,2
0.6586,-0.0238,22.85,66.62,2
0.6609,0.0022,22.86,66.62,2
0.6808,0.0199,22.81,66.63,2
0.6932,0.0124,22.71,66.63,2
0.6915,-0.0017,22.74,66.63,2
0.7,0.0085,22.79,66.63,2
0.7226,0.0226,22.84,66.64,2
0.7023,-0.0203,22.86,66.64,2
0.6837,-0.0186,22.91,66.64,2
0.6624,-0.0213,22.85,66.64,2
0.6925,0.0301,22.85,66.64,2
0.7207,0.0282,22.95,66.64,2
0.7504,0.0297,22.96,66.65,2
0.7791,0.0287,23.05,66.66,2
0.7793,0.0002,23.07,66.66,2
0.7779,-0.0014,23.09,66.67,2
0.7905,0.0127,23.17,66.67,2
0.7826,-0.008,23.1,66.68,2
0.7895,0.007,23.12,66.68,2
0.8078,0.0183,23.08,66.69,2
0.7895,-0.0183,23.07,66.7,2
0.8067,0.0173,23.09,66.7,2
0.7825,-0.0242,23.11,66.71,2
0.8088,0.0263,23.1,66.71,2
0.8046,-0.0042,23.14,66.72,2
0.7598,-0.0448,23.03,66.72,2
0.7395,-0.0203,23.09,66.73,2
0.72,-0.0195,23.04,66.73,2
0.7376,0.0176,23.01,66.73,2
0.7734,0.0358,23.0,66.73,2
0.7869,0.0135,23.09,66.74,2
0.754,-0.0329,23.07,66.74,2
0.7342,-0.0198,23.05,66.74,2
0.702,-0.0322,23.07,66.74,2
0.7218,0.0198,23.01,66.75,2
0.7548,0.0329,22.98,66.75,2
0.7424,-0.0124,22.87,66.75,2
0.7495,0.0071,22.89,66.75,2
0.6961,-0.0534,22.92,66.75,2
0.6699,-0.0262,22.83,66.75,2
0.6871,0.0172,22.81,66.75,2
0.665,-0.0222,22.87,66.75,2
0.6544,-0.0105,22.95,66.75,2
0.6736,0.0192,22.93,66.75,2
0.6983,0.0247,22.99,66.75,2
0.7158,0.0175,22.93,66.75,2
0.7521,0.0363,22.92,66.75,2
0.7743,0.0222,22.85,66.75,2
0.7734,-0.0009,22.8,66.76,2
0.7856,0.0122,22.81,66.76,2
0.7713,-0.0143,22.87,66.76,2
0.7369,-0.0344,22.88,66.77,2
0.7478,0.0109,22.9,66.77,2
0.763,0.0151,22.83,66.77,2
0.7925,0.0295,22.78,66.77,2
0.7293,-0.0632,22.83,66.78,2
0.7089,-0.0203,22.87,66.78,2
0.6786,-0.0303,22.72,66.77,2
0.7059,0.0272,22.8,66.77,2
0.6776,-0.0283,22.87,66.77,2
0.6638,-0.0138,22.82,66.77,2
0.6747,0.0109,22.89,66.77,2
0.7093,0.0346,22.88,66.77,2
0.7319,0.0226,22.89,66.77,2
0.6758,-0.0561,22.82,66.77,2
0.6838,0.008,22.9,66.77,2
0.7012,0.0174,22.87,66.77,2
0.716,0.0148,22.84,66.77,2
0.7231,0.0071,22.84,66.77,2
0.7435,0.0205,22.87,66.77,2
0.7599,0.0164,22.89,66.77,2
0.7321,-0.0278,22.87,66.77,2
0.7521,0.02,22.91,66.78,2
0.7563,0.0042,22.82,66.78,2
0.7561,-0.0003,22.91,66.78,2
0.7267,-0.0293,22.88,66.78,2
0.7,-0.0268,23.02,66.78,2
0.7173,0.0173,23.03,66.78,2
0.7168,-0.0004,22.99,66.78,2
0.7317,0.0149,22.99,66.78,2
0.7009,-0.0308,22.96,66.78,2
0.6944,-0.0065,22.98,66.78,2
0.7108,0.0164,23.0,66.78,2
0.7055,-0.0053,23.03,66.78,2
0.7012,-0.0042,22.99,66.78,2
0.693,-0.0082,22.98,66.78,2
0.6735,-0.0194,22.96,66.78,2
0.6788,0.0052,22.98,66.77,2
0.6967,0.018,22.94,66.77,2
0.6959,-0.0009,22.99,66.77,2
0.6726,-0.0233,22.97,66.77,2
0.6988,0.0262,22.9,66.77,2
0.7243,0.0255,22.92,66.77,2
0.7112,-0.0131,22.98,66.77,2
0.73,0.0188,23.07,66.77,2
0.7274,-0.0026,23.09,66.77,2
0.7497,0.0223,23.03,66.78,2
0.7624,0.0128,23.07,66.78,2
0.7299,-0.0325,23.13,66.78,2
0.7173,-0.0126,23.13,66.78,2
0.7168,-0.0005,23.12,66.78,2
0.7373,0.0205,23.12,66.78,2
0.7488,0.0115,23.07,66.78,2
0.7312,-0.0176,23.17,66.78,2
0.7209,-0.0103,23.12,66.78,2
0.7367,0.0158,23.03,66.79,2
0.7487,0.012,22.95,66.79,2
0.7342,-0.0145,22.94,66.79,2
0.6963,-0.0379,22.95,66.79,2
0.694,-0.0023,22.96,66.79,2
0.7057,0.0117,22.94,66.79,2
0.7273,0.0216,22.84,66.79,2
0.7257,-0.0016,22.88,66.79,2
0.7078,-0.018,22.86,66.79,2
0.7327,0.025,22.86,66.79,2
0.7577,0.025,22.85,66.79,2
0.7524,-0.0054,22.85,66.79,2
0.7432,-0.0092,22.85,66.79,2
0.7576,0.0145,22.89,66.79,2
0.7902,0.0325,22.95,66.8,2
0.7378,-0.0524,22.89,66.8,2
0.7287,-0.0091,22.99,66.8,2
0.7359,0.0072,22.98,66.8,2
0.7569,0.021,23.0,66.8,2
0.7516,-0.0053,22.98,66.8,2
0.7746,0.0229,22.96,66.81,2
0.7905,0.0159,22.96,66.81,2
0.7937,0.0032,23.05,66.81,2
0.7455,-0.0482,23.06,66.81,2
0.7416,-0.0039,22.94,66.82,2
0.7255,-0.0161,22.93,66.82,2
0.7426,0.0171,22.86,66.82,2
0.7332,-0.0093,22.81,66.82,2
0.7502,0.0169,22.84,66.82,2
0.7474,-0.0027,22.85,66.82,2
0.7396,-0.0079,22.9,66.82,2
0.7371,-0.0024,22.94,66.82,2
0.7574,0.0203,22.95,66.82,2
0.7652,0.0078,22.9,66.82,2
0.7734,0.0081,22.95,66.83,2
0.785,0.0116,22.98,66.83,2
0.7625,-0.0225,22.91,66.83,2
0.7537,-0.0088,22.94,66.83,2
0.7231,-0.0306,22.96,66.83,2
0.7244,0.0013,22.97,66.83,2
0.7147,-0.0098,23.04,66.83,2
0.7284,0.0137,23.1,66.83,2
0.7017,-0.0267,23.13,66.83,2
0.6817,-0.02,23.1,66.82,2
0.6914,0.0097,23.04,66.82,2
0.7197,0.0283,23.07,66.82,2
0.7233,0.0036,23.04,66.82,2
0.7089,-0.0144,23.01,66.82,2
0.6389,-0.07,22.99,66.82,2
0.668,0.0291,23.02,66.81,2
0.6978,0.0298,22.92,66.81,2
0.7228,0.025,22.9,66.81,2
0.718,-0.0048,22.93,66.81,2
0.7435,0.0255,23.0,66.81,2
0.7566,0.0131,23.02,66.81,2
0.7785,0.0219,23.01,66.82,2
0.7819,0.0035,22.96,66.82,2
0.7762,-0.0058,23.02,66.82,2
0.7857,0.0096,23.09,66.83,2
0.789,0.0032,23.21,66.83,2
0.772,-0.0169,23.21,66.83,2
0.7332,-0.0389,23.22,66.83,2
0.7476,0.0144,23.12,66.83,2
0.756,0.0084,23.2,66.83,2
0.7166,-0.0393,23.24,66.83,2
0.7311,0.0145,23.22,66.83,2
0.7377,0.0066,23.25,66.83,2
0.6879,-0.0498,23.2,66.83,2
0.669,-0.019,23.15,66.83,2
0.6751,0.0062,23.15,66.82,2
0.7125,0.0373,23.12,66.82,2
0.7082,-0.0043,23.12,66.82,2
0.7247,0.0165,23.02,66.82,2
0.7549,0.0302,23.1,66.82,2
0.7675,0.0126,22.98,66.82,2
0.7947,0.0272,23.09,66.83,2
0.7499,-0.0448,23.07,66.83,2
0.7559,0.006,23.04,66.83,2
0.7148,-0.0411,23.07,66.83,2
0.7309,0.0161,23.01,66.83,2
0.7253,-0.0056,22.96,66.83,2
0.7277,0.0023,22.9,66.83,2
0.6824,-0.0453,22.93,66.83,2
0.6736,-0.0088,22.86,66.82,2
0.6682,-0.0053,22.81,66.82,2
0.6544,-0.0139,22.82,66.82,2
0.6676,0.0132,22.82,66.81,2
0.695,0.0275,22.86,66.81,2
0.6763,-0.0187,22.89,66.81,2
0.6929,0.0166,22.94,66.81,2
0.6958,0.0029,22.94,66.81,2
0.651,-0.0448,22.97,66.8,2
0.6437,-0.0073,23.02,66.8,2
0.6679,0.0243,22.95,66.8,2
0.6743,0.0063,22.92,66.79,2
0.7056,0.0314,22.89,66.79,2
0.7482,0.0426,22.96,66.8,2
0.7396,-0.0086,22.9,66.8,2
0.7385,-0.0011,22.83,66.8,2
0.7281,-0.0103,22.85,66.8,2
0.7426,0.0145,22.8,66.8,2
0.7273,-0.0153,22.81,66.8,2
0.7206,-0.0067,22.75,66.8,2
0.7032,-0.0174,22.72,66.8,2
0.7226,0.0194,22.79,66.8,2
0.7306,0.008,22.77,66.8,2
0.6808,-0.0498,22.8,66.8,2
0.6515,-0.0293,22.87,66.79,2
0.6548,0.0033,22.77,66.79,2
0.6818,0.027,22.8,66.79,2
0.7093,0.0274,22.76,66.79,2
0.7227,0.0134,22.83,66.79,2
0.7098,-0.0129,22.79,66.79,2
0.7321,0.0223,22.79,66.79,2
0.7391,0.0069,22.87,66.79,2
0.7427,0.0037,22.84,66.79,2
0.7402,-0.0025,22.83,66.79,2
0.7545,0.0142,22.88,66.8,2
0.7528,-0.0017,22.93,66.8,2
0.7433,-0.0095,22.89,66.8,2
0.7495,0.0062,22.8,66.8,2
0.71,-0.0395,22.87,66.8,2
0.7302,0.0203,22.89,66.8,2
0.7576,0.0274,22.9,66.8,2
0.7715,0.0139,22.86,66.8,2
0.7833,0.0118,22.88,66.81,2
0.7809,-0.0025,22.94,66.81,2
0.7716,-0.0092,22.85,66.81,2
0.7715,-0.0001,22.89,66.81,2
0.7477,-0.0239,22.95,66.82,2
0.7586,0.0109,23.0,66.82,2
0.7628,0.0041,23.0,66.82,2
0.7399,-0.0229,22.99,66.82,2
0.7421,0.0022,22.99,66.82,2
0.734,-0.008,22.98,66.82,2
0.6893,-0.0448,23.0,66.82,2
0.6757,-0.0135,23.04,66.82,2
0.6521,-0.0236,22.95,66.81,2
0.6881,0.036,22.91,66.81,2
0.6919,0.0039,22.95,66.81,2
0.6999,0.008,22.94,66.81,2
0.7168,0.0168,22.95,66.81,2
0.7139,-0.0029,22.96,66.81,2
0.6982,-0.0156,22.89,66.81,2
0.6886,-0.0096,22.91,66.8,2
0.7003,0.0116,22.89,66.8,2
0.7241,0.0238,22.95,66.8,2
0.7524,0.0283,22.94,66.8,2
0.7339,-0.0185,22.92,66.81,2
0.7041,-0.0298,22.96,66.8,2
0.7284,0.0243,22.93,66.8,2
0.697,-0.0314,22.88,66.8,2
0.703,0.006,22.9,66.8,2
0.7096,0.0067,22.95,66.8,2
0.7451,0.0355,22.96,66.8,2
0.7747,0.0296,23.02,66.81,2
0.7237,-0.051,23.02,66.81,2
0.7403,0.0166,23.03,66.81,2
0.7733,0.033,22.98,66.81,2
0.7934,0.0202,23.0,66.81,2
0.8104,0.017,22.97,66.82,2
0.7625,-0.048,23.02,66.82,2
0.7703,0.0079,23.01,66.82,2
0.7604,-0.0099,22.96,66.82,2
0.7663,0.0059,22.87,66.82,2
0.7395,-0.0268,22.91,66.83,2
0.7368,-0.0027,23.01,66.83,2
0.7484,0.0116,23.08,66.83,2
0.7736,0.0252,23.12,66.83,2
0.7739,0.0002,23.2,66.83,2
0.7619,-0.012,23.21,66.83,2
0.7528,-0.0091,23.22,66.83,2
0.7167,-0.0361,23.22,66.83,2
0.7322,0.0155,23.23,66.83,2
0.7298,-0.0023,23.17,66.83,2
0.744,0.0141,23.13,66.83,2
0.7491,0.0052,23.06,66.83,2
0.7657,0.0166,23.07,66.84,2
0.7611,-0.0047,23.06,66.84,2
0.7411,-0.0199,23.06,66.84,2
0.7472,0.0061,23.03,66.84,2
0.7534,0.0062,23.05,66.84,2
0.7733,0.0199,23.04,66.84,2
0.7784,0.0052,22.97,66.84,2
0.7841,0.0056,22.98,66.84,2
0.7832,-0.0009,22.99,66.85,2
0.7284,-0.0548,23.0,66.85,2
0.7386,0.0101,23.09,66.85,2
0.7664,0.0278,23.1,66.85,2
0.7768,0.0104,23.04,66.85,2
0.7891,0.0123,23.03,66.85,2
0.7152,-0.0739,23.09,66.85,2
0.6922,-0.0229,23.1,66.85,2
0.6818,-0.0105,23.1,66.85,2
0.722,0.0402,23.13,66.84,2
0.7092,-0.0128,23.12,66.84,2
0.7281,0.019,23.08,66.84,2
0.7191,-0.0091,23.01,66.84,2
0.7358,0.0167,23.02,66.84,2
0.7469,0.0111,23.04,66.84,2
0.754,0.0071,23.1,66.84,2
0.7803,0.0263,23.05,66.85,2
0.7485,-0.0318,23.11,66.85,2
0.7605,0.012,23.08,66.85,2
0.7602,-0.0003,23.1,66.85,2
0.7655,0.0053,23.01,66.85,2
0.7347,-0.0308,23.05,66.85,2
0.6572,-0.0775,23.04,66.85,2
0.6557,-0.0016,22.98,66.84,2
0.6575,0.0019,22.97,66.84,2
0.6816,0.024,22.95,66.83,2
0.7123,0.0307,22.93,66.83,2
0.7389,0.0267,23.0,66.83,2
0.7287,-0.0102,22.96,66.83,2
0.7116,-0.0171,22.89,66.83,2
0.6706,-0.041,22.96,66.83,2
0.6589,-0.0116,23.03,66.83,2
0.6792,0.0202,23.01,66.82,2
0.7022,0.023,23.06,66.82,2
0.6852,-0.017,23.07,66.82,2
0.6968,0.0115,22.99,66.82,2
0.6435,-0.0533,23.03,66.81,2
0.6477,0.0043,22.91,66.81,2
0.6681,0.0204,22.87,66.81,2
0.6441,-0.024,22.88,66.8,2
0.6518,0.0077,22.88,66.8,2
0.6718,0.02,22.87,66.8,2
0.6476,-0.0242,22.84,66.79,2
0.6707,0.0231,22.76,66.79,2
0.6691,-0.0016,22.73,66.79,2
0.6753,0.0062,22.73,66.79,2
0.663,-0.0122,22.73,66.78,2
0.656,-0.0071,22.76,66.78,2
0.6743,0.0184,22.76,66.78,2
0.6354,-0.039,22.72,66.78,2
0.6198,-0.0156,22.71,66.77,2
0.6493,0.0295,22.66,66.77,2
0.644,-0.0053,22.67,66.77,2
0.6598,0.0157,22.71,66.76,2
0.6421,-0.0176,22.76,66.76,2
0.6201,-0.022,22.74,66.76,2
0.6438,0.0237,22.68,66.75,2
0.6668,0.0229,22.68,66.75,2
0.6376,-0.0292,22.65,66.75,2
0.6486,0.011,22.61,66.75,2
0.6805,0.0319,22.51,66.74,2
0.6953,0.0148,22.58,66.74,2
0.6856,-0.0098,22.56,66.74,2
0.6868,0.0012,22.55,66.74,2
0.6579,-0.0289,22.63,66.74,2
0.6777,0.0198,22.68,66.74,2
0.6963,0.0186,22.75,66.74,2
0.7398,0.0435,22.72,66.74,2
0.7591,0.0193,22.68,66.75,2
0.7598,0.0007,22.72,66.75,2
0.7382,-0.0216,22.71,66.75,2
0.691,-0.0471,22.68,66.75,2
0.6824,-0.0087,22.69,66.75,2
0.6699,-0.0124,22.78,66.75,2
0.6674,-0.0025,22.75,66.75,2
0.6918,0.0244,22.72,66.75,2
0.6621,-0.0297,22.74,66.74,2
0.6951,0.033,22.77,66.74,2
0.6672,-0.0278,22.68,66.74,2
0.6563,-0.0109,22.72,66.74,2
0.6388,-0.0175,22.69,66.74,2
0.6664,0.0276,22.73,66.74,2
0.6983,0.0319,22.79,66.74,2
0.7213,0.0231,22.82,66.74,2
0.673,-0.0483,22.86,66.74,2
0.6926,0.0195,22.78,66.74,2
0.6916,-0.001,22.82,66.74,2
0.689,-0.0026,22.77,66.74,2
0.7103,0.0212,22.74,66.74,2
0.672,-0.0383,22.75,66.74,2
0.6897,0.0176,22.8,66.74,2
0.7209,0.0312,22.83,66.74,2
0.7285,0.0077,22.9,66.74,2
0.6631,-0.0654,22.96,66.74,2
0.6317,-0.0314,23.0,66.73,2
0.6351,0.0034,22.84,66.73,2
0.6411,0.006,22.78,66.73,2
0.6843,0.0432,22.8,66.73,2
0.6521,-0.0322,22.76,66.73,2
0.6662,0.0141,22.83,66.72,2
0.6561,-0.0101,22.77,66.72,2
0.6475,-0.0086,22.7,66.72,2
0.6362,-0.0113,22.68,66.72,2
0.6381,0.0019,22.66,66.72,2
0.6339,-0.0042,22.66,66.71,2
0.6406,0.0067,22.69,66.71,2
0.6484,0.0078,22.76,66.71,2
0.6365,-0.0119,22.76,66.71,2
0.6097,-0.0268,22.84,66.7,2
0.658,0.0483,22.94,66.7,2
0.6836,0.0256,23.01,66.7,2
0.7134,0.0298,22.97,66.7,2
0.7051,-0.0083,22.95,66.7,2
0.6582,-0.0469,22.88,66.7,2
0.6381,-0.0202,22.85,66.7,2
0.6633,0.0252,22.76,66.7,2
0.6539,-0.0094,22.8,66.7,2
0.6668,0.0129,22.88,66.7,2
0.6328,-0.034,22.81,66.7,2
0.6187,-0.0141,22.82,66.69,2
0.6174,-0.0013,22.84,66.69,2
0.6418,0.0244,22.88,66.69,2
0.6614,0.0196,22.89,66.69,2
0.6624,0.001,22.88,66.69,2
0.6944,0.0321,22.94,66.69,2
0.51,-0.1845,22.85,66.68,2
0.566,0.056,22.82,66.67,2
0.5992,0.0332,22.89,66.67,2
0.6612,0.062,22.92,66.67,2
0.6576,-0.0036,22.98,66.67,2
0.6512,-0.0063,23.03,66.67,2
0.6206,-0.0307,22.94,66.67,2
0.6143,-0.0063,22.99,66.66,2
0.6114,-0.0029,23.04,66.66,2
0.6435,0.0321,22.97,66.66,2
0.6692,0.0257,22.92,66.66,2
0.6751,0.0058,22.86,66.66,2
0.6498,-0.0253,22.91,66.66,2
0.6515,0.0017,22.85,66.66,2
0.6359,-0.0156,22.8,66.66,2
0.6528,0.0169,22.86,66.66,2
0.6903,0.0375,22.89,66.66,2
0.6727,-0.0177,22.78,66.66,2
0.6794,0.0067,22.77,66.66,2
0.6388,-0.0406,22.77,66.66,2
0.6454,0.0066,22.8,66.66,2
0.6761,0.0307,22.77,66.66,2
0.7039,0.0278,22.81,66.66,2
0.6721,-0.0319,22.88,66.66,2
0.6411,-0.031,22.79,66.66,2
0.6412,0.0001,22.76,66.66,2
0.6615,0.0203,22.82,66.66,2
0.6427,-0.0187,22.78,66.66,2
0.67,0.0272,22.81,66.66,2
0.6531,-0.0169,22.86,66.66,2
0.6519,-0.0011,22.89,66.66,2
0.6825,0.0305,22.92,66.66,2
0.6847,0.0022,22.93,66.66,2
0.7028,0.0181,22.88,66.66,2
0.6985,-0.0043,22.91,66.66,2
0.7205,0.022,22.95,66.67,2
0.7126,-0.0078,23.01,66.67,2
0.6873,-0.0253,23.1,66.67,2
0.714,0.0267,23.02,66.67,2
0.6871,-0.0269,22.96,66.67,2
0.663,-0.0242,22.89,66.67,2
0.627,-0.036,22.83,66.67,2
0.5926,-0.0344,22.81,66.67,2
0.6189,0.0263,22.81,66.66,2
0.5913,-0.0276,22.79,66.66,2
0.6127,0.0214,22.79,66.66,2
0.6476,0.0349,22.81,66.66,2
0.6736,0.026,22.85,66.66,2
0.6959,0.0223,22.8,66.66,2
0.6966,0.0007,22.79,66.66,2
0.6935,-0.0031,22.83,66.66,2
0.6635,-0.03,22.92,66.66,2
0.6634,-0.0001,22.95,66.66,2
0.6896,0.0263,22.95,66.66,2
0.6797,-0.0099,22.94,66.66,2
0.6538,-0.0259,22.94,66.66,2
0.6486,-0.0052,22.88,66.66,2
0.6398,-0.0087,22.85,66.66,2
0.6642,0.0244,22.89,66.66,2
0.6973,0.0331,22.87,66.66,2
0.7224,0.0251,22.86,66.67,2
0.6696,-0.0528,22.91,66.67,2
0.6794,0.0098,22.85,66.67,2
0.6634,-0.016,22.78,66.67,2
0.6912,0.0278,22.76,66.67,2
0.6793,-0.0119,22.75,66.67,2
0.6746,-0.0047,22.81,66.67,2
0.6494,-0.0252,22.86,66.67,2
0.6697,0.0204,22.92,66.67,2
0.6754,0.0057,22.96,66.67,2
0.6734,-0.002,22.98,66.67,2
0.6649,-0.0086,23.01,66.67,2
0.6307,-0.0342,23.02,66.67,2
0.6534,0.0227,23.04,66.67,2
0.616,-0.0374,23.05,66.66,2
0.6225,0.0065,23.03,66.66,2
0.6135,-0.0091,23.07,66.66,2
0.6072,-0.0063,23.06,66.66,2
0.5923,-0.0149,23.12,66.65,2
0.587,-0.0053,22.94,66.65,2
0.5859,-0.0011,22.94,66.64,2
0.6355,0.0496,23.05,66.64,2
0.6209,-0.0146,23.01,66.64,2
0.6243,0.0033,23.01,66.64,2
0.6134,-0.0109,23.04,66.64,2
0.6453,0.032,22.91,66.64,2
0.6545,0.0092,22.86,66.64,2
0.684,0.0294,22.86,66.64,2
0.7118,0.0278,22.9,66.64,2
0.711,-0.0008,22.91,66.64,2
0.7211,0.0101,22.89,66.65,2
0.7101,-0.0109,22.91,66.65,2
0.6705,-0.0396,22.93,66.65,2
0.6244,-0.0461,22.86,66.65,2
0.6097,-0.0147,22.88,66.65,2
0.6054,-0.0042,22.92,66.64,2
0.5446,-0.0608,22.85,66.64,2
0.5304,-0.0143,22.89,66.63,2
0.5422,0.0119,22.88,66.63,2
0.5613,0.0191,22.93,66.62,2
0.5742,0.0129,22.92,66.62,2
0.5716,-0.0026,22.94,66.61,2
0.5427,-0.0289,22.85,66.61,2
0.5561,0.0133,22.72,66.61,2
0.524,-0.032,22.68,66.6,2
0.5083,-0.0158,22.65,66.59,2
0.5017,-0.0065,22.61,66.59,2
0.4796,-0.0222,22.51,66.58,2
0.4727,-0.0069,22.51,66.57,2
0.4825,0.0098,22.42,66.56,2
0.5177,0.0352,22.37,66.56,2
0.5488,0.0311,22.46,66.55,2
0.5307,-0.0181,22.4,66.55,2
0.545,0.0143,22.36,66.55,2
0.5598,0.0149,22.34,66.54,2
0.6039,0.0441,22.32,66.54,2
0.5655,-0.0384,22.39,66.54,2
0.5488,-0.0167,22.46,66.54,2
0.5937,0.0449,22.56,66.53,2
0.6238,0.0301,22.53,66.54,2
0.6074,-0.0164,22.5,66.54,2
0.6093,0.0019,22.57,66.53,2
0.6191,0.0098,22.63,66.54,2
0.6387,0.0196,22.69,66.54,2
0.62,-0.0187,22.68,66.54,2
0.5814,-0.0386,22.73,66.53,2
0.5606,-0.0208,22.8,66.53,2
0.5708,0.0102,22.85,66.53,2
0.5461,-0.0247,22.87,66.53,2
0.5508,0.0047,22.85,66.52,2
0.5729,0.0222,22.86,66.52,2
0.5987,0.0258,22.94,66.52,2
0.5807,-0.0181,22.9,66.52,2
0.6191,0.0384,22.89,66.52,2
0.6325,0.0133,22.86,66.52,2
0.6331,0.0006,22.82,66.52,2
0.64,0.007,22.84,66.52,2
0.6155,-0.0245,22.84,66.52,2
0.6047,-0.0108,22.81,66.52,2
0.6168,0.012,22.75,66.53,2
0.5709,-0.0458,22.74,66.52,2
0.5613,-0.0096,22.75,66.52,2
0.5685,0.0072,22.72,66.52,2
0.6201,0.0516,22.75,66.52,2
0.5957,-0.0244,22.75,66.52,2
0.5948,-0.0009,22.67,66.52,2
0.5906,-0.0042,22.6,66.52,2
0.5994,0.0088,22.59,66.52,2
0.5582,-0.0412,22.52,66.51,2
0.597,0.0388,22.49,66.51,2
0.5519,-0.045,22.65,66.51,2
0.5296,-0.0223,22.6,66.51,2
0.5399,0.0103,22.55,66.5,2
0.5636,0.0237,22.56,66.5,2
0.542,-0.0216,22.57,66.5,2
0.567,0.0251,22.62,66.5,2
0.5858,0.0188,22.63,66.5,2
0.6085,0.0227,22.66,66.5,2
0.5737,-0.0348,22.72,66.5,2
0.604,0.0303,22.66,66.5,2
0.4357,-0.1683,22.83,66.53,1
0.4398,0.0041,23.1,66.56,1
0.4533,0.0135,23.06,66.55,2
0.5224,0.0691,23.1,66.55,2
0.5181,-0.0042,23.04,66.54,2
0.4978,-0.0204,22.99,66.54,2
0.5268,0.029,22.89,66.53,2
0.5664,0.0397,22.88,66.53,2
0.5325,-0.034,22.83,66.52,2
0.5237,-0.0088,22.83,66.52,2
0.4952,-0.0284,22.85,66.52,2
0.3467,-0.1485,23.05,66.54,1
0.3893,0.0426,23.24,66.57,1
0.4374,0.0481,23.48,66.6,1
0.5083,0.0709,23.37,66.59,2
0.5596,0.0513,23.33,66.59,2
0.5341,-0.0255,23.16,66.59,2
0.5584,0.0243,23.09,66.58,2
0.5896,0.0311,23.11,66.58,2
0.5463,-0.0433,23.06,66.58,2
0.5153,-0.0309,22.99,66.57,2
0.4998,-0.0155,23.03,66.56,2
0.4966,-0.0032,22.96,66.56,2
0.5069,0.0103,22.9,66.55,2
0.5239,0.017,22.86,66.55,2
0.5292,0.0054,22.86,66.54,2
0.5319,0.0026,22.75,66.54,2
0.5113,-0.0206,22.63,66.53,2
0.5146,0.0033,22.64,66.53,2
0.364,-0.1505,22.97,66.55,1
0.3899,0.0258,23.17,66.58,1
0.4461,0.0562,23.43,66.61,1
0.5068,0.0608,23.37,66.61,2
0.5718,0.065,23.31,66.6,2
0.5665,-0.0053,23.31,66.6,2
0.5189,-0.0477,23.24,66.59,2
0.3662,-0.1526,23.45,66.62,1
0.4128,0.0466,23.65,66.65,1
0.4823,0.0695,23.61,66.64,2
0.4824,0.0001,23.53,66.63,2
0.5029,0.0206,23.43,66.62,2
0.4986,-0.0043,23.43,66.62,2
0.5189,0.0202,23.34,66.61,2
0.4989,-0.0199,23.24,66.6,2
0.5466,0.0477,23.21,66.6,2
0.5229,-0.0237,23.14,66.59,2
0.5189,-0.0041,23.2,66.59,2
0.5648,0.046,23.11,66.58,2
0.5804,0.0156,23.04,66.58,2
0.5488,-0.0316,23.02,66.58,2
0.5301,-0.0187,23.06,66.57,2
0.5125,-0.0176,22.98,66.56,2
0.5173,0.0049,22.84,66.56,2
0.5131,-0.0042,22.82,66.55,2
0.3623,-0.1508,23.03,66.58,1
0.438,0.0757,23.31,66.61,1
0.4557,0.0177,23.23,66.6,2
0.4572,0.0015,23.17,66.59,2
0.4984,0.0412,23.14,66.59,2
0.5093,0.011,23.13,66.58,2
0.498,-0.0113,23.1,66.57,2
0.3498,-0.1482,23.29,66.6,1
0.3749,0.0251,23.44,66.63,1
0.2639,-0.111,23.87,66.68,0
0.3292,0.0652,24.25,66.73,0
0.372,0.0429,24.32,66.75,1
0.3944,0.0224,24.5,66.78,1
0.4418,0.0474,24.64,66.8,1
0.4591,0.0173,24.49,66.79,2
0.4469,-0.0122,24.25,66.78,2
0.4419,-0.005,24.44,66.8,1
0.4564,0.0145,24.62,66.83,1
0.4424,-0.014,24.71,66.86,1
0.4215,-0.0209,24.85,66.88,1
0.4296,0.008,25.03,66.9,1
0.4628,0.0333,24.81,66.89,2
0.4471,-0.0157,24.69,66.87,2
0.4758,0.0287,24.5,66.86,2
0.4345,-0.0413,24.66,66.88,1
0.4795,0.045,24.78,66.91,1
0.4682,-0.0114,24.5,66.9,2
0.4747,0.0066,24.38,66.88,2
0.4781,0.0034,24.21,66.87,2
0.4783,0.0002,24.13,66.85,2
0.4802,0.0019,24.02,66.84,2
0.49,0.0099,23.9,66.83,2
0.5179,0.0279,23.81,66.82,2
0.5364,0.0184,23.72,66.81,2
0.3815,-0.1549,23.85,66.83,1
0.4088,0.0273,24.01,66.86,1
0.4029,-0.0059,24.15,66.88,1
0.4219,0.019,24.34,66.9,1
0.4756,0.0537,24.15,66.89,2
0.4742,-0.0014,24.03,66.87,2
0.4988,0.0246,23.87,66.86,2
0.4815,-0.0173,23.68,66.85,2
0.4606,-0.0209,23.58,66.83,2
0.454,-0.0067,23.52,66.82,2
0.3139,-0.1401,23.69,66.84,1
0.3808,0.0669,23.83,66.86,1
0.2683,-0.1125,24.13,66.91,0
0.3099,0.0416,24.45,66.96,0
0.3607,0.0508,24.56,66.97,1
0.4125,0.0517,24.7,67.0,1
0.4239,0.0114,24.72,67.02,1
0.4297,0.0058,24.84,67.04,1
0.4446,0.0149,24.89,67.06,1
0.308,-0.1366,24.92,67.07,1
0.2272,-0.0808,25.2,67.11,0
0.1764,-0.0508,25.46,67.15,0
0.1422,-0.0342,25.79,67.18,0
0.2502,0.108,26.03,67.22,0
0.3033,0.0531,25.94,67.23,1
0.3472,0.0438,25.91,67.25,1
0.3611,0.0139,25.86,67.26,1
0.3931,0.032,25.89,67.27,1
0.4353,0.0422,25.92,67.29,1
0.2974,-0.1378,25.85,67.3,1
0.3459,0.0485,25.82,67.31,1
0.3665,0.0207,25.85,67.32,1
0.4145,0.0479,25.89,67.34,1
0.4425,0.028,25.95,67.35,1
0.4319,-0.0105,25.94,67.37,1
0.4656,0.0337,25.63,67.34,2
0.4461,-0.0195,25.35,67.32,2
0.4291,-0.017,25.37,67.33,1
0.4277,-0.0014,25.36,67.35,1
0.4573,0.0296,25.15,67.32,2
0.4507,-0.0066,24.91,67.3,2
0.4898,0.0391,24.63,67.28,2
0.5094,0.0195,24.4,67.26,2
0.4903,-0.0191,24.19,67.24,2
0.463,-0.0272,23.99,67.22,2
0.3185,-0.1446,24.08,67.23,1
0.232,-0.0865,24.17,67.23,1
0.2846,0.0526,24.26,67.24,1
0.3525,0.0679,24.38,67.26,1
0.3575,0.005,24.44,67.27,1
0.3703,0.0128,24.47,67.28,1
0.3891,0.0188,24.67,67.3,1
0.4167,0.0276,24.71,67.31,1
0.399,-0.0177,24.77,67.33,1
0.397,-0.002,24.85,67.34,1
0.4017,0.0047,24.98,67.35,1
0.4144,0.0127,25.1,67.37,1
0.394,-0.0204,25.09,67.38,1
0.4044,0.0104,25.14,67.39,1
0.432,0.0276,25.24,67.4,1
0.4766,0.0447,24.98,67.38,2
0.4712,-0.0055,24.74,67.36,2
0.452,-0.0192,24.53,67.33,2
0.3112,-0.1408,24.6,67.34,1
0.2276,-0.0836,24.7,67.35,1
0.3123,0.0848,24.73,67.35,1
0.3757,0.0633,24.85,67.37,1
0.4225,0.0468,24.92,67.38,1
0.4635,0.041,24.63,67.36,2
0.4444,-0.0191,24.43,67.33,2
0.4496,0.0052,24.63,67.35,1
0.3106,-0.139,24.66,67.35,1
0.3505,0.0399,24.75,67.37,1
0.2438,-0.1067,24.99,67.4,0
0.3326,0.0888,25.25,67.44,0
0.4089,0.0763,25.31,67.45,1
0.2843,-0.1246,25.36,67.46,1
0.2091,-0.0752,25.64,67.49,0
0.2884,0.0793,25.84,67.52,0
0.2,-0.0884,26.05,67.55,0
0.2794,0.0794,26.3,67.58,0
0.1891,-0.0904,26.5,67.61,0
0.3083,0.1193,26.44,67.61,1
0.4135,0.1051,26.39,67.62,1
0.4029,-0.0106,26.26,67.63,1
0.4048,0.0019,26.27,67.64,1
0.2702,-0.1346,26.39,67.67,0
0.2984,0.0282,26.53,67.7,0
0.1974,-0.1009,26.61,67.73,0
0.291,0.0936,26.51,67.73,1
0.3529,0.0619,26.42,67.73,1
0.4127,0.0598,26.37,67.74,1
0.4472,0.0345,26.33,67.74,1
0.4561,0.0089,25.97,67.71,2
0.4191,-0.037,25.61,67.68,2
0.4083,-0.0109,25.63,67.69,1
0.2728,-0.1355,25.61,67.69,1
0.1937,-0.0791,25.9,67.71,0
0.1448,-0.0489,26.04,67.73,0
0.1127,-0.0321,26.26,67.75,0
0.2003,0.0876,26.38,67.78,0
0.1318,-0.0684,26.67,67.8,0
0.0927,-0.0392,26.82,67.82,0
0.2365,0.1438,26.95,67.84,0
0.1577,-0.0787,27.06,67.87,0
0.2565,0.0987,27.28,67.89,0
0.3008,0.0443,27.19,67.89,1
0.195,-0.1059,27.06,67.88,1
0.1345,-0.0604,27.29,67.9,0
0.2157,0.0812,27.41,67.92,0
0.2624,0.0467,27.53,67.95,0
0.1658,-0.0966,27.65,67.97,0
0.2346,0.0688,27.7,67.99,0
0.1489,-0.0858,27.86,68.01,0
0.2034,0.0546,27.91,68.03,0
0.2615,0.0581,28.03,68.05,0
0.1614,-0.1001,28.02,68.07,0
0.2713,0.1098,28.05,68.09,0
0.3087,0.0374,27.78,68.08,1
0.1977,-0.111,27.62,68.07,1
0.2618,0.0642,27.69,68.09,0
0.1683,-0.0935,27.75,68.11,0
0.2222,0.0539,27.89,68.13,0
0.1384,-0.0838,27.85,68.14,0
0.2341,0.0957,27.95,68.16,0
0.2856,0.0516,27.78,68.15,1
0.3036,0.0179,27.5,68.14,1
0.3361,0.0325,27.41,68.14,1
0.2163,-0.1198,27.48,68.16,0
0.2737,0.0574,27.62,68.18,0
0.1786,-0.0951,27.67,68.19,0
0.2268,0.0482,27.76,68.21,0
0.2525,0.0258,27.82,68.23,0
0.1548,-0.0977,27.88,68.24,0
0.2215,0.0667,28.03,68.26,0
0.2655,0.044,28.13,68.28,0
0.28,0.0145,28.24,68.29,0
0.3152,0.0353,28.11,68.28,1
0.1985,-0.1168,27.87,68.27,1
0.1335,-0.0649,27.93,68.28,0
0.1982,0.0647,27.96,68.29,0
0.2532,0.055,28.0,68.31,0
0.1568,-0.0964,28.13,68.32,0
0.1037,-0.0531,28.19,68.33,0
0.2006,0.0969,28.23,68.34,0
0.2467,0.0461,28.22,68.36,0
0.2986,0.052,28.0,68.35,1
0.3369,0.0383,27.8,68.34,1
0.2169,-0.12,27.89,68.35,0
0.254,0.0371,27.94,68.37,0
0.2981,0.0441,27.72,68.35,1
0.3224,0.0243,27.58,68.34,1
0.3347,0.0123,27.32,68.33,1
0.364,0.0294,27.15,68.33,1
0.238,-0.126,27.35,68.34,0
0.1661,-0.0719,27.49,68.35,0
0.2903,0.1242,27.37,68.34,1
0.3053,0.0149,27.14,68.33,1
0.3602,0.0549,27.04,68.32,1
0.2376,-0.1226,27.16,68.33,0
0.1664,-0.0713,27.32,68.35,0
0.2251,0.0587,27.38,68.36,0
0.2614,0.0363,27.5,68.38,0
0.3215,0.0601,27.43,68.37,1
0.319,-0.0025,27.29,68.35,1
0.2014,-0.1176,27.43,68.37,0
0.2405,0.0391,27.57,68.38,0
0.1508,-0.0897,27.69,68.39,0
0.2559,0.1051,27.74,68.41,0
0.1658,-0.0901,27.73,68.42,0
0.2191,0.0532,27.84,68.43,0
0.2461,0.0271,27.9,68.44,0
0.2758,0.0297,27.99,68.46,0
0.1682,-0.1077,28.11,68.47,0
0.2268,0.0586,28.16,68.48,0
0.1398,-0.0871,28.16,68.49,0
0.2243,0.0845,28.27,68.5,0
0.273,0.0487,28.3,68.51,0
0.2912,0.0182,28.08,68.5,1
0.294,0.0028,27.91,68.48,1
0.1819,-0.1121,28.04,68.49,0
0.2455,0.0637,28.13,68.5,0
0.3115,0.066,27.96,68.49,1
0.3579,0.0464,27.78,68.48,1
0.2364,-0.1216,27.97,68.49,0
0.2991,0.0627,28.07,68.5,0
0.2002,-0.0989,28.09,68.51,0
0.1426,-0.0576,28.16,68.52,0
0.2496,0.107,28.21,68.53,0
0.1678,-0.0818,28.24,68.54,0
0.1197,-0.0481,28.28,68.55,0
0.0898,-0.0299,28.22,68.55,0
0.0701,-0.0198,28.13,68.55,0
0.1912,0.1211,28.19,68.56,0
0.2542,0.063,28.4,68.57,0
0.3063,0.0521,28.14,68.56,1
0.1964,-0.1099,27.88,68.53,1
0.1345,-0.0619,27.97,68.54,0
0.2278,0.0933,28.07,68.55,0
0.2961,0.0684,27.87,68.53,1
0.3057,0.0095,27.68,68.52,1
0.3229,0.0172,27.47,68.51,1
0.328,0.0052,27.36,68.49,1
0.3419,0.0139,27.2,68.48,1
0.3843,0.0424,27.13,68.47,1
0.4384,0.0541,27.14,68.46,1
0.4211,-0.0173,26.98,68.45,1
0.4084,-0.0127,26.94,68.44,1
0.3998,-0.0086,26.86,68.44,1
0.4175,0.0178,26.77,68.43,1
0.4418,0.0243,26.67,68.42,1
0.4703,0.0285,26.23,68.38,2
0.3269,-0.1434,25.91,68.32,2
0.2411,-0.0858,26.09,68.34,0
0.3065,0.0654,26.34,68.36,0
0.3405,0.034,26.33,68.35,1
0.2321,-0.1084,26.27,68.33,1
0.169,-0.0632,26.45,68.35,0
0.2898,0.1209,26.59,68.36,0
0.202,-0.0879,26.79,68.38,0
0.2916,0.0896,26.64,68.36,1
0.1993,-0.0923,26.59,68.35,1
0.2719,0.0726,26.78,68.36,0
0.1818,-0.0901,26.94,68.37,0
0.1292,-0.0526,27.1,68.38,0
0.2217,0.0925,27.12,68.4,0
0.2628,0.0411,27.34,68.41,0
0.1664,-0.0964,27.42,68.42,0
0.1127,-0.0537,27.49,68.43,0
0.2062,0.0936,27.54,68.44,0
0.1317,-0.0745,27.63,68.45,0
0.0898,-0.0419,27.69,68.45,0
0.175,0.0852,27.83,68.46,0
0.2195,0.0445,27.93,68.48,0
0.2462,0.0267,28.02,68.49,0
0.146,-0.1002,28.08,68.5,0
0.0924,-0.0536,28.19,68.5,0
0.1777,0.0853,28.2,68.51,0
0.2511,0.0734,28.18,68.52,0
0.309,0.058,28.04,68.51,1
0.1976,-0.1115,27.81,68.49,1
0.135,-0.0625,27.91,68.49,0
0.0981,-0.0369,27.95,68.5,0
0.075,-0.0231,27.97,68.5,0
0.0596,-0.0154,28.08,68.51,0
0.0486,-0.0109,28.08,68.51,0
0.148,0.0993,28.14,68.51,0
0.2164,0.0685,28.15,68.53,0
0.2526,0.0361,28.19,68.54,0
0.2711,0.0186,28.24,68.55,0
0.28,0.0088,28.3,68.56,0
0.3003,0.0203,28.15,68.55,1
0.1867,-0.1136,28.06,68.53,1
0.1248,-0.0619,28.21,68.53,0
0.0896,-0.0352,28.18,68.53,0
0.1734,0.0837,28.25,68.54,0
0.2573,0.0839,28.26,68.55,0
0.1624,-0.0949,28.29,68.56,0
0.1096,-0.0528,28.32,68.57,0
0.2137,0.1041,28.37,68.58,0
0.1376,-0.0761,28.32,68.58,0
0.0944,-0.0432,28.32,68.58,0
0.0685,-0.0258,28.32,68.59,0
0.0522,-0.0164,28.39,68.59,0
0.1636,0.1115,28.37,68.59,0
0.2387,0.0751,28.35,68.6,0
0.2786,0.0398,28.41,68.61,0
0.3045,0.0259,28.27,68.6,1
0.3373,0.0328,28.06,68.58,1
0.2181,-0.1192,28.11,68.59,0
0.2787,0.0606,28.19,68.6,0
0.3405,0.0619,28.04,68.59,1
0.3582,0.0177,27.79,68.58,1
0.3747,0.0165,27.65,68.56,1
0.3685,-0.0062,27.53,68.55,1
0.2455,-0.123,27.6,68.56,0
0.1756,-0.0699,27.66,68.57,0
0.1336,-0.042,27.68,68.57,0
0.2416,0.108,27.69,68.58,0
0.1659,-0.0756,27.72,68.59,0
0.2491,0.0832,27.87,68.6,0
0.166,-0.0831,28.03,68.61,0
0.2258,0.0597,28.04,68.62,0
0.2531,0.0273,28.04,68.63,0
0.1567,-0.0964,28.09,68.63,0
0.1041,-0.0526,28.17,68.64,0
0.0741,-0.03,28.17,68.64,0
0.056,-0.0181,28.11,68.64,0
0.1769,0.1208,28.2,68.64,0
0.1123,-0.0645,28.22,68.65,0
0.2037,0.0914,28.28,68.65,0
0.127,-0.0767,28.31,68.66,0
0.1944,0.0674,28.37,68.66,0
0.2815,0.087,28.14,68.64,1
0.3099,0.0284,27.96,68.63,1
0.3234,0.0135,27.76,68.61,1
0.3481,0.0248,27.51,68.59,1
0.3421,-0.006,27.46,68.58,1
0.2209,-0.1212,27.53,68.59,0
0.1529,-0.068,27.59,68.6,0
0.1128,-0.0401,27.73,68.6,0
0.2001,0.0873,27.82,68.61,0
0.1306,-0.0694,27.93,68.61,0
0.0915,-0.0391,27.96,68.61,0
0.0683,-0.0233,27.91,68.61,0
0.1735,0.1053,27.94,68.62,0
0.1095,-0.064,27.94,68.62,0
0.0741,-0.0354,28.04,68.63,0
0.1585,0.0844,28.1,68.63,0
0.0949,-0.0637,28.18,68.63,0
0.1657,0.0709,28.2,68.64,0
0.2256,0.0599,28.23,68.65,0
0.1332,-0.0924,28.19,68.65,0
0.1863,0.053,28.24,68.66,0
0.2195,0.0332,28.36,68.67,0
0.1262,-0.0932,28.41,68.67,0
0.077,-0.0492,28.39,68.67,0
0.0503,-0.0267,28.37,68.67,0
0.0352,-0.0151,28.49,68.67,0
0.1386,0.1035,28.5,68.67,0
0.2106,0.072,28.56,68.68,0
0.2492,0.0386,28.65,68.69,0
0.2795,0.0302,28.67,68.7,0
0.1722,-0.1073,28.64,68.7,0
0.2541,0.0819,28.61,68.71,0
0.1632,-0.0908,28.53,68.71,0
0.1122,-0.051,28.56,68.71,0
0.0821,-0.0302,28.57,68.71,0
0.0631,-0.0189,28.58,68.71,0
0.0504,-0.0127,28.53,68.71,0
0.1539,0.1035,28.59,68.72,0
0.0946,-0.0593,28.6,68.72,0
0.1798,0.0852,28.68,68.72,0
0.2359,0.0562,28.71,68.73,0
0.2687,0.0328,28.68,68.74,0
0.1665,-0.1022,28.64,68.74,0
0.2588,0.0923,28.71,68.75,0
0.1683,-0.0906,28.77,68.75,0
0.1172,-0.0511,28.77,68.75,0
0.2342,0.1171,28.83,68.76,0
0.1554,-0.0788,28.87,68.76,0
0.1098,-0.0457,28.82,68.76,0
0.2193,0.1095,28.87,68.77,0
0.2737,0.0544,28.85,68.78,0
0.1746,-0.0991,28.89,68.78,0
0.1186,-0.056,28.82,68.78,0
0.2079,0.0893,28.85,68.78,0
0.2846,0.0767,28.59,68.76,1
0.1845,-0.1001,28.32,68.74,1
0.2355,0.051,28.36,68.74,0
0.2776,0.0421,28.39,68.75,0
0.1766,-0.101,28.37,68.76,0
0.2307,0.0541,28.39,68.76,0
0.1463,-0.0844,28.48,68.77,0
0.0996,-0.0466,28.51,68.76,0
0.1951,0.0955,28.57,68.77,0
0.2474,0.0522,28.66,68.78,0
0.1537,-0.0936,28.7,68.78,0
0.1023,-0.0514,28.64,68.78,0
0.1952,0.093,28.68,68.78,0
0.2827,0.0874,28.38,68.76,1
0.3232,0.0405,28.31,68.74,1
0.2084,-0.1148,28.28,68.75,0
0.1432,-0.0652,28.29,68.75,0
0.1042,-0.039,28.36,68.75,0
0.2019,0.0977,28.51,68.75,0
0.2482,0.0464,28.55,68.76,0
0.1552,-0.0931,28.51,68.76,0
0.1037,-0.0514,28.58,68.76,0
0.074,-0.0298,28.63,68.76,0
0.0557,-0.0182,28.65,68.76,0
0.1513,0.0956,28.68,68.76,0
0.0915,-0.0598,28.66,68.76,0
0.1742,0.0827,28.66,68.77,0
0.2506,0.0764,28.67,68.77,0
0.2897,0.0391,28.45,68.75,1
0.1816,-0.1081,28.21,68.73,1
0.122,-0.0597,28.32,68.73,0
0.25,0.128,28.33,68.74,0
0.2832,0.0333,28.16,68.71,1
0.1825,-0.1008,27.98,68.69,1
0.2631,0.0807,28.07,68.7,0
0.3017,0.0386,28.12,68.71,0
0.3067,0.005,27.95,68.69,1
0.1943,-0.1124,27.73,68.67,1
0.2342,0.0399,27.84,68.68,0
0.1471,-0.0871,27.86,68.68,0
0.2115,0.0644,27.93,68.69,0
0.1312,-0.0803,27.98,68.69,0
0.0871,-0.0441,28.01,68.69,0
0.1793,0.0922,28.04,68.69,0
0.1105,-0.0688,28.02,68.7,0
0.0728,-0.0377,28.09,68.7,0
0.0512,-0.0216,28.13,68.69,0
0.1956,0.1444,28.27,68.7,0
0.274,0.0784,28.36,68.71,0
0.3033,0.0293,28.18,68.69,1
0.1947,-0.1087,27.93,68.67,1
0.1337,-0.0609,28.02,68.67,0
0.0978,-0.0359,28.01,68.67,0
0.0753,-0.0225,28.1,68.67,0
0.1927,0.1174,28.14,68.68,0
0.2865,0.0938,27.99,68.66,1
0.1877,-0.0989,27.82,68.64,1
0.1311,-0.0566,27.95,68.64,0
0.0969,-0.0342,27.97,68.64,0
0.2099,0.113,27.98,68.65,0
0.3014,0.0914,27.78,68.63,1
0.3209,0.0195,27.67,68.61,1
0.3209,0.0,27.56,68.6,1
0.2044,-0.1164,27.75,68.61,0
0.1391,-0.0653,27.8,68.61,0
0.1007,-0.0385,27.87,68.61,0
0.0766,-0.024,27.99,68.62,0
0.0606,-0.016,27.99,68.62,0
0.1868,0.1262,28.04,68.62,0
0.2549,0.0681,28.07,68.63,0
0.2853,0.0304,27.83,68.62,1
0.1794,-0.1059,27.54,68.59,1
0.2281,0.0487,27.66,68.6,0
0.2655,0.0374,27.86,68.61,0
0.2746,0.0091,27.89,68.62,0
0.1683,-0.1063,27.94,68.63,0
0.2207,0.0524,28.02,68.64,0
0.1362,-0.0845,28.1,68.64,0
0.2127,0.0765,28.17,68.65,0
0.2602,0.0475,28.18,68.66,0
0.2925,0.0323,27.97,68.64,1
0.3098,0.0173,27.76,68.62,1
0.1981,-0.1117,27.9,68.63,0
0.2793,0.0812,28.0,68.64,0
0.3152,0.0359,27.82,68.63,1
0.339,0.0238,27.52,68.61,1
0.3331,-0.0059,27.4,68.6,1
0.3246,-0.0085,27.28,68.58,1
0.3349,0.0103,27.11,68.56,1
0.3581,0.0231,26.98,68.55,1
0.3748,0.0167,26.83,68.54,1
0.3609,-0.0139,26.71,68.53,1
0.3698,0.0089,26.63,68.51,1
0.3803,0.0104,26.57,68.5,1
0.4107,0.0304,26.5,68.49,1
0.2796,-0.1311,26.64,68.51,0
0.2036,-0.076,26.76,68.52,0
0.2718,0.0682,26.9,68.53,0
0.188,-0.0838,27.07,68.54,0
0.1389,-0.0491,27.16,68.55,0
0.1083,-0.0306,27.26,68.55,0
0.1903,0.082,27.5,68.56,0
0.1252,-0.0651,27.56,68.56,0
0.0887,-0.0365,27.62,68.57,0
0.0672,-0.0216,27.67,68.57,0
0.1635,0.0964,27.82,68.58,0
0.1023,-0.0613,27.91,68.58,0
0.0689,-0.0333,27.93,68.58,0
0.1624,0.0935,27.94,68.59,0
0.226,0.0636,28.01,68.6,0
0.1373,-0.0887,28.05,68.6,0
0.2045,0.0672,28.1,68.61,0
0.2632,0.0587,28.26,68.62,0
0.1626,-0.1006,28.29,68.63,0
0.2498,0.0872,28.4,68.64,0
0.1595,-0.0903,28.44,68.64,0
0.1083,-0.0511,28.51,68.64,0
0.2354,0.1271,28.52,68.65,0
0.1547,-0.0807,28.63,68.66,0
0.2376,0.0829,28.64,68.67,0
0.2967,0.059,28.35,68.65,1
0.1898,-0.1068,28.18,68.63,1
0.1289,-0.061,28.18,68.63,0
0.1998,0.0709,28.19,68.64,0
0.2461,0.0463,28.24,68.65,0
0.3028,0.0567,28.03,68.63,1
0.3347,0.0319,27.8,68.61,1
0.3603,0.0256,27.69,68.6,1
0.2346,-0.1257,27.78,68.61,0
0.3153,0.0807,27.84,68.62,0
0.3584,0.0431,27.83,68.61,1
0.2409,-0.1175,27.73,68.59,1
0.3049,0.064,27.53,68.57,1
0.2061,-0.0988,27.67,68.58,0
0.1481,-0.058,27.69,68.59,0
0.112,-0.0361,27.82,68.59,0
0.2055,0.0936,27.87,68.6,0
0.2791,0.0736,28.06,68.61,0
0.1827,-0.0964,28.13,68.62,0
0.2782,0.0955,28.22,68.63,0
0.3388,0.0606,28.1,68.61,1
0.2253,-0.1135,27.8,68.59,1
0.3018,0.0766,27.66,68.57,1
0.3366,0.0348,27.54,68.56,1
0.223,-0.1136,27.57,68.57,0
0.2673,0.0443,27.62,68.58,0
0.1751,-0.0922,27.63,68.59,0
0.2473,0.0722,27.78,68.6,0
0.1604,-0.0869,27.84,68.61,0
0.111,-0.0495,27.83,68.61,0
0.0813,-0.0297,27.88,68.61,0
0.0623,-0.0189,27.94,68.61,0
0.1945,0.1322,28.05,68.62,0
0.1263,-0.0682,28.12,68.62,0
0.1946,0.0684,28.22,68.63,0
0.2399,0.0453,28.26,68.64,0
0.2828,0.0429,28.0,68.62,1
0.1747,-0.1081,27.79,68.6,1
0.1152,-0.0596,27.8,68.6,0
0.2084,0.0932,27.8,68.61,0
0.2629,0.0545,27.91,68.62,0
0.2921,0.0293,27.64,68.6,1
0.1831,-0.109,27.41,68.58,1
0.2402,0.057,27.54,68.59,0
0.302,0.0618,27.64,68.6,0
0.3305,0.0285,27.53,68.59,1
0.2138,-0.1167,27.39,68.57,1
0.3078,0.094,27.32,68.55,1
0.3366,0.0287,27.22,68.54,1
0.2221,-0.1145,27.37,68.55,0
0.1561,-0.0661,27.43,68.55,0
0.2683,0.1122,27.58,68.57,0
0.3178,0.0495,27.36,68.55,1
0.3571,0.0394,27.23,68.54,1
0.3487,-0.0084,27.11,68.52,1
0.2262,-0.1226,27.21,68.54,0
0.1562,-0.0699,27.27,68.54,0
0.2341,0.0779,27.29,68.55,0
0.1533,-0.0809,27.35,68.56,0
0.1068,-0.0464,27.44,68.56,0
0.0787,-0.0281,27.61,68.57,0
0.0606,-0.0181,27.64,68.57,0
0.1507,0.0901,27.73,68.57,0
0.0912,-0.0595,27.83,68.58,0
0.189,0.0978,27.8,68.59,0
0.2749,0.0859,28.02,68.6,0
0.1734,-0.1015,28.09,68.6,0
0.2564,0.083,28.12,68.62,0
0.1647,-0.0916,28.23,68.62,0
0.1124,-0.0524,28.26,68.62,0
0.2359,0.1235,28.34,68.63,0
0.1548,-0.0811,28.42,68.64,0
0.1074,-0.0474,28.41,68.64,0
0.2308,0.1233,28.43,68.65,0
0.1512,-0.0796,28.33,68.65,0
0.2522,0.101,28.35,68.66,0
0.3251,0.073,28.18,68.65,1
0.3499,0.0248,28.0,68.63,1
0.3801,0.0302,27.86,68.62,1
0.3952,0.0151,27.77,68.61,1
0.4183,0.0231,27.78,68.59,1
0.433,0.0148,27.61,68.58,1
0.2945,-0.1386,27.42,68.57,1
0.3502,0.0557,27.18,68.55,1
0.3797,0.0295,27.03,68.54,1
0.2585,-0.1212,27.13,68.55,0
0.187,-0.0714,27.19,68.56,0
0.1423,-0.0447,27.33,68.57,0
0.1126,-0.0298,27.48,68.57,0
0.2065,0.0939,27.56,68.58,0
0.1378,-0.0687,27.58,68.59,0
0.0982,-0.0396,27.72,68.59,0
0.2341,0.1359,27.74,68.6,0
0.1564,-0.0777,27.87,68.6,0
0.281,0.1245,27.74,68.59,1
0.1888,-0.0922,27.58,68.56,1
0.134,-0.0547,27.61,68.57,0
0.2171,0.0831,27.63,68.58,0
0.1407,-0.0764,27.67,68.58,0
0.2243,0.0836,27.76,68.59,0
0.1422,-0.0821,27.78,68.6,0
0.0958,-0.0465,27.78,68.6,0
0.1956,0.0999,27.8,68.61,0
0.2464,0.0507,27.99,68.62,0
0.2768,0.0304,28.01,68.63,0
0.289,0.0122,27.85,68.61,1
0.3323,0.0433,27.64,68.6,1
0.3512,0.0188,27.52,68.58,1
0.4126,0.0614,27.48,68.57,1
0.2752,-0.1375,27.62,68.58,0
0.1945,-0.0806,27.75,68.59,0
0.247,0.0525,27.87,68.6,0
0.2751,0.0281,28.06,68.61,0
0.3212,0.0461,27.96,68.6,1
0.3471,0.026,27.72,68.58,1
0.3867,0.0396,27.47,68.57,1
0.2561,-0.1307,27.53,68.58,0
0.1803,-0.0758,27.54,68.59,0
0.2788,0.0986,27.62,68.6,0
0.1896,-0.0893,27.74,68.61,0
0.1364,-0.0531,27.8,68.61,0
0.2179,0.0815,27.94,68.62,0
0.2864,0.0685,27.8,68.6,1
0.1857,-0.1007,27.59,68.58,1
0.2384,0.0527,27.63,68.59,0
0.2931,0.0547,27.85,68.61,0
0.3016,0.0085,27.62,68.59,1
0.3182,0.0167,27.47,68.57,1
0.4041,0.0859,27.36,68.56,1
0.4139,0.0097,27.29,68.55,1
0.4074,-0.0065,27.2,68.54,1
0.4126,0.0052,27.05,68.53,1
0.2786,-0.134,27.19,68.54,0
0.3355,0.0569,27.35,68.56,0
0.3628,0.0273,27.2,68.55,1
0.2456,-0.1172,27.02,68.53,1
0.2974,0.0517,26.93,68.51,1
0.33,0.0326,26.88,68.5,1
0.3668,0.0368,26.77,68.49,1
0.3926,0.0258,26.66,68.48,1
0.4051,0.0125,26.63,68.47,1
0.4387,0.0337,26.56,68.46,1
0.4744,0.0357,26.22,68.41,2
0.4726,-0.0018,25.9,68.37,2
0.3289,-0.1438,25.85,68.36,1
0.3653,0.0364,25.83,68.35,1
0.4037,0.0385,25.81,68.34,1
0.2798,-0.1239,26.13,68.36,0
0.2059,-0.0738,26.26,68.37,0
0.3142,0.1082,26.14,68.36,1
0.3696,0.0554,26.07,68.35,1
0.3821,0.0126,25.97,68.34,1
0.3848,0.0027,26.01,68.34,1
0.4235,0.0387,26.03,68.33,1
0.2892,-0.1343,25.99,68.32,1
0.3701,0.0809,25.95,68.31,1
0.2587,-0.1114,26.16,68.33,0
0.1911,-0.0676,26.32,68.34,0
0.1476,-0.0435,26.45,68.35,0
0.2677,0.1202,26.65,68.37,0
0.3311,0.0634,26.62,68.36,1
0.3413,0.0102,26.52,68.35,1
0.3826,0.0413,26.42,68.34,1
0.4236,0.041,26.32,68.33,1
0.4065,-0.0171,26.3,68.33,1
0.3898,-0.0167,26.36,68.32,1
0.3986,0.0088,26.34,68.31,1
0.4158,0.0173,26.3,68.31,1
0.408,-0.0078,26.3,68.3,1
0.4209,0.0129,26.32,68.3,1
0.4289,0.008,26.28,68.29,1
0.4358,0.0069,26.12,68.29,1
0.4399,0.004,26.1,68.29,1
0.4327,-0.0072,26.1,68.28,1
0.4726,0.04,25.74,68.24,2
0.4962,0.0236,25.43,68.2,2
0.4767,-0.0196,25.13,68.16,2
0.448,-0.0287,25.25,68.16,1
0.4446,-0.0034,25.34,68.16,1
0.4549,0.0103,25.02,68.12,2
0.4995,0.0446,24.76,68.08,2
0.4944,-0.0051,24.5,68.04,2
0.5348,0.0404,24.35,68.01,2
0.5488,0.014,24.18,67.98,2
0.3915,-0.1573,24.32,67.98,1
0.4119,0.0204,24.42,67.98,1
0.2946,-0.1173,24.62,67.97,1
0.4022,0.1076,24.69,67.97,1
0.4217,0.0195,24.68,67.97,1
0.4197,-0.002,24.8,67.98,1
0.4284,0.0087,24.91,67.98,1
0.4325,0.0041,25.01,67.98,1
0.4172,-0.0153,25.12,67.98,1
0.4135,-0.0038,25.26,67.98,1
0.4382,0.0247,25.36,67.98,1
0.4361,-0.0021,25.34,67.99,1
0.4334,-0.0026,25.37,67.99,1
0.4484,0.015,25.46,67.99,1
0.3083,-0.1401,25.55,67.99,1
0.3353,0.0269,25.53,67.98,1
0.3661,0.0309,25.59,67.98,1
0.3737,0.0075,25.59,67.98,1
0.387,0.0133,25.64,67.98,1
0.3955,0.0085,25.72,67.98,1
0.3993,0.0038,25.74,67.98,1
0.2691,-0.1303,25.93,68.01,0
0.3087,0.0396,26.25,68.03,0
0.3915,0.0828,26.24,68.03,1
0.4222,0.0307,26.21,68.03,1
0.4188,-0.0034,26.21,68.03,1
0.4516,0.0328,25.84,67.99,2
0.475,0.0235,25.61,67.96,2
0.509,0.034,25.42,67.92,2
0.5209,0.0119,25.2,67.89,2
0.537,0.0161,24.96,67.86,2
0.534,-0.0031,24.77,67.83,2
0.3786,-0.1554,24.96,67.83,1
0.4332,0.0545,24.99,67.84,1
0.4561,0.0229,24.72,67.8,2
0.4461,-0.01,24.45,67.77,2
0.4254,-0.0207,24.59,67.77,1
0.4425,0.0171,24.83,67.78,1
0.4896,0.0471,24.62,67.75,2
0.4843,-0.0054,24.43,67.72,2
0.478,-0.0062,24.25,67.69,2
0.4795,0.0015,24.09,67.66,2
0.4847,0.0052,23.92,67.63,2
0.5204,0.0357,23.8,67.6,2
0.5137,-0.0067,23.71,67.58,2
0.497,-0.0167,23.61,67.55,2
0.4948,-0.0022,23.57,67.52,2
0.4668,-0.028,23.42,67.5,2
0.3266,-0.1402,23.57,67.5,1
0.2431,-0.0835,23.66,67.51,1
0.3376,0.0945,23.88,67.51,1
0.3788,0.0412,24.03,67.52,1
0.4107,0.032,24.1,67.53,1
0.4366,0.0258,24.3,67.54,1
0.4302,-0.0064,24.41,67.55,1
0.4448,0.0146,24.59,67.56,1
0.4484,0.0036,24.72,67.58,1
0.4584,0.01,24.45,67.55,2
0.4499,-0.0084,24.18,67.52,2
0.4417,-0.0082,24.32,67.53,1
0.4505,0.0088,24.49,67.54,1
0.4851,0.0345,24.28,67.52,2
0.5345,0.0494,24.15,67.49,2
0.3788,-0.1557,24.22,67.5,1
0.4231,0.0443,24.41,67.51,1
0.4172,-0.0059,24.54,67.52,1
0.44,0.0229,24.62,67.53,1
0.4737,0.0336,24.37,67.51,2
0.4696,-0.004,24.17,67.48,2
0.5102,0.0406,23.94,67.46,2
0.5091,-0.0011,23.86,67.43,2
0.5038,-0.0054,23.72,67.41,2
0.497,-0.0068,23.59,67.39,2
0.3493,-0.1477,23.73,67.4,1
0.26,-0.0893,23.94,67.4,1
0.3274,0.0675,24.08,67.41,1
0.4162,0.0888,24.16,67.42,1
0.4952,0.079,24.01,67.4,2
0.5043,0.0091,23.96,67.38,2
0.5217,0.0174,23.9,67.35,2
0.4885,-0.0332,23.78,67.33,2
0.4749,-0.0136,23.59,67.31,2
0.4519,-0.023,23.48,67.28,2
0.449,-0.0029,23.68,67.3,1
0.4772,0.0282,23.89,67.32,1
0.4713,-0.0059,23.8,67.3,2
0.4767,0.0054,23.79,67.27,2
0.4535,-0.0233,23.69,67.25,2
0.493,0.0396,23.59,67.23,2
0.5164,0.0234,23.44,67.21,2
0.5227,0.0062,23.34,67.19,2
0.5353,0.0126,23.33,67.18,2
0.5274,-0.0078,23.31,67.16,2
0.4899,-0.0376,23.2,67.14,2
0.5017,0.0118,23.23,67.12,2
0.5211,0.0195,23.24,67.11,2
0.5401,0.019,23.22,67.09,2
0.3862,-0.1539,23.47,67.11,1
0.4516,0.0654,23.62,67.13,1
0.5352,0.0836,23.51,67.11,2
0.5355,0.0003,23.44,67.1,2
0.5304,-0.0052,23.36,67.08,2
0.5373,0.0069,23.28,67.07,2
0.5219,-0.0154,23.22,67.05,2
0.5021,-0.0198,23.1,67.04,2
0.5352,0.0331,23.02,67.02,2
0.5786,0.0434,22.93,67.01,2
0.5419,-0.0368,22.9,67.0,2
0.5452,0.0033,23.0,66.99,2
0.5267,-0.0185,22.92,66.97,2
0.5022,-0.0246,22.79,66.96,2
0.3529,-0.1493,22.94,66.98,1
0.3848,0.032,23.2,67.0,1
0.408,0.0232,23.43,67.02,1
0.4491,0.0411,23.65,67.04,1
0.4558,0.0067,23.53,67.02,2
0.4865,0.0307,23.4,67.0,2
0.53,0.0435,23.35,66.99,2
0.3732,-0.1568,23.55,67.01,1
0.4466,0.0734,23.75,67.03,1
0.4525,0.0059,23.61,67.01,2
0.4863,0.0338,23.52,67.0,2
0.5386,0.0522,23.45,66.99,2
0.5833,0.0447,23.31,66.97,2
0.5889,0.0057,23.19,66.96,2
0.5565,-0.0325,23.08,66.95,2
0.566,0.0095,23.03,66.94,2
0.534,-0.032,23.0,66.93,2
0.5381,0.0041,22.98,66.92,2
0.5491,0.011,22.92,66.91,2
0.5851,0.036,22.96,66.9,2
0.5635,-0.0216,22.93,66.89,2
0.5187,-0.0448,22.9,66.88,2
0.542,0.0233,22.89,66.87,2
0.5695,0.0275,22.93,66.86,2
0.5896,0.0201,22.89,66.85,2
0.6413,0.0517,22.84,66.85,2
0.4646,-0.1766,22.87,66.83,2
0.4647,0.0,22.73,66.82,2
0.516,0.0513,22.68,66.81,2
0.5047,-0.0113,22.66,66.8,2
0.5015,-0.0033,22.65,66.79,2
0.4831,-0.0184,22.64,66.77,2
0.5024,0.0193,22.64,66.76,2
0.4833,-0.0191,22.72,66.75,2
0.5119,0.0286,22.68,66.74,2
0.5298,0.0179,22.64,66.73,2
0.5775,0.0477,22.65,66.73,2
0.594,0.0164,22.77,66.72,2
0.5973,0.0033,22.68,66.72,2
0.5457,-0.0516,22.76,66.71,2
0.5079,-0.0378,22.77,66.7,2
0.5364,0.0285,22.75,66.7,2
0.5896,0.0531,22.8,66.69,2
0.6123,0.0228,22.77,66.69,2
0.6149,0.0026,22.68,66.69,2
0.6178,0.003,22.76,66.68,2
0.6236,0.0058,22.79,66.68,2
0.6278,0.0042,22.73,66.68,2
0.63,0.0021,22.75,66.68,2
0.6452,0.0152,22.75,66.67,2
0.653,0.0078,22.78,66.67,2
0.6293,-0.0237,22.74,66.67,2
0.6146,-0.0147,22.66,66.67,2
0.6212,0.0067,22.69,66.67,2
0.6053,-0.016,22.56,66.66,2
0.587,-0.0183,22.56,66.66,2
0.5661,-0.0209,22.6,66.65,2
0.5814,0.0153,22.63,66.65,2
0.5962,0.0147,22.59,66.65,2
0.5942,-0.002,22.65,66.64,2
0.5998,0.0056,22.64,66.64,2
0.6165,0.0167,22.71,66.64,2
0.6486,0.0321,22.68,66.64,2
0.6096,-0.039,22.68,66.64,2
0.5656,-0.044,22.65,66.63,2
0.5618,-0.0038,22.66,66.63,2
0.5596,-0.0022,22.79,66.62,2
0.5606,0.001,22.8,66.62,2
0.5508,-0.0098,22.67,66.61,2
0.5914,0.0406,22.68,66.61,2
0.5701,-0.0213,22.63,66.61,2
0.5852,0.0151,22.66,66.6,2
0.5963,0.0111,22.66,66.6,2
0.6055,0.0091,22.62,66.6,2
0.5964,-0.009,22.55,66.6,2
0.5755,-0.021,22.59,66.6,2
0.5753,-0.0002,22.59,66.59,2
0.5599,-0.0154,22.63,66.59,2
0.6046,0.0447,22.68,66.59,2
0.6058,0.0012,22.69,66.59,2
0.4379,-0.1679,23.02,66.62,1
0.4872,0.0493,23.31,66.65,1
0.4915,0.0042,23.22,66.64,2
0.5532,0.0618,23.12,66.63,2
0.5864,0.0332,23.01,66.63,2
0.5544,-0.032,23.03,66.63,2
0.561,0.0066,23.03,66.62,2
0.5587,-0.0023,22.93,66.62,2
0.5834,0.0247,22.85,66.61,2
0.5909,0.0075,22.85,66.61,2
0.5948,0.0039,22.78,66.61,2
0.5993,0.0045,22.8,66.61,2
0.6106,0.0112,22.79,66.6,2
0.639,0.0284,22.87,66.6,2
0.626,-0.0129,22.9,66.6,2
0.6449,0.0188,22.91,66.6,2
0.6155,-0.0294,22.9,66.6,2
0.6496,0.0342,22.87,66.6,2
0.6444,-0.0052,22.98,66.6,2
0.5899,-0.0545,22.89,66.6,2
0.5921,0.0022,22.86,66.6,2
0.6373,0.0453,22.9,66.6,2
0.6239,-0.0134,22.88,66.6,2
0.6323,0.0083,22.86,66.6,2
0.6213,-0.011,22.84,66.6,2
0.6113,-0.01,22.86,66.59,2
0.6395,0.0282,22.84,66.59,2
0.6297,-0.0098,22.87,66.59,2
0.595,-0.0347,22.82,66.59,2
0.5807,-0.0143,22.91,66.59,2
0.5776,-0.003,22.93,66.59,2
0.5889,0.0113,22.98,66.58,2
0.6124,0.0235,22.94,66.58,2
0.6113,-0.0012,22.89,66.58,2
0.6611,0.0498,22.87,66.58,2
0.6726,0.0115,22.9,66.59,2
0.6319,-0.0407,22.92,66.59,2
0.6405,0.0086,23.0,66.59,2
0.6174,-0.0231,22.88,66.58,2
0.636,0.0186,22.86,66.58,2
0.6291,-0.0069,22.92,66.58,2
0.6605,0.0314,22.96,66.59,2
0.664,0.0035,22.97,66.59,2
0.6565,-0.0075,23.05,66.59,2
0.6845,0.028,22.98,66.59,2
0.6765,-0.008,22.95,66.59,2
0.699,0.0225,22.93,66.6,2
0.6311,-0.068,22.9,66.6,2
0.6092,-0.0218,22.89,66.59,2
0.5795,-0.0297,22.92,66.59,2
0.5962,0.0167,22.9,66.59,2
0.6183,0.0221,22.9,66.59,2
0.644,0.0257,22.88,66.59,2
0.6727,0.0286,22.8,66.59,2
0.6699,-0.0027,22.82,66.59,2
0.668,-0.0019,22.82,66.59,2
0.7015,0.0335,22.83,66.6,2
0.719,0.0175,22.82,66.6,2
0.7346,0.0156,22.86,66.61,2
0.7369,0.0023,22.9,66.61,2
0.7506,0.0136,22.89,66.62,2
0.7738,0.0232,22.9,66.62,2
0.8014,0.0276,22.8,66.63,2
0.799,-0.0024,22.8,66.64,2
0.7355,-0.0635,22.77,66.64,2
0.749,0.0135,22.78,66.65,2
0.7303,-0.0187,22.87,66.65,2
0.7358,0.0054,22.86,66.65,2
0.7116,-0.0242,22.84,66.66,2
0.7017,-0.0099,22.9,66.66,2
0.712,0.0102,22.91,66.66,2
0.6703,-0.0417,22.99,66.66,2
0.6369,-0.0334,22.95,66.66,2
0.6735,0.0366,22.93,66.66,2
0.6716,-0.0019,22.91,66.66,2
0.6512,-0.0204,22.88,66.66,2
0.6158,-0.0353,22.87,66.66,2
0.6222,0.0063,22.91,66.66,2
0.6441,0.0219,22.93,66.65,2
0.6772,0.0332,22.95,66.65,2
0.6875,0.0103,22.96,66.66,2
0.6907,0.0032,22.95,66.66,2
0.6911,0.0004,22.99,66.66,2
0.7178,0.0267,22.95,66.66,2
0.7477,0.0299,22.88,66.67,2
0.7516,0.0039,22.87,66.67,2
0.744,-0.0076,22.89,66.67,2
0.7415,-0.0024,22.95,66.68,2
0.6678,-0.0737,22.92,66.68,2
0.6154,-0.0524,22.79,66.67,2
0.6072,-0.0082,22.8,66.67,2
0.6248,0.0176,22.74,66.67,2
0.6676,0.0428,22.74,66.67,2
0.6316,-0.036,22.75,66.67,2
0.6676,0.036,22.82,66.67,2
0.6966,0.0291,22.79,66.67,2
0.7172,0.0206,22.77,66.67,2
0.6693,-0.0478,22.81,66.67,2
0.6027,-0.0666,22.91,66.67,2
0.5761,-0.0266,23.02,66.66,2
0.5695,-0.0065,22.91,66.66,2
0.6066,0.037,22.89,66.66,2
0.6086,0.002,22.88,66.65,2
0.6476,0.039,22.91,66.65,2
0.654,0.0064,22.92,66.65,2
0.6739,0.0199,22.84,66.65,2
0.6096,-0.0643,22.85,66.65,2
0.608,-0.0015,22.8,66.65,2
0.5951,-0.0129,22.76,66.64,2
0.6316,0.0364,22.71,66.64,2
0.6473,0.0157,22.72,66.64,2
0.6818,0.0345,22.76,66.64,2
0.7148,0.033,22.8,66.65,2
0.7257,0.0108,22.91,66.65,2
0.7334,0.0077,22.92,66.65,2
0.7459,0.0124,22.94,66.66,2
0.7188,-0.0271,23.01,66.66,2
0.6981,-0.0207,22.9,66.66,2
0.712,0.0139,22.95,66.66,2
0.6805,-0.0315,22.94,66.67,2
0.7006,0.02,22.94,66.67,2
0.7403,0.0398,22.97,66.67,2
0.7054,-0.0349,23.06,66.67,2
0.6931,-0.0124,23.07,66.67,2
0.7204,0.0273,23.12,66.68,2
0.7206,0.0002,23.12,66.68,2
0.702,-0.0187,23.09,66.68,2
0.7355,0.0335,23.12,66.68,2
0.7169,-0.0186,23.1,66.69,2
0.7335,0.0166,23.03,66.69,2
0.7309,-0.0026,23.02,66.69,2
0.7296,-0.0013,23.13,66.69,2
0.6822,-0.0474,23.05,66.69,2
0.6953,0.0131,23.1,66.7,2
0.7268,0.0315,23.03,66.7,2
0.7117,-0.0151,22.91,66.7,2
0.7282,0.0165,22.87,66.7,2
0.7392,0.011,22.95,66.7,2
0.7333,-0.0058,22.95,66.71,2
0.7502,0.0169,23.0,66.71,2
0.7636,0.0133,22.98,66.71,2
0.776,0.0125,22.98,66.72,2
0.7774,0.0014,22.98,66.72,2
0.7389,-0.0385,22.99,66.73,2
0.7448,0.006,23.07,66.73,2
0.7378,-0.007,23.01,66.73,2
0.6819,-0.056,22.97,66.73,2
0.6972,0.0153,22.94,66.73,2
0.6977,0.0005,22.9,66.73,2
0.7118,0.0141,22.92,66.73,2
0.6586,-0.0532,22.94,66.73,2
0.6673,0.0086,22.97,66.73,2
0.6894,0.0222,23.0,66.73,2
0.6603,-0.0291,23.0,66.73,2
0.6907,0.0304,22.98,66.73,2
0.6999,0.0091,22.98,66.73,2
0.7027,0.0028,22.91,66.73,2
0.7318,0.0291,22.96,66.73,2
0.7633,0.0315,22.93,66.73,2
0.74,-0.0233,22.93,66.74,2
0.6978,-0.0422,23.01,66.74,2
0.7163,0.0186,22.96,66.74,2
0.7082,-0.0081,23.0,66.74,2
0.7083,0.0001,23.01,66.74,2
0.714,0.0057,22.95,66.74,2
0.7084,-0.0055,23.0,66.74,2
0.7134,0.005,23.03,66.74,2
0.7093,-0.0041,22.98,66.74,2
0.6749,-0.0344,23.0,66.74,2
0.6618,-0.0131,22.99,66.74,2
0.6871,0.0253,22.91,66.74,2
0.677,-0.0101,22.95,66.74,2
0.6589,-0.0181,22.99,66.74,2
0.6946,0.0357,22.97,66.74,2
0.6979,0.0033,23.02,66.74,2
0.7328,0.0349,23.01,66.74,2
0.7328,0.0001,22.98,66.74,2
0.733,0.0002,22.97,66.74,2
0.7007,-0.0323,23.02,66.74,2
0.7213,0.0205,22.98,66.74,2
0.6769,-0.0444,23.03,66.74,2
0.6784,0.0015,23.01,66.74,2
0.6996,0.0212,22.99,66.74,2
0.72,0.0204,22.99,66.74,2
0.7416,0.0216,22.96,66.74,2
0.75,0.0084,22.98,66.75,2
0.7122,-0.0378,23.02,66.75,2
0.6981,-0.0141,22.98,66.75,2
0.6824,-0.0158,23.06,66.75,2
0.6847,0.0023,23.06,66.75,2
0.6802,-0.0044,23.1,66.75,2
0.6857,0.0055,23.05,66.74,2
0.7314,0.0456,23.06,66.75,2
0.735,0.0037,23.04,66.75,2
0.7598,0.0248,23.08,66.75,2
0.7539,-0.006,23.13,66.75,2
0.769,0.0151,23.14,66.76,2
0.729,-0.04,23.14,66.76,2
0.7365,0.0075,23.15,66.76,2
0.7293,-0.0072,23.07,66.76,2
0.7331,0.0038,23.09,66.76,2
0.6949,-0.0382,23.09,66.76,2
0.6943,-0.0006,22.98,66.76,2
0.6893,-0.005,22.98,66.76,2
0.7107,0.0213,22.97,66.76,2
0.7367,0.026,23.04,66.76,2
0.7503,0.0136,23.11,66.77,2
0.7735,0.0232,23.15,66.77,2
0.7875,0.014,23.18,66.77,2
0.7472,-0.0403,23.18,66.77,2
0.761,0.0138,23.18,66.78,2
0.7599,-0.0011,23.12,66.78,2
0.7333,-0.0265,23.22,66.78,2
0.7186,-0.0147,23.3,66.78,2
0.6732,-0.0454,23.32,66.78,2
0.6952,0.022,23.28,66.78,2
0.7077,0.0126,23.16,66.78,2
0.6934,-0.0143,23.16,66.78,2
0.7127,0.0193,23.06,66.78,2
0.7325,0.0198,23.04,66.78,2
0.7597,0.0272,23.09,66.78,2
0.7345,-0.0251,23.01,66.78,2
0.7278,-0.0068,23.01,66.78,2
0.7525,0.0247,22.94,66.78,2
0.7574,0.0049,22.94,66.79,2
0.7479,-0.0095,22.99,66.79,2
0.7529,0.005,23.04,66.79,2
0.7242,-0.0287,23.04,66.79,2
0.7014,-0.0228,23.02,66.79,2
0.6674,-0.034,22.97,66.79,2
0.6962,0.0288,22.92,66.79,2
0.719,0.0229,22.95,66.79,2
0.6893,-0.0297,22.87,66.79,2
0.7082,0.0189,22.79,66.79,2
0.7475,0.0393,22.74,66.79,2
0.7339,-0.0136,22.75,66.79,2
0.7276,-0.0063,22.7,66.79,2
0.7309,0.0033,22.78,66.79,2
0.6994,-0.0315,22.77,66.79,2
0.6878,-0.0116,22.83,66.79,2
0.6945,0.0067,22.87,66.79,2
0.7188,0.0243,22.9,66.79,2
0.6825,-0.0363,23.0,66.78,2
0.7026,0.0201,22.99,66.78,2
0.7184,0.0157,23.01,66.78,2
0.7263,0.0079,22.99,66.79,2
0.7376,0.0113,22.99,66.79,2
0.7344,-0.0032,23.0,66.79,2
0.7182,-0.0162,22.98,66.79,2
0.735,0.0168,22.96,66.79,2
0.7657,0.0307,22.98,66.79,2
0.7612,-0.0045,23.04,66.79,2
0.763,0.0018,22.99,66.8,2
0.7141,-0.0489,22.94,66.8,2
0.7057,-0.0084,23.04,66.79,2
0.7032,-0.0025,22.94,66.79,2
0.73,0.0267,22.96,66.79,2
0.7235,-0.0065,22.92,66.79,2
0.7136,-0.0099,22.9,66.79,2
0.7407,0.0272,22.98,66.8,2
0.7149,-0.0258,22.94,66.8,2
0.7336,0.0187,22.95,66.8,2
0.7168,-0.0168,23.09,66.8,2
0.741,0.0242,23.0,66.8,2
0.7259,-0.0151,23.06,66.8,2
0.7425,0.0167,23.09,66.8,2
0.76,0.0174,23.08,66.8,2
0.7567,-0.0033,23.03,66.8,2
0.7751,0.0184,23.12,66.81,2
0.7854,0.0103,23.14,66.81,2
0.7289,-0.0565,23.24,66.81,2
0.7367,0.0078,23.26,66.81,2
0.7576,0.0209,23.22,66.81,2
0.7696,0.0119,23.12,66.81,2
0.7385,-0.0311,23.14,66.81,2
0.7341,-0.0044,23.05,66.81,2
0.7469,0.0129,22.94,66.82,2
0.7615,0.0145,22.97,66.82,2
0.7683,0.0069,23.06,66.82,2
0.7618,-0.0065,23.08,66.82,2
0.7457,-0.0161,23.09,66.82,2
0.7535,0.0078,23.1,66.82,2
0.7598,0.0063,23.11,66.82,2
0.7484,-0.0114,23.14,66.83,2
0.7185,-0.0299,23.11,66.83,2
0.686,-0.0325,23.07,66.82,2
0.7013,0.0153,23.0,66.82,2
0.7302,0.0289,22.97,66.82,2
0.7127,-0.0175,22.95,66.82,2
0.7283,0.0156,22.99,66.82,2
0.6897,-0.0386,22.96,66.82,2
0.7039,0.0142,23.01,66.82,2
0.7143,0.0104,23.07,66.82,2
0.7192,0.0049,23.09,66.82,2
0.6802,-0.039,22.95,66.81,2
0.6503,-0.0299,22.85,66.81,2
0.6726,0.0223,22.87,66.81,2
0.677,0.0043,22.91,66.81,2
0.6401,-0.0368,22.92,66.8,2
0.6563,0.0162,22.96,66.8,2
0.6352,-0.0211,22.95,66.79,2
0.6353,0.0002,22.97,66.79,2
0.6457,0.0103,22.9,66.79,2
0.6822,0.0365,22.85,66.78,2
0.6885,0.0064,22.9,66.78,2
0.6573,-0.0313,22.84,66.78,2
0.6785,0.0212,22.91,66.78,2
0.7021,0.0236,22.91,66.78,2
0.6834,-0.0187,22.95,66.78,2
0.7076,0.0242,22.93,66.78,2
0.7439,0.0363,22.98,66.78,2
0.7079,-0.0361,23.01,66.78,2
0.7065,-0.0013,22.94,66.78,2
0.722,0.0155,22.87,66.78,2
0.7399,0.0179,22.88,66.78,2
0.6666,-0.0733,22.88,66.78,2
0.6869,0.0203,22.88,66.78,2
0.7233,0.0364,22.89,66.78,2
0.7128,-0.0105,23.0,66.78,2
0.7072,-0.0056,22.95,66.78,2
0.7145,0.0074,22.96,66.78,2
0.7344,0.0199,22.94,66.78,2
0.7229,-0.0115,22.89,66.78,2
0.7231,0.0002,22.85,66.78,2
0.7354,0.0122,22.88,66.78,2
0.7405,0.0052,22.9,66.78,2
0.7465,0.0059,22.96,66.78,2
0.6982,-0.0483,23.01,66.78,2
0.7053,0.0071,23.02,66.78,2
0.7106,0.0053,23.14,66.78,2
0.7127,0.0021,23.14,66.78,2
0.7457,0.033,23.04,66.78,2
0.7709,0.0252,23.09,66.79,2
0.7698,-0.0011,23.04,66.79,2
0.7852,0.0153,23.01,66.79,2
0.7936,0.0084,23.09,66.8,2
0.7937,0.0001,23.13,66.8,2
0.7465,-0.0472,23.12,66.8,2
0.7607,0.0142,23.2,66.8,2
0.7909,0.0302,23.22,66.81,2
0.7967,0.0058,23.29,66.81,2
0.8169,0.0202,23.34,66.82,2
0.788,-0.0289,23.33,66.82,2
0.7663,-0.0217,23.32,66.82,2
0.7637,-0.0025,23.27,66.82,2
0.7066,-0.0572,23.29,66.82,2
0.7283,0.0217,23.27,66.82,2
0.7474,0.0192,23.25,66.82,2
0.7374,-0.01,23.25,66.82,2
0.753,0.0156,23.18,66.82,2
0.7606,0.0076,23.16,66.83,2
0.7719,0.0113,23.14,66.83,2
0.784,0.0121,23.12,66.83,2
0.7899,0.0059,23.13,66.83,2
0.7809,-0.009,23.03,66.84,2
0.7721,-0.0088,22.99,66.84,2
0.7575,-0.0146,22.97,66.84,2
0.7585,0.001,23.06,66.84,2
0.7428,-0.0156,23.02,66.84,2
0.7514,0.0085,22.98,66.84,2
0.7628,0.0114,22.97,66.84,2
0.7893,0.0266,22.98,66.84,2
0.7929,0.0036,22.96,66.85,2
0.7728,-0.0202,23.01,66.85,2
0.7576,-0.0151,23.04,66.85,2
0.7695,0.0118,23.09,66.85,2
0.7539,-0.0156,23.13,66.85,2
0.7672,0.0133,23.11,66.85,2
0.7477,-0.0196,23.15,66.85,2
0.7299,-0.0178,23.09,66.85,2
0.7428,0.0129,23.01,66.85,2
0.715,-0.0277,22.93,66.85,2
0.7029,-0.0121,22.94,66.85,2
0.7153,0.0124,22.92,66.85,2
0.731,0.0157,22.92,66.85,2
0.7526,0.0215,22.89,66.85,2
0.7661,0.0135,22.83,66.85,2
0.7382,-0.0279,22.75,66.85,2
0.7214,-0.0168,22.84,66.85,2
0.7419,0.0205,22.86,66.85,2
0.7575,0.0156,22.81,66.85,2
0.7606,0.0031,22.85,66.85,2
0.7086,-0.052,22.85,66.85,2
0.7232,0.0146,22.93,66.85,2
0.7393,0.0162,22.91,66.85,2
0.7129,-0.0264,22.96,66.85,2
0.6973,-0.0157,22.95,66.85,2
0.6928,-0.0045,22.99,66.84,2
0.6945,0.0017,22.99,66.84,2
0.6929,-0.0017,22.92,66.84,2
0.7201,0.0272,22.98,66.84,2
0.7257,0.0056,22.92,66.84,2
0.7159,-0.0098,22.93,66.84,2
0.7267,0.0108,22.94,66.84,2
0.7184,-0.0083,22.99,66.84,2
0.6909,-0.0275,22.96,66.83,2
0.6919,0.001,22.91,66.83,2
0.6909,-0.001,22.88,66.83,2
0.7164,0.0255,22.96,66.83,2
0.7344,0.018,22.99,66.83,2
0.7369,0.0025,22.98,66.83,2
0.7074,-0.0296,23.0,66.83,2
0.7188,0.0114,22.92,66.83,2
0.7369,0.0182,22.97,66.83,2
0.7327,-0.0042,22.95,66.83,2
0.7662,0.0334,22.97,66.83,2
0.7599,-0.0063,22.93,66.83,2
0.7318,-0.0281,22.97,66.83,2
0.7443,0.0125,23.04,66.83,2
0.7544,0.0101,22.94,66.83,2
0.7659,0.0115,22.89,66.83,2
0.7282,-0.0377,22.98,66.83,2
0.7044,-0.0238,23.03,66.83,2
0.6899,-0.0145,23.07,66.83,2
0.6836,-0.0063,23.03,66.83,2
0.7041,0.0205,22.98,66.83,2
0.7378,0.0337,22.94,66.83,2
0.7514,0.0135,22.85,66.83,2
0.7042,-0.0471,22.87,66.83,2
0.7179,0.0137,22.86,66.83,2
0.7296,0.0117,22.98,66.83,2
0.7474,0.0179,23.02,66.83,2
0.7606,0.0131,23.04,66.83,2
0.7681,0.0075,23.03,66.83,2
0.7979,0.0298,22.97,66.83,2
0.745,-0.0529,22.95,66.83,2
0.7516,0.0066,22.88,66.83,2
0.7643,0.0128,22.92,66.84,2
0.7453,-0.019,22.81,66.84,2
0.7559,0.0106,22.88,66.84,2
0.7489,-0.007,22.94,66.84,2
0.7627,0.0139,23.03,66.84,2
0.7501,-0.0126,23.04,66.84,2
0.7611,0.011,23.09,66.84,2
0.7369,-0.0242,23.06,66.84,2
0.7214,-0.0155,23.03,66.84,2
0.7472,0.0258,23.05,66.84,2
0.7074,-0.0398,23.06,66.84,2
0.7109,0.0035,23.04,66.84,2
0.7052,-0.0057,22.92,66.84,2
0.7119,0.0068,22.93,66.84,2
0.7283,0.0163,22.96,66.84,2
0.7185,-0.0098,22.84,66.84,2
0.6656,-0.0529,22.81,66.83,2
0.6627,-0.0029,22.86,66.83,2
0.6508,-0.0119,22.91,66.82,2
0.6815,0.0308,22.84,66.82,2
0.6761,-0.0054,22.92,66.82,2
0.6576,-0.0185,22.89,66.82,2
0.6666,0.009,22.91,66.81,2
0.6869,0.0203,22.95,66.81,2
0.7061,0.0192,22.93,66.81,2
0.6768,-0.0293,22.96,66.81,2
0.6892,0.0124,22.98,66.81,2
0.6946,0.0054,23.04,66.8,2
0.7159,0.0212,23.02,66.8,2
0.7366,0.0208,23.08,66.8,2
0.7556,0.019,23.14,66.81,2
0.7653,0.0097,23.11,66.81,2
0.7707,0.0054,23.03,66.81,2
0.776,0.0052,23.03,66.81,2
0.7779,0.0019,22.96,66.82,2
0.746,-0.0319,22.91,66.82,2
0.7414,-0.0045,22.87,66.82,2
0.7284,-0.013,22.87,66.82,2
0.7316,0.0032,22.96,66.82,2
0.7526,0.021,23.03,66.82,2
0.6936,-0.0591,22.98,66.82,2
0.6675,-0.026,22.91,66.81,2
0.6991,0.0316,22.92,66.81,2
0.7238,0.0247,22.92,66.81,2
0.7367,0.0129,22.88,66.81,2
0.7453,0.0086,22.93,66.81,2
0.7262,-0.0191,22.93,66.81,2
0.7401,0.0138,22.97,66.82,2
0.7592,0.0191,23.03,66.82,2
0.72,-0.0391,23.14,66.82,2
0.6905,-0.0295,23.09,66.82,2
0.6553,-0.0353,23.14,66.81,2
0.6349,-0.0203,23.05,66.81,2
0.6429,0.008,23.02,66.8,2
0.6591,0.0162,23.01,66.8,2
0.685,0.0259,23.03,66.8,2
0.6841,-0.0008,22.99,66.8,2
0.6888,0.0046,23.02,66.79,2
0.6711,-0.0177,22.97,66.79,2
0.6758,0.0047,22.92,66.79,2
0.6702,-0.0056,22.91,66.79,2
0.6329,-0.0374,22.88,66.78,2
0.6335,0.0007,22.89,66.78,2
0.6379,0.0043,22.88,66.78,2
0.6498,0.0119,22.9,66.77,2
0.6842,0.0344,22.97,66.77,2
0.6542,-0.03,22.92,66.77,2
0.6478,-0.0064,22.93,66.77,2
0.6676,0.0198,22.98,66.76,2
0.6837,0.0161,22.99,66.76,2
0.7056,0.0219,23.07,66.76,2
0.738,0.0324,23.03,66.77,2
0.7395,0.0014,23.06,66.77,2
0.7471,0.0077,23.06,66.77,2
0.7666,0.0195,23.03,66.77,2
0.7184,-0.0482,23.08,66.77,2
0.6956,-0.0228,23.11,66.77,2
0.7177,0.0221,23.08,66.77,2
0.7216,0.0039,23.07,66.77,2
0.7432,0.0216,23.01,66.77,2
0.7567,0.0135,22.98,66.78,2
0.7305,-0.0262,23.07,66.78,2
0.7484,0.0179,23.09,66.78,2
0.7566,0.0082,23.04,66.78,2
0.7601,0.0036,23.04,66.78,2
0.6872,-0.073,23.11,66.78,2
0.6773,-0.0099,23.08,66.78,2
0.6878,0.0104,23.11,66.78,2
0.7036,0.0158,23.05,66.78,2
0.6819,-0.0216,23.03,66.78,2
0.7089,0.027,22.97,66.78,2
0.7511,0.0422,22.97,66.78,2
0.7326,-0.0185,23.05,66.78,2
0.687,-0.0457,23.05,66.78,2
0.7145,0.0275,23.12,66.78,2
0.7049,-0.0096,23.19,66.78,2
0.7178,0.0129,23.03,66.78,2
0.7247,0.0069,23.07,66.78,2
0.7107,-0.014,23.09,66.78,2
0.7311,0.0203,23.05,66.78,2
0.709,-0.022,22.96,66.78,2
0.7043,-0.0047,22.93,66.78,2
0.6846,-0.0197,22.98,66.78,2
0.6967,0.0121,22.99,66.78,2
0.7404,0.0437,23.0,66.78,2
0.7572,0.0168,23.03,66.78,2
0.751,-0.0062,22.94,66.78,2
0.7605,0.0095,23.01,66.79,2
0.7629,0.0024,23.01,66.79,2
0.7577,-0.0053,23.07,66.79,2
0.7185,-0.0392,22.96,66.79,2
0.7273,0.0088,22.92,66.79,2
0.7502,0.0229,22.95,66.79,2
0.7527,0.0025,22.93,66.8,2
0.7405,-0.0122,22.86,66.8,2
0.7382,-0.0022,22.83,66.8,2
0.71,-0.0282,22.9,66.8,2
0.713,0.003,22.92,66.8,2
0.7015,-0.0115,22.87,66.8,2
0.6851,-0.0164,22.85,66.79,2
0.6929,0.0078,22.85,66.79,2
0.6736,-0.0193,22.89,66.79,2
0.6511,-0.0225,22.87,66.79,2
0.6472,-0.004,22.9,66.78,2
0.6376,-0.0095,22.89,66.78,2
0.6265,-0.0111,22.86,66.78,2
0.6258,-0.0007,22.99,66.77,2
0.6317,0.006,22.98,66.77,2
0.6482,0.0165,23.02,66.76,2
0.6568,0.0086,23.05,66.76,2
0.6907,0.0338,23.01,66.76,2
0.6998,0.0092,23.11,66.76,2
0.6838,-0.016,23.09,66.76,2
0.6699,-0.014,23.06,66.76,2
0.6722,0.0024,23.09,66.76,2
0.6981,0.0259,23.04,66.76,2
0.6806,-0.0174,22.99,66.76,2
0.6573,-0.0233,22.85,66.75,2
0.6623,0.005,22.83,66.75,2
0.6855,0.0231,22.83,66.75,2
0.6963,0.0108,22.82,66.75,2
0.7023,0.0061,22.88,66.75,2
0.7038,0.0015,23.0,66.75,2
0.6913,-0.0125,22.93,66.75,2
0.7025,0.0112,22.92,66.75,2
0.7233,0.0209,22.97,66.75,2
0.7569,0.0335,23.0,66.75,2
0.777,0.0202,22.94,66.76,2
0.8053,0.0282,23.01,66.76,2
0.7885,-0.0168,23.02,66.77,2
0.774,-0.0145,23.01,66.77,2
0.7241,-0.0499,23.03,66.77,2
0.7027,-0.0214,22.9,66.77,2
0.7275,0.0248,22.94,66.77,2
0.7299,0.0025,23.08,66.77,2
0.6894,-0.0406,23.07,66.77,2
0.6711,-0.0183,23.13,66.77,2
0.6965,0.0254,23.15,66.77,2
0.683,-0.0135,23.13,66.77,2
0.6461,-0.0369,22.99,66.77,2
0.6357,-0.0105,22.94,66.76,2
0.66,0.0244,22.89,66.76,2
0.638,-0.022,22.88,66.76,2
0.6551,0.0171,22.91,66.75,2
0.6769,0.0217,22.94,66.75,2
0.6404,-0.0364,23.02,66.75,2
0.671,0.0306,22.9,66.75,2
0.6947,0.0237,22.84,66.75,2
0.6779,-0.0168,22.84,66.75,2
0.7104,0.0326,22.77,66.75,2
0.6751,-0.0354,22.77,66.75,2
0.6778,0.0027,22.72,66.75,2
0.4954,-0.1824,22.71,66.74,2
0.5656,0.0702,22.73,66.73,2
0.5962,0.0306,22.72,66.72,2
0.6054,0.0092,22.81,66.72,2
0.5557,-0.0498,22.74,66.71,2
0.5848,0.0291,22.75,66.71,2
0.5787,-0.0061,22.73,66.7,2
0.5397,-0.039,22.77,66.7,2
0.551,0.0114,22.76,66.69,2
0.5532,0.0022,22.75,66.68,2
0.5442,-0.009,22.8,66.68,2
0.5867,0.0425,22.78,66.67,2
0.6242,0.0375,22.68,66.67,2
0.6204,-0.0038,22.59,66.67,2
0.6506,0.0302,22.6,66.67,2
0.6054,-0.0452,22.6,66.66,2
0.5922,-0.0133,22.59,66.66,2
0.6314,0.0392,22.58,66.66,2
0.6239,-0.0075,22.64,66.66,2
0.6321,0.0082,22.63,66.66,2
0.6286,-0.0036,22.59,66.65,2
0.6497,0.0212,22.55,66.65,2
0.6488,-0.001,22.54,66.65,2
0.6068,-0.0419,22.6,66.65,2
0.6015,-0.0053,22.68,66.65,2
0.606,0.0044,22.62,66.64,2
0.5849,-0.0211,22.63,66.64,2
0.5737,-0.0112,22.59,66.64,2
0.6112,0.0376,22.63,66.63,2
0.6274,0.0162,22.7,66.63,2
0.6309,0.0034,22.65,66.63,2
0.6474,0.0166,22.68,66.63,2
0.6627,0.0152,22.65,66.63,2
0.6388,-0.0239,22.62,66.63,2
0.6262,-0.0126,22.65,66.63,2
0.6445,0.0183,22.67,66.63,2
0.6606,0.0161,22.74,66.63,2
0.6947,0.0341,22.72,66.63,2
0.6849,-0.0098,22.74,66.63,2
0.6422,-0.0427,22.77,66.63,2
0.6564,0.0142,22.75,66.63,2
0.6899,0.0335,22.7,66.64,2
0.6543,-0.0356,22.66,66.64,2
0.4774,-0.1769,22.62,66.63,2
0.502,0.0246,22.6,66.62,2
0.5029,0.0009,22.61,66.61,2
0.5168,0.0139,22.58,66.61,2
0.5212,0.0044,22.59,66.6,2
0.5048,-0.0164,22.65,66.59,2
0.5378,0.033,22.54,66.59,2
0.5426,0.0048,22.52,66.58,2
0.5783,0.0357,22.53,66.58,2
0.5997,0.0214,22.55,66.58,2
0.6476,0.0479,22.56,66.58,2
0.6584,0.0108,22.58,66.58,2
0.5999,-0.0585,22.64,66.58,2
0.6032,0.0032,22.56,66.58,2
0.6012,-0.002,22.45,66.58,2
0.6162,0.015,22.5,66.58,2
0.6499,0.0337,22.45,66.58,2
0.6501,0.0002,22.48,66.58,2
0.6522,0.0021,22.55,66.58,2
0.5927,-0.0595,22.61,66.58,2
0.574,-0.0186,22.57,66.57,2
0.5451,-0.0289,22.57,66.57,2
0.5917,0.0466,22.57,66.57,2
0.6395,0.0478,22.56,66.57,2
0.6201,-0.0194,22.6,66.57,2
0.6141,-0.0061,22.63,66.57,2
0.6126,-0.0015,22.71,66.57,2
0.6475,0.0349,22.79,66.57,2
0.6548,0.0073,22.83,66.57,2
0.6659,0.0111,22.74,66.57,2
0.6091,-0.0568,22.75,66.57,2
0.5859,-0.0233,22.8,66.57,2
0.6328,0.0469,22.76,66.57,2
0.6197,-0.0131,22.77,66.57,2
0.636,0.0163,22.82,66.57,2
0.6476,0.0116,22.78,66.57,2
0.6594,0.0118,22.77,66.57,2
0.645,-0.0144,22.77,66.57,2
0.6352,-0.0098,22.83,66.57,2
0.6178,-0.0174,22.85,66.57,2
0.445,-0.1728,23.16,66.6,1
0.4531,0.0082,23.36,66.63,1
0.4745,0.0213,23.24,66.62,2
0.5082,0.0337,23.14,66.62,2
0.5254,0.0172,23.08,66.61,2
0.5513,0.0259,23.04,66.61,2
0.5498,-0.0015,22.98,66.6,2
0.5454,-0.0044,22.91,66.6,2
0.5294,-0.016,22.88,66.59,2
0.5345,0.005,22.9,66.59,2
0.5824,0.048,22.88,66.58,2
0.6148,0.0324,22.83,66.58,2
0.5603,-0.0545,22.79,66.58,2
0.5176,-0.0427,22.77,66.57,2
0.5589,0.0413,22.76,66.57,2
0.5341,-0.0248,22.7,66.57,2
0.5088,-0.0253,22.73,66.56,2
0.4982,-0.0106,22.74,66.55,2
0.4991,0.0009,22.68,66.55,2
0.4967,-0.0024,22.61,66.54,2
0.5211,0.0244,22.6,66.54,2
0.5638,0.0427,22.62,66.53,2
0.546,-0.0178,22.64,66.53,2
0.5505,0.0045,22.53,66.53,2
0.5501,-0.0004,22.44,66.52,2
0.5658,0.0157,22.45,66.52,2
0.5664,0.0006,22.44,66.52,2
0.6039,0.0375,22.52,66.52,2
0.609,0.0051,22.6,66.52,2
0.6305,0.0215,22.62,66.52,2
0.6256,-0.0048,22.6,66.52,2
0.5948,-0.0309,22.59,66.52,2
0.5631,-0.0317,22.56,66.52,2
0.5427,-0.0204,22.53,66.52,2
0.5293,-0.0135,22.61,66.51,2
0.539,0.0097,22.64,66.51,2
0.5287,-0.0103,22.64,66.5,2
0.5455,0.0168,22.59,66.5,2
0.5415,-0.004,22.6,66.5,2
0.5353,-0.0062,22.64,66.5,2
0.5345,-0.0008,22.69,66.49,2
0.5479,0.0133,22.7,66.49,2
0.559,0.0112,22.71,66.49,2
0.5457,-0.0133,22.63,66.49,2
0.5568,0.0111,22.58,66.48,2
0.5842,0.0274,22.54,66.48,2
0.6124,0.0281,22.58,66.48,2
0.6124,0.0001,22.6,66.49,2
0.5985,-0.0139,22.65,66.49,2
0.6017,0.0031,22.65,66.49,2
0.613,0.0114,22.81,66.49,2
0.6011,-0.0119,22.79,66.49,2
0.6024,0.0013,22.77,66.49,2
0.6266,0.0241,22.76,66.49,2
0.5992,-0.0273,22.66,66.49,2
0.6315,0.0323,22.63,66.49,2
0.5874,-0.0442,22.64,66.49,2
0.5672,-0.0202,22.57,66.49,2
0.5621,-0.005,22.61,66.49,2
0.5779,0.0157,22.53,66.49,2
0.5987,0.0208,22.54,66.49,2
0.5591,-0.0396,22.64,66.48,2
0.5777,0.0186,22.72,66.48,2
0.4143,-0.1634,22.92,66.52,1
0.4799,0.0655,23.2,66.55,1
0.4966,0.0167,23.07,66.54,2
0.3544,-0.1422,23.0,66.53,2
0.4034,0.049,23.37,66.56,1
0.4615,0.0581,23.62,66.59,1
0.5387,0.0772,23.59,66.59,2
0.5429,0.0042,23.49,66.58,2
0.5047,-0.0382,23.35,66.58,2
0.5136,0.0089,23.36,66.57,2
0.5157,0.0021,23.22,66.56,2
0.5274,0.0117,23.26,66.56,2
0.5778,0.0503,23.2,66.56,2
0.5444,-0.0333,23.13,66.55,2
0.5185,-0.026,23.14,66.55,2
0.5176,-0.0008,23.1,66.54,2
0.5369,0.0193,23.04,66.54,2
0.3828,-0.1541,23.25,66.57,1
0.4158,0.0329,23.38,66.6,1
0.2984,-0.1174,23.61,66.62,1
0.4059,0.1075,23.75,66.65,1
0.4302,0.0243,23.87,66.68,1
0.4467,0.0165,23.99,66.7,1
0.4809,0.0342,23.84,66.69,2
0.456,-0.0248,23.72,66.68,2
0.4619,0.0059,23.63,66.67,2
0.4825,0.0206,23.6,66.66,2
0.4892,0.0067,23.44,66.65,2
0.4975,0.0083,23.39,66.65,2
0.348,-0.1495,23.58,66.67,1
0.4323,0.0843,23.71,66.7,1
0.4659,0.0336,23.61,66.69,2
0.4449,-0.021,23.48,66.68,2
0.4722,0.0273,23.35,66.67,2
0.4962,0.024,23.24,66.66,2
0.5297,0.0335,23.1,66.65,2
0.5421,0.0124,23.06,66.65,2
0.5356,-0.0065,23.03,66.64,2
0.4876,-0.048,22.89,66.63,2
0.4579,-0.0297,22.84,66.62,2
0.3128,-0.1451,23.16,66.64,1
0.3386,0.0258,23.4,66.67,1
0.3947,0.0561,23.52,66.7,1
0.4324,0.0377,23.69,66.72,1
0.467,0.0347,23.57,66.71,2
0.4254,-0.0416,23.45,66.7,2
0.4435,0.0181,23.67,66.73,1
0.4653,0.0218,23.98,66.76,1
0.4814,0.016,23.83,66.74,2
0.5045,0.0231,23.73,66.74,2
0.458,-0.0465,23.68,66.72,2
0.4474,-0.0106,23.9,66.75,1
0.4579,0.0104,24.03,66.78,1
0.4578,-0.0001,23.96,66.77,2
0.4556,-0.0021,23.94,66.75,2
0.4711,0.0154,23.79,66.74,2
0.3267,-0.1444,24.03,66.76,1
0.3852,0.0585,24.18,66.79,1
0.2711,-0.1141,24.49,66.84,0
0.319,0.0479,24.87,66.88,0
0.3506,0.0315,24.94,66.9,1
0.4009,0.0503,25.07,66.93,1
0.4099,0.009,25.13,66.95,1
0.4026,-0.0073,25.13,66.97,1
0.3937,-0.0089,25.25,66.99,1
0.4179,0.0242,25.31,67.01,1
0.4381,0.0201,25.3,67.03,1
0.4547,0.0167,25.06,67.01,2
0.4886,0.0339,24.84,67.0,2
0.5056,0.017,24.56,66.98,2
0.5351,0.0295,24.31,66.97,2
0.3784,-0.1568,24.43,66.99,1
0.4044,0.0261,24.58,67.01,1
0.4244,0.0199,24.7,67.03,1
0.441,0.0166,24.88,67.05,1
0.4365,-0.0045,25.03,67.07,1
0.4399,0.0034,25.13,67.09,1
0.4427,0.0027,25.19,67.12,1
0.4613,0.0187,25.04,67.1,2
0.4837,0.0224,24.83,67.08,2
0.4517,-0.032,24.62,67.06,2
0.468,0.0163,24.4,67.04,2
0.3231,-0.145,24.45,67.06,1
0.3587,0.0357,24.52,67.07,1
0.4271,0.0683,24.66,67.09,1
0.4529,0.0258,24.47,67.07,2
0.4547,0.0018,24.24,67.06,2
0.4707,0.0161,24.05,67.04,2
0.3276,-0.1432,24.27,67.05,1
0.3616,0.034,24.33,67.07,1
0.4052,0.0437,24.49,67.09,1
0.2797,-0.1256,24.73,67.13,0
0.3396,0.0599,25.0,67.18,0
0.3689,0.0293,24.98,67.19,1
0.2504,-0.1185,25.02,67.2,1
0.3357,0.0853,25.07,67.21,1
0.3732,0.0374,25.15,67.23,1
0.392,0.0188,25.23,67.24,1
0.4272,0.0353,25.18,67.26,1
0.4167,-0.0105,25.19,67.27,1
0.4192,0.0025,25.31,67.29,1
0.4352,0.016,25.31,67.31,1
0.296,-0.1392,25.41,67.31,1
0.3538,0.0578,25.5,67.33,1
0.2442,-0.1095,25.82,67.36,0
0.2809,0.0367,26.07,67.4,0
0.3587,0.0778,26.0,67.41,1
0.4132,0.0545,26.06,67.42,1
0.4405,0.0273,26.11,67.43,1
0.4403,-0.0002,26.12,67.45,1
0.4647,0.0244,25.75,67.42,2
0.3215,-0.1431,25.43,67.39,2
0.3583,0.0368,25.42,67.4,1
0.4085,0.0503,25.5,67.41,1
0.2825,-0.126,25.57,67.42,1
0.2072,-0.0754,25.8,67.45,0
0.2992,0.0921,25.97,67.49,0
0.336,0.0368,26.0,67.49,1
0.3683,0.0323,26.03,67.5,1
0.2468,-0.1216,26.25,67.53,0
0.176,-0.0708,26.45,67.56,0
0.1323,-0.0437,26.6,67.59,0
0.2511,0.1188,26.8,67.62,0
0.3234,0.0723,26.81,67.62,1
0.4005,0.0771,26.71,67.63,1
0.2723,-0.1282,26.95,67.66,0
0.1959,-0.0764,27.06,67.69,0
0.3026,0.1067,26.9,67.69,1
0.3585,0.0559,26.77,67.69,1
0.3645,0.006,26.71,67.7,1
0.394,0.0294,26.61,67.7,1
0.4048,0.0108,26.59,67.71,1
0.4164,0.0116,26.55,67.72,1
0.2805,-0.1359,26.41,67.72,1
0.3183,0.0377,26.42,67.72,1
0.3559,0.0377,26.36,67.72,1
0.3897,0.0338,26.3,67.73,1
0.4205,0.0308,26.33,67.73,1
0.4319,0.0115,26.26,67.74,1
0.4355,0.0036,26.18,67.75,1
0.4583,0.0228,25.82,67.71,2
0.3152,-0.1431,25.42,67.68,2
0.3372,0.022,25.46,67.68,1
0.3683,0.0311,25.51,67.68,1
0.3641,-0.0042,25.43,67.69,1
0.3698,0.0057,25.51,67.69,1
0.4186,0.0488,25.54,67.7,1
0.4585,0.0399,25.25,67.67,2
0.3142,-0.1444,24.88,67.63,2
0.2278,-0.0864,25.24,67.66,0
0.2829,0.0551,25.55,67.69,0
0.3291,0.0462,25.62,67.69,1
0.3452,0.0161,25.63,67.7,1
0.3535,0.0083,25.71,67.7,1
0.4012,0.0477,25.62,67.71,1
0.3987,-0.0025,25.61,67.71,1
0.4132,0.0145,25.62,67.72,1
0.4219,0.0087,25.68,67.73,1
0.4184,-0.0035,25.59,67.73,1
0.4164,-0.002,25.6,67.74,1
0.4208,0.0044,25.62,67.74,1
0.4298,0.0089,25.73,67.75,1
0.4142,-0.0155,25.72,67.76,1
0.2801,-0.1342,25.62,67.76,1
0.3294,0.0493,25.67,67.76,1
0.2255,-0.1038,25.94,67.78,0
0.1643,-0.0613,26.15,67.81,0
0.2659,0.1016,26.37,67.83,0
0.1822,-0.0837,26.58,67.86,0
0.2426,0.0604,26.74,67.88,0
0.2835,0.041,26.61,67.88,1
0.3228,0.0393,26.5,67.88,1
0.3574,0.0346,26.38,67.88,1
0.2342,-0.1232,26.54,67.9,0
0.2813,0.047,26.74,67.93,0
0.1852,-0.096,26.93,67.95,0
0.2676,0.0824,27.03,67.97,0
0.3268,0.0592,26.79,67.97,1
0.216,-0.1108,26.74,67.96,1
0.2546,0.0386,26.89,67.98,0
0.2963,0.0417,27.06,68.01,0
0.3348,0.0385,27.03,68.0,1
0.2174,-0.1174,26.93,68.0,1
0.3083,0.0909,26.88,67.99,1
0.2069,-0.1013,27.07,68.01,0
0.2624,0.0555,27.12,68.03,0
0.3212,0.0588,27.07,68.03,1
0.3745,0.0534,27.01,68.03,1
0.3808,0.0063,26.88,68.03,1
0.3735,-0.0073,26.88,68.02,1
0.3765,0.003,26.8,68.02,1
0.3966,0.02,26.7,68.02,1
0.2671,-0.1295,26.9,68.05,0
0.3049,0.0378,27.02,68.07,0
0.2067,-0.0982,27.14,68.09,0
0.2549,0.0481,27.33,68.11,0
0.3104,0.0556,27.13,68.1,1
0.2035,-0.1069,26.94,68.09,1
0.1427,-0.0608,27.12,68.11,0
0.2487,0.106,27.25,68.13,0
0.3408,0.0921,27.16,68.12,1
0.4012,0.0604,27.05,68.12,1
0.3951,-0.0061,26.98,68.12,1
0.4181,0.0229,26.87,68.11,1
0.282,-0.1361,26.76,68.11,1
0.2017,-0.0802,26.91,68.12,0
0.2817,0.0799,27.04,68.15,0
0.328,0.0464,26.95,68.14,1
0.2205,-0.1075,26.78,68.13,1
0.1582,-0.0623,26.9,68.14,0
0.2399,0.0817,27.12,68.16,0
0.2826,0.0427,26.96,68.15,1
0.3232,0.0406,26.92,68.15,1
0.3458,0.0226,26.84,68.14,1
0.2253,-0.1205,26.97,68.16,0
0.2718,0.0465,27.05,68.18,0
0.3233,0.0515,26.94,68.17,1
0.3411,0.0178,26.83,68.17,1
0.3323,-0.0088,26.74,68.16,1
0.3566,0.0244,26.68,68.15,1
0.3653,0.0087,26.53,68.15,1
0.2392,-0.1261,26.72,68.17,0
0.2974,0.0582,26.88,68.19,0
0.1983,-0.0991,27.08,68.21,0
0.2734,0.0751,27.15,68.23,0
0.32,0.0466,27.0,68.22,1
0.2105,-0.1095,26.91,68.2,1
0.1477,-0.0628,27.01,68.22,0
0.2147,0.067,27.13,68.23,0
0.2513,0.0366,27.29,68.25,0
0.2696,0.0183,27.4,68.27,0
0.2821,0.0126,27.28,68.26,1
0.1735,-0.1086,27.07,68.24,1
0.1147,-0.0589,27.22,68.25,0
0.1914,0.0767,27.42,68.27,0
0.2717,0.0803,27.6,68.28,0
0.1722,-0.0995,27.66,68.3,0
0.1165,-0.0557,27.68,68.31,0
0.0838,-0.0327,27.71,68.32,0
0.176,0.0921,27.69,68.33,0
0.2289,0.0529,27.75,68.34,0
0.282,0.0531,27.62,68.33,1
0.319,0.0371,27.47,68.32,1
0.3579,0.0389,27.33,68.31,1
0.3644,0.0065,27.27,68.3,1
0.2384,-0.126,27.44,68.32,0
0.2791,0.0407,27.63,68.34,0
0.3003,0.0212,27.5,68.32,1
0.3095,0.0092,27.33,68.31,1
0.311,0.0015,27.25,68.3,1
0.3268,0.0158,27.2,68.29,1
0.3246,-0.0022,27.1,68.28,1
0.3557,0.0311,27.0,68.28,1
0.23,-0.1257,27.2,68.29,0
0.1589,-0.0712,27.28,68.3,0
0.2414,0.0825,27.37,68.32,0
0.1595,-0.0819,27.41,68.33,0
0.1123,-0.0472,27.49,68.34,0
0.2185,0.1063,27.57,68.35,0
0.1429,-0.0756,27.66,68.36,0
0.207,0.0641,27.71,68.38,0
0.282,0.075,27.51,68.36,1
0.1786,-0.1034,27.3,68.35,1
0.2453,0.0667,27.45,68.36,0
0.1558,-0.0895,27.58,68.37,0
0.1051,-0.0506,27.75,68.38,0
0.2,0.0949,27.86,68.39,0
0.2739,0.0738,27.97,68.41,0
0.1747,-0.0992,27.97,68.42,0
0.2614,0.0867,28.07,68.43,0
0.1698,-0.0915,28.19,68.44,0
0.2623,0.0925,28.31,68.46,0
0.3018,0.0395,28.03,68.44,1
0.1946,-0.1071,27.95,68.42,1
0.2437,0.0491,28.03,68.44,0
0.2865,0.0429,27.96,68.45,0
0.1821,-0.1044,28.01,68.46,0
0.2638,0.0817,28.07,68.48,0
0.1716,-0.0922,28.15,68.49,0
0.1189,-0.0527,28.16,68.49,0
0.2146,0.0957,28.19,68.5,0
0.2547,0.0401,28.3,68.52,0
0.2789,0.0242,28.47,68.53,0
0.1731,-0.1058,28.49,68.54,0
0.265,0.0919,28.5,68.55,0
0.3283,0.0633,28.3,68.54,1
0.2154,-0.1129,28.18,68.52,1
0.2854,0.0701,27.93,68.5,1
0.189,-0.0964,28.02,68.51,0
0.133,-0.056,28.02,68.52,0
0.0986,-0.0344,28.0,68.52,0
0.0761,-0.0225,28.02,68.52,0
0.0606,-0.0155,28.11,68.53,0
0.0493,-0.0113,28.18,68.53,0
0.0407,-0.0086,28.21,68.53,0
0.0339,-0.0067,28.31,68.53,0
0.136,0.1021,28.34,68.54,0
0.0801,-0.0559,28.39,68.54,0
0.0503,-0.0298,28.34,68.54,0
0.0339,-0.0165,28.31,68.54,0
0.1618,0.128,28.31,68.55,0
0.0985,-0.0633,28.3,68.55,0
0.1887,0.0902,28.35,68.56,0
0.2489,0.0602,28.48,68.57,0
0.2684,0.0194,28.62,68.59,0
0.1622,-0.1061,28.6,68.59,0
0.2294,0.0671,28.72,68.6,0
0.299,0.0696,28.46,68.58,1
0.3579,0.0589,28.27,68.57,1
0.348,-0.0098,28.13,68.56,1
0.3828,0.0347,27.95,68.54,1
0.2524,-0.1303,28.05,68.56,0
0.1771,-0.0753,28.21,68.56,0
0.2612,0.084,28.24,68.58,0
0.1753,-0.0858,28.36,68.58,0
0.125,-0.0504,28.43,68.59,0
0.2037,0.0787,28.42,68.6,0
0.2806,0.0769,28.15,68.58,1
0.3094,0.0289,27.91,68.56,1
0.1998,-0.1096,27.89,68.57,0
0.1383,-0.0615,28.04,68.58,0
0.2171,0.0787,28.17,68.59,0
0.2665,0.0494,28.22,68.6,0
0.169,-0.0975,28.26,68.6,0
0.2373,0.0683,28.37,68.61,0
0.2836,0.0463,28.1,68.6,1
0.2881,0.0045,27.95,68.58,1
0.3194,0.0314,27.77,68.56,1
0.2029,-0.1165,27.92,68.57,0
0.1381,-0.0648,27.97,68.58,0
0.2077,0.0696,27.97,68.59,0
0.2673,0.0596,28.08,68.6,0
0.3144,0.0471,27.99,68.58,1
0.3539,0.0395,27.74,68.57,1
0.3579,0.004,27.67,68.55,1
0.3924,0.0345,27.51,68.54,1
0.2617,-0.1307,27.68,68.55,0
0.3186,0.0569,27.78,68.57,0
0.3552,0.0367,27.57,68.56,1
0.3842,0.029,27.51,68.54,1
0.259,-0.1252,27.58,68.56,0
0.3012,0.0422,27.61,68.57,0
0.2033,-0.0979,27.78,68.58,0
0.2613,0.0581,27.9,68.59,0
0.3056,0.0443,27.68,68.57,1
0.2004,-0.1052,27.44,68.55,1
0.2558,0.0554,27.52,68.56,0
0.1672,-0.0886,27.64,68.57,0
0.1171,-0.0501,27.63,68.58,0
0.2222,0.1051,27.69,68.58,0
0.272,0.0499,27.86,68.6,0
0.175,-0.0971,27.93,68.6,0
0.1206,-0.0543,28.01,68.61,0
0.0886,-0.032,27.97,68.61,0
0.2111,0.1225,27.99,68.62,0
0.1391,-0.0719,28.0,68.62,0
0.2378,0.0986,28.0,68.63,0
0.1546,-0.0832,28.11,68.64,0
0.1069,-0.0477,28.13,68.64,0
0.0781,-0.0288,28.14,68.64,0
0.1722,0.094,28.13,68.65,0
0.1071,-0.0651,28.2,68.65,0
0.071,-0.036,28.24,68.65,0
0.0501,-0.0209,28.27,68.65,0
0.1473,0.0972,28.34,68.65,0
0.2233,0.076,28.34,68.66,0
0.1353,-0.088,28.35,68.67,0
0.0876,-0.0477,28.33,68.67,0
0.0608,-0.0269,28.39,68.67,0
0.1798,0.119,28.44,68.67,0
0.2609,0.0811,28.44,68.68,0
0.2922,0.0314,28.22,68.66,1
0.3098,0.0175,28.09,68.64,1
0.1979,-0.1119,28.1,68.65,0
0.2435,0.0456,28.22,68.66,0
0.3056,0.0621,28.01,68.64,1
0.1977,-0.1079,27.68,68.62,1
0.2419,0.0442,27.84,68.63,0
0.1548,-0.0871,27.95,68.63,0
0.1062,-0.0486,27.89,68.64,0
0.1827,0.0765,27.99,68.64,0
0.1139,-0.0688,28.0,68.65,0
0.2063,0.0924,28.02,68.65,0
0.2773,0.0711,28.21,68.66,0
0.3266,0.0493,27.99,68.65,1
0.3581,0.0315,27.83,68.63,1
0.3511,-0.007,27.51,68.62,1
0.3763,0.0252,27.41,68.6,1
0.3568,-0.0195,27.27,68.59,1
0.2314,-0.1254,27.36,68.6,0
0.2828,0.0514,27.4,68.61,0
0.1859,-0.0969,27.47,68.62,0
0.1303,-0.0556,27.58,68.62,0
0.0967,-0.0336,27.67,68.63,0
0.0751,-0.0216,27.65,68.63,0
0.1852,0.1102,27.78,68.63,0
0.1195,-0.0658,27.86,68.64,0
0.0823,-0.0372,27.91,68.64,0
0.0601,-0.0221,27.95,68.64,0
0.2011,0.141,28.02,68.65,0
0.1307,-0.0704,28.03,68.65,0
0.0902,-0.0405,28.03,68.65,0
0.0656,-0.0246,28.1,68.65,0
0.0497,-0.0158,28.15,68.65,0
0.039,-0.0108,28.28,68.65,0
0.1537,0.1147,28.27,68.65,0
0.2189,0.0652,28.35,68.66,0
0.133,-0.0859,28.36,68.67,0
0.0866,-0.0464,28.47,68.67,0
0.0605,-0.0261,28.45,68.67,0
0.1751,0.1145,28.51,68.67,0
0.1093,-0.0658,28.57,68.67,0
0.1904,0.0811,28.65,68.68,0
0.1158,-0.0746,28.66,68.68,0
0.075,-0.0408,28.68,68.68,0
0.0518,-0.0232,28.65,68.68,0
0.1404,0.0886,28.66,68.68,0
0.081,-0.0594,28.69,68.68,0
0.0496,-0.0314,28.61,68.68,0
0.0325,-0.0171,28.65,68.68,0
0.0227,-0.0097,28.65,68.68,0
0.1594,0.1366,28.62,68.68,0
0.0971,-0.0622,28.61,68.68,0
0.0628,-0.0344,28.62,68.68,0
0.153,0.0902,28.6,68.69,0
0.089,-0.064,28.58,68.69,0
0.0547,-0.0343,28.6,68.69,0
0.1557,0.101,28.58,68.69,0
0.2098,0.0542,28.56,68.7,0
0.2554,0.0456,28.64,68.71,0
0.2701,0.0147,28.73,68.72,0
0.3015,0.0314,28.41,68.7,1
0.3277,0.0262,28.23,68.68,1
0.372,0.0444,28.06,68.66,1
0.3657,-0.0063,27.86,68.65,1
0.2398,-0.126,27.96,68.66,0
0.1682,-0.0716,27.99,68.66,0
0.2778,0.1096,28.08,68.67,0
0.3309,0.0531,27.94,68.66,1
0.2217,-0.1092,27.81,68.64,1
0.2656,0.0439,27.97,68.65,0
0.1749,-0.0907,27.98,68.65,0
0.228,0.0531,28.02,68.66,0
0.1456,-0.0824,28.13,68.66,0
0.0995,-0.046,28.21,68.67,0
0.0725,-0.027,28.21,68.67,0
0.1982,0.1257,28.29,68.67,0
0.1284,-0.0697,28.33,68.68,0
0.0887,-0.0398,28.26,68.68,0
0.0648,-0.0239,28.3,68.68,0
0.0496,-0.0152,28.28,68.68,0
0.1442,0.0947,28.25,68.68,0
0.0858,-0.0584,28.27,68.68,0
0.0544,-0.0314,28.36,68.68,0
0.1545,0.1,28.49,68.68,0
0.2267,0.0722,28.5,68.69,0
0.1369,-0.0897,28.41,68.69,0
0.2334,0.0964,28.58,68.7,0
0.2633,0.0299,28.64,68.71,0
0.163,-0.1003,28.6,68.71,0
0.2604,0.0974,28.63,68.72,0
0.1682,-0.0922,28.61,68.73,0
0.2331,0.0649,28.68,68.73,0
0.2818,0.0487,28.43,68.71,1
0.3315,0.0497,28.32,68.7,1
0.214,-0.1175,28.27,68.7,0
0.1472,-0.0668,28.25,68.71,0
0.2447,0.0975,28.28,68.71,0
0.1617,-0.0829,28.36,68.72,0
0.216,0.0543,28.34,68.72,0
0.136,-0.0801,28.39,68.73,0
0.0913,-0.0447,28.43,68.73,0
0.0651,-0.0262,28.43,68.73,0
0.1789,0.1138,28.54,68.73,0
0.2605,0.0816,28.54,68.74,0
0.1639,-0.0966,28.58,68.74,0
0.1096,-0.0544,28.47,68.74,0
0.0775,-0.0321,28.5,68.74,0
0.0575,-0.02,28.57,68.74,0
0.0442,-0.0133,28.56,68.74,0
0.1599,0.1157,28.58,68.74,0
0.2204,0.0604,28.63,68.75,0
0.2625,0.0421,28.67,68.75,0
0.159,-0.1035,28.72,68.76,0
0.1024,-0.0566,28.73,68.76,0
0.1851,0.0827,28.76,68.76,0
0.1127,-0.0724,28.74,68.76,0
0.073,-0.0397,28.76,68.76,0
0.0502,-0.0227,28.76,68.76,0
0.174,0.1238,28.79,68.76,0
0.1077,-0.0663,28.65,68.76,0
0.2058,0.098,28.76,68.77,0
0.1272,-0.0786,28.75,68.77,0
0.2008,0.0736,28.71,68.77,0
0.2741,0.0733,28.63,68.78,0
0.1725,-0.1016,28.59,68.78,0
0.1158,-0.0567,28.64,68.78,0
0.0826,-0.0332,28.54,68.78,0
0.197,0.1144,28.59,68.79,0
0.1265,-0.0706,28.64,68.79,0
0.1889,0.0624,28.67,68.79,0
0.1144,-0.0745,28.66,68.79,0
0.1863,0.0719,28.63,68.79,0
0.2563,0.07,28.51,68.8,0
0.1569,-0.0993,28.53,68.8,0
0.1022,-0.0547,28.59,68.8,0
0.1882,0.086,28.59,68.81,0
0.2316,0.0434,28.56,68.81,0
0.26,0.0284,28.68,68.82,0
0.1567,-0.1033,28.67,68.82,0
0.1008,-0.0559,28.62,68.82,0
0.1994,0.0986,28.55,68.82,0
0.1248,-0.0746,28.52,68.82,0
0.0832,-0.0415,28.47,68.82,0
0.059,-0.0242,28.44,68.82,0
0.2316,0.1726,28.47,68.82,0
0.2996,0.068,28.29,68.8,1
0.3283,0.0287,28.18,68.78,1
0.2132,-0.1151,28.18,68.78,0
0.2598,0.0466,28.21,68.79,0
0.1675,-0.0923,28.28,68.79,0
0.2201,0.0525,28.27,68.8,0
0.2704,0.0504,28.29,68.81,0
0.1684,-0.1021,28.42,68.81,0
0.2517,0.0833,28.5,68.82,0
0.1607,-0.091,28.58,68.82,0
0.2765,0.1158,28.67,68.83,0
0.1822,-0.0944,28.7,68.83,0
0.2569,0.0747,28.71,68.83,0
0.3107,0.0538,28.46,68.81,1
0.323,0.0123,28.25,68.79,1
0.2067,-0.1163,28.34,68.8,0
0.1409,-0.0658,28.36,68.8,0
0.2191,0.0783,28.49,68.8,0
0.1409,-0.0783,28.58,68.8,0
0.2015,0.0606,28.54,68.81,0
0.1239,-0.0775,28.56,68.81,0
0.2288,0.1049,28.59,68.81,0
0.1449,-0.084,28.6,68.81,0
0.2174,0.0726,28.66,68.82,0
0.2776,0.0602,28.67,68.83,0
0.3149,0.0374,28.46,68.81,1
0.3636,0.0487,28.32,68.79,1
0.3764,0.0128,28.19,68.77,1
0.3754,-0.001,27.89,68.75,1
0.2472,-0.1282,27.97,68.76,0
0.1736,-0.0735,27.97,68.76,0
0.2816,0.108,27.88,68.74,1
0.3355,0.0539,27.75,68.73,1
0.3524,0.0169,27.74,68.71,1
0.2332,-0.1192,27.82,68.72,0
0.1644,-0.0687,27.87,68.72,0
0.1225,-0.0419,27.96,68.72,0
0.0953,-0.0272,28.0,68.72,0
0.0766,-0.0188,28.01,68.72,0
0.0629,-0.0137,28.08,68.72,0
0.0524,-0.0104,28.14,68.72,0
0.1767,0.1243,28.13,68.72,0
0.2564,0.0796,28.16,68.73,0
0.1644,-0.0919,28.22,68.73,0
0.2555,0.0911,28.21,68.74,0
0.1667,-0.0888,28.29,68.75,0
0.116,-0.0507,28.26,68.75,0
0.2329,0.1169,28.29,68.75,0
0.2915,0.0586,28.11,68.73,1
0.3804,0.0889,27.95,68.72,1
0.404,0.0235,27.7,68.7,1
0.3927,-0.0113,27.58,68.69,1
0.3865,-0.0063,27.44,68.67,1
0.446,0.0595,27.27,68.66,1
0.4592,0.0132,26.86,68.61,2
0.3148,-0.1444,26.45,68.56,2
0.3334,0.0186,26.36,68.54,1
0.3549,0.0216,26.39,68.53,1
0.237,-0.118,26.7,68.54,0
0.1683,-0.0687,26.79,68.55,0
0.2759,0.1077,26.96,68.56,0
0.3116,0.0356,26.94,68.55,1
0.2057,-0.1059,26.78,68.52,1
0.2546,0.0489,27.08,68.54,0
0.2928,0.0382,27.29,68.55,0
0.1874,-0.1054,27.42,68.56,0
0.2406,0.0532,27.58,68.57,0
0.1531,-0.0875,27.62,68.58,0
0.2092,0.056,27.69,68.59,0
0.2457,0.0365,27.77,68.6,0
0.1493,-0.0964,27.76,68.6,0
0.097,-0.0523,27.84,68.6,0
0.185,0.088,27.96,68.61,0
0.114,-0.0711,27.99,68.61,0
0.2076,0.0936,28.11,68.62,0
0.2837,0.0761,27.86,68.6,1
0.1805,-0.1031,27.66,68.58,1
0.1225,-0.0581,27.72,68.59,0
0.2056,0.0832,27.73,68.59,0
0.2742,0.0685,27.93,68.61,0
0.1741,-0.1,28.02,68.61,0
0.1179,-0.0563,28.05,68.62,0
0.2171,0.0993,28.05,68.63,0
0.3124,0.0953,27.84,68.61,1
0.3471,0.0347,27.64,68.59,1
0.3528,0.0057,27.54,68.58,1
0.2296,-0.1233,27.7,68.59,0
0.159,-0.0706,27.8,68.6,0
0.2439,0.0849,27.91,68.61,0
0.2915,0.0476,27.7,68.59,1
0.3043,0.0128,27.63,68.57,1
0.3169,0.0126,27.49,68.56,1
0.1997,-0.1172,27.59,68.56,0
0.2467,0.047,27.67,68.58,0
0.3111,0.0644,27.53,68.56,1
0.3316,0.0205,27.39,68.55,1
0.3467,0.0151,27.24,68.53,1
0.2251,-0.1216,27.35,68.54,0
0.2712,0.0462,27.42,68.56,0
0.3339,0.0627,27.3,68.54,1
0.2197,-0.1142,27.18,68.52,1
0.2616,0.0418,27.32,68.53,0
0.304,0.0424,27.46,68.55,0
0.3286,0.0246,27.27,68.53,1
0.3241,-0.0045,27.13,68.52,1
0.3357,0.0116,27.03,68.51,1
0.3384,0.0027,26.99,68.49,1
0.2168,-0.1216,27.18,68.5,0
0.2537,0.0369,27.32,68.52,0
0.1626,-0.0911,27.41,68.52,0
0.2192,0.0566,27.6,68.53,0
0.2691,0.0499,27.76,68.55,0
0.1686,-0.1005,27.83,68.55,0
0.1131,-0.0555,27.89,68.56,0
0.186,0.0729,27.9,68.57,0
0.2635,0.0775,28.0,68.58,0
0.1653,-0.0982,28.05,68.59,0
0.1105,-0.0548,28.09,68.59,0
0.2385,0.128,28.12,68.6,0
0.1567,-0.0818,28.13,68.61,0
0.2216,0.0649,28.15,68.61,0
0.2486,0.027,28.24,68.62,0
0.1514,-0.0972,28.23,68.63,0
0.2232,0.0718,28.36,68.64,0
0.1378,-0.0854,28.42,68.64,0
0.203,0.0652,28.43,68.65,0
0.2558,0.0527,28.44,68.66,0
0.157,-0.0987,28.44,68.66,0
0.2379,0.0809,28.5,68.67,0
0.2924,0.0545,28.37,68.65,1
0.1863,-0.106,28.09,68.63,1
0.2568,0.0704,28.23,68.64,0
0.2978,0.041,28.31,68.65,0
0.3092,0.0114,28.11,68.63,1
0.3315,0.0222,27.96,68.62,1
0.3391,0.0077,27.81,68.6,1
0.3394,0.0003,27.63,68.59,1
0.2177,-0.1217,27.67,68.6,0
0.2695,0.0518,27.73,68.61,0
0.1754,-0.0942,27.77,68.62,0
0.2395,0.0641,27.86,68.63,0
0.1541,-0.0854,27.82,68.63,0
0.231,0.0769,27.88,68.64,0
0.2925,0.0615,27.66,68.62,1
0.3263,0.0338,27.48,68.6,1
0.3426,0.0162,27.45,68.59,1
0.2232,-0.1194,27.51,68.6,0
0.1558,-0.0674,27.55,68.61,0
0.1156,-0.0401,27.64,68.61,0
0.2252,0.1095,27.74,68.62,0
0.2965,0.0713,27.59,68.6,1
0.1949,-0.1016,27.36,68.58,1
0.1366,-0.0583,27.4,68.58,0
0.2512,0.1146,27.43,68.59,0
0.3149,0.0637,27.33,68.58,1
0.2096,-0.1053,27.2,68.56,1
0.3212,0.1117,27.11,68.54,1
0.37,0.0488,26.97,68.53,1
0.3825,0.0124,26.86,68.52,1
0.3836,0.0012,26.82,68.51,1
0.2565,-0.1271,26.94,68.52,0
0.343,0.0865,27.04,68.54,0
0.3709,0.0279,26.97,68.52,1
0.3843,0.0134,26.85,68.51,1
0.366,-0.0184,26.82,68.5,1
0.4231,0.0572,26.72,68.49,1
0.2864,-0.1368,26.62,68.48,1
0.3458,0.0594,26.64,68.46,1
0.4019,0.0561,26.57,68.46,1
0.4142,0.0123,26.61,68.45,1
0.4226,0.0085,26.62,68.44,1
0.288,-0.1347,26.51,68.42,1
0.3285,0.0405,26.49,68.41,1
0.3668,0.0383,26.45,68.4,1
0.3888,0.022,26.45,68.39,1
0.4006,0.0118,26.47,68.39,1
0.428,0.0274,26.44,68.38,1
0.2905,-0.1375,26.36,68.37,1
0.3143,0.0238,26.34,68.36,1
0.3468,0.0324,26.31,68.35,1
0.3801,0.0333,26.36,68.34,1
0.3865,0.0064,26.3,68.33,1
0.2584,-0.1281,26.38,68.35,0
0.2917,0.0333,26.58,68.36,0
0.3216,0.0299,26.43,68.35,1
0.3512,0.0297,26.39,68.34,1
0.3721,0.0209,26.37,68.34,1
0.4016,0.0294,26.29,68.33,1
0.3836,-0.018,26.28,68.32,1
0.2574,-0.1262,26.47,68.34,0
0.3177,0.0603,26.68,68.36,0
0.369,0.0513,26.57,68.35,1
0.2518,-0.1173,26.48,68.33,1
0.3633,0.1115,26.42,68.33,1
0.4101,0.0468,26.46,68.32,1
0.4404,0.0303,26.38,68.31,1
0.4968,0.0564,26.08,68.27,2
0.5027,0.0059,25.82,68.23,2
0.3536,-0.149,25.81,68.23,1
0.4128,0.0592,25.79,68.22,1
0.4267,0.0139,25.82,68.22,1
0.4402,0.0135,25.94,68.22,1
0.3064,-0.1337,25.95,68.21,1
0.374,0.0675,25.91,68.2,1
0.2636,-0.1104,26.2,68.22,0
0.3565,0.0929,26.34,68.24,0
0.4286,0.0721,26.28,68.24,1
0.3015,-0.127,26.26,68.23,1
0.3617,0.0602,26.24,68.22,1
0.2542,-0.1075,26.52,68.24,0
0.2937,0.0395,26.67,68.26,0
0.2004,-0.0934,26.86,68.28,0
0.2729,0.0725,27.04,68.3,0
0.3164,0.0435,26.95,68.29,1
0.3464,0.03,26.95,68.28,1
0.3831,0.0367,26.81,68.27,1
0.4205,0.0374,26.71,68.27,1
0.285,-0.1355,26.61,68.26,1
0.3627,0.0777,26.53,68.25,1
0.3928,0.03,26.48,68.24,1
0.3976,0.0048,26.48,68.24,1
0.4072,0.0096,26.46,68.23,1
0.4596,0.0524,26.13,68.19,2
0.4741,0.0145,25.86,68.15,2
0.4943,0.0203,25.5,68.11,2
0.4996,0.0052,25.23,68.08,2
0.5141,0.0145,24.94,68.04,2
0.52,0.0059,24.72,68.01,2
0.5262,0.0062,24.51,67.97,2
0.5109,-0.0153,24.35,67.94,2
0.5353,0.0244,24.14,67.91,2
0.5255,-0.0099,23.93,67.87,2
0.549,0.0236,23.81,67.84,2
0.5338,-0.0153,23.72,67.81,2
0.5092,-0.0246,23.61,67.78,2
0.4832,-0.026,23.52,67.75,2
0.4887,0.0055,23.51,67.72,2
0.4882,-0.0005,23.41,67.69,2
0.4779,-0.0104,23.35,67.66,2
0.5063,0.0285,23.2,67.63,2
0.564,0.0577,23.17,67.61,2
0.5379,-0.0261,23.1,67.58,2
0.5471,0.0092,23.04,67.56,2
0.5336,-0.0135,23.02,67.53,2
0.5585,0.0248,22.99,67.51,2
0.5879,0.0294,22.92,67.49,2
0.6079,0.02,22.84,67.47,2
0.5769,-0.031,22.78,67.45,2
0.5363,-0.0406,22.74,67.43,2
0.5372,0.0009,22.71,67.41,2
0.5587,0.0215,22.7,67.39,2
0.5616,0.0029,22.66,67.37,2
0.5303,-0.0313,22.61,67.35,2
0.5653,0.0349,22.62,67.33,2
0.4029,-0.1623,22.83,67.34,1
0.457,0.0541,23.13,67.36,1
0.4933,0.0363,23.08,67.33,2
0.5084,0.0151,23.09,67.31,2
0.5286,0.0202,23.1,67.29,2
0.5231,-0.0056,23.03,67.27,2
0.5285,0.0054,23.05,67.25,2
0.3743,-0.1542,23.21,67.27,1
0.4445,0.0703,23.35,67.29,1
0.3196,-0.1249,23.58,67.3,1
0.3813,0.0616,23.82,67.31,1
0.392,0.0107,24.01,67.32,1
0.4336,0.0416,24.15,67.34,1
0.4654,0.0318,23.97,67.31,2
0.4486,-0.0168,23.78,67.29,2
0.4585,0.0099,23.63,67.27,2
0.4727,0.0142,23.51,67.25,2
0.4875,0.0148,23.37,67.23,2
0.4854,-0.0021,23.32,67.2,2
0.4876,0.0022,23.33,67.19,2
0.4977,0.0101,23.33,67.17,2
0.5115,0.0138,23.23,67.15,2
0.4977,-0.0138,23.2,67.13,2
0.5041,0.0064,23.08,67.11,2
0.5337,0.0296,22.98,67.1,2
0.4925,-0.0412,22.98,67.08,2
0.4916,-0.0009,22.98,67.06,2
0.5059,0.0143,22.95,67.05,2
0.4745,-0.0314,22.79,67.03,2
0.4548,-0.0197,22.74,67.01,2
0.4412,-0.0136,22.98,67.03,1
0.4383,-0.0029,23.19,67.06,1
0.4501,0.0119,23.14,67.04,2
0.4723,0.0222,23.04,67.02,2
0.5209,0.0485,23.01,67.01,2
0.5306,0.0097,22.98,66.99,2
0.5454,0.0148,22.98,66.98,2
0.5443,-0.0012,22.93,66.97,2
0.5675,0.0232,22.9,66.96,2
0.5508,-0.0167,22.8,66.94,2
0.5394,-0.0115,22.76,66.93,2
0.5605,0.0211,22.77,66.92,2
0.4004,-0.16,22.99,66.94,1
0.4637,0.0633,23.26,66.97,1
0.3357,-0.128,23.43,66.98,1
0.3748,0.0391,23.68,67.0,1
0.4165,0.0417,23.95,67.02,1
0.4307,0.0142,24.18,67.05,1
0.4424,0.0117,24.35,67.07,1
0.473,0.0305,24.12,67.05,2
0.3291,-0.1439,23.97,67.02,2
0.4349,0.1058,24.15,67.05,1
0.4357,0.0009,24.34,67.07,1
0.4918,0.056,24.11,67.05,2
0.4595,-0.0323,23.97,67.03,2
0.4723,0.0129,23.86,67.02,2
0.4743,0.0019,23.76,67.0,2
0.478,0.0037,23.7,66.98,2
0.4612,-0.0168,23.63,66.97,2
0.5029,0.0417,23.63,66.95,2
0.4652,-0.0377,23.56,66.94,2
0.3198,-0.1454,23.75,66.95,1
0.4027,0.0829,23.92,66.97,1
0.4311,0.0284,24.1,67.0,1
0.4509,0.0197,23.98,66.98,2
0.5023,0.0514,23.83,66.96,2
0.5471,0.0448,23.76,66.95,2
0.5397,-0.0074,23.68,66.94,2
0.5522,0.0125,23.5,66.93,2
0.5791,0.027,23.4,66.92,2
0.5886,0.0095,23.29,66.91,2
0.6059,0.0172,23.26,66.9,2
0.619,0.0131,23.18,66.9,2
0.6278,0.0088,23.16,66.89,2
0.6593,0.0316,23.02,66.88,2
0.6023,-0.0571,22.91,66.88,2
0.5706,-0.0317,22.93,66.87,2
0.4077,-0.1629,23.1,66.89,1
0.4488,0.0411,23.39,66.92,1
0.487,0.0382,23.2,66.9,2
0.4963,0.0093,23.03,66.89,2
0.4769,-0.0194,23.02,66.87,2
0.4622,-0.0147,22.99,66.86,2
0.4769,0.0148,22.99,66.85,2
0.4857,0.0087,22.96,66.83,2
0.4765,-0.0091,22.89,66.82,2
0.4931,0.0166,22.77,66.81,2
0.5326,0.0395,22.75,66.8,2
0.5183,-0.0142,22.83,66.79,2
0.5283,0.01,22.82,66.78,2
0.4971,-0.0312,22.76,66.77,2
0.505,0.0079,22.67,66.76,2
0.5492,0.0442,22.7,66.75,2
0.5359,-0.0132,22.62,66.74,2
0.5168,-0.0191,22.51,66.73,2
0.5523,0.0354,22.53,66.73,2
0.5262,-0.0261,22.6,66.72,2
0.5542,0.0281,22.6,66.71,2
0.5853,0.031,22.63,66.71,2
0.562,-0.0233,22.69,66.7,2
0.5355,-0.0265,22.69,66.69,2
0.5143,-0.0212,22.73,66.69,2
0.5163,0.002,22.65,66.68,2
0.5392,0.023,22.75,66.67,2
0.5902,0.051,22.73,66.67,2
0.6532,0.0629,22.73,66.67,2
0.674,0.0209,22.74,66.67,2
0.6338,-0.0402,22.75,66.67,2
0.6418,0.008,22.81,66.66,2
0.6242,-0.0176,22.81,66.66,2
0.5849,-0.0393,22.8,66.66,2
0.5701,-0.0148,22.86,66.65,2
0.5659,-0.0042,22.81,66.65,2
0.5962,0.0303,22.82,66.65,2
0.6166,0.0204,22.82,66.64,2
0.6459,0.0292,22.78,66.64,2
0.5883,-0.0576,22.76,66.64,2
0.5536,-0.0346,22.73,66.63,2
0.5592,0.0055,22.77,66.63,2
0.5601,0.0009,22.77,66.63,2
0.5563,-0.0038,22.75,66.62,2
0.396,-0.1603,22.97,66.65,1
0.4867,0.0907,23.18,66.68,1
0.4968,0.0101,23.08,66.67,2
0.5163,0.0195,23.0,66.66,2
0.5194,0.0031,22.93,66.66,2
0.5277,0.0083,22.87,66.65,2
0.5756,0.0479,22.9,66.64,2
0.5346,-0.041,22.89,66.64,2
0.5586,0.0241,22.86,66.63,2
0.3971,-0.1616,23.08,66.66,1
0.4193,0.0222,23.34,66.69,1
0.4619,0.0427,23.27,66.68,2
0.4906,0.0287,23.24,66.67,2
0.4941,0.0035,23.18,66.66,2
0.346,-0.1481,23.36,66.68,1
0.3781,0.0322,23.59,66.71,1
0.4315,0.0534,23.79,66.74,1
0.4689,0.0374,23.72,66.73,2
0.5268,0.0578,23.54,66.72,2
0.5539,0.0271,23.49,66.71,2
0.5195,-0.0344,23.37,66.7,2
0.5241,0.0046,23.36,66.69,2
0.5696,0.0454,23.28,66.69,2
0.5986,0.029,23.17,66.69,2
0.5845,-0.0141,23.17,66.68,2
0.5508,-0.0337,23.16,66.67,2
0.5239,-0.0269,23.13,66.67,2
0.5061,-0.0178,23.05,66.66,2
0.525,0.0189,22.99,66.65,2
0.5339,0.0089,22.95,66.65,2
0.5629,0.029,23.03,66.64,2
0.5524,-0.0105,23.0,66.64,2
0.5847,0.0323,22.98,66.63,2
0.5709,-0.0138,22.98,66.63,2
0.56,-0.0109,22.9,66.62,2
0.569,0.009,22.86,66.62,2
0.5835,0.0146,22.82,66.62,2
0.6081,0.0246,22.84,66.61,2
0.6119,0.0037,22.9,66.61,2
0.4417,-0.1701,23.17,66.64,1
0.5069,0.0652,23.41,66.68,1
0.5032,-0.0037,23.34,66.67,2
0.5066,0.0034,23.22,66.66,2
0.5071,0.0005,23.12,66.65,2
0.5347,0.0276,23.13,66.64,2
0.5422,0.0075,22.96,66.64,2
0.5433,0.0011,22.92,66.63,2
0.5086,-0.0346,22.85,66.63,2
0.5451,0.0364,22.79,66.62,2
0.5517,0.0066,22.7,66.62,2
0.5685,0.0168,22.69,66.61,2
0.5641,-0.0044,22.61,66.61,2
0.5645,0.0004,22.66,66.6,2
0.545,-0.0196,22.59,66.6,2
0.5867,0.0418,22.6,66.6,2
0.5301,-0.0567,22.58,66.59,2
0.5636,0.0336,22.58,66.59,2
0.5608,-0.0028,22.59,66.58,2
0.5441,-0.0167,22.66,66.58,2
0.5534,0.0093,22.6,66.58,2
0.5633,0.0099,22.6,66.57,2
0.5957,0.0324,22.54,66.57,2
0.5761,-0.0196,22.53,66.57,2
0.5934,0.0173,22.61,66.57,2
0.5851,-0.0083,22.61,66.56,2
0.5821,-0.0029,22.56,66.56,2
0.5795,-0.0027,22.59,66.56,2
0.5787,-0.0008,22.68,66.56,2
0.5991,0.0205,22.58,66.56,2
0.5768,-0.0223,22.59,66.55,2
0.5557,-0.0211,22.61,66.55,2
0.5886,0.0329,22.56,66.55,2
0.6347,0.0461,22.6,66.55,2
0.6504,0.0158,22.58,66.55,2
0.6546,0.0042,22.54,66.55,2
0.6615,0.0069,22.57,66.56,2
0.6322,-0.0293,22.66,66.56,2
0.6435,0.0112,22.57,66.56,2
0.6504,0.007,22.55,66.56,2
0.6615,0.0111,22.6,66.56,2
0.683,0.0215,22.62,66.56,2
0.7129,0.0299,22.66,66.57,2
0.7257,0.0128,22.63,66.57,2
0.7313,0.0057,22.67,66.58,2
0.697,-0.0344,22.65,66.58,2
0.6488,-0.0482,22.67,66.58,2
0.6418,-0.007,22.69,66.58,2
0.6158,-0.026,22.77,66.58,2
0.6085,-0.0073,22.75,66.58,2
0.617,0.0085,22.7,66.58,2
0.6154,-0.0016,22.64,66.58,2
0.6428,0.0274,22.7,66.58,2
0.6419,-0.0009,22.81,66.58,2
0.6765,0.0346,22.8,66.58,2
0.6659,-0.0107,22.78,66.58,2
0.6688,0.003,22.84,66.59,2
0.6053,-0.0635,22.86,66.58,2
0.5632,-0.0421,22.83,66.58,2
0.5734,0.0102,22.79,66.58,2
0.5989,0.0255,22.81,66.58,2
0.6087,0.0098,22.77,66.57,2
0.6068,-0.0019,22.69,66.57,2
0.6034,-0.0033,22.69,66.57,2
0.6412,0.0378,22.73,66.57,2
0.6382,-0.003,22.74,66.57,2
0.632,-0.0061,22.8,66.57,2
0.6508,0.0188,22.78,66.57,2
0.636,-0.0148,22.8,66.57,2
0.6124,-0.0236,22.85,66.57,2
0.6176,0.0052,22.9,66.57,2
0.6429,0.0253,22.87,66.57,2
0.6674,0.0245,22.94,66.58,2
0.7026,0.0352,22.92,66.58,2
0.7076,0.0051,22.92,66.58,2
0.6792,-0.0284,22.97,66.59,2
0.6504,-0.0288,22.93,66.59,2
0.6382,-0.0122,22.92,66.59,2
0.6466,0.0083,22.93,66.59,2
0.6625,0.0159,23.02,66.59,2
0.6495,-0.013,23.0,66.59,2
0.6139,-0.0355,22.86,66.59,2
0.6419,0.0279,22.94,66.59,2
0.6261,-0.0157,22.93,66.59,2
0.6402,0.0141,23.0,66.59,2
0.6634,0.0232,22.95,66.59,2
0.643,-0.0203,23.02,66.59,2
0.6703,0.0273,23.04,66.59,2
0.701,0.0307,22.99,66.59,2
0.6982,-0.0029,22.96,66.6,2
0.6671,-0.031,23.01,66.6,2
0.6523,-0.0148,22.97,66.6,2
0.6474,-0.0048,22.94,66.6,2
0.6595,0.0121,22.92,66.6,2
0.677,0.0175,22.91,66.6,2
0.6813,0.0043,22.86,66.61,2
0.6633,-0.018,22.87,66.61,2
0.6976,0.0343,22.73,66.61,2
0.7266,0.029,22.75,66.61,2
0.7133,-0.0134,22.76,66.62,2
0.7165,0.0033,22.77,66.62,2
0.685,-0.0315,22.74,66.62,2
0.6771,-0.0079,22.79,66.62,2
0.6358,-0.0413,22.79,66.62,2
0.6716,0.0359,22.72,66.62,2
0.7035,0.0318,22.76,66.63,2
0.6826,-0.0209,22.72,66.63,2
0.7132,0.0306,22.8,66.63,2
0.7081,-0.0051,22.83,66.63,2
0.6609,-0.0472,22.82,66.63,2
0.6616,0.0006,22.72,66.63,2
0.6821,0.0206,22.79,66.64,2
0.6492,-0.0329,22.83,66.64,2
0.64,-0.0092,22.8,66.64,2
0.6105,-0.0295,22.73,66.63,2
0.6413,0.0308,22.77,66.63,2
0.6451,0.0038,22.75,66.63,2
0.6452,0.0001,22.74,66.63,2
0.6761,0.0308,22.73,66.63,2
0.6589,-0.0172,22.78,66.63,2
0.6714,0.0125,22.74,66.63,2
0.6887,0.0174,22.73,66.64,2
0.7024,0.0137,22.73,66.64,2
0.7202,0.0177,22.75,66.64,2
0.7438,0.0237,22.67,66.65,2
0.7647,0.0209,22.7,66.65,2
0.7882,0.0235,22.78,66.66,2
0.8037,0.0155,22.88,66.66,2
0.7752,-0.0284,22.86,66.67,2
0.7767,0.0015,22.89,66.68,2
0.7904,0.0137,22.85,66.68,2
0.7348,-0.0556,22.86,66.68,2
0.7428,0.008,22.89,66.69,2
0.7122,-0.0306,22.94,66.69,2
0.7313,0.019,23.0,66.69,2
0.7274,-0.0039,23.04,66.7,2
0.7043,-0.023,23.01,66.7,2
0.6887,-0.0157,22.96,66.7,2
0.7004,0.0117,22.94,66.7,2
0.686,-0.0144,22.95,66.7,2
0.6809,-0.0051,22.95,66.7,2
0.683,0.0021,22.99,66.7,2
0.6314,-0.0516,23.01,66.7,2
0.6364,0.005,22.95,66.69,2
0.6603,0.0239,22.88,66.69,2
0.697,0.0368,22.87,66.69,2
0.6648,-0.0322,22.99,66.69,2
0.6752,0.0104,22.99,66.69,2
0.6746,-0.0006,22.95,66.69,2
0.6875,0.0129,22.92,66.69,2
0.6927,0.0053,22.93,66.69,2
0.7146,0.0219,22.99,66.7,2
0.7372,0.0226,22.93,66.7,2
0.7561,0.0189,22.91,66.7,2
0.7595,0.0034,22.88,66.71,2
0.7362,-0.0233,22.82,66.71,2
0.7244,-0.0118,22.76,66.71,2
0.7328,0.0084,22.73,66.71,2
0.7399,0.0071,22.73,66.72,2
0.7621,0.0222,22.89,66.72,2
0.7511,-0.011,22.91,66.72,2
0.7238,-0.0273,22.82,66.73,2
0.7079,-0.0159,22.84,66.73,2
0.7233,0.0154,22.81,66.73,2
0.7544,0.031,22.81,66.73,2
0.7056,-0.0488,22.86,66.73,2
0.7268,0.0213,22.86,66.73,2
0.7385,0.0117,22.82,66.74,2
0.7726,0.0341,22.87,66.74,2
0.7091,-0.0635,22.82,66.74,2
0.6668,-0.0423,22.8,66.74,2
0.6676,0.0009,22.92,66.74,2
0.6811,0.0135,22.96,66.74,2
0.7159,0.0348,22.99,66.74,2
0.7299,0.014,22.97,66.74,2
0.718,-0.0119,23.0,66.74,2
0.7219,0.0039,22.99,66.74,2
0.7229,0.001,23.02,66.74,2
0.7347,0.0118,23.05,66.75,2
0.7552,0.0205,23.01,66.75,2
0.7525,-0.0027,22.92,66.75,2
0.7556,0.0031,22.85,66.75,2
0.7663,0.0107,22.93,66.76,2
0.7567,-0.0096,22.95,66.76,2
0.7261,-0.0306,22.99,66.76,2
0.6947,-0.0313,23.02,66.76,2
0.7144,0.0196,22.97,66.76,2
0.7369,0.0225,22.92,66.76,2
0.7286,-0.0083,22.99,66.76,2
0.7518,0.0232,22.98,66.77,2
0.77,0.0182,22.95,66.77,2
0.7719,0.0019,23.03,66.77,2
0.7434,-0.0285,22.96,66.77,2
0.7216,-0.0218,22.95,66.77,2
0.725,0.0034,23.0,66.78,2
0.7254,0.0005,22.97,66.78,2
0.7456,0.0201,22.98,66.78,2
0.7333,-0.0123,23.01,66.78,2
0.7213,-0.012,23.0,66.78,2
0.7329,0.0116,22.95,66.78,2
0.75,0.0171,22.9,66.78,2
0.7328,-0.0171,22.89,66.78,2
0.7292,-0.0036,22.94,66.78,2
0.7126,-0.0166,22.92,66.78,2
0.7177,0.0051,22.88,66.78,2
0.7428,0.0251,22.9,66.79,2
0.7654,0.0225,22.94,66.79,2
0.767,0.0017,22.9,66.79,2
0.7849,0.0179,22.83,66.79,2
0.7708,-0.0141,22.87,66.8,2
0.7775,0.0068,22.89,66.8,2
0.767,-0.0105,22.79,66.8,2
0.7514,-0.0157,22.79,66.8,2
0.7614,0.01,22.7,66.81,2
0.7644,0.003,22.71,66.81,2
0.7755,0.011,22.85,66.81,2
0.8027,0.0273,22.99,66.81,2
0.7578,-0.0449,22.98,66.82,2
0.7595,0.0016,23.03,66.82,2
0.7656,0.0061,23.1,66.82,2
0.7542,-0.0115,23.13,66.82,2
0.7679,0.0138,23.09,66.82,2
0.7707,0.0028,23.13,66.82,2
0.7356,-0.0351,23.12,66.83,2
0.7014,-0.0343,23.2,66.82,2
0.6902,-0.0112,23.15,66.82,2
0.7118,0.0216,23.19,66.82,2
0.7355,0.0236,23.2,66.82,2
0.7563,0.0209,23.13,66.82,2
0.7311,-0.0252,23.06,66.82,2
0.7333,0.0023,23.15,66.82,2
0.7387,0.0054,23.08,66.82,2
0.7511,0.0124,23.03,66.82,2
0.7391,-0.012,23.02,66.83,2
0.7502,0.0111,22.96,66.83,2
0.7547,0.0045,22.98,66.83,2
0.7653,0.0106,23.06,66.83,2
0.771,0.0058,22.94,66.83,2
0.7694,-0.0017,22.94,66.83,2
0.7787,0.0093,22.93,66.84,2
0.7597,-0.019,22.87,66.84,2
0.7342,-0.0255,22.95,66.84,2
0.7477,0.0136,23.02,66.84,2
0.7603,0.0125,23.07,66.84,2
0.7213,-0.0389,23.03,66.84,2
0.7362,0.0148,23.0,66.84,2
0.7571,0.021,23.01,66.84,2
0.773,0.0159,23.06,66.84,2
0.7739,0.0009,23.11,66.84,2
0.7529,-0.021,23.12,66.84,2
0.7574,0.0045,23.17,66.84,2
0.7613,0.0039,23.12,66.85,2
0.721,-0.0403,23.08,66.84,2
0.7377,0.0167,23.13,66.84,2
0.7272,-0.0105,23.09,66.84,2
0.7311,0.0038,23.1,66.84,2
0.7251,-0.0059,23.13,66.84,2
0.7422,0.017,23.12,66.84,2
0.7558,0.0137,23.15,66.84,2
0.7487,-0.0071,23.16,66.84,2
0.7675,0.0188,23.09,66.85,2
0.723,-0.0445,23.0,66.85,2
0.7347,0.0117,22.98,66.85,2
0.7602,0.0255,22.99,66.85,2
0.7342,-0.0259,23.02,66.85,2
0.7188,-0.0154,22.97,66.85,2
0.7426,0.0238,22.98,66.85,2
0.7506,0.0079,22.96,66.85,2
0.7323,-0.0183,22.85,66.85,2
0.6991,-0.0331,22.81,66.84,2
0.6842,-0.0149,22.96,66.84,2
0.6958,0.0116,22.97,66.84,2
0.6931,-0.0027,23.01,66.84,2
0.6982,0.0051,23.01,66.84,2
0.7265,0.0284,22.93,66.83,2
0.7358,0.0093,22.93,66.83,2
0.7633,0.0274,22.99,66.84,2
0.7942,0.031,23.01,66.84,2
0.7592,-0.035,23.03,66.84,2
0.7655,0.0062,22.95,66.84,2
0.7661,0.0006,23.0,66.84,2
0.7784,0.0123,22.97,66.85,2
0.7887,0.0103,23.01,66.85,2
0.7785,-0.0102,22.94,66.85,2
0.784,0.0056,22.97,66.85,2
0.7838,-0.0002,22.93,66.85,2
0.8075,0.0236,22.95,66.86,2
0.8115,0.004,23.01,66.86,2
0.7662,-0.0453,23.04,66.86,2
0.77,0.0038,23.04,66.86,2
0.7606,-0.0094,23.12,66.86,2
0.7487,-0.0119,23.07,66.86,2
0.7237,-0.025,23.01,66.86,2
0.7022,-0.0215,23.02,66.86,2
0.7175,0.0152,22.93,66.86,2
0.7391,0.0216,22.89,66.86,2
0.7251,-0.014,22.91,66.86,2
0.7036,-0.0215,22.9,66.86,2
0.6955,-0.0081,22.88,66.85,2
0.675,-0.0205,22.87,66.85,2
0.6832,0.0082,22.98,66.85,2
0.6869,0.0037,22.93,66.85,2
0.6972,0.0103,23.06,66.84,2
0.7045,0.0073,23.08,66.84,2
0.7359,0.0314,22.94,66.84,2
0.7438,0.0079,22.89,66.84,2
0.7198,-0.0241,22.92,66.84,2
0.707,-0.0128,22.91,66.84,2
0.7094,0.0025,22.91,66.84,2
0.6892,-0.0203,22.83,66.84,2
0.6961,0.0069,22.81,66.83,2
0.7189,0.0228,22.84,66.83,2
0.7053,-0.0135,22.84,66.83,2
0.7009,-0.0044,22.84,66.83,2
0.7408,0.0399,22.83,66.83,2
0.7027,-0.0382,22.92,66.83,2
0.705,0.0024,22.98,66.83,2
0.7183,0.0132,22.87,66.83,2
0.745,0.0267,22.98,66.83,2
0.6855,-0.0595,22.95,66.83,2
0.6888,0.0033,22.92,66.82,2
0.7119,0.0231,22.93,66.82,2
0.7284,0.0164,22.87,66.82,2
0.7195,-0.0088,22.88,66.82,2
0.7347,0.0152,22.92,66.82,2
0.7057,-0.0289,22.9,66.82,2
0.6956,-0.0102,22.76,66.82,2
0.7012,0.0056,22.7,66.82,2
0.7082,0.007,22.68,66.82,2
0.699,-0.0091,22.71,66.82,2
0.7177,0.0187,22.69,66.82,2
0.7289,0.0112,22.8,66.82,2
0.7376,0.0087,22.83,66.82,2
0.7574,0.0198,22.9,66.82,2
0.7775,0.02,22.89,66.82,2
0.7972,0.0197,22.85,66.82,2
0.788,-0.0092,22.79,66.83,2
0.792,0.004,22.87,66.83,2
0.7764,-0.0156,23.02,66.83,2
0.784,0.0076,23.08,66.83,2
0.7283,-0.0557,23.06,66.83,2
0.7201,-0.0081,22.93,66.83,2
0.6876,-0.0326,22.93,66.83,2
0.6873,-0.0003,23.02,66.83,2
0.7152,0.0279,23.06,66.83,2
0.7258,0.0107,23.06,66.83,2
0.7109,-0.0149,23.08,66.83,2
0.7144,0.0035,22.99,66.83,2
0.7341,0.0197,22.99,66.83,2
0.7574,0.0233,22.96,66.83,2
0.7825,0.0251,23.11,66.83,2
0.7693,-0.0132,23.14,66.83,2
0.7669,-0.0024,23.14,66.83,2
0.7876,0.0207,23.24,66.84,2
0.7939,0.0064,23.24,66.84,2
0.7759,-0.018,23.27,66.84,2
0.787,0.0112,23.22,66.84,2
0.7729,-0.0141,23.21,66.85,2
0.7405,-0.0325,23.18,66.85,2
0.7327,-0.0077,23.19,66.85,2
0.7133,-0.0195,23.13,66.84,2
0.705,-0.0083,23.05,66.84,2
0.7256,0.0206,23.0,66.84,2
0.7617,0.0361,22.9,66.84,2
0.7747,0.013,22.91,66.85,2
0.7826,0.0078,22.88,66.85,2
0.7901,0.0075,22.87,66.85,2
0.7547,-0.0354,22.85,66.85,2
0.7451,-0.0097,22.88,66.85,2
0.7363,-0.0088,22.8,66.85,2
0.7471,0.0108,22.79,66.85,2
0.6995,-0.0476,22.87,66.85,2
0.6925,-0.007,22.9,66.85,2
0.6745,-0.018,22.92,66.84,2
0.706,0.0315,22.91,66.84,2
0.6982,-0.0078,22.9,66.84,2
0.7301,0.0319,22.87,66.84,2
0.7404,0.0103,22.82,66.84,2
0.7682,0.0278,22.81,66.84,2
0.7671,-0.0011,22.87,66.84,2
0.7516,-0.0155,22.96,66.84,2
0.7233,-0.0283,23.01,66.84,2
0.7285,0.0052,23.01,66.84,2
0.6835,-0.045,23.04,66.84,2
0.6815,-0.0019,22.95,66.84,2
0.6826,0.0011,22.9,66.83,2
0.7083,0.0257,22.89,66.83,2
0.7033,-0.0051,22.86,66.83,2
0.7166,0.0134,22.86,66.83,2
0.6616,-0.055,22.86,66.83,2
0.6872,0.0256,22.82,66.83,2
0.6905,0.0032,22.89,66.82,2
0.6948,0.0044,22.89,66.82,2
0.6797,-0.0151,22.97,66.82,2
0.7113,0.0316,22.95,66.82,2
0.7087,-0.0027,22.94,66.82,2
0.7254,0.0168,22.94,66.82,2
0.7394,0.014,22.95,66.82,2
0.7045,-0.0349,22.93,66.82,2
0.6817,-0.0228,22.91,66.81,2
0.6757,-0.006,22.9,66.81,2
0.6958,0.02,22.94,66.81,2
0.7123,0.0165,22.95,66.81,2
0.7263,0.0141,22.88,66.81,2
0.7123,-0.014,22.95,66.81,2
0.7198,0.0075,23.04,66.81,2
0.7104,-0.0094,23.03,66.81,2
0.7425,0.0321,23.06,66.81,2
0.7445,0.002,23.05,66.81,2
0.7495,0.0049,22.97,66.81,2
0.7607,0.0113,22.97,66.81,2
0.7892,0.0284,23.07,66.82,2
0.7612,-0.028,23.06,66.82,2
0.7832,0.022,23.08,66.82,2
0.7962,0.0131,23.03,66.82,2
0.8011,0.0048,23.04,66.83,2
0.8226,0.0216,22.99,66.83,2
0.7947,-0.0279,22.91,66.84,2
0.7576,-0.0371,22.89,66.84,2
0.7139,-0.0437,22.86,66.84,2
0.6774,-0.0365,22.84,66.83,2
0.4985,-0.1789,22.75,66.82,2
0.5838,0.0852,22.75,66.81,2
0.6447,0.0609,22.67,66.81,2
0.6481,0.0034,22.65,66.81,2
0.6327,-0.0155,22.67,66.8,2
0.6512,0.0185,22.69,66.8,2
0.6872,0.036,22.67,66.8,2
0.693,0.0059,22.67,66.8,2
0.6634,-0.0296,22.65,66.79,2
0.671,0.0076,22.66,66.79,2
0.6923,0.0213,22.74,66.79,2
0.7085,0.0162,22.75,66.79,2
0.735,0.0264,22.87,66.79,2
0.7475,0.0125,22.94,66.79,2
0.7438,-0.0037,22.84,66.79,2
0.745,0.0012,22.77,66.79,2
0.7659,0.0209,22.85,66.8,2
0.7892,0.0234,22.83,66.8,2
0.795,0.0058,22.85,66.8,2
0.7926,-0.0024,22.83,66.81,2
0.752,-0.0406,22.87,66.81,2
0.7461,-0.0059,22.93,66.81,2
0.759,0.013,22.89,66.81,2
0.7031,-0.0559,22.89,66.81,2
0.7128,0.0097,22.84,66.81,2
0.7064,-0.0064,22.85,66.81,2
0.7421,0.0357,22.91,66.81,2
0.717,-0.025,22.9,66.81,2
0.7287,0.0116,22.85,66.81,2
0.7029,-0.0258,22.89,66.81,2
0.7202,0.0173,22.91,66.81,2
0.7206,0.0004,22.88,66.81,2
0.729,0.0084,22.87,66.81,2
0.7439,0.0149,22.8,66.81,2
0.7749,0.031,22.9,66.81,2
0.7801,0.0052,22.85,66.82,2
0.7803,0.0002,22.97,66.82,2
0.7959,0.0156,22.98,66.82,2
0.7874,-0.0084,22.93,66.82,2
0.7858,-0.0017,22.92,66.83,2
0.7762,-0.0095,22.93,66.83,2
0.7615,-0.0147,22.94,66.83,2
0.7586,-0.0029,22.93,66.83,2
0.7518,-0.0068,22.78,66.83,2
0.7678,0.016,22.74,66.83,2
0.7903,0.0225,22.75,66.84,2
0.8056,0.0152,22.76,66.84,2
0.7612,-0.0443,22.81,66.84,2
0.7736,0.0123,22.8,66.84,2
0.7945,0.0209,22.76,66.85,2
0.8098,0.0153,22.75,66.85,2
0.7819,-0.0279,22.81,66.85,2
0.7744,-0.0075,22.8,66.85,2
0.7548,-0.0196,22.77,66.86,2
0.7583,0.0036,22.66,66.86,2
0.7355,-0.0228,22.65,66.86,2
0.718,-0.0176,22.57,66.85,2
0.7467,0.0288,22.62,66.85,2
0.7638,0.017,22.65,66.86,2
0.7924,0.0286,22.76,66.86,2
0.7609,-0.0315,22.75,66.86,2
0.7405,-0.0204,22.75,66.86,2
0.7408,0.0003,22.71,66.86,2
0.7195,-0.0213,22.73,66.86,2
0.7342,0.0147,22.83,66.86,2
0.7465,0.0123,22.87,66.86,2
0.767,0.0205,22.79,66.86,2
0.7742,0.0072,22.91,66.86,2
0.7673,-0.0069,22.99,66.86,2
0.7617,-0.0056,23.02,66.86,2
0.7277,-0.034,22.95,66.86,2
0.7445,0.0169,22.88,66.86,2
0.7425,-0.0021,22.9,66.86,2
0.7221,-0.0204,22.94,66.86,2
0.7168,-0.0053,23.01,66.86,2
0.7421,0.0253,23.09,66.86,2
0.7102,-0.032,23.01,66.86,2
0.7312,0.021,23.05,66.86,2
0.7036,-0.0276,23.03,66.85,2
0.7082,0.0046,23.06,66.85,2
0.7086,0.0004,23.04,66.85,2
0.7076,-0.001,23.09,66.85,2
0.728,0.0204,23.09,66.85,2
0.7399,0.0119,23.18,66.85,2
0.6904,-0.0495,23.15,66.85,2
0.684,-0.0064,23.16,66.84,2
0.6813,-0.0027,23.13,66.84,2
0.7055,0.0242,23.23,66.84,2
0.7369,0.0314,23.3,66.84,2
0.7314,-0.0055,23.25,66.84,2
0.6769,-0.0545,23.16,66.84,2
0.671,-0.0059,23.16,66.83,2
0.6977,0.0267,23.06,66.83,2
0.7014,0.0038,23.09,66.83,2
0.709,0.0075,23.11,66.83,2
0.7326,0.0236,23.14,66.83,2
0.7369,0.0043,23.12,66.83,2
0.7416,0.0046,23.03,66.83,2
0.7561,0.0146,22.95,66.83,2
0.7627,0.0066,23.01,66.83,2
0.7183,-0.0445,22.97,66.83,2
0.7168,-0.0015,22.98,66.83,2
0.7065,-0.0103,22.99,66.83,2
0.6985,-0.008,22.97,66.83,2
0.6389,-0.0596,23.01,66.82,2
0.6355,-0.0033,22.99,66.82,2
0.6615,0.0259,23.03,66.82,2
0.6637,0.0022,23.09,66.81,2
0.6465,-0.0171,23.16,66.81,2
0.6722,0.0256,23.18,66.81,2
0.7159,0.0437,23.13,66.81,2
0.7059,-0.01,23.1,66.8,2
0.7023,-0.0037,23.08,66.8,2
0.728,0.0257,23.07,66.8,2
0.7415,0.0136,23.04,66.8,2
0.7111,-0.0304,23.05,66.8,2
0.6785,-0.0326,23.03,66.8,2
0.6534,-0.0251,23.03,66.8,2
0.6706,0.0172,23.02,66.8,2
0.704,0.0333,23.04,66.8,2
0.7312,0.0273,23.11,66.8,2
0.7016,-0.0296,23.09,66.8,2
0.7171,0.0156,22.98,66.8,2
0.6993,-0.0178,23.02,66.79,2
0.6857,-0.0137,22.99,66.79,2
0.672,-0.0137,22.87,66.79,2
0.6704,-0.0016,22.83,66.79,2
0.66,-0.0104,22.88,66.79,2
0.6581,-0.002,22.97,66.78,2
0.6515,-0.0065,23.03,66.78,2
0.662,0.0104,23.03,66.78,2
0.6801,0.0182,23.05,66.78,2
0.6575,-0.0226,23.06,66.77,2
0.6613,0.0039,23.12,66.77,2
0.6907,0.0293,23.12,66.77,2
0.7122,0.0216,23.05,66.77,2
0.6873,-0.025,23.07,66.77,2
0.6657,-0.0215,23.0,66.77,2
0.6006,-0.0651,22.99,66.76,2
0.5798,-0.0209,23.02,66.76,2
0.5859,0.0061,23.03,66.75,2
0.6242,0.0384,23.1,66.75,2
0.6367,0.0125,23.0,66.74,2
0.6508,0.0141,23.0,66.74,2
0.6703,0.0195,22.96,66.74,2
0.6441,-0.0263,22.95,66.74,2
0.6525,0.0084,22.91,66.73,2
0.6543,0.0018,22.94,66.73,2
0.6854,0.0312,22.88,66.73,2
0.717,0.0316,22.81,66.73,2
0.7198,0.0027,22.89,66.73,2
0.7223,0.0025,22.87,66.74,2
0.7211,-0.0012,22.91,66.74,2
0.7245,0.0035,22.84,66.74,2
0.7158,-0.0087,22.79,66.74,2
0.6909,-0.0249,22.88,66.74,2
0.6864,-0.0045,22.83,66.74,2
0.6691,-0.0173,22.82,66.74,2
0.6471,-0.022,22.88,66.74,2
0.6272,-0.0199,22.89,66.73,2
0.6568,0.0296,22.89,66.73,2
0.6841,0.0274,22.96,66.73,2
0.6623,-0.0219,22.92,66.73,2
0.6678,0.0055,22.93,66.73,2
0.6907,0.023,23.02,66.73,2
0.6603,-0.0304,23.0,66.73,2
0.6857,0.0254,22.89,66.73,2
0.7124,0.0267,22.91,66.73,2
0.6818,-0.0305,22.96,66.73,2
0.6419,-0.04,23.04,66.72,2
0.5895,-0.0524,22.96,66.72,2
0.6258,0.0364,22.96,66.72,2
0.6579,0.032,22.93,66.71,2
0.6803,0.0224,22.89,66.71,2
0.6667,-0.0136,23.0,66.71,2
0.6936,0.0269,23.02,66.71,2
0.715,0.0214,23.01,66.71,2
0.6983,-0.0167,23.05,66.72,2
0.6834,-0.015,23.07,66.72,2
0.6989,0.0155,23.03,66.72,2
0.6973,-0.0015,23.08,66.72,2
0.7315,0.0342,23.07,66.72,2
0.5392,-0.1923,23.04,66.71,2
0.5464,0.0072,22.97,66.7,2
0.6078,0.0614,22.95,66.7,2
0.657,0.0492,22.93,66.7,2
0.6336,-0.0234,22.88,66.7,2
0.6405,0.0069,22.95,66.7,2
0.6643,0.0238,22.98,66.69,2
0.6767,0.0124,22.95,66.69,2
0.63,-0.0467,22.92,66.69,2
0.6363,0.0063,22.92,66.69,2
0.6227,-0.0137,22.96,66.69,2
0.6,-0.0226,23.03,66.68,2
0.633,0.033,23.05,66.68,2
0.6326,-0.0004,22.99,66.68,2
0.6533,0.0207,22.95,66.68,2
0.6501,-0.0032,22.88,66.68,2
0.5973,-0.0528,22.76,66.67,2
0.5908,-0.0065,22.78,66.67,2
0.605,0.0142,22.7,66.67,2
0.6366,0.0316,22.71,66.67,2
0.6897,0.0531,22.73,66.67,2
0.6806,-0.0091,22.76,66.67,2
0.6541,-0.0265,22.72,66.67,2
0.6223,-0.0317,22.78,66.66,2
0.5978,-0.0245,22.77,66.66,2
0.611,0.0131,22.76,66.66,2
0.6257,0.0147,22.78,66.66,2
0.6461,0.0204,22.76,66.66,2
0.6748,0.0287,22.76,66.66,2
0.6525,-0.0222,22.84,66.66,2
0.4782,-0.1743,22.76,66.65,2
0.5171,0.0389,22.8,66.64,2
0.5073,-0.0099,22.77,66.63,2
0.5524,0.0452,22.81,66.63,2
0.5683,0.0158,22.81,66.62,2
0.6177,0.0494,22.76,66.62,2
0.6318,0.0141,22.73,66.62,2
0.5919,-0.0399,22.78,66.62,2
0.5985,0.0066,22.75,66.62,2
0.5732,-0.0253,22.78,66.61,2
0.5587,-0.0145,22.77,66.61,2
0.5675,0.0088,22.79,66.6,2
0.5487,-0.0188,22.77,66.6,2
0.5045,-0.0442,22.79,66.59,2
0.5098,0.0053,22.79,66.59,2
0.5269,0.0171,22.8,66.58,2
0.4993,-0.0276,22.75,66.57,2
0.4612,-0.0381,22.63,66.57,2
0.5094,0.0482,22.61,66.56,2
0.4945,-0.0149,22.55,66.55,2
0.5328,0.0383,22.59,66.55,2
0.5217,-0.0111,22.6,66.54,2
0.5069,-0.0148,22.63,66.54,2
0.5447,0.0378,22.71,66.53,2
0.5887,0.044,22.67,66.53,2
0.5405,-0.0481,22.61,66.53,2
0.5217,-0.0188,22.61,66.53,2
0.5198,-0.0019,22.46,66.52,2
0.5394,0.0196,22.45,66.52,2
0.5361,-0.0033,22.4,66.51,2
0.5606,0.0244,22.44,66.51,2
0.5911,0.0305,22.44,66.51,2
0.5747,-0.0164,22.4,66.51,2
0.5563,-0.0184,22.43,66.51,2
0.5604,0.0041,22.43,66.5,2
0.6038,0.0435,22.42,66.5,2
0.6089,0.0051,22.46,66.51,2
0.625,0.016,22.5,66.51,2
0.6124,-0.0126,22.48,66.51,2
0.6218,0.0094,22.48,66.51,2
0.616,-0.0058,22.57,66.51,2
0.6013,-0.0147,22.67,66.51,2
0.5873,-0.0139,22.74,66.51,2
0.5909,0.0036,22.73,66.51,2
0.6091,0.0182,22.76,66.51,2
0.4383,-0.1708,23.09,66.54,1
0.4605,0.0222,23.3,66.57,1
0.498,0.0375,23.14,66.56,2
0.537,0.039,23.07,66.56,2
0.564,0.027,22.99,66.56,2
0.5555,-0.0085,23.0,66.55,2
0.579,0.0235,22.87,66.55,2
0.5872,0.0082,22.8,66.55,2
0.5812,-0.006,22.77,66.55,2
0.563,-0.0182,22.73,66.55,2
0.5583,-0.0047,22.74,66.54,2
0.5486,-0.0097,22.63,66.54,2
0.574,0.0255,22.7,66.54,2
0.56,-0.0141,22.72,66.53,2
0.5965,0.0365,22.77,66.53,2
0.586,-0.0105,22.83,66.53,2
0.5802,-0.0058,22.8,66.53,2
0.6217,0.0415,22.72,66.53,2
0.6719,0.0502,22.75,66.53,2
0.7172,0.0453,22.79,66.54,2
0.6713,-0.0459,22.85,66.54,2
0.6342,-0.0371,22.84,66.54,2
0.6374,0.0032,22.76,66.54,2
0.6702,0.0328,22.75,66.55,2
0.6709,0.0008,22.82,66.55,2
0.6114,-0.0595,22.77,66.55,2
0.5728,-0.0386,22.74,66.55,2
0.5761,0.0033,22.74,66.54,2
0.5871,0.011,22.74,66.54,2
0.6098,0.0227,22.78,66.54,2
0.5902,-0.0196,22.74,66.54,2
0.5749,-0.0152,22.78,66.54,2
0.6138,0.0388,22.81,66.54,2
0.5656,-0.0482,22.82,66.54,2
0.5716,0.0059,22.79,66.53,2
0.549,-0.0226,22.84,66.53,2
0.535,-0.014,22.87,66.53,2
0.5397,0.0047,22.83,66.52,2
0.5341,-0.0055,22.82,66.52,2
0.5455,0.0113,22.84,66.52,2
0.5275,-0.018,22.8,66.51,2
0.5158,-0.0117,22.88,66.51,2
0.5078,-0.0079,22.88,66.5,2
0.5106,0.0028,22.89,66.5,2
0.5289,0.0183,22.9,66.5,2
0.5335,0.0046,22.91,66.49,2
0.5291,-0.0045,22.94,66.49,2
0.5339,0.0048,22.99,66.49,2
0.5576,0.0237,22.93,66.48,2
0.5495,-0.0081,22.9,66.48,2
0.5511,0.0017,22.82,66.48,2
0.5432,-0.0079,22.79,66.48,2
0.5542,0.0109,22.74,66.48,2
0.5108,-0.0434,22.71,66.47,2
0.5204,0.0097,22.64,66.47,2
0.5297,0.0093,22.7,66.46,2
0.537,0.0072,22.73,66.46,2
0.5212,-0.0158,22.84,66.46,2
0.5382,0.017,22.8,66.46,2
0.5015,-0.0367,22.65,66.45,2
0.5447,0.0432,22.67,66.45,2
0.5069,-0.0378,22.75,66.45,2
0.5114,0.0044,22.76,66.44,2
0.555,0.0436,22.8,66.44,2
0.5482,-0.0067,22.81,66.44,2
0.5714,0.0231,22.85,66.44,2
0.5825,0.0112,22.81,66.44,2
0.574,-0.0086,22.77,66.44,2
0.5338,-0.0402,22.66,66.44,2
0.5238,-0.01,22.65,66.44,2
0.558,0.0342,22.62,66.44,2
0.5502,-0.0077,22.62,66.43,2
0.5604,0.0101,22.7,66.43,2
0.4005,-0.1599,22.97,66.47,1
0.4438,0.0434,23.23,66.5,1
0.5054,0.0616,23.19,66.49,2
0.511,0.0056,23.2,66.49,2
0.5069,-0.0041,23.15,66.48,2
0.5087,0.0018,23.13,66.48,2
0.5352,0.0265,23.13,66.48,2
0.534,-0.0012,23.1,66.47,2
0.5373,0.0033,22.95,66.47,2
0.5688,0.0315,22.96,66.47,2
0.5474,-0.0214,22.9,66.47,2
0.5744,0.027,22.9,66.47,2
0.5506,-0.0238,22.9,66.47,2
0.5087,-0.0419,22.84,66.46,2
0.4933,-0.0154,22.86,66.46,2
0.4747,-0.0185,22.74,66.45,2
0.5144,0.0397,22.66,66.45,2
0.5345,0.0201,22.65,66.45,2
0.5327,-0.0019,22.6,66.44,2
0.5207,-0.012,22.56,66.44,2
0.5173,-0.0033,22.45,66.44,2
0.5103,-0.007,22.44,66.44,2
0.5129,0.0026,22.48,66.43,2
0.5416,0.0287,22.5,66.43,2
0.5167,-0.0249,22.54,66.43,2
0.5068,-0.0099,22.48,66.43,2
0.4932,-0.0136,22.45,66.42,2
0.3456,-0.1476,22.79,66.45,1
0.399,0.0533,23.03,66.48,1
0.2831,-0.1158,23.2,66.51,1
0.3721,0.0889,23.4,66.53,1
0.4451,0.073,23.6,66.57,1
0.4547,0.0096,23.47,66.56,2
0.4855,0.0308,23.3,66.55,2
0.4935,0.008,23.19,66.54,2
0.4808,-0.0127,23.14,66.54,2
0.4812,0.0004,23.06,66.53,2
0.4702,-0.0109,22.93,66.52,2
0.473,0.0027,22.94,66.52,2
0.4715,-0.0014,22.85,66.51,2
0.5103,0.0387,22.86,66.5,2
0.5305,0.0202,22.83,66.5,2
0.5388,0.0083,22.79,66.5,2
0.5173,-0.0215,22.88,66.49,2
0.4782,-0.0391,22.84,66.49,2
0.4967,0.0185,22.74,66.48,2
0.4942,-0.0025,22.75,66.48,2
0.4895,-0.0046,22.78,66.47,2
0.5054,0.0159,22.81,66.47,2
0.4958,-0.0096,22.79,66.46,2
0.5008,0.005,22.82,66.46,2
0.4984,-0.0025,22.81,66.46,2
0.5196,0.0212,22.87,66.45,2
0.525,0.0055,22.89,66.45,2
0.5324,0.0074,22.89,66.45,2
0.5069,-0.0256,22.85,66.44,2
0.4964,-0.0104,22.86,66.44,2
0.4908,-0.0057,22.87,66.44,2
0.4743,-0.0165,22.76,66.43,2
0.4851,0.0108,22.71,66.43,2
0.4806,-0.0045,22.64,66.42,2
0.4774,-0.0032,22.65,66.42,2
0.4542,-0.0232,22.62,66.41,2
0.4351,-0.0192,22.95,66.45,1
0.4547,0.0197,23.15,66.48,1
0.3141,-0.1407,23.35,66.51,1
0.3355,0.0214,23.54,66.53,1
0.3499,0.0144,23.69,66.56,1
0.4083,0.0585,23.9,66.59,1
0.4204,0.012,24.03,66.62,1
0.2864,-0.1339,24.15,66.64,1
0.36,0.0736,24.29,66.66,1
0.2502,-0.1098,24.58,66.71,0
0.3314,0.0812,24.88,66.77,0
0.3473,0.0159,24.99,66.79,1
0.3669,0.0196,25.19,66.81,1
0.4224,0.0556,25.28,66.84,1
0.4251,0.0027,25.38,66.86,1
0.4249,-0.0003,25.51,66.88,1
0.4312,0.0063,25.51,66.91,1
0.4263,-0.0049,25.51,66.93,1
0.452,0.0257,25.26,66.92,2
0.4437,-0.0083,24.98,66.9,2
0.4365,-0.0071,25.01,66.92,1
0.4363,-0.0002,25.15,66.95,1
0.2996,-0.1367,25.19,66.96,1
0.3542,0.0546,25.29,66.98,1
0.3982,0.044,25.31,67.0,1
0.4043,0.0061,25.39,67.02,1
0.4282,0.0239,25.47,67.04,1
0.4333,0.0051,25.53,67.06,1
0.2993,-0.134,25.55,67.08,1
0.2204,-0.0789,25.72,67.12,0
0.306,0.0856,25.88,67.16,0
0.3463,0.0403,25.91,67.17,1
0.3879,0.0416,25.88,67.19,1
0.4138,0.0258,25.81,67.21,1
0.4318,0.018,25.78,67.22,1
0.4562,0.0245,25.44,67.2,2
0.4748,0.0185,25.15,67.18,2
0.4756,0.0008,24.93,67.16,2
0.4614,-0.0142,24.63,67.14,2
0.4907,0.0293,24.42,67.12,2
0.5146,0.0239,24.25,67.11,2
0.4741,-0.0406,24.13,67.09,2
0.4632,-0.0109,23.98,67.07,2
0.4715,0.0083,23.78,67.05,2
0.4429,-0.0286,23.98,67.07,1
0.3059,-0.137,24.16,67.09,1
0.3551,0.0492,24.31,67.1,1
0.2484,-0.1067,24.63,67.14,0
0.3222,0.0737,25.02,67.19,0
0.378,0.0559,25.1,67.2,1
0.3855,0.0074,25.16,67.22,1
0.2599,-0.1255,25.45,67.26,0
0.1865,-0.0734,25.73,67.29,0
0.266,0.0795,25.92,67.33,0
0.3254,0.0595,25.89,67.34,1
0.3556,0.0301,25.87,67.35,1
0.4051,0.0495,25.85,67.36,1
0.2738,-0.1313,26.06,67.4,0
0.1966,-0.0772,26.26,67.43,0
0.1485,-0.0481,26.34,67.46,0
0.1167,-0.0319,26.47,67.48,0
0.2043,0.0876,26.62,67.52,0
0.2848,0.0806,26.66,67.52,1
0.3248,0.0399,26.53,67.53,1
0.2107,-0.1141,26.79,67.56,0
0.1455,-0.0652,26.84,67.58,0
0.2313,0.0858,27.05,67.61,0
0.3363,0.1051,26.95,67.62,1
0.3789,0.0425,26.91,67.62,1
0.3856,0.0067,26.84,67.63,1
0.3737,-0.0118,26.73,67.64,1
0.3622,-0.0115,26.68,67.64,1
0.2356,-0.1266,26.88,67.67,0
0.286,0.0503,27.0,67.7,0
0.3526,0.0667,26.86,67.7,1
0.2341,-0.1185,26.74,67.7,1
0.2976,0.0635,26.56,67.7,1
0.3719,0.0744,26.49,67.71,1
0.4009,0.029,26.46,67.71,1
0.2701,-0.1308,26.69,67.74,0
0.3228,0.0527,26.87,67.77,0
0.3744,0.0516,26.76,67.78,1
0.2519,-0.1225,26.65,67.77,1
0.3245,0.0725,26.65,67.77,1
0.343,0.0185,26.6,67.78,1
0.3502,0.0073,26.62,67.78,1
0.3606,0.0104,26.62,67.78,1
0.364,0.0034,26.62,67.78,1
0.3971,0.033,26.57,67.79,1
0.3991,0.002,26.51,67.79,1
0.2654,-0.1336,26.59,67.82,0
0.3453,0.0799,26.82,67.85,0
0.373,0.0277,26.77,67.85,1
0.4072,0.0342,26.69,67.86,1
0.4162,0.009,26.59,67.86,1
0.411,-0.0052,26.54,67.86,1
0.3903,-0.0207,26.51,67.86,1
0.2598,-0.1306,26.73,67.89,0
0.1844,-0.0754,26.93,67.91,0
0.1383,-0.0461,27.12,67.93,0
0.2458,0.1075,27.19,67.95,0
0.2916,0.0457,27.06,67.95,1
0.3226,0.031,26.93,67.95,1
0.3382,0.0156,26.89,67.94,1
0.2187,-0.1194,26.95,67.97,0
0.2686,0.0498,27.13,67.99,0
0.3368,0.0682,26.98,67.99,1
0.4189,0.0821,26.81,67.99,1
0.4485,0.0296,26.79,67.99,1
0.4428,-0.0057,26.74,67.99,1
0.3027,-0.1402,26.56,67.99,1
0.3343,0.0316,26.52,67.99,1
0.2287,-0.1056,26.7,68.01,0
0.321,0.0923,26.91,68.03,0
0.2205,-0.1005,27.19,68.05,0
0.2902,0.0697,27.07,68.05,1
0.3505,0.0603,27.01,68.04,1
0.235,-0.1155,27.13,68.06,0
0.1672,-0.0678,27.15,68.08,0
0.2451,0.0779,27.31,68.1,0
0.2979,0.0528,27.23,68.1,1
0.332,0.034,27.07,68.09,1
0.3529,0.0209,27.05,68.09,1
0.3782,0.0253,26.95,68.08,1
0.4109,0.0327,26.91,68.08,1
0.4096,-0.0012,26.89,68.08,1
0.4327,0.023,26.83,68.08,1
0.4072,-0.0255,26.76,68.08,1
0.4031,-0.0041,26.65,68.08,1
0.2702,-0.1329,26.77,68.1,0
0.3056,0.0354,26.99,68.12,0
0.2057,-0.0999,27.07,68.14,0
0.2651,0.0595,27.18,68.16,0
0.1759,-0.0893,27.33,68.18,0
0.2471,0.0712,27.52,68.2,0
0.3242,0.0771,27.41,68.19,1
0.2139,-0.1103,27.2,68.18,1
0.2703,0.0564,27.35,68.2,0
0.3201,0.0498,27.47,68.22,0
0.3609,0.0408,27.37,68.21,1
0.3919,0.031,27.17,68.21,1
0.3894,-0.0024,27.12,68.2,1
0.4007,0.0112,27.01,68.2,1
0.2687,-0.1319,27.1,68.22,0
0.3772,0.1084,27.32,68.24,0
0.3806,0.0034,27.2,68.24,1
0.2591,-0.1215,27.11,68.22,1
0.3275,0.0683,27.02,68.22,1
0.3696,0.0421,27.01,68.21,1
0.4329,0.0633,26.93,68.21,1
0.435,0.0022,26.86,68.21,1
0.2977,-0.1373,26.78,68.2,1
0.3235,0.0258,26.72,68.19,1
0.2205,-0.1031,26.9,68.21,0
0.1596,-0.0608,27.01,68.22,0
0.2265,0.0669,27.2,68.24,0
0.268,0.0414,27.31,68.26,0
0.3037,0.0358,27.21,68.25,1
0.3294,0.0257,27.12,68.24,1
0.2133,-0.1161,27.28,68.25,0
0.1482,-0.0651,27.39,68.27,0
0.2673,0.1191,27.44,68.28,0
0.305,0.0377,27.24,68.27,1
0.3487,0.0437,27.05,68.26,1
0.3563,0.0076,26.89,68.26,1
0.2339,-0.1224,27.01,68.27,0
0.269,0.0351,27.23,68.29,0
0.3198,0.0508,27.07,68.28,1
0.2085,-0.1113,26.85,68.27,1
0.1451,-0.0635,27.02,68.28,0
0.2469,0.1018,27.22,68.3,0
0.1645,-0.0824,27.38,68.31,0
0.249,0.0845,27.48,68.32,0
0.3093,0.0603,27.4,68.31,1
0.2018,-0.1075,27.2,68.3,1
0.2802,0.0784,27.14,68.28,1
0.1849,-0.0952,27.28,68.3,0
0.2796,0.0947,27.36,68.32,0
0.1857,-0.0939,27.48,68.33,0
0.2606,0.0749,27.64,68.35,0
0.2939,0.0333,27.51,68.33,1
0.189,-0.1049,27.33,68.32,1
0.2523,0.0632,27.42,68.33,0
0.317,0.0648,27.52,68.35,0
0.2065,-0.1106,27.68,68.37,0
0.1432,-0.0632,27.81,68.37,0
0.1051,-0.0381,27.85,68.38,0
0.1882,0.0831,27.9,68.39,0
0.12,-0.0681,27.98,68.4,0
0.1843,0.0643,28.03,68.41,0
0.1113,-0.073,28.13,68.42,0
0.2144,0.103,28.17,68.43,0
0.2803,0.0659,27.95,68.42,1
0.1772,-0.1031,27.67,68.4,1
0.2319,0.0546,27.79,68.41,0
0.2832,0.0513,27.82,68.43,0
0.3015,0.0183,27.63,68.42,1
0.1898,-0.1117,27.41,68.4,1
0.2353,0.0455,27.55,68.41,0
0.2803,0.0449,27.74,68.43,0
0.3127,0.0324,27.56,68.41,1
0.1998,-0.1129,27.41,68.39,1
0.1369,-0.0629,27.53,68.4,0
0.1001,-0.0368,27.68,68.41,0
0.1847,0.0846,27.73,68.42,0
0.118,-0.0667,27.74,68.43,0
0.081,-0.037,27.79,68.43,0
0.1994,0.1184,27.91,68.45,0
0.128,-0.0714,28.03,68.45,0
0.0878,-0.0403,28.15,68.46,0
0.1764,0.0886,28.14,68.47,0
0.2404,0.0641,28.1,68.48,0
0.1484,-0.092,28.13,68.49,0
0.098,-0.0504,28.25,68.49,0
0.0692,-0.0288,28.2,68.5,0
0.1693,0.1001,28.24,68.51,0
0.2306,0.0613,28.29,68.52,0
0.1418,-0.0889,28.28,68.52,0
0.2235,0.0818,28.34,68.53,0
0.268,0.0444,28.43,68.55,0
0.1676,-0.1004,28.45,68.56,0
0.1123,-0.0553,28.54,68.56,0
0.0803,-0.0319,28.53,68.56,0
0.1733,0.093,28.62,68.57,0
0.1081,-0.0652,28.59,68.57,0
0.0723,-0.0358,28.49,68.58,0
0.0516,-0.0206,28.57,68.58,0
0.0391,-0.0126,28.6,68.58,0
0.0309,-0.0082,28.65,68.58,0
0.1652,0.1343,28.66,68.58,0
0.2449,0.0796,28.66,68.59,0
0.2926,0.0477,28.39,68.58,1
0.3137,0.0211,28.19,68.56,1
0.3377,0.024,28.02,68.55,1
0.217,-0.1207,28.17,68.56,0
0.1491,-0.068,28.22,68.56,0
0.2288,0.0797,28.21,68.57,0
0.285,0.0562,28.11,68.56,1
0.3315,0.0465,27.97,68.54,1
0.3541,0.0226,27.79,68.53,1
0.3657,0.0117,27.62,68.52,1
0.3844,0.0187,27.46,68.51,1
0.2564,-0.128,27.59,68.52,0
0.2853,0.0289,27.63,68.53,0
0.3163,0.031,27.47,68.52,1
0.323,0.0067,27.39,68.5,1
0.2091,-0.114,27.51,68.51,0
0.1453,-0.0637,27.59,68.52,0
0.1077,-0.0376,27.6,68.53,0
0.0842,-0.0236,27.76,68.53,0
0.2383,0.1542,27.86,68.54,0
0.282,0.0436,27.76,68.52,1
0.185,-0.097,27.5,68.5,1
0.1298,-0.0552,27.53,68.51,0
0.2042,0.0744,27.51,68.52,0
0.1315,-0.0727,27.54,68.53,0
0.0908,-0.0407,27.58,68.53,0
0.0668,-0.024,27.61,68.53,0
0.0518,-0.015,27.72,68.53,0
0.1742,0.1224,27.75,68.54,0
0.1105,-0.0637,27.8,68.55,0
0.2074,0.0969,28.01,68.56,0
0.13,-0.0774,27.99,68.56,0
0.0868,-0.0432,28.05,68.56,0
0.0615,-0.0253,28.09,68.57,0
0.1608,0.0993,28.14,68.57,0
0.2457,0.0849,28.15,68.58,0
0.1528,-0.0929,28.28,68.59,0
0.2238,0.071,28.34,68.6,0
0.1394,-0.0844,28.38,68.6,0
0.2275,0.0881,28.43,68.61,0
0.1432,-0.0843,28.48,68.62,0
0.2033,0.0601,28.48,68.63,0
0.2652,0.0619,28.53,68.64,0
0.1634,-0.1018,28.63,68.64,0
0.2194,0.056,28.63,68.65,0
0.134,-0.0853,28.68,68.65,0
0.2144,0.0804,28.74,68.66,0
0.2483,0.0339,28.83,68.67,0
0.2649,0.0166,28.81,68.68,0
0.1595,-0.1054,28.87,68.69,0
0.235,0.0755,28.84,68.69,0
0.1464,-0.0886,28.89,68.7,0
0.0972,-0.0492,28.91,68.7,0
0.1961,0.0989,28.97,68.7,0
0.2498,0.0537,28.95,68.71,0
0.2939,0.0441,28.66,68.69,1
0.3209,0.027,28.33,68.67,1
0.348,0.0271,28.13,68.66,1
0.3397,-0.0084,27.96,68.64,1
0.2201,-0.1196,28.02,68.65,0
0.1533,-0.0668,28.09,68.66,0
0.2615,0.1082,28.16,68.67,0
0.1773,-0.0842,28.29,68.67,0
0.2506,0.0733,28.4,68.68,0
0.1656,-0.085,28.48,68.68,0
0.1169,-0.0488,28.43,68.69,0
0.2173,0.1004,28.49,68.69,0
0.1422,-0.0751,28.47,68.7,0
0.0992,-0.043,28.54,68.7,0
0.0733,-0.0259,28.57,68.7,0
0.1992,0.1259,28.59,68.7,0
0.1293,-0.0699,28.55,68.71,0
0.2043,0.075,28.57,68.71,0
0.1271,-0.0772,28.53,68.71,0
0.0842,-0.0429,28.62,68.71,0
0.0593,-0.025,28.55,68.71,0
0.0439,-0.0153,28.55,68.71,0
0.0339,-0.01,28.44,68.71,0
0.027,-0.0069,28.42,68.71,0
0.1294,0.1024,28.37,68.71,0
0.2094,0.08,28.39,68.71,0
0.2693,0.0599,28.48,68.72,0
0.1659,-0.1034,28.59,68.73,0
0.1092,-0.0568,28.56,68.73,0
0.1891,0.08,28.58,68.73,0
0.244,0.0548,28.62,68.74,0
0.1491,-0.0949,28.52,68.74,0
0.0971,-0.052,28.5,68.74,0
0.0674,-0.0297,28.52,68.74,0
0.0495,-0.0179,28.54,68.74,0
0.038,-0.0115,28.54,68.74,0
0.1577,0.1197,28.46,68.74,0
0.2057,0.048,28.48,68.75,0
0.249,0.0433,28.49,68.75,0
0.2683,0.0193,28.62,68.76,0
0.3063,0.038,28.37,68.74,1
0.3229,0.0165,28.1,68.72,1
0.3664,0.0436,27.95,68.71,1
0.2399,-0.1266,27.97,68.71,0
0.1678,-0.0721,28.04,68.72,0
0.2319,0.0641,28.16,68.73,0
0.2813,0.0494,27.99,68.71,1
0.1805,-0.1008,27.77,68.68,1
0.1239,-0.0567,27.87,68.68,0
0.0903,-0.0335,27.93,68.68,0
0.0693,-0.0211,28.0,68.68,0
0.1701,0.1009,27.99,68.69,0
0.1071,-0.0631,28.05,68.69,0
0.1996,0.0926,28.15,68.7,0
0.2534,0.0538,28.22,68.7,0
0.2994,0.046,28.06,68.69,1
0.1889,-0.1106,27.91,68.66,1
0.1273,-0.0616,27.99,68.66,0
0.2038,0.0765,28.09,68.67,0
0.129,-0.0748,28.21,68.67,0
0.0872,-0.0417,28.25,68.68,0
0.1828,0.0956,28.33,68.68,0
0.2639,0.0811,28.4,68.69,0
0.1677,-0.0962,28.38,68.69,0
0.1139,-0.0537,28.48,68.7,0
0.0824,-0.0315,28.46,68.7,0
0.2028,0.1204,28.48,68.7,0
0.266,0.0631,28.45,68.71,0
0.1705,-0.0955,28.45,68.72,0
0.2244,0.0539,28.56,68.72,0
0.1413,-0.0831,28.5,68.73,0
0.0953,-0.046,28.58,68.73,0
0.1935,0.0983,28.68,68.73,0
0.1221,-0.0714,28.72,68.73,0
0.0823,-0.0398,28.72,68.73,0
0.059,-0.0233,28.73,68.73,0
0.0446,-0.0144,28.7,68.73,0
0.1401,0.0955,28.69,68.73,0
0.0825,-0.0577,28.75,68.73,0
0.0517,-0.0307,28.69,68.73,0
0.1748,0.1231,28.69,68.73,0
0.107,-0.0678,28.71,68.73,0
0.0696,-0.0374,28.67,68.73,0
0.1581,0.0885,28.73,68.74,0
0.2205,0.0625,28.74,68.74,0
0.132,-0.0885,28.75,68.74,0
0.1945,0.0625,28.73,68.75,0
0.2284,0.0339,28.73,68.75,0
0.286,0.0575,28.45,68.73,1
0.1759,-0.11,28.23,68.71,1
0.2504,0.0745,28.29,68.72,0
0.2913,0.0409,28.38,68.73,0
0.1843,-0.107,28.38,68.73,0
0.1243,-0.06,28.43,68.73,0
0.0891,-0.0353,28.46,68.73,0
0.0671,-0.022,28.46,68.73,0
0.0525,-0.0146,28.51,68.73,0
0.0423,-0.0102,28.55,68.73,0
0.1747,0.1324,28.66,68.73,0
0.1109,-0.0638,28.61,68.73,0
0.0749,-0.036,28.63,68.73,0
0.161,0.0862,28.59,68.73,0
0.2107,0.0497,28.53,68.74,0
0.1229,-0.0878,28.59,68.74,0
0.0759,-0.0469,28.6,68.74,0
0.1625,0.0866,28.54,68.74,0
0.095,-0.0675,28.56,68.74,0
0.0589,-0.0361,28.56,68.74,0
0.1439,0.085,28.52,68.74,0
0.0812,-0.0626,28.53,68.74,0
0.1683,0.0871,28.56,68.75,0
0.0966,-0.0718,28.46,68.75,0
0.1809,0.0843,28.45,68.75,0
0.2401,0.0591,28.44,68.76,0
0.1441,-0.096,28.49,68.76,0
0.092,-0.0521,28.53,68.76,0
0.0626,-0.0294,28.51,68.76,0
0.1502,0.0876,28.51,68.76,0
0.2136,0.0634,28.62,68.77,0
0.2535,0.0398,28.6,68.77,0
0.1525,-0.101,28.69,68.77,0
0.098,-0.0545,28.71,68.77,0
0.0675,-0.0305,28.67,68.77,0
0.162,0.0945,28.59,68.77,0
0.0982,-0.0638,28.62,68.77,0
0.2011,0.1029,28.71,68.78,0
0.2575,0.0564,28.78,68.79,0
0.3088,0.0513,28.59,68.77,1
0.1973,-0.1115,28.3,68.74,1
0.2674,0.0701,28.35,68.75,0
0.29,0.0226,28.36,68.76,0
0.3043,0.0143,28.13,68.74,1
0.1923,-0.112,27.9,68.71,1
0.2652,0.0729,27.99,68.72,0
0.3112,0.046,28.08,68.73,0
0.2008,-0.1103,28.06,68.74,0
0.1382,-0.0627,28.02,68.74,0
0.1007,-0.0375,28.07,68.74,0
0.2119,0.1112,28.15,68.75,0
0.2765,0.0646,28.21,68.76,0
0.3118,0.0353,27.99,68.74,1
0.3366,0.0248,27.84,68.72,1
0.2205,-0.116,27.96,68.72,0
0.2827,0.0622,27.97,68.73,0
0.3413,0.0586,27.77,68.72,1
0.2293,-0.112,27.69,68.69,1
0.3024,0.0731,27.49,68.68,1
0.2056,-0.0968,27.61,68.68,0
0.149,-0.0566,27.68,68.69,0
0.2164,0.0674,27.79,68.69,0
0.2645,0.0481,27.92,68.7,0
0.2816,0.0171,27.72,68.68,1
0.289,0.0074,27.57,68.66,1
0.3192,0.0302,27.46,68.65,1
0.203,-0.1162,27.59,68.65,0
0.1387,-0.0643,27.67,68.66,0
0.2213,0.0826,27.83,68.66,0
0.1442,-0.0771,27.92,68.67,0
0.2232,0.079,27.96,68.68,0
0.1428,-0.0804,28.08,68.68,0
0.2278,0.085,28.12,68.69,0
0.2856,0.0577,27.92,68.67,1
0.1834,-0.1021,27.81,68.64,1
0.2312,0.0478,27.9,68.65,0
0.2879,0.0567,27.96,68.66,0
0.3037,0.0158,27.72,68.65,1
0.191,-0.1127,27.53,68.62,1
0.1283,-0.0627,27.63,68.63,0
0.0917,-0.0366,27.72,68.63,0
0.0691,-0.0226,27.9,68.63,0
0.0543,-0.0149,27.98,68.63,0
0.1838,0.1296,28.01,68.64,0
0.1182,-0.0657,28.01,68.64,0
0.0809,-0.0373,28.04,68.64,0
0.0586,-0.0223,28.1,68.64,0
0.0444,-0.0141,28.06,68.64,0
0.2149,0.1705,28.05,68.65,0
0.3032,0.0883,27.77,68.63,1
0.3467,0.0435,27.6,68.62,1
0.3618,0.0151,27.42,68.6,1
0.3475,-0.0143,27.38,68.59,1
0.224,-0.1235,27.45,68.6,0
0.1539,-0.0701,27.53,68.6,0
0.2295,0.0756,27.61,68.61,0
0.2718,0.0423,27.76,68.62,0
0.1723,-0.0995,27.92,68.63,0
0.2492,0.0769,28.02,68.64,0
0.16,-0.0892,28.07,68.64,0
0.1095,-0.0505,28.15,68.65,0
0.2069,0.0974,28.15,68.65,0
0.1323,-0.0746,28.24,68.66,0
0.2051,0.0728,28.39,68.66,0
0.1269,-0.0782,28.39,68.67,0
0.1861,0.0592,28.41,68.67,0
0.1106,-0.0756,28.32,68.68,0
0.1973,0.0868,28.33,68.68,0
0.119,-0.0783,28.38,68.68,0
0.0763,-0.0428,28.25,68.68,0
0.1744,0.0982,28.28,68.69,0
0.2228,0.0484,28.42,68.7,0
0.2674,0.0447,28.45,68.71,0
0.1616,-0.1058,28.53,68.71,0
0.2362,0.0746,28.55,68.72,0
0.3276,0.0914,28.34,68.7,1
0.2125,-0.1151,28.04,68.68,1
0.3035,0.0911,27.85,68.66,1
0.3341,0.0306,27.71,68.64,1
0.3539,0.0198,27.46,68.63,1
0.2315,-0.1223,27.58,68.64,0
0.3036,0.0721,27.68,68.65,0
0.2024,-0.1013,27.79,68.66,0
0.143,-0.0594,27.83,68.66,0
0.1061,-0.0368,27.78,68.66,0
0.0819,-0.0242,27.76,68.66,0
0.2025,0.1206,27.9,68.67,0
0.2513,0.0488,27.94,68.68,0
0.2891,0.0378,27.76,68.66,1
0.181,-0.1082,27.55,68.63,1
0.1206,-0.0604,27.56,68.64,0
0.2203,0.0997,27.54,68.65,0
0.2951,0.0748,27.35,68.63,1
0.1923,-0.1028,27.12,68.61,1
0.1337,-0.0585,27.24,68.61,0
0.2235,0.0898,27.31,68.62,0
0.2929,0.0693,27.22,68.6,1
0.3434,0.0505,27.17,68.59,1
0.2252,-0.1181,27.3,68.6,0
0.1573,-0.0679,27.34,68.6,0
0.116,-0.0413,27.4,68.61,0
0.2119,0.0959,27.41,68.61,0
0.272,0.0601,27.49,68.63,0
0.1742,-0.0979,27.55,68.63,0
0.1189,-0.0553,27.61,68.63,0
0.0861,-0.0328,27.73,68.64,0
0.1979,0.1118,27.76,68.64,0
0.1275,-0.0704,27.91,68.65,0
0.0875,-0.0401,28.01,68.65,0
0.186,0.0985,28.06,68.65,0
0.1162,-0.0698,28.16,68.66,0
0.2198,0.1036,28.12,68.67,0
0.2833,0.0635,27.91,68.65,1
0.324,0.0407,27.71,68.63,1
0.357,0.033,27.51,68.61,1
0.4088,0.0518,27.35,68.6,1
0.4076,-0.0012,27.11,68.59,1
0.3862,-0.0214,27.05,68.58,1
0.258,-0.1282,27.2,68.59,0
0.2944,0.0364,27.46,68.6,0
0.3414,0.0469,27.38,68.59,1
0.3457,0.0043,27.21,68.57,1
0.3563,0.0106,27.08,68.56,1
0.2338,-0.1226,27.21,68.57,0
0.1641,-0.0697,27.35,68.58,0
0.1223,-0.0418,27.48,68.58,0
0.248,0.1258,27.5,68.59,0
0.305,0.057,27.25,68.58,1
0.35,0.045,27.1,68.56,1
0.2344,-0.1156,27.23,68.57,0
0.1679,-0.0666,27.36,68.58,0
0.2798,0.1119,27.48,68.59,0
0.3354,0.0556,27.34,68.58,1
0.3603,0.0249,27.13,68.56,1
0.3738,0.0135,27.05,68.55,1
0.3627,-0.011,26.92,68.54,1
0.3598,-0.0029,26.91,68.52,1
0.3787,0.0189,26.85,68.51,1
0.4122,0.0335,26.84,68.5,1
0.4475,0.0352,26.77,68.5,1
0.3075,-0.14,26.67,68.48,1
0.3321,0.0245,26.66,68.47,1
0.3867,0.0547,26.59,68.46,1
0.4287,0.0419,26.56,68.45,1
0.2954,-0.1332,26.57,68.44,1
0.3686,0.0732,26.51,68.43,1
0.4268,0.0582,26.51,68.42,1
0.4305,0.0036,26.45,68.41,1
0.425,-0.0054,26.43,68.41,1
0.4259,0.0008,26.43,68.4,1
0.4067,-0.0191,26.35,68.39,1
0.2735,-0.1332,26.56,68.41,0
0.196,-0.0775,26.63,68.42,0
0.2706,0.0746,26.84,68.43,0
0.3104,0.0397,26.79,68.42,1
0.3531,0.0427,26.8,68.41,1
0.2345,-0.1186,26.9,68.42,0
0.1661,-0.0684,27.08,68.43,0
0.2294,0.0633,27.16,68.45,0
0.2783,0.0489,27.3,68.46,0
0.1791,-0.0992,27.39,68.47,0
0.236,0.0568,27.49,68.48,0
0.1506,-0.0854,27.63,68.49,0
0.2305,0.0799,27.77,68.5,0
0.2772,0.0467,27.83,68.52,0
0.3181,0.0408,27.57,68.5,1
0.3776,0.0595,27.46,68.49,1
0.4242,0.0466,27.29,68.48,1
0.287,-0.1372,27.17,68.47,1
0.3734,0.0865,27.14,68.46,1
0.4212,0.0478,27.05,68.45,1
0.3981,-0.0231,27.06,68.44,1
0.3899,-0.0082,27.08,68.43,1
0.4255,0.0356,26.95,68.42,1
0.4456,0.0201,26.87,68.42,1
0.3039,-0.1417,26.72,68.4,1
0.3371,0.0332,26.67,68.39,1
0.2304,-0.1067,26.8,68.41,0
0.167,-0.0635,26.93,68.42,0
0.1269,-0.0401,27.09,68.42,0
0.1,-0.0269,27.17,68.43,0
0.2234,0.1234,27.37,68.44,0
0.3123,0.0889,27.18,68.43,1
0.3551,0.0428,27.13,68.42,1
0.2371,-0.1179,27.21,68.43,0
0.2861,0.049,27.3,68.45,0
0.3577,0.0716,27.18,68.44,1
0.358,0.0003,27.03,68.43,1
0.4301,0.0721,26.9,68.42,1
0.4399,0.0098,26.8,68.41,1
0.4528,0.0129,26.48,68.37,2
0.4664,0.0136,26.09,68.32,2
0.3226,-0.1439,26.09,68.31,1
0.3764,0.0538,26.22,68.31,1
0.3992,0.0228,26.11,68.3,1
0.4176,0.0184,26.18,68.29,1
0.4378,0.0203,26.16,68.29,1
0.4229,-0.0149,26.17,68.29,1
0.4819,0.059,25.82,68.24,2
0.5142,0.0322,25.52,68.2,2
0.4927,-0.0215,25.07,68.17,2
0.4778,-0.0148,24.88,68.13,2
0.3312,-0.1466,24.92,68.12,1
0.393,0.0618,24.99,68.12,1
0.4096,0.0166,25.11,68.12,1
0.4028,-0.0069,25.23,68.11,1
0.274,-0.1288,25.5,68.13,0
0.3133,0.0393,25.75,68.16,0
0.2131,-0.1002,26.0,68.17,0
0.2693,0.0562,26.23,68.19,0
0.3062,0.0368,26.13,68.19,1
0.3246,0.0185,26.1,68.18,1
0.3695,0.0448,26.03,68.17,1
0.3712,0.0017,26.01,68.17,1
0.3819,0.0107,26.02,68.16,1
0.4119,0.03,26.05,68.16,1
0.425,0.0132,25.96,68.16,1
0.4219,-0.0031,26.0,68.16,1
0.2871,-0.1349,25.96,68.15,1
0.2082,-0.0789,26.2,68.17,0
0.2867,0.0785,26.35,68.19,0
0.3642,0.0775,26.33,68.18,1
0.2491,-0.1151,26.29,68.17,1
0.3008,0.0516,26.3,68.16,1
0.3281,0.0273,26.3,68.16,1
0.3328,0.0047,26.34,68.15,1
0.3358,0.003,26.33,68.14,1
0.3631,0.0273,26.38,68.14,1
0.2372,-0.1259,26.61,68.16,0
0.2754,0.0382,26.77,68.18,0
0.3208,0.0454,26.71,68.17,1
0.3628,0.042,26.63,68.17,1
0.372,0.0092,26.52,68.16,1
0.245,-0.127,26.64,68.18,0
0.3044,0.0594,26.81,68.2,0
0.3284,0.024,26.68,68.19,1
0.3822,0.0538,26.58,68.19,1
0.4214,0.0392,26.51,68.19,1
0.4371,0.0157,26.46,68.18,1
0.4257,-0.0114,26.44,68.18,1
0.4327,0.007,26.33,68.18,1
0.2919,-0.1409,26.18,68.17,1
0.3685,0.0766,26.19,68.17,1
0.4509,0.0824,25.95,68.12,2
0.4317,-0.0192,25.62,68.08,2
0.4568,0.0252,25.31,68.05,2
0.3134,-0.1434,25.37,68.04,1
0.3821,0.0687,25.44,68.04,1
0.2661,-0.116,25.68,68.06,0
0.3075,0.0414,25.92,68.08,0
0.3573,0.0498,25.79,68.08,1
0.3877,0.0305,25.76,68.08,1
0.4144,0.0266,25.86,68.08,1
0.4377,0.0234,25.8,68.08,1
0.4897,0.0519,25.54,68.04,2
0.4809,-0.0088,25.32,68.0,2
0.4506,-0.0303,25.07,67.97,2
0.4482,-0.0024,25.13,67.97,1
0.4716,0.0235,25.21,67.97,1
0.5027,0.0311,25.02,67.94,2
0.4835,-0.0192,24.75,67.91,2
0.3356,-0.1479,24.83,67.9,1
0.3813,0.0458,24.87,67.9,1
0.4467,0.0654,24.98,67.91,1
0.4358,-0.0109,25.07,67.91,1
0.3012,-0.1346,25.12,67.91,1
0.3483,0.0471,25.26,67.91,1
0.3978,0.0496,25.3,67.91,1
0.4002,0.0024,25.33,67.91,1
0.394,-0.0062,25.41,67.91,1
0.402,0.008,25.41,67.92,1
0.4255,0.0235,25.43,67.92,1
0.4153,-0.0102,25.5,67.92,1
0.4002,-0.0151,25.53,67.92,1
0.4346,0.0344,25.54,67.93,1
0.4162,-0.0184,25.57,67.93,1
0.4329,0.0167,25.68,67.93,1
0.4796,0.0467,25.42,67.9,2
0.4827,0.003,25.17,67.86,2
0.5036,0.0209,24.92,67.83,2
0.5035,-0.0001,24.73,67.8,2
0.4869,-0.0165,24.56,67.77,2
0.4872,0.0003,24.37,67.74,2
0.4917,0.0045,24.24,67.71,2
0.4891,-0.0026,24.13,67.68,2
0.5368,0.0476,23.96,67.65,2
0.5481,0.0114,23.85,67.62,2
0.5141,-0.0341,23.75,67.6,2
0.5304,0.0164,23.6,67.57,2
0.5756,0.0452,23.54,67.55,2
0.5631,-0.0125,23.51,67.53,2
0.5777,0.0146,23.44,67.51,2
0.5968,0.0191,23.35,67.48,2
0.6081,0.0113,23.31,67.47,2
0.5621,-0.046,23.24,67.44,2
0.5394,-0.0228,23.19,67.42,2
0.5296,-0.0098,23.14,67.4,2
0.5355,0.0059,23.03,67.38,2
0.5267,-0.0088,23.03,67.36,2
0.5269,0.0002,22.94,67.34,2
0.5027,-0.0242,22.92,67.32,2
0.4715,-0.0312,22.87,67.29,2
0.4765,0.005,22.8,67.27,2
0.498,0.0216,22.74,67.25,2
0.5285,0.0305,22.7,67.23,2
0.5044,-0.0241,22.72,67.21,2
0.4976,-0.0068,22.6,67.19,2
0.4876,-0.01,22.61,67.17,2
0.5244,0.0368,22.6,67.16,2
0.5423,0.018,22.57,67.14,2
0.5326,-0.0097,22.54,67.12,2
0.5151,-0.0175,22.53,67.11,2
0.497,-0.0181,22.57,67.09,2
0.4847,-0.0123,22.59,67.07,2
0.5137,0.0291,22.64,67.06,2
0.5538,0.04,22.78,67.04,2
0.5168,-0.037,22.78,67.03,2
0.5616,0.0448,22.74,67.02,2
0.5695,0.0079,22.76,67.0,2
0.578,0.0084,22.73,66.99,2
0.5306,-0.0474,22.8,66.98,2
0.5178,-0.0128,22.91,66.97,2
0.5336,0.0158,22.92,66.95,2
0.5425,0.0089,22.87,66.94,2
0.5634,0.0209,22.88,66.93,2
0.5557,-0.0077,22.85,66.92,2
0.5312,-0.0244,22.77,66.91,2
0.49,-0.0412,22.72,66.89,2
0.5431,0.0531,22.72,66.88,2
0.5468,0.0038,22.78,66.87,2
0.5418,-0.0051,22.74,66.86,2
0.5522,0.0104,22.79,66.85,2
0.5135,-0.0387,22.82,66.84,2
0.4969,-0.0166,22.83,66.83,2
0.5304,0.0334,22.76,66.82,2
0.5164,-0.014,22.75,66.81,2
0.5245,0.0082,22.71,66.8,2
