OCI,delta_OCI,temp_indoor,humi_indoor,ac_mode_class
0.155,0.155,27.74,60.15,1
0.2242,0.0692,27.51,60.3,1
0.2887,0.0645,27.37,60.44,1
0.3181,0.0294,27.25,60.59,1
0.3481,0.03,27.13,60.74,1
0.3981,0.0501,27.0,60.88,1
0.4575,0.0594,26.59,60.99,2
0.4906,0.0331,26.08,61.09,2
0.4815,-0.0091,25.79,61.19,2
0.5196,0.0381,25.49,61.3,2
0.5074,-0.0123,25.19,61.4,2
0.5388,0.0314,24.99,61.5,2
0.5576,0.0188,24.73,61.59,2
0.5786,0.021,24.65,61.69,2
0.6073,0.0287,24.5,61.79,2
0.5808,-0.0264,24.38,61.88,2
0.5574,-0.0234,24.16,61.97,2
0.5584,0.001,24.02,62.06,2
0.5507,-0.0077,23.79,62.15,2
0.3951,-0.1556,23.95,62.26,1
0.4667,0.0716,24.12,62.38,1
0.5315,0.0648,23.95,62.46,2
0.5588,0.0273,23.81,62.54,2
0.5544,-0.0043,23.71,62.61,2
0.5388,-0.0156,23.62,62.69,2
0.5771,0.0382,23.46,62.76,2
0.6068,0.0297,23.45,62.84,2
0.6049,-0.0019,23.36,62.91,2
0.6471,0.0422,23.31,62.99,2
0.6323,-0.0148,23.19,63.06,2
0.6364,0.0041,23.13,63.13,2
0.6107,-0.0257,23.11,63.2,2
0.5613,-0.0494,23.19,63.26,2
0.5463,-0.015,23.21,63.32,2
0.554,0.0077,23.12,63.38,2
0.5605,0.0065,23.18,63.45,2
0.5961,0.0356,23.1,63.51,2
0.5857,-0.0104,23.12,63.57,2
0.6087,0.023,23.11,63.62,2
0.6106,0.002,23.02,63.68,2
0.6194,0.0087,23.06,63.74,2
0.6449,0.0255,23.06,63.8,2
0.6366,-0.0083,22.95,63.85,2
0.6618,0.0252,22.99,63.91,2
0.6685,0.0067,23.01,63.96,2
0.6649,-0.0036,23.05,64.02,2
0.6594,-0.0055,23.06,64.07,2
0.4819,-0.1775,23.03,64.11,2
0.501,0.0191,23.01,64.16,2
0.5715,0.0705,22.94,64.2,2
0.6077,0.0362,22.86,64.25,2
0.6572,0.0495,22.9,64.3,2
0.6684,0.0112,22.85,64.34,2
0.6442,-0.0242,22.9,64.39,2
0.6364,-0.0078,22.85,64.43,2
0.6395,0.0031,22.88,64.48,2
0.6178,-0.0217,22.92,64.52,2
0.642,0.0242,22.93,64.56,2
0.6134,-0.0286,22.94,64.6,2
0.6143,0.0008,22.91,64.64,2
0.6188,0.0045,22.95,64.68,2
0.5813,-0.0374,22.91,64.71,2
0.5504,-0.0309,22.93,64.74,2
0.5792,0.0287,22.78,64.78,2
0.5639,-0.0153,22.84,64.81,2
0.5571,-0.0068,22.88,64.84,2
0.5732,0.0162,22.88,64.87,2
0.5852,0.012,22.9,64.91,2
0.5701,-0.0152,22.93,64.94,2
0.5317,-0.0384,22.89,64.96,2
0.5632,0.0315,22.84,64.99,2
0.5584,-0.0048,22.87,65.02,2
0.574,0.0156,22.83,65.05,2
0.5899,0.0158,22.83,65.08,2
0.6201,0.0303,22.85,65.11,2
0.6167,-0.0035,22.85,65.14,2
0.6155,-0.0011,22.84,65.16,2
0.609,-0.0066,22.74,65.19,2
0.6457,0.0368,22.8,65.22,2
0.6262,-0.0195,22.79,65.25,2
0.6093,-0.0169,22.82,65.27,2
0.59,-0.0193,22.8,65.3,2
0.5873,-0.0027,22.74,65.32,2
0.6394,0.052,22.79,65.35,2
0.6203,-0.019,22.77,65.37,2
0.6262,0.0058,22.71,65.39,2
0.638,0.0118,22.71,65.42,2
0.6507,0.0128,22.68,65.44,2
0.6748,0.024,22.69,65.47,2
0.6506,-0.0242,22.72,65.49,2
0.6251,-0.0255,22.8,65.51,2
0.605,-0.0201,22.78,65.53,2
0.6093,0.0044,22.79,65.55,2
0.6144,0.0051,22.78,65.57,2
0.6165,0.002,22.77,65.59,2
0.6048,-0.0116,22.8,65.61,2
0.6468,0.042,22.86,65.63,2
0.6384,-0.0084,22.82,65.65,2
0.6214,-0.017,22.76,65.67,2
0.662,0.0406,22.74,65.69,2
0.6822,0.0202,22.71,65.71,2
0.6751,-0.0071,22.72,65.73,2
0.6785,0.0033,22.73,65.75,2
0.6899,0.0115,22.73,65.77,2
0.6812,-0.0087,22.76,65.78,2
0.6481,-0.0332,22.72,65.8,2
0.612,-0.0361,22.72,65.82,2
0.5888,-0.0232,22.7,65.83,2
0.6301,0.0413,22.7,65.84,2
0.6689,0.0387,22.74,65.86,2
0.624,-0.0449,22.73,65.87,2
0.5826,-0.0414,22.69,65.89,2
0.5501,-0.0325,22.7,65.9,2
0.5525,0.0024,22.67,65.91,2
0.567,0.0145,22.64,65.92,2
0.5666,-0.0004,22.57,65.93,2
0.5595,-0.0071,22.56,65.93,2
0.5917,0.0322,22.58,65.95,2
0.5957,0.004,22.62,65.96,2
0.58,-0.0157,22.57,65.97,2
0.6036,0.0236,22.56,65.98,2
0.6209,0.0173,22.51,65.99,2
0.6177,-0.0032,22.5,66.0,2
0.6604,0.0427,22.49,66.01,2
0.6931,0.0327,22.58,66.03,2
0.712,0.0189,22.58,66.04,2
0.6868,-0.0253,22.66,66.06,2
0.664,-0.0228,22.64,66.07,2
0.6468,-0.0172,22.6,66.08,2
0.6501,0.0033,22.59,66.09,2
0.6496,-0.0005,22.54,66.1,2
0.6542,0.0046,22.52,66.11,2
0.6367,-0.0174,22.6,66.12,2
0.6603,0.0235,22.57,66.13,2
0.663,0.0027,22.63,66.14,2
0.6843,0.0214,22.67,66.15,2
0.6767,-0.0076,22.62,66.16,2
0.6534,-0.0233,22.65,66.17,2
0.6156,-0.0378,22.72,66.18,2
0.618,0.0024,22.75,66.19,2
0.6242,0.0062,22.79,66.2,2
0.6139,-0.0102,22.79,66.2,2
0.6273,0.0133,22.84,66.21,2
0.6125,-0.0147,22.79,66.22,2
0.6191,0.0066,22.71,66.22,2
0.622,0.0029,22.71,66.23,2
0.642,0.02,22.78,66.24,2
0.6644,0.0223,22.82,66.25,2
0.6371,-0.0272,22.8,66.25,2
0.6054,-0.0317,22.8,66.26,2
0.6044,-0.001,22.72,66.26,2
0.6352,0.0308,22.71,66.27,2
0.6313,-0.0039,22.79,66.28,2
0.4581,-0.1732,22.77,66.27,2
0.4983,0.0402,22.81,66.27,2
0.5462,0.0479,22.7,66.27,2
0.5711,0.0249,22.71,66.28,2
0.5968,0.0256,22.64,66.28,2
0.645,0.0483,22.66,66.29,2
0.6,-0.0451,22.73,66.29,2
0.5771,-0.0228,22.68,66.3,2
0.5789,0.0018,22.63,66.3,2
0.5835,0.0046,22.61,66.3,2
0.6,0.0165,22.59,66.31,2
0.631,0.031,22.51,66.31,2
0.6316,0.0006,22.59,66.32,2
0.6537,0.0221,22.5,66.32,2
0.6313,-0.0224,22.49,66.33,2
0.5935,-0.0378,22.54,66.33,2
0.6283,0.0348,22.48,66.34,2
0.6843,0.056,22.44,66.34,2
0.7073,0.023,22.49,66.35,2
0.7273,0.02,22.55,66.36,2
0.7022,-0.0251,22.6,66.37,2
0.6667,-0.0355,22.57,66.37,2
0.6584,-0.0083,22.62,66.38,2
0.661,0.0025,22.62,66.39,2
0.6315,-0.0295,22.65,66.39,2
0.6286,-0.0029,22.68,66.39,2
0.6375,0.0089,22.74,66.4,2
0.6417,0.0042,22.75,66.4,2
0.6829,0.0412,22.73,66.41,2
0.6712,-0.0117,22.7,66.41,2
0.6961,0.025,22.62,66.42,2
0.7175,0.0214,22.72,66.43,2
0.7279,0.0104,22.71,66.43,2
0.7375,0.0096,22.82,66.44,2
0.7296,-0.0079,22.89,66.45,2
0.6527,-0.0769,22.89,66.45,2
0.6052,-0.0475,22.86,66.46,2
0.6021,-0.0031,22.93,66.46,2
0.6378,0.0357,22.8,66.46,2
0.6553,0.0176,22.83,66.46,2
0.6528,-0.0025,22.88,66.47,2
0.6303,-0.0225,22.96,66.47,2
0.6602,0.0298,22.93,66.47,2
0.6505,-0.0097,22.98,66.48,2
0.635,-0.0155,22.91,66.48,2
0.5918,-0.0433,22.88,66.48,2
0.6195,0.0278,22.88,66.48,2
0.6739,0.0544,22.87,66.48,2
0.694,0.02,22.82,66.49,2
0.7246,0.0306,22.83,66.49,2
0.6787,-0.0459,22.83,66.5,2
0.6982,0.0195,22.8,66.5,2
0.7317,0.0335,22.71,66.51,2
0.7306,-0.0011,22.71,66.52,2
0.7347,0.0041,22.79,66.52,2
0.7306,-0.0041,22.82,66.53,2
0.7392,0.0086,22.85,66.54,2
0.7287,-0.0105,22.86,66.54,2
0.6922,-0.0365,22.81,66.54,2
0.7073,0.0151,22.9,66.55,2
0.6643,-0.0431,22.85,66.55,2
0.6552,-0.009,22.78,66.55,2
0.6686,0.0134,22.87,66.56,2
0.6725,0.0039,22.91,66.56,2
0.6394,-0.0331,22.97,66.56,2
0.6243,-0.0151,22.98,66.56,2
0.6388,0.0144,22.93,66.56,2
0.6303,-0.0084,22.96,66.56,2
0.6222,-0.0082,22.97,66.56,2
0.6086,-0.0136,23.01,66.56,2
0.5966,-0.012,23.01,66.56,2
0.6324,0.0359,23.02,66.56,2
0.6247,-0.0077,22.97,66.56,2
0.6683,0.0437,22.95,66.56,2
0.6576,-0.0107,22.94,66.56,2
0.6506,-0.0071,22.94,66.56,2
0.613,-0.0376,22.94,66.56,2
0.6507,0.0377,22.89,66.56,2
0.6865,0.0357,22.9,66.57,2
0.7081,0.0216,22.93,66.57,2
0.7412,0.0331,22.93,66.58,2
0.7387,-0.0025,22.92,66.58,2
0.7149,-0.0238,22.92,66.59,2
0.7303,0.0154,22.9,66.59,2
0.6937,-0.0366,23.01,66.59,2
0.6956,0.0019,22.93,66.6,2
0.7334,0.0379,22.92,66.6,2
0.7399,0.0065,22.99,66.61,2
0.714,-0.0259,23.09,66.61,2
0.6989,-0.0151,23.02,66.61,2
0.7028,0.0039,23.0,66.62,2
0.7012,-0.0016,23.06,66.62,2
0.6591,-0.0421,23.03,66.62,2
0.6765,0.0174,23.03,66.62,2
0.6603,-0.0162,23.05,66.62,2
0.6899,0.0297,23.04,66.62,2
0.6372,-0.0527,22.94,66.62,2
0.664,0.0268,22.93,66.62,2
0.6532,-0.0108,22.87,66.62,2
0.6866,0.0334,22.87,66.63,2
0.7151,0.0285,22.75,66.63,2
0.7094,-0.0056,22.8,66.63,2
0.7182,0.0088,22.79,66.63,2
0.7003,-0.018,22.74,66.64,2
0.7227,0.0224,22.73,66.64,2
0.7151,-0.0076,22.76,66.64,2
0.7303,0.0152,22.78,66.65,2
0.7486,0.0183,22.75,66.65,2
0.7575,0.0088,22.83,66.66,2
0.724,-0.0334,22.93,66.66,2
0.7221,-0.002,22.99,66.66,2
0.713,-0.0091,22.99,66.66,2
0.7276,0.0146,23.02,66.67,2
0.7148,-0.0128,22.98,66.67,2
0.7173,0.0025,22.99,66.67,2
0.7301,0.0128,23.02,66.68,2
0.7608,0.0307,23.01,66.68,2
0.7754,0.0146,23.01,66.69,2
0.7989,0.0234,23.0,66.69,2
0.7475,-0.0514,22.95,66.7,2
0.7417,-0.0058,23.01,66.7,2
0.7486,0.0069,23.01,66.7,2
0.7619,0.0133,23.02,66.71,2
0.7883,0.0264,23.0,66.71,2
0.7941,0.0058,23.07,66.72,2
0.7608,-0.0333,23.06,66.72,2
0.7747,0.0139,23.1,66.72,2
0.778,0.0033,23.08,66.73,2
0.7592,-0.0188,23.1,66.73,2
0.7373,-0.0218,23.13,66.73,2
0.7426,0.0053,23.1,66.74,2
0.7693,0.0267,23.13,66.74,2
0.7586,-0.0107,23.08,66.74,2
0.7638,0.0052,23.03,66.75,2
0.776,0.0122,23.08,66.75,2
0.7884,0.0124,23.11,66.76,2
0.7426,-0.0458,23.18,66.76,2
0.752,0.0094,23.1,66.76,2
0.7612,0.0092,23.01,66.76,2
0.7888,0.0276,23.04,66.77,2
0.7644,-0.0244,23.01,66.77,2
0.7601,-0.0043,22.98,66.77,2
0.7388,-0.0213,22.94,66.77,2
0.7451,0.0062,22.98,66.78,2
0.7303,-0.0148,23.03,66.78,2
0.7233,-0.0069,22.97,66.78,2
0.7328,0.0095,22.9,66.78,2
0.7427,0.0099,22.81,66.78,2
0.7236,-0.0192,22.77,66.78,2
0.7375,0.0139,22.78,66.78,2
0.7589,0.0214,22.76,66.78,2
0.7554,-0.0035,22.78,66.79,2
0.754,-0.0014,22.85,66.79,2
0.7598,0.0058,22.86,66.79,2
0.7696,0.0099,22.89,66.79,2
0.773,0.0034,22.93,66.8,2
0.7459,-0.0271,22.99,66.8,2
0.7336,-0.0123,23.01,66.8,2
0.7114,-0.0222,22.95,66.8,2
0.7133,0.0019,22.87,66.8,2
0.6966,-0.0167,22.9,66.8,2
0.6784,-0.0182,22.83,66.79,2
0.6507,-0.0277,22.8,66.79,2
0.681,0.0303,22.8,66.79,2
0.6541,-0.0269,22.71,66.79,2
0.6838,0.0297,22.72,66.78,2
0.6797,-0.0041,22.77,66.78,2
0.6727,-0.007,22.78,66.78,2
0.6953,0.0226,22.82,66.78,2
0.7258,0.0305,22.85,66.78,2
0.7139,-0.0119,22.78,66.78,2
0.692,-0.0219,22.82,66.78,2
0.7087,0.0167,22.82,66.78,2
0.6809,-0.0278,22.86,66.78,2
0.6844,0.0035,22.87,66.78,2
0.6985,0.0141,22.84,66.78,2
0.7298,0.0313,22.86,66.78,2
0.7553,0.0256,22.86,66.78,2
0.7721,0.0168,22.91,66.78,2
0.7348,-0.0373,22.8,66.78,2
0.7507,0.0159,22.8,66.79,2
0.7573,0.0066,22.77,66.79,2
0.7512,-0.0061,22.81,66.79,2
0.7662,0.015,22.85,66.79,2
0.7562,-0.01,22.91,66.79,2
0.7756,0.0194,22.85,66.8,2
0.797,0.0214,23.0,66.8,2
0.7858,-0.0112,23.09,66.8,2
0.791,0.0052,23.04,66.81,2
0.7826,-0.0084,23.07,66.81,2
0.7815,-0.0011,23.02,66.81,2
0.7901,0.0086,23.05,66.82,2
0.8022,0.0121,23.01,66.82,2
0.7972,-0.005,22.97,66.82,2
0.7778,-0.0194,23.01,66.83,2
0.743,-0.0347,23.04,66.83,2
0.754,0.011,23.05,66.83,2
0.6972,-0.0568,23.06,66.83,2
0.7091,0.012,23.06,66.83,2
0.7094,0.0003,23.03,66.82,2
0.7344,0.0249,23.01,66.82,2
0.7523,0.0179,22.99,66.83,2
0.7666,0.0142,22.95,66.83,2
0.7816,0.015,22.89,66.83,2
0.7992,0.0176,22.9,66.83,2
0.8258,0.0266,22.9,66.84,2
0.8103,-0.0154,22.96,66.84,2
0.8078,-0.0026,22.91,66.85,2
0.7896,-0.0182,22.98,66.85,2
0.7979,0.0083,22.99,66.85,2
0.8101,0.0122,22.92,66.85,2
0.8102,0.0001,22.93,66.86,2
0.8146,0.0044,22.93,66.86,2
0.808,-0.0066,23.0,66.86,2
0.8081,0.0001,23.05,66.87,2
0.7904,-0.0177,23.05,66.87,2
0.7908,0.0004,23.09,66.87,2
0.7919,0.0011,23.09,66.87,2
0.7812,-0.0108,23.13,66.88,2
0.7555,-0.0256,23.14,66.88,2
0.77,0.0145,23.07,66.88,2
0.7459,-0.0241,23.07,66.88,2
0.7564,0.0105,23.04,66.88,2
0.7513,-0.0051,23.06,66.88,2
0.761,0.0097,23.03,66.88,2
0.7784,0.0174,22.97,66.88,2
0.7908,0.0124,22.9,66.88,2
0.7478,-0.043,22.98,66.88,2
0.7234,-0.0244,23.02,66.88,2
0.7279,0.0045,23.02,66.88,2
0.7424,0.0145,23.06,66.88,2
0.7225,-0.0199,22.98,66.88,2
0.7309,0.0084,22.91,66.87,2
0.7436,0.0127,22.89,66.87,2
0.7557,0.0121,22.89,66.87,2
0.7115,-0.0442,22.9,66.87,2
0.6934,-0.0181,22.85,66.87,2
0.6991,0.0056,22.86,66.87,2
0.7263,0.0273,22.85,66.87,2
0.7278,0.0015,22.88,66.87,2
0.751,0.0232,22.84,66.87,2
0.7725,0.0216,22.82,66.87,2
0.7362,-0.0363,22.85,66.87,2
0.7343,-0.0019,22.78,66.87,2
0.733,-0.0014,22.82,66.87,2
0.679,-0.054,22.74,66.86,2
0.6994,0.0204,22.75,66.86,2
0.719,0.0197,22.75,66.86,2
0.7245,0.0054,22.75,66.86,2
0.709,-0.0155,22.85,66.86,2
0.7363,0.0273,22.96,66.86,2
0.752,0.0157,22.98,66.86,2
0.7628,0.0108,22.94,66.86,2
0.7613,-0.0014,22.95,66.86,2
0.7771,0.0158,22.94,66.86,2
0.7482,-0.0289,22.92,66.86,2
0.7637,0.0155,22.93,66.86,2
0.7721,0.0083,22.9,66.86,2
0.7861,0.014,22.88,66.86,2
0.8052,0.0191,22.9,66.87,2
0.8029,-0.0024,22.92,66.87,2
0.8094,0.0066,22.96,66.87,2
0.8024,-0.007,22.96,66.88,2
0.8006,-0.0018,23.06,66.88,2
0.8012,0.0006,23.12,66.88,2
0.8032,0.002,23.12,66.88,2
0.7854,-0.0178,23.11,66.89,2
0.7379,-0.0475,23.17,66.88,2
0.7394,0.0015,23.16,66.88,2
0.7671,0.0276,23.16,66.88,2
0.7461,-0.021,23.16,66.88,2
0.7059,-0.0402,23.11,66.88,2
0.7228,0.0169,23.14,66.88,2
0.7215,-0.0012,23.19,66.88,2
0.7469,0.0253,23.15,66.88,2
0.7811,0.0342,23.11,66.88,2
0.7646,-0.0165,23.11,66.88,2
0.7482,-0.0164,23.14,66.88,2
0.7637,0.0155,23.16,66.88,2
0.755,-0.0087,23.16,66.88,2
0.7608,0.0058,23.13,66.88,2
0.7546,-0.0062,23.12,66.88,2
0.7762,0.0216,23.09,66.88,2
0.7965,0.0203,23.04,66.88,2
0.7361,-0.0604,23.09,66.88,2
0.7264,-0.0097,23.04,66.88,2
0.7516,0.0251,23.06,66.88,2
0.7701,0.0186,23.02,66.88,2
0.7807,0.0106,23.08,66.88,2
0.7611,-0.0196,23.05,66.89,2
0.7579,-0.0032,23.03,66.89,2
0.7802,0.0223,23.04,66.89,2
0.7573,-0.0228,23.02,66.89,2
0.7161,-0.0412,22.95,66.88,2
0.7407,0.0246,22.93,66.88,2
0.7625,0.0219,23.01,66.88,2
0.7661,0.0036,23.0,66.89,2
0.7708,0.0047,23.08,66.89,2
0.7772,0.0064,23.07,66.89,2
0.7806,0.0034,23.09,66.89,2
0.7537,-0.0269,23.14,66.89,2
0.7753,0.0216,23.07,66.89,2
0.782,0.0067,23.1,66.89,2
0.7913,0.0093,23.1,66.89,2
0.7854,-0.0059,23.18,66.89,2
0.7887,0.0033,23.11,66.9,2
0.7511,-0.0376,23.11,66.9,2
0.7666,0.0156,23.05,66.9,2
0.7709,0.0043,23.06,66.9,2
0.7639,-0.0069,23.16,66.9,2
0.7693,0.0053,23.18,66.9,2
0.7315,-0.0377,23.13,66.9,2
0.7221,-0.0095,23.14,66.89,2
0.7479,0.0258,23.06,66.89,2
0.7405,-0.0073,22.98,66.89,2
0.7466,0.006,22.96,66.89,2
0.7623,0.0158,22.99,66.89,2
0.7611,-0.0013,23.04,66.89,2
0.7539,-0.0072,22.95,66.89,2
0.7623,0.0085,22.93,66.89,2
0.7592,-0.0031,22.96,66.89,2
0.7321,-0.0271,23.07,66.89,2
0.7404,0.0083,23.01,66.89,2
0.7573,0.0169,22.98,66.89,2
0.7406,-0.0167,22.98,66.89,2
0.7106,-0.03,22.98,66.89,2
0.695,-0.0156,22.91,66.88,2
0.7022,0.0072,22.93,66.88,2
0.7333,0.0311,22.97,66.88,2
0.7412,0.0078,22.97,66.88,2
0.7465,0.0053,22.95,66.88,2
0.7672,0.0207,22.98,66.88,2
0.7818,0.0146,23.0,66.88,2
0.7924,0.0106,23.05,66.88,2
0.7834,-0.0091,23.03,66.89,2
0.7472,-0.0362,23.12,66.89,2
0.755,0.0078,23.11,66.89,2
0.7568,0.0017,23.1,66.89,2
0.7769,0.0201,23.09,66.89,2
0.767,-0.0099,23.1,66.89,2
0.7778,0.0108,23.16,66.89,2
0.7839,0.0061,23.04,66.89,2
0.7708,-0.0131,22.97,66.89,2
0.743,-0.0277,22.91,66.89,2
0.7497,0.0067,22.92,66.89,2
0.7752,0.0255,22.91,66.89,2
0.7914,0.0162,22.89,66.89,2
0.759,-0.0324,22.93,66.89,2
0.7741,0.015,22.97,66.89,2
0.8051,0.0311,23.0,66.9,2
0.8206,0.0154,23.07,66.9,2
0.8203,-0.0002,22.95,66.9,2
0.7817,-0.0386,22.95,66.9,2
0.7895,0.0078,22.96,66.9,2
0.7926,0.0031,23.02,66.91,2
0.7384,-0.0542,23.02,66.9,2
0.7554,0.0171,23.0,66.9,2
0.7899,0.0345,22.97,66.91,2
0.7582,-0.0318,22.88,66.91,2
0.7626,0.0044,22.95,66.91,2
0.7369,-0.0257,22.94,66.9,2
0.7501,0.0132,23.02,66.9,2
0.7774,0.0273,22.98,66.9,2
0.7347,-0.0427,22.98,66.9,2
0.7049,-0.0298,23.0,66.9,2
0.7363,0.0314,23.01,66.9,2
0.7459,0.0096,23.09,66.9,2
0.773,0.0271,23.16,66.9,2
0.7895,0.0165,23.16,66.9,2
0.7632,-0.0263,23.14,66.9,2
0.7538,-0.0094,23.1,66.9,2
0.7529,-0.0009,23.0,66.9,2
0.7567,0.0037,23.04,66.9,2
0.76,0.0034,22.95,66.9,2
0.7405,-0.0195,22.97,66.9,2
0.7492,0.0086,23.0,66.9,2
0.7249,-0.0242,22.98,66.9,2
0.7195,-0.0054,23.0,66.89,2
0.7357,0.0162,23.0,66.89,2
0.7533,0.0177,22.94,66.89,2
0.7584,0.0051,22.94,66.89,2
0.7671,0.0087,22.91,66.89,2
0.7347,-0.0324,22.92,66.89,2
0.7175,-0.0171,22.93,66.89,2
0.6859,-0.0316,22.92,66.89,2
0.6952,0.0093,22.85,66.88,2
0.7271,0.0319,22.87,66.88,2
0.7108,-0.0163,22.91,66.88,2
0.7369,0.0261,22.89,66.88,2
0.7465,0.0096,22.94,66.88,2
0.7622,0.0158,22.94,66.88,2
0.7621,-0.0001,22.9,66.88,2
0.7783,0.0162,22.94,66.88,2
0.7902,0.0119,22.89,66.88,2
0.7619,-0.0283,22.9,66.88,2
0.7778,0.0159,22.93,66.89,2
0.7638,-0.014,23.01,66.89,2
0.7545,-0.0093,22.98,66.89,2
0.7703,0.0157,22.93,66.89,2
0.7928,0.0226,22.98,66.89,2
0.7605,-0.0323,23.01,66.89,2
0.754,-0.0065,22.91,66.89,2
0.7251,-0.0289,22.95,66.89,2
0.6907,-0.0344,22.97,66.88,2
0.7048,0.014,22.98,66.88,2
0.6995,-0.0053,22.94,66.88,2
0.7197,0.0202,23.0,66.88,2
0.722,0.0023,22.97,66.88,2
0.752,0.03,22.93,66.88,2
0.7671,0.0151,23.01,66.88,2
0.7329,-0.0342,23.06,66.88,2
0.7506,0.0177,23.06,66.88,2
0.7035,-0.0471,23.02,66.87,2
0.6845,-0.019,23.06,66.87,2
0.6659,-0.0185,23.11,66.87,2
0.6712,0.0052,23.12,66.86,2
0.7,0.0289,23.13,66.86,2
0.6912,-0.0089,23.12,66.86,2
0.7133,0.0222,23.05,66.86,2
0.6909,-0.0224,22.97,66.85,2
0.6955,0.0046,22.94,66.85,2
0.7097,0.0141,23.0,66.85,2
0.6863,-0.0234,22.98,66.85,2
0.6754,-0.0109,23.03,66.84,2
0.6888,0.0134,23.09,66.84,2
0.7045,0.0156,23.06,66.84,2
0.6899,-0.0146,23.01,66.84,2
0.7036,0.0137,23.06,66.84,2
0.7109,0.0073,23.08,66.83,2
0.7013,-0.0097,23.08,66.83,2
0.7093,0.0081,23.03,66.83,2
0.7213,0.012,23.1,66.83,2
0.6819,-0.0395,23.05,66.83,2
0.7088,0.0269,23.04,66.83,2
0.6651,-0.0437,23.03,66.82,2
0.6428,-0.0223,23.04,66.82,2
0.677,0.0342,23.04,66.82,2
0.6108,-0.0662,23.06,66.81,2
0.5795,-0.0314,23.08,66.8,2
0.6201,0.0407,23.05,66.8,2
0.6573,0.0372,22.99,66.8,2
0.6307,-0.0267,22.95,66.79,2
0.62,-0.0107,22.94,66.79,2
0.6158,-0.0043,22.93,66.78,2
0.6452,0.0295,22.93,66.78,2
0.6713,0.0261,22.89,66.78,2
0.6672,-0.0041,22.76,66.77,2
0.6558,-0.0114,22.72,66.77,2
0.6859,0.0301,22.71,66.77,2
0.6728,-0.0131,22.65,66.77,2
0.6999,0.0271,22.7,66.77,2
0.7188,0.0189,22.71,66.77,2
0.6798,-0.039,22.68,66.77,2
0.6592,-0.0206,22.72,66.77,2
0.6665,0.0073,22.72,66.76,2
0.6505,-0.016,22.8,66.76,2
0.6693,0.0188,22.87,66.76,2
0.6547,-0.0147,22.81,66.76,2
0.6431,-0.0115,22.75,66.75,2
0.6339,-0.0092,22.81,66.75,2
0.6307,-0.0032,22.72,66.75,2
0.642,0.0113,22.72,66.74,2
0.6553,0.0133,22.71,66.74,2
0.6541,-0.0012,22.71,66.74,2
0.677,0.0229,22.68,66.74,2
0.6649,-0.0121,22.61,66.74,2
0.6282,-0.0367,22.57,66.73,2
0.6326,0.0045,22.5,66.73,2
0.6209,-0.0117,22.55,66.73,2
0.6054,-0.0156,22.59,66.72,2
0.6508,0.0455,22.54,66.72,2
0.689,0.0382,22.55,66.72,2
0.6876,-0.0015,22.65,66.72,2
0.6966,0.009,22.64,66.72,2
0.6557,-0.0408,22.68,66.72,2
0.6496,-0.0061,22.71,66.72,2
0.6692,0.0196,22.66,66.72,2
0.6635,-0.0058,22.65,66.72,2
0.6812,0.0177,22.67,66.72,2
0.7088,0.0276,22.66,66.72,2
0.7004,-0.0085,22.7,66.72,2
0.6475,-0.0528,22.76,66.72,2
0.6744,0.0268,22.78,66.71,2
0.714,0.0396,22.69,66.72,2
0.7201,0.0061,22.67,66.72,2
0.644,-0.0761,22.63,66.72,2
0.6145,-0.0294,22.62,66.71,2
0.6483,0.0338,22.63,66.71,2
0.6238,-0.0245,22.66,66.71,2
0.6291,0.0053,22.6,66.7,2
0.6376,0.0084,22.6,66.7,2
0.6194,-0.0182,22.55,66.7,2
0.621,0.0016,22.56,66.7,2
0.6331,0.0121,22.6,66.69,2
0.6647,0.0316,22.58,66.69,2
0.6338,-0.0309,22.65,66.69,2
0.5937,-0.0401,22.68,66.69,2
0.5918,-0.0018,22.76,66.68,2
0.5768,-0.015,22.79,66.68,2
0.6036,0.0267,22.76,66.67,2
0.5857,-0.0178,22.74,66.67,2
0.564,-0.0217,22.71,66.67,2
0.5893,0.0253,22.68,66.66,2
0.5651,-0.0242,22.72,66.66,2
0.6062,0.041,22.62,66.65,2
0.6262,0.02,22.61,66.65,2
0.615,-0.0112,22.56,66.65,2
0.6091,-0.0059,22.5,66.65,2
0.6471,0.038,22.45,66.65,2
0.6458,-0.0013,22.46,66.65,2
0.6355,-0.0103,22.53,66.64,2
0.6311,-0.0044,22.6,66.64,2
0.639,0.0079,22.67,66.64,2
0.643,0.004,22.74,66.64,2
0.6728,0.0298,22.62,66.64,2
0.6797,0.0069,22.76,66.64,2
0.7139,0.0342,22.86,66.65,2
0.7189,0.005,22.88,66.65,2
0.6885,-0.0304,22.89,66.65,2
0.6626,-0.026,22.81,66.65,2
0.6813,0.0187,22.79,66.65,2
0.7054,0.024,22.69,66.65,2
0.7086,0.0032,22.68,66.66,2
0.7339,0.0254,22.8,66.66,2
0.6733,-0.0606,22.8,66.66,2
0.6198,-0.0535,22.84,66.66,2
0.4501,-0.1697,22.81,66.65,2
0.4904,0.0403,22.83,66.64,2
0.4964,0.006,22.84,66.63,2
0.5321,0.0357,22.83,66.63,2
0.5526,0.0205,22.82,66.62,2
0.5642,0.0116,22.81,66.62,2
0.5681,0.0038,22.82,66.61,2
0.6188,0.0507,22.8,66.61,2
0.608,-0.0108,22.82,66.61,2
0.5951,-0.0129,22.74,66.61,2
0.602,0.0069,22.7,66.6,2
0.5758,-0.0262,22.72,66.6,2
0.5589,-0.0169,22.75,66.6,2
0.5641,0.0052,22.63,66.59,2
0.6021,0.038,22.67,66.59,2
0.6212,0.0191,22.57,66.59,2
0.6388,0.0176,22.61,66.59,2
0.639,0.0003,22.65,66.59,2
0.6662,0.0272,22.64,66.59,2
0.7054,0.0392,22.71,66.6,2
0.7041,-0.0013,22.66,66.6,2
0.6843,-0.0198,22.71,66.6,2
0.6448,-0.0396,22.72,66.6,2
0.6472,0.0024,22.63,66.6,2
0.6803,0.0332,22.68,66.6,2
0.7187,0.0384,22.71,66.61,2
0.6884,-0.0303,22.81,66.61,2
0.6274,-0.0611,22.78,66.61,2
0.6152,-0.0122,22.82,66.61,2
0.6041,-0.011,22.77,66.61,2
0.5936,-0.0106,22.73,66.6,2
0.6179,0.0243,22.72,66.6,2
0.6159,-0.002,22.85,66.6,2
0.6059,-0.01,22.71,66.6,2
0.6069,0.001,22.71,66.6,2
0.6195,0.0126,22.77,66.6,2
0.659,0.0395,22.78,66.6,2
0.6135,-0.0455,22.75,66.6,2
0.6367,0.0233,22.8,66.6,2
0.6329,-0.0039,22.84,66.6,2
0.6055,-0.0274,22.78,66.59,2
0.6019,-0.0036,22.79,66.59,2
0.6254,0.0236,22.79,66.59,2
0.6217,-0.0038,22.8,66.59,2
0.6655,0.0438,22.86,66.59,2
0.6561,-0.0094,22.84,66.59,2
0.6392,-0.0169,22.88,66.59,2
0.5865,-0.0527,22.85,66.59,2
0.6225,0.036,22.75,66.59,2
0.6283,0.0057,22.71,66.59,2
0.6379,0.0096,22.71,66.59,2
0.6322,-0.0057,22.78,66.59,2
0.646,0.0138,22.76,66.59,2
0.6385,-0.0075,22.82,66.59,2
0.6534,0.0149,22.89,66.59,2
0.631,-0.0224,22.9,66.59,2
0.5808,-0.0502,22.89,66.59,2
0.5696,-0.0112,22.88,66.59,2
0.5792,0.0096,22.83,66.58,2
0.6091,0.0299,22.86,66.58,2
0.621,0.0119,22.93,66.58,2
0.6377,0.0168,22.87,66.58,2
0.6746,0.0368,22.87,66.58,2
0.6288,-0.0458,22.86,66.58,2
0.6155,-0.0132,22.77,66.58,2
0.6384,0.0228,22.72,66.58,2
0.6537,0.0153,22.8,66.58,2
0.6692,0.0155,22.76,66.59,2
0.6228,-0.0464,22.74,66.58,2
0.6042,-0.0186,22.69,66.58,2
0.6366,0.0323,22.77,66.58,2
0.6199,-0.0166,22.66,66.58,2
0.6371,0.0171,22.67,66.58,2
0.6103,-0.0268,22.6,66.58,2
0.5925,-0.0178,22.53,66.58,2
0.5958,0.0033,22.57,66.58,2
0.5561,-0.0397,22.48,66.57,2
0.5986,0.0425,22.49,66.57,2
0.5838,-0.0147,22.43,66.57,2
0.588,0.0042,22.48,66.57,2
0.6218,0.0337,22.5,66.57,2
0.6331,0.0114,22.48,66.57,2
0.6598,0.0266,22.52,66.57,2
0.6616,0.0019,22.53,66.57,2
0.6601,-0.0015,22.57,66.57,2
0.6288,-0.0313,22.55,66.57,2
0.6121,-0.0167,22.6,66.57,2
0.63,0.0179,22.64,66.57,2
0.6179,-0.0121,22.66,66.57,2
0.639,0.0211,22.69,66.57,2
0.6182,-0.0208,22.69,66.57,2
0.6432,0.025,22.65,66.57,2
0.6607,0.0174,22.7,66.57,2
0.641,-0.0197,22.7,66.57,2
0.4689,-0.172,22.61,66.57,2
0.5222,0.0533,22.56,66.56,2
0.5519,0.0297,22.56,66.56,2
0.6135,0.0617,22.52,66.56,2
0.4477,-0.1658,22.82,66.59,1
0.4744,0.0267,23.03,66.62,1
0.5234,0.049,22.93,66.61,2
0.5547,0.0313,22.83,66.61,2
0.4003,-0.1544,23.1,66.64,1
0.4485,0.0482,23.33,66.67,1
0.5252,0.0767,23.32,66.66,2
0.539,0.0138,23.33,66.65,2
0.5624,0.0234,23.27,66.65,2
0.5978,0.0354,23.22,66.65,2
0.6026,0.0048,23.17,66.64,2
0.6109,0.0084,23.17,66.64,2
0.4406,-0.1703,23.43,66.67,1
0.4756,0.035,23.75,66.7,1
0.5438,0.0683,23.59,66.69,2
0.3924,-0.1514,23.48,66.68,2
0.4291,0.0366,23.57,66.71,1
0.4731,0.044,23.83,66.74,1
0.4914,0.0183,23.7,66.73,2
0.5406,0.0493,23.57,66.72,2
0.5417,0.0011,23.55,66.71,2
0.5394,-0.0023,23.36,66.7,2
0.5018,-0.0377,23.28,66.7,2
0.4784,-0.0234,23.27,66.69,2
0.4986,0.0202,23.2,66.68,2
0.514,0.0155,23.13,66.67,2
0.4816,-0.0325,23.06,66.66,2
0.5151,0.0336,23.01,66.65,2
0.5269,0.0118,22.93,66.65,2
0.5451,0.0182,22.97,66.64,2
0.5081,-0.0369,22.91,66.63,2
0.5011,-0.0071,22.88,66.62,2
0.5076,0.0065,22.85,66.62,2
0.5012,-0.0064,22.78,66.61,2
0.4815,-0.0197,22.69,66.6,2
0.4629,-0.0186,22.71,66.59,2
0.4671,0.0042,22.7,66.58,2
0.5111,0.0441,22.69,66.58,2
0.4917,-0.0195,22.73,66.57,2
0.4874,-0.0043,22.76,66.56,2
0.508,0.0207,22.72,66.56,2
0.5027,-0.0054,22.69,66.55,2
0.4656,-0.0371,22.69,66.54,2
0.5122,0.0466,22.65,66.54,2
0.5059,-0.0062,22.7,66.53,2
0.5237,0.0178,22.66,66.53,2
0.525,0.0013,22.61,66.53,2
0.5353,0.0103,22.59,66.52,2
0.5156,-0.0197,22.6,66.52,2
0.4921,-0.0235,22.64,66.51,2
0.3449,-0.1472,22.83,66.54,1
0.3585,0.0136,23.0,66.57,1
0.4112,0.0527,23.23,66.59,1
0.4523,0.0411,23.2,66.59,2
0.4477,-0.0046,23.15,66.58,2
0.4312,-0.0165,23.38,66.61,1
0.4194,-0.0118,23.57,66.63,1
0.4701,0.0507,23.55,66.63,2
0.4665,-0.0036,23.38,66.62,2
0.4895,0.023,23.35,66.61,2
0.4859,-0.0036,23.26,66.6,2
0.4545,-0.0314,23.19,66.59,2
0.5078,0.0533,23.12,66.59,2
0.544,0.0362,23.14,66.58,2
0.5105,-0.0335,23.06,66.57,2
0.5135,0.0029,23.0,66.57,2
0.5278,0.0143,22.94,66.56,2
0.5212,-0.0066,22.92,66.56,2
0.5281,0.0069,22.85,66.55,2
0.5865,0.0584,22.82,66.55,2
0.5958,0.0093,22.66,66.55,2
0.4274,-0.1684,22.84,66.58,1
0.4741,0.0467,23.08,66.61,1
0.5476,0.0735,23.05,66.61,2
0.5156,-0.032,23.04,66.6,2
0.3649,-0.1507,23.31,66.63,1
0.4016,0.0367,23.48,66.66,1
0.4633,0.0617,23.39,66.65,2
0.46,-0.0033,23.38,66.64,2
0.4994,0.0394,23.33,66.63,2
0.4793,-0.0201,23.23,66.62,2
0.4674,-0.0119,23.16,66.61,2
0.4958,0.0284,23.04,66.6,2
0.5188,0.023,22.99,66.6,2
0.5236,0.0048,23.04,66.59,2
0.5539,0.0304,23.01,66.59,2
0.5483,-0.0057,22.93,66.58,2
0.5302,-0.0181,22.89,66.58,2
0.5253,-0.0049,22.89,66.57,2
0.5049,-0.0204,22.88,66.57,2
0.5098,0.0049,22.89,66.56,2
0.5043,-0.0055,22.86,66.55,2
0.5205,0.0161,22.96,66.55,2
0.5266,0.0062,22.95,66.54,2
0.5238,-0.0028,22.93,66.54,2
0.5656,0.0417,22.88,66.54,2
0.6004,0.0349,22.83,66.54,2
0.5551,-0.0453,22.78,66.53,2
0.5561,0.001,22.78,66.53,2
0.5524,-0.0037,22.78,66.53,2
0.5333,-0.0191,22.79,66.52,2
0.378,-0.1553,22.99,66.55,1
0.4401,0.0621,23.24,66.58,1
0.4841,0.044,23.13,66.58,2
0.3449,-0.1393,23.06,66.56,2
0.4237,0.0788,23.28,66.59,1
0.4981,0.0744,23.5,66.62,1
0.517,0.0189,23.36,66.62,2
0.5143,-0.0027,23.21,66.61,2
0.4988,-0.0156,23.21,66.6,2
0.4806,-0.0181,23.21,66.6,2
0.4571,-0.0236,23.12,66.59,2
0.4606,0.0035,23.12,66.58,2
0.4852,0.0246,23.02,66.57,2
0.4969,0.0117,22.92,66.56,2
0.5022,0.0053,22.83,66.56,2
0.3533,-0.149,23.16,66.58,1
0.413,0.0597,23.33,66.61,1
0.469,0.056,23.24,66.6,2
0.4997,0.0307,23.17,66.6,2
0.4784,-0.0213,23.07,66.59,2
0.4485,-0.0299,23.25,66.62,1
0.4692,0.0208,23.44,66.65,1
0.3264,-0.1428,23.66,66.67,1
0.3784,0.0519,23.82,66.7,1
0.4364,0.0581,23.96,66.73,1
0.4225,-0.0139,24.1,66.75,1
0.4186,-0.0038,24.36,66.78,1
0.4553,0.0367,24.12,66.77,2
0.4605,0.0052,23.88,66.76,2
0.5052,0.0447,23.7,66.75,2
0.4659,-0.0393,23.52,66.73,2
0.449,-0.0169,23.71,66.76,1
0.4188,-0.0301,23.89,66.79,1
0.4092,-0.0096,24.0,66.81,1
0.4458,0.0366,24.14,66.84,1
0.3039,-0.1419,24.27,66.86,1
0.3721,0.0682,24.39,66.88,1
0.3666,-0.0055,24.52,66.9,1
0.3846,0.018,24.6,66.92,1
0.4061,0.0215,24.7,66.94,1
0.4354,0.0293,24.81,66.96,1
0.4495,0.0141,24.91,66.99,1
0.307,-0.1425,24.98,67.0,1
0.3596,0.0526,25.1,67.02,1
0.2484,-0.1112,25.39,67.06,0
0.2964,0.0479,25.62,67.11,0
0.3399,0.0435,25.68,67.12,1
0.3769,0.037,25.64,67.14,1
0.4252,0.0483,25.75,67.16,1
0.4162,-0.0091,25.74,67.17,1
0.3899,-0.0263,25.8,67.19,1
0.4119,0.022,25.84,67.21,1
0.4177,0.0058,25.82,67.22,1
0.3942,-0.0235,25.82,67.24,1
0.2621,-0.1321,26.05,67.28,0
0.1858,-0.0764,26.29,67.31,0
0.2666,0.0808,26.48,67.35,0
0.3377,0.0711,26.4,67.36,1
0.3477,0.01,26.38,67.37,1
0.3758,0.0281,26.31,67.38,1
0.383,0.0072,26.24,67.39,1
0.3798,-0.0032,26.2,67.4,1
0.4161,0.0362,26.21,67.42,1
0.2818,-0.1343,26.14,67.42,1
0.2034,-0.0784,26.31,67.45,0
0.2823,0.0789,26.5,67.49,0
0.3467,0.0645,26.53,67.5,1
0.3793,0.0325,26.48,67.5,1
0.3814,0.0022,26.45,67.51,1
0.3767,-0.0047,26.39,67.52,1
0.379,0.0023,26.35,67.53,1
0.3721,-0.0069,26.35,67.54,1
0.3736,0.0015,26.36,67.55,1
0.2485,-0.1252,26.51,67.58,0
0.2923,0.0439,26.73,67.61,0
0.3343,0.0419,26.57,67.62,1
0.3497,0.0154,26.54,67.62,1
0.2318,-0.1179,26.72,67.65,0
0.2997,0.068,26.92,67.68,0
0.3329,0.0332,26.72,67.68,1
0.2214,-0.1115,26.63,67.68,1
0.2699,0.0486,26.72,67.71,0
0.3155,0.0456,27.01,67.74,0
0.3555,0.0399,26.93,67.75,1
0.3779,0.0225,26.83,67.75,1
0.3689,-0.0091,26.71,67.75,1
0.4208,0.052,26.64,67.76,1
0.423,0.0022,26.57,67.77,1
0.4148,-0.0082,26.52,67.77,1
0.426,0.0112,26.38,67.78,1
0.4414,0.0153,26.33,67.78,1
0.3018,-0.1396,26.25,67.78,1
0.2192,-0.0825,26.46,67.81,0
0.2899,0.0707,26.64,67.84,0
0.3595,0.0696,26.62,67.84,1
0.4092,0.0497,26.56,67.84,1
0.2819,-0.1273,26.43,67.84,1
0.3213,0.0395,26.36,67.84,1
0.3431,0.0218,26.31,67.84,1
0.2302,-0.1129,26.48,67.86,0
0.2925,0.0623,26.71,67.89,0
0.3363,0.0438,26.61,67.89,1
0.3438,0.0075,26.58,67.89,1
0.2271,-0.1167,26.79,67.91,0
0.2958,0.0687,27.02,67.94,0
0.199,-0.0968,27.2,67.96,0
0.2754,0.0764,27.32,67.98,0
0.1844,-0.091,27.43,68.0,0
0.2517,0.0672,27.61,68.03,0
0.1652,-0.0864,27.7,68.04,0
0.2708,0.1056,27.79,68.07,0
0.3265,0.0558,27.72,68.06,1
0.3436,0.0171,27.48,68.06,1
0.3485,0.0049,27.38,68.05,1
0.3634,0.0149,27.19,68.05,1
0.3718,0.0085,27.08,68.05,1
0.3829,0.011,26.98,68.05,1
0.3917,0.0089,26.88,68.05,1
0.4202,0.0284,26.81,68.05,1
0.4211,0.0009,26.74,68.05,1
0.4166,-0.0045,26.72,68.05,1
0.2841,-0.1325,26.62,68.04,1
0.327,0.0429,26.62,68.03,1
0.3487,0.0217,26.59,68.03,1
0.2347,-0.114,26.72,68.05,0
0.1689,-0.0658,26.85,68.07,0
0.1286,-0.0403,26.97,68.09,0
0.1023,-0.0263,27.03,68.1,0
0.2189,0.1166,27.2,68.12,0
0.1484,-0.0706,27.31,68.13,0
0.2197,0.0714,27.44,68.15,0
0.2544,0.0346,27.5,68.17,0
0.2905,0.0361,27.38,68.16,1
0.314,0.0236,27.23,68.15,1
0.3429,0.0288,27.12,68.15,1
0.2218,-0.1211,27.2,68.17,0
0.3061,0.0843,27.42,68.19,0
0.3663,0.0602,27.26,68.18,1
0.2465,-0.1198,27.14,68.17,1
0.3438,0.0973,27.01,68.17,1
0.3654,0.0216,26.99,68.16,1
0.3925,0.027,26.94,68.16,1
0.2634,-0.1291,27.06,68.18,0
0.1874,-0.0759,27.17,68.19,0
0.1402,-0.0473,27.36,68.21,0
0.1089,-0.0312,27.41,68.22,0
0.2246,0.1156,27.53,68.23,0
0.2972,0.0726,27.42,68.22,1
0.197,-0.1002,27.2,68.21,1
0.2793,0.0823,27.45,68.23,0
0.3349,0.0556,27.53,68.25,0
0.343,0.0081,27.43,68.24,1
0.3571,0.0141,27.36,68.24,1
0.3691,0.0121,27.2,68.23,1
0.3865,0.0174,27.11,68.23,1
0.2568,-0.1297,27.22,68.24,0
0.2845,0.0277,27.49,68.26,0
0.3057,0.0212,27.39,68.25,1
0.341,0.0353,27.34,68.24,1
0.3435,0.0025,27.22,68.24,1
0.2223,-0.1212,27.23,68.25,0
0.1539,-0.0685,27.33,68.27,0
0.2381,0.0843,27.41,68.28,0
0.2888,0.0507,27.24,68.27,1
0.3133,0.0246,27.19,68.26,1
0.202,-0.1113,27.4,68.28,0
0.2795,0.0775,27.46,68.29,0
0.3497,0.0702,27.33,68.29,1
0.3797,0.03,27.24,68.28,1
0.2538,-0.1259,27.44,68.3,0
0.3104,0.0566,27.54,68.32,0
0.2092,-0.1013,27.58,68.33,0
0.2547,0.0455,27.71,68.35,0
0.2899,0.0352,27.56,68.33,1
0.1853,-0.1047,27.41,68.32,1
0.1264,-0.0589,27.43,68.33,0
0.2016,0.0752,27.52,68.34,0
0.2877,0.0861,27.37,68.33,1
0.3247,0.037,27.26,68.32,1
0.323,-0.0017,27.1,68.31,1
0.2056,-0.1174,27.31,68.32,0
0.2772,0.0717,27.41,68.34,0
0.3284,0.0512,27.29,68.33,1
0.3547,0.0263,27.22,68.32,1
0.2352,-0.1195,27.3,68.34,0
0.1669,-0.0683,27.43,68.35,0
0.2556,0.0887,27.64,68.36,0
0.173,-0.0827,27.77,68.37,0
0.2573,0.0843,27.84,68.39,0
0.171,-0.0863,27.94,68.4,0
0.2362,0.0652,28.04,68.41,0
0.1527,-0.0835,28.16,68.42,0
0.1055,-0.0472,28.15,68.43,0
0.0774,-0.0281,28.19,68.44,0
0.1645,0.0872,28.22,68.44,0
0.2751,0.1106,28.3,68.46,0
0.3021,0.0269,28.1,68.45,1
0.3213,0.0192,27.98,68.43,1
0.2054,-0.1159,28.02,68.44,0
0.258,0.0526,28.15,68.46,0
0.1663,-0.0917,28.25,68.47,0
0.1146,-0.0517,28.16,68.47,0
0.2014,0.0868,28.16,68.48,0
0.2676,0.0662,28.29,68.5,0
0.2842,0.0166,28.14,68.48,1
0.2844,0.0002,27.92,68.47,1
0.1742,-0.1102,28.0,68.48,0
0.1141,-0.0601,28.07,68.48,0
0.08,-0.0341,28.11,68.49,0
0.0595,-0.0205,28.17,68.49,0
0.1739,0.1144,28.16,68.5,0
0.1095,-0.0644,28.14,68.5,0
0.2136,0.1041,28.18,68.52,0
0.2644,0.0508,28.21,68.53,0
0.3362,0.0718,27.97,68.51,1
0.2179,-0.1183,27.72,68.49,1
0.2702,0.0523,27.84,68.51,0
0.1753,-0.0949,27.98,68.52,0
0.2309,0.0556,28.06,68.53,0
0.1461,-0.0848,28.1,68.54,0
0.0985,-0.0476,28.12,68.54,0
0.0704,-0.0281,28.01,68.54,0
0.0528,-0.0175,28.03,68.54,0
0.1537,0.1009,28.07,68.55,0
0.093,-0.0607,28.13,68.55,0
0.175,0.082,28.24,68.56,0
0.1032,-0.0717,28.28,68.57,0
0.0646,-0.0386,28.31,68.57,0
0.0431,-0.0215,28.26,68.57,0
0.1331,0.0899,28.33,68.57,0
0.0748,-0.0583,28.32,68.58,0
0.1668,0.092,28.3,68.58,0
0.2318,0.065,28.32,68.59,0
0.2871,0.0553,28.14,68.58,1
0.1781,-0.109,27.97,68.55,1
0.2529,0.0748,28.03,68.56,0
0.1611,-0.0918,28.18,68.57,0
0.2242,0.0631,28.26,68.58,0
0.1404,-0.0838,28.26,68.59,0
0.2311,0.0907,28.32,68.6,0
0.1462,-0.0849,28.37,68.6,0
0.0983,-0.0479,28.46,68.6,0
0.2049,0.1066,28.52,68.61,0
0.2581,0.0533,28.54,68.62,0
0.2953,0.0372,28.28,68.61,1
0.325,0.0297,28.14,68.59,1
0.3618,0.0368,27.96,68.58,1
0.3431,-0.0187,27.81,68.56,1
0.2203,-0.1228,27.9,68.57,0
0.1512,-0.0691,27.99,68.58,0
0.2202,0.069,28.06,68.59,0
0.2852,0.065,27.83,68.57,1
0.3213,0.0361,27.66,68.55,1
0.3325,0.0113,27.49,68.54,1
0.2147,-0.1178,27.66,68.55,0
0.1485,-0.0662,27.7,68.56,0
0.2193,0.0708,27.79,68.57,0
0.2584,0.0391,27.85,68.58,0
0.2861,0.0277,27.66,68.56,1
0.1799,-0.1062,27.43,68.54,1
0.2565,0.0766,27.59,68.55,0
0.166,-0.0906,27.69,68.56,0
0.2523,0.0864,27.84,68.57,0
0.3052,0.0528,27.67,68.55,1
0.1989,-0.1063,27.48,68.53,1
0.1386,-0.0603,27.61,68.54,0
0.1025,-0.0361,27.72,68.54,0
0.1969,0.0945,27.79,68.55,0
0.1278,-0.0691,27.82,68.56,0
0.2087,0.0809,27.88,68.57,0
0.1315,-0.0773,27.92,68.57,0
0.2035,0.072,28.02,68.58,0
0.1255,-0.078,28.16,68.58,0
0.0826,-0.0429,28.25,68.59,0
0.163,0.0804,28.25,68.59,0
0.2635,0.1005,28.24,68.6,0
0.165,-0.0986,28.21,68.61,0
0.1097,-0.0553,28.25,68.61,0
0.1897,0.08,28.38,68.62,0
0.2298,0.0401,28.48,68.63,0
0.2981,0.0684,28.24,68.61,1
0.1864,-0.1117,28.03,68.59,1
0.1239,-0.0626,28.06,68.59,0
0.0871,-0.0367,28.05,68.6,0
0.0643,-0.0228,28.09,68.6,0
0.1893,0.125,28.11,68.61,0
0.1209,-0.0684,28.12,68.61,0
0.0819,-0.039,28.08,68.61,0
0.1735,0.0916,28.08,68.62,0
0.1057,-0.0678,28.03,68.62,0
0.2133,0.1076,28.07,68.63,0
0.1328,-0.0805,28.14,68.63,0
0.0876,-0.0452,28.13,68.63,0
0.1635,0.0759,28.17,68.64,0
0.0965,-0.067,28.18,68.64,0
0.0602,-0.0363,28.26,68.64,0
0.0398,-0.0204,28.26,68.64,0
0.1479,0.108,28.27,68.65,0
0.2124,0.0645,28.36,68.65,0
0.1255,-0.0869,28.38,68.66,0
0.2138,0.0883,28.41,68.66,0
0.1308,-0.083,28.42,68.67,0
0.0851,-0.0457,28.45,68.67,0
0.0588,-0.0263,28.43,68.67,0
0.1953,0.1365,28.54,68.67,0
0.1245,-0.0708,28.5,68.68,0
0.0841,-0.0404,28.47,68.68,0
0.0598,-0.0243,28.5,68.68,0
0.0444,-0.0154,28.48,68.68,0
0.0341,-0.0104,28.4,68.67,0
0.0267,-0.0073,28.34,68.67,0
0.0213,-0.0054,28.38,68.67,0
0.0172,-0.0041,28.38,68.67,0
0.129,0.1118,28.43,68.67,0
0.2127,0.0836,28.52,68.68,0
0.2988,0.0862,28.26,68.66,1
0.1906,-0.1082,28.09,68.64,1
0.1299,-0.0607,28.09,68.64,0
0.0941,-0.0358,28.18,68.64,0
0.2192,0.1251,28.27,68.65,0
0.2768,0.0575,28.33,68.66,0
0.3016,0.0249,28.16,68.64,1
0.1935,-0.1082,28.0,68.62,1
0.2556,0.0621,28.11,68.63,0
0.1656,-0.09,28.11,68.63,0
0.2348,0.0692,28.16,68.64,0
0.1506,-0.0842,28.2,68.65,0
0.1033,-0.0473,28.19,68.65,0
0.0753,-0.028,28.21,68.65,0
0.1703,0.095,28.26,68.66,0
0.106,-0.0642,28.31,68.66,0
0.1732,0.0671,28.36,68.66,0
0.2291,0.056,28.39,68.67,0
0.1361,-0.093,28.45,68.68,0
0.0861,-0.0501,28.51,68.68,0
0.0581,-0.0279,28.51,68.68,0
0.0418,-0.0164,28.48,68.67,0
0.0316,-0.0102,28.43,68.67,0
0.1624,0.1308,28.46,68.68,0
0.2334,0.071,28.5,68.69,0
0.145,-0.0883,28.44,68.69,0
0.0967,-0.0483,28.55,68.69,0
0.174,0.0773,28.53,68.7,0
0.1063,-0.0678,28.66,68.7,0
0.0696,-0.0366,28.61,68.7,0
0.164,0.0944,28.61,68.7,0
0.2299,0.0659,28.61,68.71,0
0.2662,0.0363,28.71,68.72,0
0.1638,-0.1024,28.83,68.72,0
0.2333,0.0695,28.83,68.73,0
0.2763,0.043,28.85,68.74,0
0.3028,0.0265,28.52,68.72,1
0.3211,0.0183,28.2,68.7,1
0.2034,-0.1177,28.27,68.71,0
0.1378,-0.0656,28.28,68.71,0
0.2069,0.0691,28.37,68.71,0
0.1315,-0.0753,28.34,68.72,0
0.0896,-0.042,28.36,68.72,0
0.065,-0.0246,28.38,68.72,0
0.0497,-0.0153,28.49,68.71,0
0.1446,0.0949,28.55,68.72,0
0.2078,0.0633,28.58,68.72,0
0.1233,-0.0845,28.56,68.72,0
0.0782,-0.0451,28.54,68.72,0
0.0533,-0.0249,28.63,68.72,0
0.1489,0.0956,28.55,68.73,0
0.2112,0.0623,28.61,68.73,0
0.1252,-0.086,28.64,68.73,0
0.0793,-0.0459,28.69,68.73,0
0.1889,0.1097,28.66,68.74,0
0.2499,0.061,28.7,68.74,0
0.2707,0.0208,28.73,68.75,0
0.1662,-0.1045,28.73,68.76,0
0.1092,-0.057,28.65,68.76,0
0.2218,0.1126,28.58,68.76,0
0.2557,0.0339,28.58,68.77,0
0.1593,-0.0964,28.57,68.77,0
0.1061,-0.0533,28.67,68.77,0
0.2003,0.0942,28.71,68.78,0
0.1264,-0.0738,28.63,68.78,0
0.0852,-0.0413,28.65,68.78,0
0.061,-0.0242,28.69,68.77,0
0.0459,-0.015,28.73,68.77,0
0.036,-0.0099,28.76,68.77,0
0.159,0.123,28.67,68.77,0
0.2328,0.0738,28.69,68.78,0
0.1443,-0.0885,28.72,68.78,0
0.0958,-0.0485,28.62,68.78,0
0.068,-0.0278,28.65,68.78,0
0.1587,0.0907,28.7,68.78,0
0.0963,-0.0624,28.66,68.78,0
0.0626,-0.0337,28.54,68.77,0
0.0436,-0.019,28.54,68.77,0
0.0324,-0.0112,28.54,68.77,0
0.1453,0.1129,28.55,68.77,0
0.226,0.0807,28.52,68.78,0
0.2573,0.0313,28.55,68.78,0
0.2823,0.025,28.26,68.76,1
0.1743,-0.1081,28.05,68.73,1
0.2255,0.0513,28.02,68.74,0
0.1402,-0.0853,28.1,68.74,0
0.0936,-0.0466,28.19,68.74,0
0.067,-0.0266,28.15,68.74,0
0.0509,-0.0161,28.16,68.74,0
0.0405,-0.0104,28.17,68.74,0
0.1358,0.0953,28.18,68.74,0
0.08,-0.0558,28.27,68.74,0
0.163,0.083,28.24,68.74,0
0.2332,0.0702,28.33,68.75,0
0.1409,-0.0924,28.34,68.75,0
0.0911,-0.0498,28.35,68.75,0
0.0632,-0.0279,28.29,68.75,0
0.1593,0.096,28.34,68.75,0
0.0964,-0.0628,28.37,68.75,0
0.1949,0.0985,28.48,68.76,0
0.2598,0.0649,28.53,68.76,0
0.3099,0.0501,28.27,68.74,1
0.3287,0.0188,28.16,68.73,1
0.3427,0.014,28.0,68.71,1
0.2209,-0.1218,28.1,68.71,0
0.1523,-0.0687,28.2,68.72,0
0.1115,-0.0407,28.18,68.72,0
0.1983,0.0868,28.27,68.72,0
0.1285,-0.0698,28.31,68.73,0
0.2567,0.1281,28.28,68.73,0
0.3139,0.0572,28.18,68.72,1
0.3296,0.0157,28.0,68.7,1
0.213,-0.1166,28.08,68.7,0
0.2491,0.0361,28.22,68.71,0
0.2792,0.0301,28.38,68.72,0
0.3157,0.0365,28.12,68.7,1
0.365,0.0493,27.95,68.69,1
0.2375,-0.1275,28.02,68.7,0
0.2992,0.0616,28.14,68.71,0
0.1977,-0.1015,28.07,68.71,0
0.1384,-0.0592,28.19,68.72,0
0.2094,0.071,28.31,68.72,0
0.2689,0.0595,28.34,68.73,0
0.3041,0.0352,28.18,68.71,1
0.193,-0.1111,27.88,68.69,1
0.1307,-0.0623,27.99,68.69,0
0.2165,0.0858,28.11,68.7,0
0.266,0.0496,28.19,68.71,0
0.2826,0.0166,27.99,68.69,1
0.1758,-0.1068,27.75,68.66,1
0.1171,-0.0587,27.83,68.66,0
0.0833,-0.0338,27.92,68.66,0
0.0627,-0.0206,27.93,68.66,0
0.0493,-0.0134,28.03,68.66,0
0.1651,0.1157,28.05,68.67,0
0.1033,-0.0618,28.11,68.67,0
0.2416,0.1383,28.25,68.68,0
0.1572,-0.0843,28.33,68.68,0
0.1085,-0.0488,28.43,68.69,0
0.0787,-0.0298,28.45,68.69,0
0.0595,-0.0192,28.42,68.68,0
0.1513,0.0919,28.45,68.69,0
0.2047,0.0534,28.54,68.7,0
0.2486,0.0439,28.65,68.7,0
0.1494,-0.0993,28.58,68.71,0
0.096,-0.0533,28.62,68.71,0
0.1688,0.0727,28.67,68.71,0
0.1008,-0.068,28.72,68.71,0
0.0645,-0.0363,28.68,68.71,0
0.0444,-0.0201,28.66,68.71,0
0.0326,-0.0117,28.81,68.71,0
0.0254,-0.0073,28.76,68.7,0
0.1331,0.1077,28.72,68.71,0
0.2257,0.0926,28.69,68.71,0
0.1365,-0.0892,28.7,68.72,0
0.2102,0.0737,28.78,68.72,0
0.2458,0.0356,28.83,68.73,0
0.2714,0.0256,28.79,68.74,0
0.2828,0.0113,28.62,68.72,1
0.1723,-0.1105,28.26,68.69,1
0.2199,0.0476,28.37,68.7,0
0.2444,0.0246,28.4,68.71,0
0.1465,-0.0979,28.42,68.71,0
0.259,0.1125,28.45,68.72,0
0.2974,0.0383,28.32,68.7,1
0.3031,0.0058,28.16,68.68,1
0.3342,0.0311,27.96,68.67,1
0.2133,-0.1209,28.05,68.67,0
0.2751,0.0618,28.06,68.68,0
0.3262,0.0511,27.83,68.67,1
0.3382,0.012,27.61,68.65,1
0.2197,-0.1185,27.69,68.66,0
0.1524,-0.0673,27.8,68.66,0
0.1122,-0.0403,27.83,68.66,0
0.199,0.0869,27.95,68.67,0
0.1292,-0.0699,28.0,68.67,0
0.2047,0.0755,28.09,68.68,0
0.1282,-0.0765,28.08,68.68,0
0.2084,0.0802,28.12,68.69,0
0.1294,-0.079,28.15,68.69,0
0.0857,-0.0436,28.23,68.69,0
0.0605,-0.0252,28.35,68.69,0
0.1801,0.1196,28.34,68.7,0
0.2431,0.063,28.39,68.71,0
0.1514,-0.0918,28.45,68.71,0
0.1007,-0.0506,28.41,68.71,0
0.0715,-0.0292,28.4,68.71,0
0.0537,-0.0178,28.42,68.71,0
0.1596,0.1059,28.45,68.71,0
0.0981,-0.0615,28.4,68.71,0
0.1894,0.0913,28.42,68.72,0
0.2469,0.0576,28.53,68.73,0
0.2841,0.0372,28.29,68.71,1
0.1785,-0.1056,28.1,68.68,1
0.2257,0.0472,28.14,68.69,0
0.1416,-0.0841,28.16,68.69,0
0.2006,0.059,28.2,68.7,0
0.2513,0.0507,28.28,68.71,0
0.2972,0.0459,28.17,68.69,1
0.3417,0.0445,27.93,68.67,1
0.368,0.0263,27.78,68.65,1
0.3709,0.0029,27.66,68.64,1
0.244,-0.1269,27.77,68.65,0
0.1715,-0.0725,27.89,68.66,0
0.2503,0.0788,28.02,68.66,0
0.1677,-0.0826,28.15,68.67,0
0.2573,0.0896,28.16,68.68,0
0.1704,-0.0869,28.12,68.68,0
0.1202,-0.0502,28.14,68.69,0
0.0895,-0.0307,28.12,68.69,0
0.0696,-0.0199,28.15,68.69,0
0.0558,-0.0138,28.16,68.69,0
0.0457,-0.0101,28.21,68.68,0
0.0381,-0.0077,28.2,68.68,0
0.032,-0.006,28.17,68.68,0
0.1722,0.1401,28.22,68.69,0
0.1092,-0.063,28.29,68.69,0
0.1837,0.0745,28.35,68.69,0
0.2317,0.048,28.38,68.7,0
0.2611,0.0293,28.34,68.71,0
0.2788,0.0177,28.4,68.72,0
0.3027,0.0239,28.19,68.7,1
0.3379,0.0352,27.88,68.68,1
0.2159,-0.1219,27.91,68.69,0
0.2776,0.0616,28.05,68.7,0
0.1812,-0.0963,28.1,68.71,0
0.2712,0.0899,28.19,68.71,0
0.32,0.0488,28.02,68.7,1
0.2086,-0.1113,27.91,68.67,1
0.2521,0.0434,27.98,68.68,0
0.3051,0.0531,28.07,68.69,0
0.196,-0.1091,28.18,68.7,0
0.134,-0.062,28.27,68.7,0
0.097,-0.037,28.25,68.7,0
0.2136,0.1165,28.3,68.71,0
0.2647,0.0512,28.35,68.72,0
0.283,0.0182,28.15,68.7,1
0.1768,-0.1061,27.97,68.67,1
0.1182,-0.0586,28.06,68.68,0
0.2243,0.1061,28.07,68.68,0
0.2949,0.0706,27.9,68.66,1
0.1922,-0.1027,27.78,68.64,1
0.2713,0.0791,27.9,68.65,0
0.326,0.0547,28.03,68.67,0
0.3559,0.0299,27.86,68.65,1
0.2377,-0.1182,27.6,68.63,1
0.2726,0.0349,27.74,68.64,0
0.3089,0.0363,27.91,68.65,0
0.3569,0.048,27.76,68.64,1
0.3788,0.0219,27.6,68.62,1
0.3986,0.0197,27.52,68.61,1
0.2686,-0.13,27.67,68.62,0
0.2982,0.0296,27.78,68.63,0
0.3338,0.0356,27.55,68.62,1
0.2211,-0.1127,27.45,68.6,1
0.2764,0.0554,27.55,68.61,0
0.1832,-0.0932,27.62,68.62,0
0.1297,-0.0535,27.71,68.62,0
0.2472,0.1175,27.81,68.63,0
0.306,0.0588,27.78,68.61,1
0.2017,-0.1043,27.63,68.59,1
0.1417,-0.06,27.75,68.6,0
0.2127,0.071,27.94,68.6,0
0.2597,0.047,28.1,68.62,0
0.3042,0.0445,27.96,68.6,1
0.1935,-0.1107,27.84,68.58,1
0.1315,-0.062,27.91,68.58,0
0.205,0.0735,27.98,68.59,0
0.2787,0.0737,28.04,68.6,0
0.1776,-0.1011,28.13,68.61,0
0.1206,-0.057,28.24,68.61,0
0.2294,0.1087,28.29,68.62,0
0.2871,0.0578,28.08,68.6,1
0.3046,0.0174,27.91,68.59,1
0.3519,0.0473,27.81,68.57,1
0.2295,-0.1224,27.89,68.58,0
0.1596,-0.0699,27.89,68.59,0
0.2599,0.1003,27.97,68.6,0
0.2933,0.0334,27.81,68.58,1
0.3109,0.0175,27.62,68.57,1
0.3074,-0.0035,27.51,68.55,1
0.3228,0.0154,27.36,68.54,1
0.3812,0.0584,27.21,68.52,1
0.3922,0.011,27.07,68.51,1
0.4231,0.031,26.95,68.5,1
0.4366,0.0134,26.89,68.5,1
0.2964,-0.1402,26.82,68.48,1
0.2135,-0.0829,27.03,68.49,0
0.2916,0.078,27.25,68.51,0
0.3723,0.0807,27.15,68.5,1
0.3781,0.0058,27.07,68.48,1
0.3904,0.0123,27.03,68.47,1
0.4016,0.0113,26.99,68.46,1
0.4409,0.0393,26.97,68.46,1
0.4284,-0.0125,26.92,68.45,1
0.4454,0.017,26.77,68.44,1
0.3044,-0.141,26.62,68.43,1
0.3307,0.0263,26.56,68.42,1
0.226,-0.1047,26.78,68.43,0
0.2766,0.0506,26.95,68.45,0
0.3182,0.0416,26.76,68.43,1
0.3399,0.0217,26.73,68.42,1
0.38,0.0401,26.71,68.41,1
0.2533,-0.1267,26.81,68.43,0
0.3476,0.0943,26.95,68.44,0
0.385,0.0375,26.92,68.44,1
0.4056,0.0206,26.74,68.43,1
0.4233,0.0177,26.67,68.42,1
0.4135,-0.0097,26.6,68.41,1
0.4122,-0.0013,26.59,68.4,1
0.2786,-0.1337,26.72,68.42,0
0.3281,0.0495,26.94,68.44,0
0.3899,0.0618,26.82,68.43,1
0.4257,0.0358,26.77,68.42,1
0.2919,-0.1338,26.66,68.41,1
0.3996,0.1078,26.57,68.4,1
0.4488,0.0492,26.41,68.39,1
0.3142,-0.1346,26.43,68.38,1
0.3768,0.0626,26.32,68.37,1
0.3965,0.0197,26.25,68.37,1
0.394,-0.0025,26.13,68.36,1
0.4107,0.0166,26.09,68.35,1
0.4058,-0.0049,26.13,68.34,1
0.4078,0.002,26.11,68.34,1
0.4172,0.0094,26.14,68.33,1
0.4114,-0.0058,26.03,68.33,1
0.43,0.0185,25.96,68.32,1
0.4735,0.0435,25.62,68.28,2
0.4478,-0.0256,25.29,68.23,2
0.4488,0.0009,25.27,68.23,1
0.4556,0.0068,25.38,68.23,1
0.4654,0.0098,25.13,68.19,2
0.4414,-0.024,24.95,68.15,2
0.449,0.0076,25.05,68.15,1
0.438,-0.011,25.13,68.15,1
0.4153,-0.0227,25.22,68.14,1
0.4324,0.0171,25.31,68.14,1
0.2947,-0.1377,25.31,68.13,1
0.3212,0.0265,25.39,68.13,1
0.3706,0.0495,25.46,68.12,1
0.4202,0.0495,25.51,68.12,1
0.4374,0.0172,25.56,68.12,1
0.4563,0.0189,25.28,68.08,2
0.4616,0.0053,25.09,68.04,2
0.4968,0.0353,24.81,68.01,2
0.4741,-0.0227,24.5,67.97,2
0.4582,-0.0159,24.26,67.93,2
0.4465,-0.0118,24.52,67.94,1
0.307,-0.1395,24.6,67.93,1
0.3544,0.0474,24.77,67.93,1
0.2465,-0.1079,25.01,67.96,0
0.1818,-0.0647,25.28,67.98,0
0.2806,0.0988,25.29,67.97,1
0.3586,0.0779,25.26,67.97,1
0.4071,0.0486,25.18,67.97,1
0.4223,0.0151,25.23,67.97,1
0.4384,0.0162,25.2,67.98,1
0.3025,-0.1359,25.22,67.97,1
0.222,-0.0805,25.49,67.99,0
0.3512,0.1293,25.81,68.02,0
0.3948,0.0436,25.87,68.02,1
0.4053,0.0104,25.93,68.02,1
0.2799,-0.1254,26.27,68.04,0
0.2058,-0.0741,26.49,68.06,0
0.2867,0.0809,26.43,68.06,1
0.3451,0.0584,26.39,68.05,1
0.35,0.0049,26.33,68.05,1
0.4041,0.0541,26.32,68.05,1
0.4466,0.0425,26.23,68.05,1
0.4681,0.0215,25.85,68.01,2
0.4489,-0.0192,25.57,67.97,2
0.3069,-0.142,25.56,67.97,1
0.3549,0.048,25.56,67.97,1
0.3692,0.0143,25.53,67.97,1
0.3847,0.0155,25.61,67.97,1
0.2577,-0.127,25.92,67.99,0
0.2961,0.0384,26.27,68.02,0
0.3285,0.0323,26.28,68.01,1
0.3598,0.0313,26.23,68.01,1
0.3745,0.0148,26.12,68.01,1
0.3707,-0.0039,26.14,68.01,1
0.2458,-0.1249,26.29,68.03,0
0.2946,0.0488,26.53,68.05,0
0.3595,0.0649,26.55,68.05,1
0.3806,0.0212,26.42,68.05,1
0.2556,-0.125,26.58,68.07,0
0.308,0.0524,26.81,68.09,0
0.2082,-0.0997,26.99,68.11,0
0.2849,0.0767,26.96,68.1,1
0.3308,0.0459,26.83,68.1,1
0.3459,0.0151,26.81,68.09,1
0.3389,-0.007,26.7,68.09,1
0.3752,0.0363,26.59,68.09,1
0.247,-0.1282,26.83,68.11,0
0.3208,0.0738,26.96,68.13,0
0.2165,-0.1043,27.09,68.15,0
0.2949,0.0785,26.93,68.14,1
0.32,0.0251,26.9,68.13,1
0.3247,0.0047,26.89,68.13,1
0.2089,-0.1158,27.05,68.14,0
0.2784,0.0696,27.17,68.17,0
0.3024,0.024,27.01,68.16,1
0.3166,0.0142,26.9,68.15,1
0.3393,0.0227,26.74,68.14,1
0.3759,0.0366,26.65,68.14,1
0.2466,-0.1293,26.83,68.16,0
0.3447,0.0981,26.98,68.18,0
0.3514,0.0067,26.84,68.18,1
0.381,0.0296,26.79,68.17,1
0.4246,0.0436,26.73,68.17,1
0.4332,0.0087,26.7,68.17,1
0.4451,0.0119,26.61,68.17,1
0.4569,0.0118,26.29,68.13,2
0.4561,-0.0008,25.97,68.09,2
0.4736,0.0175,25.66,68.05,2
0.4907,0.0171,25.3,68.01,2
0.3421,-0.1486,25.39,68.01,1
0.3573,0.0152,25.3,68.01,1
0.3681,0.0108,25.37,68.01,1
0.2504,-0.1177,25.63,68.03,0
0.3441,0.0937,25.85,68.06,0
0.3466,0.0025,25.86,68.05,1
0.4013,0.0547,25.88,68.05,1
0.4368,0.0354,25.92,68.05,1
0.4838,0.047,25.68,68.01,2
0.4706,-0.0131,25.42,67.98,2
0.4944,0.0238,25.08,67.94,2
0.4973,0.0029,24.9,67.91,2
0.5056,0.0083,24.67,67.88,2
0.5064,0.0008,24.43,67.84,2
0.4789,-0.0275,24.24,67.81,2
0.5008,0.0219,24.03,67.78,2
0.4909,-0.0098,23.8,67.75,2
0.5239,0.033,23.73,67.72,2
0.5477,0.0238,23.69,67.69,2
0.5474,-0.0003,23.59,67.67,2
0.5653,0.018,23.5,67.64,2
0.4051,-0.1602,23.56,67.65,1
0.4357,0.0306,23.74,67.66,1
0.4462,0.0105,23.93,67.67,1
0.3143,-0.1319,24.07,67.67,1
0.3965,0.0823,24.22,67.68,1
0.4363,0.0398,24.34,67.68,1
0.4199,-0.0163,24.45,67.69,1
0.4162,-0.0038,24.5,67.7,1
0.4521,0.0359,24.27,67.67,2
0.4551,0.0031,24.08,67.64,2
0.4917,0.0366,23.93,67.61,2
0.4845,-0.0072,23.88,67.58,2
0.3346,-0.1499,23.96,67.59,1
0.3739,0.0393,24.13,67.59,1
0.4139,0.0399,24.23,67.6,1
0.4198,0.0059,24.33,67.61,1
0.4866,0.0669,24.21,67.58,2
0.473,-0.0136,24.04,67.55,2
0.4756,0.0026,23.93,67.53,2
0.496,0.0204,23.89,67.5,2
0.5436,0.0476,23.73,67.48,2
0.5299,-0.0137,23.67,67.46,2
0.5221,-0.0078,23.6,67.43,2
0.5303,0.0082,23.52,67.41,2
0.5638,0.0335,23.34,67.39,2
0.5184,-0.0454,23.28,67.37,2
0.5667,0.0483,23.26,67.35,2
0.5826,0.0159,23.25,67.33,2
0.5585,-0.0241,23.18,67.31,2
0.533,-0.0255,23.16,67.29,2
0.488,-0.045,23.09,67.27,2
0.531,0.043,23.05,67.25,2
0.579,0.048,23.0,67.24,2
0.5494,-0.0296,23.06,67.22,2
0.5837,0.0343,23.01,67.2,2
0.5519,-0.0318,22.96,67.19,2
0.5311,-0.0208,22.91,67.17,2
0.5476,0.0165,23.01,67.15,2
0.5574,0.0099,22.92,67.14,2
0.5272,-0.0302,22.99,67.12,2
0.5113,-0.0159,22.87,67.11,2
0.5283,0.017,22.87,67.09,2
0.564,0.0357,22.74,67.08,2
0.5477,-0.0162,22.78,67.06,2
0.5418,-0.0059,22.79,67.05,2
0.5587,0.0169,22.71,67.04,2
0.5971,0.0384,22.66,67.02,2
0.5755,-0.0216,22.57,67.01,2
0.5436,-0.0318,22.6,67.0,2
0.534,-0.0096,22.59,66.99,2
0.5263,-0.0077,22.63,66.97,2
0.5339,0.0076,22.62,66.96,2
0.5578,0.0239,22.63,66.95,2
0.5849,0.0271,22.7,66.94,2
0.6005,0.0156,22.75,66.93,2
0.5735,-0.027,22.73,66.92,2
0.6064,0.0329,22.71,66.91,2
0.6458,0.0394,22.55,66.91,2
0.623,-0.0228,22.52,66.9,2
0.6161,-0.0069,22.49,66.89,2
0.5834,-0.0326,22.57,66.88,2
0.5872,0.0038,22.56,66.88,2
0.6058,0.0186,22.62,66.87,2
0.5653,-0.0405,22.72,66.86,2
0.5611,-0.0042,22.85,66.85,2
0.5599,-0.0012,22.84,66.84,2
0.561,0.0011,22.8,66.83,2
0.5447,-0.0163,22.81,66.82,2
0.504,-0.0408,22.91,66.81,2
0.5118,0.0079,22.87,66.8,2
0.5381,0.0262,22.82,66.79,2
0.5426,0.0045,22.79,66.78,2
0.5612,0.0187,22.8,66.78,2
0.6104,0.0492,22.82,66.77,2
0.6625,0.0521,22.79,66.77,2
0.6554,-0.007,22.75,66.77,2
0.631,-0.0245,22.72,66.76,2
0.5936,-0.0374,22.76,66.76,2
0.5824,-0.0112,22.78,66.75,2
0.5604,-0.022,22.82,66.74,2
0.5364,-0.0239,22.81,66.74,2
0.4913,-0.0451,22.84,66.72,2
0.4784,-0.013,22.8,66.71,2
0.5283,0.0499,22.88,66.71,2
0.5222,-0.0061,22.82,66.7,2
0.4844,-0.0378,22.81,66.69,2
0.4842,-0.0002,22.77,66.68,2
0.4796,-0.0046,22.8,66.67,2
0.491,0.0114,22.74,66.66,2
0.471,-0.02,22.67,66.65,2
0.467,-0.004,22.55,66.64,2
0.4615,-0.0055,22.5,66.63,2
0.468,0.0065,22.59,66.62,2
0.4583,-0.0097,22.56,66.61,2
0.4784,0.02,22.51,66.6,2
0.5176,0.0392,22.48,66.6,2
0.5485,0.031,22.46,66.59,2
0.5591,0.0106,22.38,66.59,2
0.3978,-0.1613,22.68,66.62,1
0.4326,0.0349,22.94,66.65,1
0.4645,0.0318,22.87,66.64,2
0.501,0.0366,22.87,66.63,2
0.5484,0.0474,22.88,66.62,2
0.53,-0.0185,22.75,66.62,2
0.5422,0.0122,22.64,66.61,2
0.5507,0.0085,22.74,66.61,2
0.5383,-0.0124,22.75,66.6,2
0.5125,-0.0258,22.65,66.6,2
0.5245,0.012,22.64,66.59,2
0.5024,-0.0222,22.53,66.58,2
0.5079,0.0056,22.55,66.58,2
0.5292,0.0212,22.56,66.57,2
0.5494,0.0203,22.52,66.57,2
0.5193,-0.0301,22.57,66.56,2
0.5355,0.0162,22.54,66.56,2
0.5689,0.0333,22.5,66.56,2
0.5999,0.0311,22.51,66.56,2
0.6071,0.0072,22.48,66.55,2
0.5829,-0.0242,22.44,66.55,2
0.563,-0.0199,22.48,66.55,2
0.6123,0.0493,22.52,66.55,2
0.5668,-0.0455,22.58,66.55,2
0.5782,0.0114,22.6,66.54,2
0.6213,0.0431,22.61,66.54,2
0.571,-0.0504,22.65,66.54,2
0.5534,-0.0175,22.68,66.54,2
0.3947,-0.1587,22.95,66.57,1
0.469,0.0743,23.19,66.6,1
0.4962,0.0272,23.21,66.59,2
0.4837,-0.0124,23.14,66.59,2
0.5121,0.0284,23.18,66.58,2
0.4923,-0.0198,23.14,66.57,2
0.489,-0.0033,23.07,66.57,2
0.4937,0.0047,23.06,66.56,2
0.4984,0.0046,23.04,66.55,2
0.4856,-0.0128,23.05,66.55,2
0.4981,0.0125,23.0,66.54,2
0.5555,0.0574,23.04,66.54,2
0.5811,0.0256,23.0,66.54,2
0.5637,-0.0174,22.99,66.53,2
0.5813,0.0176,22.87,66.53,2
0.6209,0.0396,22.83,66.53,2
0.6034,-0.0175,22.72,66.53,2
0.6062,0.0028,22.68,66.53,2
0.6554,0.0492,22.68,66.53,2
0.6023,-0.0531,22.61,66.53,2
0.6201,0.0177,22.72,66.53,2
0.5934,-0.0266,22.76,66.53,2
0.6262,0.0327,22.76,66.53,2
0.451,-0.1752,22.66,66.52,2
0.5023,0.0513,22.71,66.52,2
0.5472,0.0449,22.63,66.52,2
0.5649,0.0177,22.6,66.51,2
0.5747,0.0098,22.59,66.51,2
0.5943,0.0197,22.57,66.51,2
0.6203,0.0259,22.64,66.51,2
0.6246,0.0044,22.65,66.51,2
0.6423,0.0176,22.71,66.52,2
0.6889,0.0466,22.81,66.52,2
0.7114,0.0225,22.77,66.52,2
0.7076,-0.0038,22.79,66.53,2
0.6915,-0.0161,22.84,66.53,2
0.6303,-0.0612,22.87,66.53,2
0.6115,-0.0187,22.78,66.53,2
0.6086,-0.003,22.81,66.53,2
0.6373,0.0287,22.72,66.54,2
0.6413,0.004,22.66,66.54,2
0.6433,0.002,22.74,66.54,2
0.6446,0.0013,22.76,66.54,2
0.6565,0.0118,22.74,66.54,2
0.6791,0.0226,22.78,66.54,2
0.7044,0.0253,22.79,66.55,2
0.6923,-0.012,22.76,66.55,2
0.6363,-0.0561,22.77,66.55,2
0.6422,0.0059,22.87,66.55,2
0.6444,0.0022,22.91,66.56,2
0.6735,0.0291,22.87,66.56,2
0.6685,-0.005,22.94,66.56,2
0.6495,-0.019,22.89,66.56,2
0.6097,-0.0398,22.85,66.56,2
0.5822,-0.0275,22.84,66.56,2
0.6083,0.0261,22.85,66.56,2
0.602,-0.0063,22.79,66.56,2
0.5654,-0.0366,22.79,66.55,2
0.5737,0.0083,22.74,66.55,2
0.5716,-0.0021,22.68,66.55,2
0.5798,0.0083,22.68,66.55,2
0.597,0.0172,22.65,66.55,2
0.6229,0.0259,22.69,66.55,2
0.6435,0.0205,22.67,66.55,2
0.6244,-0.0191,22.7,66.55,2
0.6174,-0.007,22.68,66.55,2
0.5949,-0.0225,22.66,66.55,2
0.5991,0.0042,22.68,66.55,2
0.5927,-0.0064,22.68,66.54,2
0.6146,0.022,22.72,66.54,2
0.6363,0.0216,22.77,66.55,2
0.6572,0.021,22.8,66.55,2
0.688,0.0308,22.88,66.55,2
0.6666,-0.0214,22.79,66.55,2
0.6565,-0.0101,22.87,66.55,2
0.6107,-0.0459,22.82,66.55,2
0.6332,0.0226,22.82,66.55,2
0.6415,0.0083,22.82,66.56,2
0.6304,-0.011,22.88,66.56,2
0.6531,0.0227,22.84,66.56,2
0.5907,-0.0624,22.84,66.56,2
0.5754,-0.0154,22.78,66.55,2
0.598,0.0226,22.82,66.55,2
0.6001,0.0021,22.72,66.55,2
0.6146,0.0146,22.74,66.55,2
0.6304,0.0157,22.67,66.55,2
0.6409,0.0106,22.75,66.55,2
0.6639,0.0229,22.81,66.55,2
0.6165,-0.0474,22.84,66.55,2
0.6259,0.0094,22.87,66.55,2
0.6261,0.0002,22.81,66.55,2
0.6417,0.0156,22.77,66.56,2
0.575,-0.0667,22.61,66.55,2
0.5738,-0.0012,22.59,66.55,2
0.59,0.0162,22.6,66.55,2
0.6009,0.0109,22.62,66.55,2
0.6401,0.0392,22.65,66.55,2
0.5959,-0.0442,22.61,66.55,2
0.5689,-0.027,22.58,66.55,2
0.6107,0.0418,22.66,66.55,2
0.6463,0.0357,22.69,66.55,2
0.6442,-0.0022,22.67,66.55,2
0.6597,0.0156,22.66,66.55,2
0.6764,0.0166,22.72,66.55,2
0.6776,0.0012,22.76,66.56,2
0.6456,-0.032,22.71,66.56,2
0.6487,0.0031,22.75,66.56,2
0.6831,0.0344,22.77,66.56,2
0.6888,0.0057,22.83,66.56,2
0.6721,-0.0167,22.84,66.57,2
0.687,0.0149,22.89,66.57,2
0.7173,0.0302,22.95,66.57,2
0.7298,0.0125,22.93,66.58,2
0.6873,-0.0426,22.95,66.58,2
0.6973,0.0101,23.03,66.59,2
0.6595,-0.0378,23.07,66.59,2
0.6902,0.0307,22.97,66.59,2
0.684,-0.0062,22.9,66.59,2
0.6898,0.0058,22.96,66.59,2
0.6589,-0.0309,22.94,66.6,2
0.6484,-0.0104,22.91,66.6,2
0.6752,0.0267,22.95,66.6,2
0.6476,-0.0276,22.98,66.6,2
0.6352,-0.0123,22.96,66.6,2
0.6464,0.0111,22.92,66.6,2
0.6424,-0.0039,23.0,66.6,2
0.675,0.0326,23.07,66.6,2
0.6614,-0.0136,22.98,66.6,2
0.6448,-0.0166,22.94,66.6,2
0.6692,0.0244,22.95,66.6,2
0.7166,0.0474,22.99,66.61,2
0.6986,-0.018,22.98,66.61,2
0.7157,0.0172,22.91,66.61,2
0.7329,0.0172,22.9,66.62,2
0.7116,-0.0214,22.9,66.62,2
0.7262,0.0147,22.94,66.62,2
0.7528,0.0266,22.94,66.63,2
0.7357,-0.0171,22.92,66.63,2
0.7486,0.0129,22.97,66.64,2
0.7697,0.0211,22.91,66.64,2
0.732,-0.0377,22.92,66.65,2
0.7124,-0.0196,22.91,66.65,2
0.7272,0.0147,22.89,66.65,2
0.7382,0.0111,22.96,66.66,2
0.7569,0.0187,22.97,66.66,2
0.7361,-0.0208,23.0,66.67,2
0.7624,0.0263,23.09,66.67,2
0.7778,0.0155,22.92,66.68,2
0.737,-0.0409,22.96,66.68,2
0.735,-0.002,22.96,66.68,2
0.7224,-0.0126,22.96,66.69,2
0.722,-0.0004,22.95,66.69,2
0.7036,-0.0184,23.0,66.69,2
0.7186,0.015,23.03,66.69,2
0.7231,0.0045,23.02,66.69,2
0.7347,0.0116,23.05,66.7,2
0.7329,-0.0018,23.08,66.7,2
0.7418,0.0089,23.11,66.7,2
0.7616,0.0198,23.04,66.71,2
0.7623,0.0007,23.05,66.71,2
0.7657,0.0033,23.07,66.71,2
0.7753,0.0097,23.12,66.72,2
0.7731,-0.0022,23.13,66.72,2
0.7817,0.0086,23.03,66.73,2
0.7805,-0.0012,23.05,66.73,2
0.7927,0.0122,23.05,66.74,2
0.7792,-0.0135,23.07,66.74,2
0.7463,-0.0328,23.12,66.74,2
0.7574,0.0111,23.04,66.75,2
0.7321,-0.0253,23.01,66.75,2
0.7213,-0.0108,22.99,66.75,2
0.7342,0.0129,22.96,66.75,2
0.7117,-0.0225,22.84,66.75,2
0.7377,0.0259,22.84,66.75,2
0.7173,-0.0204,22.81,66.75,2
0.7353,0.018,22.76,66.76,2
0.7234,-0.0119,22.85,66.76,2
0.6993,-0.0241,22.83,66.76,2
0.7209,0.0216,22.76,66.76,2
0.7553,0.0344,22.8,66.76,2
0.7472,-0.008,22.77,66.76,2
0.7252,-0.0221,22.75,66.76,2
0.7132,-0.0119,22.73,66.76,2
0.7464,0.0331,22.79,66.77,2
0.7759,0.0295,22.74,66.77,2
0.7435,-0.0323,22.75,66.77,2
0.708,-0.0355,22.82,66.77,2
0.694,-0.014,22.84,66.77,2
0.6956,0.0016,22.81,66.77,2
0.7209,0.0253,22.82,66.77,2
0.6698,-0.0511,22.77,66.77,2
0.6964,0.0266,22.79,66.77,2
0.6877,-0.0086,22.79,66.77,2
0.6752,-0.0125,22.79,66.77,2
0.6959,0.0207,22.76,66.77,2
0.7177,0.0218,22.85,66.77,2
0.7192,0.0016,22.9,66.77,2
0.7363,0.0171,22.93,66.77,2
0.7546,0.0183,22.92,66.77,2
0.7712,0.0167,22.87,66.77,2
0.7799,0.0086,22.95,66.78,2
0.7503,-0.0296,23.09,66.78,2
0.7356,-0.0147,23.06,66.78,2
0.7356,0.0,23.08,66.78,2
0.7184,-0.0172,23.04,66.78,2
0.711,-0.0073,23.04,66.78,2
0.6965,-0.0145,23.03,66.78,2
0.7072,0.0107,23.09,66.78,2
0.718,0.0108,23.13,66.78,2
0.7458,0.0277,23.08,66.78,2
0.7592,0.0135,23.02,66.78,2
0.7743,0.0151,23.03,66.79,2
0.7964,0.0221,23.06,66.79,2
0.783,-0.0134,23.01,66.8,2
0.7876,0.0046,23.07,66.8,2
0.759,-0.0286,23.1,66.8,2
0.758,-0.001,23.08,66.8,2
0.7659,0.0079,23.1,66.8,2
0.7245,-0.0415,23.12,66.8,2
0.7282,0.0037,23.04,66.81,2
0.7495,0.0213,23.09,66.81,2
0.7487,-0.0008,23.1,66.81,2
0.7227,-0.026,23.13,66.81,2
0.6884,-0.0342,23.17,66.81,2
0.6982,0.0098,23.25,66.8,2
0.7163,0.018,23.25,66.8,2
0.7313,0.015,23.15,66.81,2
0.687,-0.0442,23.11,66.8,2
0.7081,0.0211,23.1,66.8,2
0.7305,0.0224,23.09,66.8,2
0.7107,-0.0198,22.98,66.8,2
0.7133,0.0025,23.07,66.8,2
0.7107,-0.0025,23.03,66.8,2
0.7308,0.0201,23.01,66.8,2
0.7558,0.0249,22.94,66.8,2
0.7457,-0.0101,22.97,66.81,2
0.7157,-0.03,22.95,66.8,2
0.7322,0.0164,22.95,66.81,2
0.7425,0.0103,22.96,66.81,2
0.7558,0.0133,22.97,66.81,2
0.716,-0.0398,22.95,66.81,2
0.7121,-0.0039,23.03,66.81,2
0.6878,-0.0243,22.88,66.81,2
0.6744,-0.0134,22.82,66.8,2
0.6933,0.0189,22.8,66.8,2
0.7328,0.0395,22.83,66.8,2
0.7363,0.0035,22.9,66.8,2
0.7199,-0.0164,22.88,66.8,2
0.7474,0.0275,22.92,66.8,2
0.7624,0.015,22.9,66.81,2
0.7316,-0.0308,22.87,66.81,2
0.7258,-0.0059,22.81,66.81,2
0.7179,-0.0078,22.82,66.81,2
0.7185,0.0005,22.81,66.81,2
0.7144,-0.004,22.78,66.81,2
0.7308,0.0164,22.82,66.81,2
0.7572,0.0264,22.76,66.81,2
0.776,0.0188,22.84,66.81,2
0.7734,-0.0026,22.85,66.81,2
0.7598,-0.0136,22.78,66.81,2
0.7736,0.0138,22.78,66.82,2
0.7921,0.0185,22.78,66.82,2
0.8045,0.0124,22.88,66.82,2
0.803,-0.0015,22.9,66.83,2
0.8002,-0.0029,22.84,66.83,2
0.7986,-0.0015,22.87,66.83,2
0.8205,0.0218,22.96,66.84,2
0.781,-0.0395,22.96,66.84,2
0.734,-0.047,22.94,66.84,2
0.7521,0.0181,22.98,66.84,2
0.7722,0.0201,22.93,66.84,2
0.7905,0.0183,22.92,66.85,2
0.7906,0.0001,23.0,66.85,2
0.7696,-0.021,23.01,66.85,2
0.7751,0.0055,22.98,66.85,2
0.7166,-0.0585,23.01,66.85,2
0.7314,0.0148,22.98,66.85,2
0.7319,0.0005,23.04,66.85,2
0.7339,0.002,23.09,66.85,2
0.7231,-0.0108,23.03,66.85,2
0.7391,0.016,23.06,66.85,2
0.737,-0.0022,23.12,66.85,2
0.758,0.021,23.12,66.85,2
0.7778,0.0198,23.1,66.85,2
0.7485,-0.0294,23.06,66.85,2
0.7597,0.0112,23.11,66.85,2
0.7444,-0.0152,23.11,66.85,2
0.748,0.0035,23.08,66.85,2
0.7621,0.0141,23.14,66.85,2
0.7749,0.0128,23.17,66.86,2
0.7717,-0.0032,23.09,66.86,2
0.7573,-0.0144,23.11,66.86,2
0.7677,0.0104,23.13,66.86,2
0.7413,-0.0264,23.09,66.86,2
0.7527,0.0115,23.14,66.86,2
0.7646,0.0119,23.15,66.86,2
0.7763,0.0116,23.05,66.86,2
0.7811,0.0048,23.04,66.86,2
0.7838,0.0027,23.09,66.87,2
0.7496,-0.0342,23.06,66.87,2
0.7575,0.0079,23.1,66.87,2
0.7155,-0.042,23.03,66.87,2
0.729,0.0135,23.03,66.86,2
0.6875,-0.0415,23.04,66.86,2
0.6846,-0.0028,23.1,66.86,2
0.7077,0.0231,23.12,66.86,2
0.7132,0.0054,23.09,66.86,2
0.7241,0.011,23.22,66.85,2
0.7412,0.0171,23.14,66.85,2
0.7528,0.0116,23.06,66.85,2
0.7347,-0.018,22.96,66.85,2
0.7179,-0.0168,22.91,66.85,2
0.7314,0.0135,22.94,66.85,2
0.7364,0.005,22.9,66.85,2
0.7294,-0.0069,22.83,66.85,2
0.7023,-0.0271,22.86,66.85,2
0.7222,0.0199,22.9,66.85,2
0.7195,-0.0027,22.94,66.85,2
0.7504,0.0309,22.94,66.85,2
0.7298,-0.0206,22.89,66.85,2
0.7319,0.0022,22.95,66.85,2
0.7286,-0.0033,22.97,66.85,2
0.7363,0.0077,22.87,66.85,2
0.738,0.0016,22.9,66.85,2
0.7357,-0.0023,22.91,66.85,2
0.7476,0.0119,22.91,66.85,2
0.7313,-0.0163,22.94,66.85,2
0.7454,0.0141,22.99,66.85,2
0.7442,-0.0012,23.0,66.85,2
0.7241,-0.0201,22.95,66.85,2
0.7353,0.0112,22.98,66.85,2
0.7472,0.0119,23.01,66.85,2
0.7449,-0.0023,22.86,66.85,2
0.7691,0.0242,22.85,66.85,2
0.7727,0.0036,22.9,66.85,2
0.7851,0.0124,22.91,66.85,2
0.7292,-0.0558,22.97,66.85,2
0.7375,0.0082,22.99,66.85,2
0.7529,0.0155,22.92,66.85,2
0.774,0.0211,23.01,66.85,2
0.7596,-0.0144,23.03,66.86,2
0.7534,-0.0063,22.99,66.86,2
0.747,-0.0064,23.0,66.86,2
0.7557,0.0088,22.98,66.86,2
0.7333,-0.0224,23.14,66.86,2
0.7419,0.0085,23.22,66.86,2
0.7501,0.0082,23.1,66.86,2
0.7832,0.0332,23.18,66.86,2
0.7945,0.0112,23.21,66.86,2
0.7837,-0.0108,23.24,66.86,2
0.7679,-0.0158,23.19,66.86,2
0.7717,0.0039,23.14,66.87,2
0.7553,-0.0164,23.2,66.87,2
0.749,-0.0063,23.2,66.87,2
0.7577,0.0086,23.23,66.87,2
0.7329,-0.0248,23.17,66.87,2
0.7447,0.0118,23.17,66.87,2
0.7129,-0.0318,23.16,66.86,2
0.7316,0.0186,23.18,66.86,2
0.7406,0.0091,23.15,66.86,2
0.733,-0.0076,23.09,66.86,2
0.753,0.02,23.08,66.86,2
0.7318,-0.0212,23.04,66.86,2
0.7508,0.019,23.08,66.86,2
0.7721,0.0213,23.16,66.86,2
0.7745,0.0023,23.16,66.87,2
0.7638,-0.0106,23.26,66.87,2
0.7667,0.0029,23.19,66.87,2
0.7699,0.0032,23.21,66.87,2
0.7565,-0.0134,23.19,66.87,2
0.7426,-0.0139,23.21,66.87,2
0.697,-0.0456,23.16,66.87,2
0.6957,-0.0013,23.1,66.86,2
0.6619,-0.0338,22.99,66.86,2
0.6893,0.0275,22.97,66.86,2
0.7231,0.0337,23.02,66.86,2
0.6959,-0.0272,23.08,66.85,2
0.6904,-0.0054,23.06,66.85,2
0.7105,0.02,23.0,66.85,2
0.7497,0.0393,22.96,66.85,2
0.7715,0.0218,23.09,66.85,2
0.7639,-0.0076,23.07,66.85,2
0.7599,-0.0039,23.12,66.85,2
0.761,0.001,23.1,66.85,2
0.774,0.013,23.09,66.86,2
0.7846,0.0106,23.12,66.86,2
0.8015,0.017,23.07,66.86,2
0.7846,-0.017,23.0,66.86,2
0.7338,-0.0508,22.98,66.86,2
0.7167,-0.0171,23.01,66.86,2
0.7401,0.0234,23.0,66.86,2
0.7544,0.0143,23.06,66.86,2
0.7627,0.0083,23.13,66.86,2
0.7526,-0.0101,23.11,66.86,2
0.7426,-0.01,23.19,66.86,2
0.7304,-0.0122,23.23,66.86,2
0.7177,-0.0127,23.19,66.86,2
0.7418,0.024,23.15,66.86,2
0.7551,0.0133,23.2,66.86,2
0.7344,-0.0206,23.2,66.86,2
0.7432,0.0087,23.15,66.86,2
0.7029,-0.0403,23.13,66.86,2
0.6983,-0.0046,23.16,66.86,2
0.6781,-0.0201,23.19,66.85,2
0.6727,-0.0054,23.13,66.85,2
0.702,0.0293,23.06,66.85,2
0.7302,0.0282,22.98,66.85,2
0.7138,-0.0164,23.02,66.85,2
0.6632,-0.0506,22.95,66.84,2
0.6907,0.0275,22.9,66.84,2
0.7054,0.0148,22.91,66.84,2
0.7048,-0.0007,22.95,66.84,2
0.6798,-0.0249,22.89,66.83,2
0.6859,0.0061,22.84,66.83,2
0.7105,0.0246,22.89,66.83,2
0.7154,0.005,22.88,66.83,2
0.7179,0.0024,22.96,66.83,2
0.6848,-0.033,22.97,66.83,2
0.7087,0.0239,22.97,66.83,2
0.7068,-0.0019,23.03,66.82,2
0.7313,0.0245,23.05,66.82,2
0.7505,0.0192,22.99,66.83,2
0.7319,-0.0186,23.03,66.83,2
0.746,0.0141,23.0,66.83,2
0.7375,-0.0084,22.97,66.83,2
0.7539,0.0163,23.01,66.83,2
0.7619,0.008,23.0,66.83,2
0.7353,-0.0266,22.99,66.83,2
0.7422,0.0069,22.96,66.83,2
0.7444,0.0022,23.08,66.83,2
0.7456,0.0012,23.09,66.83,2
0.7324,-0.0132,23.05,66.83,2
0.7391,0.0068,23.02,66.83,2
0.7574,0.0182,23.03,66.83,2
0.7652,0.0078,23.08,66.83,2
0.7509,-0.0143,23.12,66.84,2
0.7306,-0.0203,23.1,66.84,2
0.7434,0.0128,23.09,66.84,2
0.7503,0.0069,23.11,66.84,2
0.7507,0.0004,23.13,66.84,2
0.7177,-0.033,23.07,66.84,2
0.6868,-0.0309,23.02,66.83,2
0.7055,0.0187,23.03,66.83,2
0.7145,0.0089,23.02,66.83,2
0.7082,-0.0063,23.07,66.83,2
0.7339,0.0257,23.07,66.83,2
0.7279,-0.006,23.11,66.83,2
0.6799,-0.0479,23.1,66.83,2
0.7103,0.0304,23.04,66.83,2
0.6739,-0.0364,22.98,66.82,2
0.6939,0.02,23.04,66.82,2
0.6664,-0.0275,23.0,66.82,2
0.6524,-0.014,22.95,66.82,2
0.6867,0.0342,22.91,66.81,2
0.6833,-0.0034,22.86,66.81,2
0.6689,-0.0144,22.83,66.81,2
0.665,-0.0039,22.92,66.81,2
0.6801,0.0152,22.88,66.8,2
0.7069,0.0268,22.82,66.8,2
0.7383,0.0314,22.84,66.8,2
0.7301,-0.0082,22.8,66.8,2
0.7599,0.0298,22.84,66.81,2
0.7042,-0.0557,22.81,66.8,2
0.7244,0.0203,22.85,66.81,2
0.7252,0.0008,22.87,66.81,2
0.731,0.0057,22.86,66.81,2
0.6791,-0.0519,22.8,66.8,2
0.6667,-0.0124,22.84,66.8,2
0.6615,-0.0053,22.82,66.8,2
0.677,0.0155,22.89,66.8,2
0.7077,0.0307,22.88,66.8,2
0.6971,-0.0106,22.94,66.79,2
0.7205,0.0234,22.99,66.79,2
0.7381,0.0177,22.91,66.8,2
0.7569,0.0188,22.93,66.8,2
0.6994,-0.0576,22.87,66.8,2
0.6868,-0.0126,22.88,66.79,2
0.6707,-0.0161,22.88,66.79,2
0.6737,0.0029,22.88,66.79,2
0.6988,0.0252,22.8,66.79,2
0.6415,-0.0574,22.78,66.79,2
0.6139,-0.0276,22.78,66.78,2
0.6497,0.0358,22.82,66.78,2
0.6339,-0.0158,22.76,66.77,2
0.6485,0.0146,22.76,66.77,2
0.6694,0.0208,22.67,66.77,2
0.6757,0.0064,22.65,66.77,2
0.7035,0.0278,22.69,66.77,2
0.6915,-0.012,22.74,66.77,2
0.6923,0.0008,22.76,66.77,2
0.7198,0.0276,22.72,66.77,2
0.7483,0.0284,22.64,66.77,2
0.7455,-0.0027,22.71,66.77,2
0.736,-0.0095,22.73,66.77,2
0.7433,0.0073,22.78,66.77,2
0.7427,-0.0006,22.88,66.77,2
0.7117,-0.031,22.84,66.77,2
0.689,-0.0227,22.76,66.77,2
0.7106,0.0215,22.81,66.77,2
0.7094,-0.0012,22.83,66.77,2
0.7247,0.0153,22.75,66.77,2
0.7092,-0.0155,22.74,66.77,2
0.7303,0.0211,22.77,66.78,2
0.7129,-0.0173,22.77,66.78,2
0.7186,0.0057,22.75,66.78,2
0.7419,0.0233,22.76,66.78,2
0.766,0.0241,22.79,66.78,2
0.7503,-0.0157,22.89,66.78,2
0.7637,0.0134,22.82,66.79,2
0.7843,0.0206,22.86,66.79,2
0.7795,-0.0047,22.92,66.79,2
0.7788,-0.0007,22.93,66.79,2
0.7565,-0.0223,22.96,66.8,2
0.7295,-0.027,23.02,66.8,2
0.6943,-0.0352,23.11,66.8,2
0.6509,-0.0434,23.15,66.79,2
0.6201,-0.0308,23.2,66.79,2
0.6038,-0.0163,23.1,66.78,2
0.6282,0.0244,23.05,66.78,2
0.6524,0.0242,23.04,66.78,2
0.7011,0.0487,23.01,66.77,2
0.6954,-0.0057,22.93,66.77,2
0.6942,-0.0012,23.06,66.77,2
0.7167,0.0225,23.03,66.77,2
0.7003,-0.0164,22.96,66.77,2
0.6979,-0.0023,22.89,66.77,2
0.7113,0.0133,22.91,66.77,2
0.7273,0.016,22.96,66.77,2
0.7195,-0.0078,22.92,66.77,2
0.7383,0.0188,22.97,66.78,2
0.6942,-0.0441,23.0,66.77,2
0.6866,-0.0076,22.97,66.77,2
0.6783,-0.0083,22.9,66.77,2
0.6616,-0.0167,22.92,66.77,2
0.687,0.0253,22.95,66.77,2
0.7141,0.0272,23.08,66.77,2
0.6552,-0.0589,23.07,66.77,2
0.6535,-0.0017,23.02,66.76,2
0.6658,0.0123,23.05,66.76,2
0.6664,0.0006,23.12,66.76,2
0.6881,0.0217,23.05,66.76,2
0.6631,-0.025,23.05,66.76,2
0.6556,-0.0075,22.99,66.75,2
0.681,0.0254,22.96,66.75,2
0.6265,-0.0545,22.96,66.75,2
0.6181,-0.0084,22.99,66.75,2
0.6353,0.0173,23.04,66.74,2
0.5906,-0.0447,22.97,66.74,2
0.6265,0.0359,22.99,66.73,2
0.6535,0.027,22.99,66.73,2
0.6476,-0.0059,23.05,66.73,2
0.6236,-0.024,23.05,66.73,2
0.6467,0.0232,23.01,66.72,2
0.6524,0.0057,23.01,66.72,2
0.6759,0.0236,23.0,66.72,2
0.6578,-0.0182,23.06,66.72,2
0.6145,-0.0433,22.95,66.72,2
0.6296,0.0151,22.87,66.71,2
0.6586,0.029,22.91,66.71,2
0.6775,0.0189,22.82,66.71,2
0.7094,0.0319,22.93,66.71,2
0.7218,0.0124,22.92,66.71,2
0.7374,0.0156,22.86,66.72,2
0.7549,0.0175,22.9,66.72,2
0.7088,-0.0461,22.94,66.72,2
0.6634,-0.0454,22.93,66.72,2
0.6368,-0.0266,22.89,66.72,2
0.6463,0.0095,22.81,66.72,2
0.6225,-0.0238,22.84,66.71,2
0.6364,0.0138,22.89,66.71,2
0.6445,0.0082,22.89,66.71,2
0.617,-0.0275,22.93,66.7,2
0.6365,0.0195,22.92,66.7,2
0.6225,-0.0141,22.82,66.7,2
0.6525,0.03,22.81,66.7,2
0.6786,0.0262,22.8,66.7,2
0.6813,0.0026,22.82,66.7,2
0.6489,-0.0324,22.86,66.7,2
0.6158,-0.0331,22.82,66.69,2
0.6091,-0.0067,22.83,66.69,2
0.6045,-0.0047,22.82,66.69,2
0.6312,0.0267,22.86,66.68,2
0.6582,0.027,22.85,66.68,2
0.6774,0.0193,22.86,66.68,2
0.6759,-0.0015,22.86,66.68,2
0.6905,0.0146,22.84,66.68,2
0.7059,0.0153,22.84,66.69,2
0.7228,0.0169,22.8,66.69,2
0.715,-0.0077,22.77,66.69,2
0.6993,-0.0157,22.79,66.69,2
0.7276,0.0283,22.76,66.69,2
0.7218,-0.0059,22.86,66.7,2
0.7211,-0.0007,22.95,66.7,2
0.6863,-0.0348,23.0,66.7,2
0.6584,-0.0279,23.0,66.7,2
0.6624,0.004,22.94,66.7,2
0.6926,0.0302,22.9,66.7,2
0.7156,0.023,22.88,66.7,2
0.7059,-0.0096,22.91,66.7,2
0.7006,-0.0053,22.86,66.7,2
0.7192,0.0186,22.89,66.7,2
0.7017,-0.0175,22.89,66.71,2
0.6635,-0.0382,22.81,66.7,2
0.6844,0.0208,22.89,66.7,2
0.7168,0.0325,22.82,66.71,2
0.7447,0.0279,22.88,66.71,2
0.7479,0.0032,22.87,66.71,2
0.7165,-0.0314,22.89,66.71,2
0.6905,-0.026,22.88,66.71,2
0.6619,-0.0285,22.87,66.71,2
0.622,-0.0399,22.91,66.71,2
0.616,-0.006,22.84,66.71,2
0.6176,0.0015,22.9,66.7,2
0.5935,-0.024,22.85,66.7,2
0.5846,-0.0089,22.81,66.69,2
0.5398,-0.0448,22.81,66.69,2
0.5827,0.043,22.79,66.68,2
0.6115,0.0287,22.77,66.68,2
0.615,0.0035,22.71,66.68,2
0.6293,0.0143,22.73,66.67,2
0.6207,-0.0086,22.66,66.67,2
0.6195,-0.0012,22.68,66.67,2
0.6321,0.0126,22.65,66.67,2
0.6324,0.0002,22.62,66.67,2
0.6107,-0.0217,22.72,66.66,2
0.6391,0.0284,22.74,66.66,2
0.6148,-0.0243,22.58,66.66,2
0.6021,-0.0127,22.6,66.66,2
0.5915,-0.0106,22.54,66.65,2
0.5951,0.0035,22.53,66.65,2
0.5864,-0.0087,22.57,66.65,2
0.6226,0.0363,22.6,66.64,2
0.6366,0.014,22.55,66.64,2
0.6331,-0.0036,22.54,66.64,2
0.6236,-0.0095,22.6,66.64,2
0.6043,-0.0193,22.6,66.64,2
0.6269,0.0226,22.59,66.64,2
0.6526,0.0257,22.61,66.64,2
0.6526,-0.0,22.64,66.64,2
0.6521,-0.0005,22.68,66.64,2
0.6471,-0.005,22.75,66.64,2
0.6282,-0.019,22.83,66.63,2
0.6099,-0.0183,22.88,66.63,2
0.6265,0.0166,22.86,66.63,2
0.6135,-0.013,22.84,66.63,2
0.5871,-0.0265,22.83,66.63,2
0.613,0.0259,22.86,66.62,2
0.6562,0.0433,22.81,66.62,2
0.6389,-0.0174,22.83,66.62,2
0.6592,0.0203,22.84,66.62,2
0.6804,0.0212,22.79,66.63,2
0.6241,-0.0563,22.78,66.62,2
0.5905,-0.0336,22.79,66.62,2
0.5839,-0.0066,22.71,66.62,2
0.6071,0.0232,22.7,66.62,2
0.5511,-0.056,22.65,66.61,2
0.5642,0.013,22.67,66.61,2
0.5679,0.0037,22.64,66.6,2
0.5752,0.0073,22.71,66.6,2
0.588,0.0128,22.72,66.6,2
0.5991,0.0111,22.76,66.6,2
0.6284,0.0294,22.74,66.6,2
0.6151,-0.0134,22.83,66.59,2
0.614,-0.001,22.79,66.59,2
0.6081,-0.006,22.77,66.59,2
0.5804,-0.0277,22.71,66.59,2
0.5775,-0.0029,22.72,66.59,2
0.5639,-0.0135,22.71,66.58,2
0.5444,-0.0196,22.66,66.58,2
0.5743,0.0299,22.79,66.57,2
0.5964,0.0221,22.81,66.57,2
0.6121,0.0157,22.82,66.57,2
0.6094,-0.0027,22.81,66.57,2
0.5651,-0.0443,22.73,66.57,2
0.5706,0.0055,22.72,66.57,2
0.6016,0.031,22.69,66.56,2
0.6082,0.0066,22.65,66.56,2
0.5966,-0.0116,22.63,66.56,2
0.6137,0.0172,22.6,66.56,2
0.6571,0.0434,22.68,66.56,2
0.6748,0.0178,22.69,66.57,2
0.6947,0.0198,22.7,66.57,2
0.6401,-0.0545,22.71,66.57,2
0.6003,-0.0399,22.61,66.57,2
0.5856,-0.0147,22.55,66.57,2
0.6098,0.0242,22.57,66.57,2
0.6274,0.0176,22.61,66.57,2
0.6045,-0.0229,22.69,66.56,2
0.5676,-0.037,22.72,66.56,2
0.5487,-0.0189,22.63,66.56,2
0.5765,0.0278,22.66,66.56,2
0.612,0.0355,22.66,66.55,2
0.6496,0.0376,22.71,66.56,2
0.6118,-0.0378,22.74,66.56,2
0.602,-0.0098,22.75,66.55,2
0.576,-0.026,22.72,66.55,2
0.582,0.006,22.73,66.55,2
0.5549,-0.0271,22.74,66.55,2
0.553,-0.0019,22.67,66.54,2
0.5629,0.01,22.66,66.54,2
0.5331,-0.0298,22.6,66.54,2
0.505,-0.0281,22.57,66.53,2
0.5269,0.0218,22.59,66.53,2
0.5367,0.0098,22.61,66.52,2
0.5334,-0.0033,22.61,66.52,2
0.5515,0.0181,22.55,66.52,2
0.5518,0.0003,22.56,66.51,2
0.5602,0.0083,22.62,66.51,2
0.4014,-0.1588,22.96,66.54,1
0.4755,0.0741,23.19,66.57,1
0.4928,0.0172,23.15,66.57,2
0.4955,0.0028,23.16,66.56,2
0.504,0.0084,23.01,66.56,2
0.5037,-0.0003,23.01,66.55,2
0.5132,0.0095,23.05,66.54,2
0.5264,0.0132,22.96,66.54,2
0.5172,-0.0092,22.99,66.53,2
0.5119,-0.0054,22.96,66.53,2
0.4873,-0.0245,22.79,66.52,2
0.5051,0.0177,22.79,66.52,2
0.5155,0.0104,22.75,66.51,2
0.5347,0.0192,22.64,66.51,2
0.5318,-0.0029,22.66,66.51,2
0.5277,-0.0041,22.52,66.5,2
0.4932,-0.0346,22.5,66.5,2
0.4966,0.0034,22.46,66.49,2
0.5175,0.0209,22.52,66.49,2
0.56,0.0425,22.5,66.49,2
0.5454,-0.0146,22.44,66.48,2
0.5231,-0.0223,22.46,66.48,2
0.4957,-0.0275,22.55,66.48,2
0.5213,0.0257,22.57,66.47,2
0.5062,-0.0151,22.53,66.47,2
0.3573,-0.149,22.75,66.5,1
0.4144,0.0571,22.99,66.53,1
0.4673,0.0529,22.91,66.52,2
0.5287,0.0615,22.92,66.52,2
0.5564,0.0277,22.9,66.51,2
0.5543,-0.0022,22.83,66.51,2
0.5477,-0.0065,22.85,66.51,2
0.5349,-0.0128,22.84,66.5,2
0.5504,0.0154,22.85,66.5,2
0.5102,-0.0401,22.8,66.5,2
0.4895,-0.0208,22.74,66.49,2
0.5112,0.0218,22.75,66.49,2
0.4897,-0.0215,22.76,66.48,2
0.5052,0.0155,22.76,66.48,2
0.5089,0.0037,22.72,66.47,2
0.5542,0.0454,22.71,66.47,2
0.5092,-0.045,22.7,66.47,2
0.5544,0.0452,22.79,66.47,2
0.5701,0.0157,22.83,66.47,2
0.5837,0.0136,22.83,66.47,2
0.5855,0.0018,22.93,66.47,2
0.5432,-0.0424,22.92,66.46,2
0.5305,-0.0127,22.91,66.46,2
0.5229,-0.0076,22.91,66.46,2
0.5282,0.0053,22.85,66.45,2
0.5104,-0.0178,22.79,66.45,2
0.5068,-0.0036,22.7,66.45,2
0.4961,-0.0107,22.61,66.44,2
0.484,-0.0121,22.56,66.44,2
0.4999,0.0159,22.56,66.44,2
0.5028,0.0029,22.52,66.43,2
0.5277,0.0249,22.5,66.43,2
0.5445,0.0169,22.48,66.43,2
0.5255,-0.0191,22.57,66.43,2
0.5125,-0.0129,22.65,66.42,2
0.3607,-0.1518,23.01,66.45,1
0.4057,0.045,23.29,66.48,1
0.4156,0.0099,23.49,66.51,1
0.4741,0.0584,23.31,66.51,2
0.5103,0.0362,23.26,66.5,2
0.5204,0.0101,23.23,66.5,2
0.5266,0.0062,23.11,66.5,2
0.4865,-0.0401,23.09,66.49,2
0.511,0.0245,23.08,66.49,2
0.5115,0.0005,23.15,66.48,2
0.4978,-0.0137,23.13,66.48,2
0.4693,-0.0284,23.0,66.47,2
0.4661,-0.0033,22.86,66.46,2
0.4611,-0.0049,22.87,66.46,2
0.3207,-0.1404,23.07,66.49,1
0.3747,0.054,23.26,66.51,1
0.4164,0.0417,23.41,66.54,1
0.2917,-0.1247,23.65,66.57,1
0.3321,0.0404,23.79,66.59,1
0.3694,0.0373,23.97,66.62,1
0.4058,0.0364,24.1,66.65,1
0.4237,0.0179,24.22,66.68,1
0.2918,-0.132,24.41,66.7,1
0.3841,0.0923,24.6,66.72,1
0.469,0.085,24.41,66.71,2
0.3333,-0.1358,24.15,66.69,2
0.3923,0.059,24.29,66.72,1
0.4393,0.047,24.43,66.75,1
0.4584,0.0191,24.25,66.74,2
0.4472,-0.0113,24.12,66.72,2
0.3098,-0.1374,24.19,66.74,1
0.2278,-0.082,24.23,66.76,1
0.2883,0.0605,24.39,66.78,1
0.2006,-0.0877,24.79,66.82,0
0.2784,0.0778,25.19,66.87,0
0.3451,0.0667,25.16,66.89,1
0.373,0.0279,25.23,66.91,1
0.3987,0.0257,25.3,66.93,1
0.4424,0.0436,25.29,66.96,1
0.4409,-0.0015,25.37,66.98,1
0.4495,0.0086,25.4,67.0,1
0.428,-0.0215,25.44,67.02,1
0.4158,-0.0122,25.52,67.04,1
0.434,0.0182,25.47,67.07,1
0.4219,-0.0121,25.58,67.09,1
0.4548,0.0329,25.27,67.07,2
0.4845,0.0297,25.05,67.05,2
0.4821,-0.0025,24.85,67.03,2
0.4891,0.0071,24.6,67.02,2
0.465,-0.0241,24.48,67.0,2
0.4527,-0.0123,24.32,66.98,2
0.3115,-0.1412,24.49,67.0,1
0.3877,0.0761,24.57,67.02,1
0.4372,0.0495,24.64,67.04,1
0.5139,0.0767,24.43,67.02,2
0.4961,-0.0178,24.17,67.01,2
0.5036,0.0075,24.02,66.99,2
0.3536,-0.15,24.16,67.01,1
0.2622,-0.0914,24.29,67.02,1
0.3279,0.0657,24.42,67.04,1
0.3737,0.0458,24.55,67.06,1
0.3973,0.0236,24.64,67.08,1
0.4305,0.0332,24.8,67.1,1
0.4551,0.0246,24.58,67.08,2
0.4956,0.0405,24.43,67.06,2
0.5013,0.0057,24.32,67.04,2
0.5044,0.0031,24.17,67.03,2
0.4721,-0.0323,23.97,67.01,2
0.4799,0.0079,23.83,67.0,2
0.4943,0.0144,23.8,66.98,2
0.5263,0.032,23.69,66.97,2
0.5085,-0.0179,23.68,66.95,2
0.5113,0.0028,23.54,66.94,2
0.3611,-0.1502,23.79,66.96,1
0.3997,0.0386,23.88,66.98,1
0.4286,0.0289,24.01,67.0,1
0.4584,0.0297,23.89,66.98,2
0.4818,0.0234,23.71,66.97,2
0.4969,0.0151,23.55,66.95,2
0.4733,-0.0236,23.59,66.94,2
0.4879,0.0146,23.54,66.92,2
0.5158,0.0279,23.5,66.91,2
0.488,-0.0278,23.32,66.9,2
0.4962,0.0082,23.22,66.88,2
0.5134,0.0172,23.16,66.87,2
0.5154,0.002,23.14,66.86,2
0.3654,-0.15,23.35,66.88,1
0.3791,0.0137,23.55,66.9,1
0.3967,0.0175,23.79,66.93,1
0.4292,0.0326,23.87,66.95,1
0.4677,0.0385,23.75,66.93,2
0.4892,0.0214,23.68,66.92,2
0.4841,-0.0051,23.55,66.9,2
0.4708,-0.0132,23.42,66.89,2
0.328,-0.1429,23.57,66.91,1
0.3725,0.0445,23.74,66.93,1
0.3882,0.0157,23.86,66.95,1
0.2673,-0.1209,24.27,66.99,0
0.3259,0.0586,24.58,67.04,0
0.225,-0.1008,24.84,67.08,0
0.3176,0.0926,24.94,67.1,1
0.3662,0.0485,24.99,67.11,1
0.4017,0.0355,25.02,67.13,1
0.4192,0.0175,25.07,67.15,1
0.4036,-0.0157,25.12,67.16,1
0.3858,-0.0177,25.13,67.18,1
0.421,0.0351,25.15,67.2,1
0.4416,0.0206,25.16,67.22,1
0.4466,0.005,25.14,67.23,1
0.4413,-0.0053,25.17,67.25,1
0.3034,-0.138,25.25,67.26,1
0.3519,0.0486,25.29,67.27,1
0.4063,0.0544,25.35,67.29,1
0.2827,-0.1236,25.37,67.3,1
0.334,0.0513,25.51,67.31,1
0.3798,0.0458,25.56,67.32,1
0.4293,0.0496,25.72,67.34,1
0.4232,-0.0062,25.77,67.35,1
0.4243,0.0011,25.75,67.36,1
0.4261,0.0018,25.73,67.38,1
0.4504,0.0243,25.41,67.35,2
0.4402,-0.0102,25.02,67.33,2
0.3029,-0.1373,25.13,67.34,1
0.2219,-0.081,25.15,67.34,1
0.1712,-0.0508,25.33,67.37,0
0.2722,0.101,25.53,67.41,0
0.1909,-0.0812,25.85,67.44,0
0.3071,0.1162,25.87,67.45,1
0.3604,0.0533,25.8,67.46,1
0.3894,0.029,25.69,67.47,1
0.3978,0.0084,25.7,67.48,1
0.4131,0.0153,25.68,67.49,1
0.4382,0.025,25.73,67.5,1
0.4756,0.0375,25.42,67.47,2
0.4718,-0.0039,25.1,67.45,2
0.4541,-0.0177,24.85,67.42,2
0.4711,0.017,24.69,67.4,2
0.4489,-0.0222,24.82,67.41,1
0.4569,0.008,24.87,67.43,1
0.3154,-0.1415,24.93,67.43,1
0.3337,0.0183,24.97,67.44,1
0.23,-0.1038,25.34,67.47,0
0.1687,-0.0613,25.55,67.5,0
0.2601,0.0915,25.78,67.54,0
0.3017,0.0416,25.81,67.54,1
0.2001,-0.1016,25.82,67.54,1
0.2471,0.047,26.05,67.57,0
0.2754,0.0283,26.29,67.6,0
0.3081,0.0327,26.21,67.61,1
0.3584,0.0503,26.15,67.61,1
0.3705,0.0121,26.13,67.62,1
0.4117,0.0412,26.03,67.63,1
0.4371,0.0254,25.95,67.64,1
0.4126,-0.0245,25.93,67.64,1
0.4339,0.0213,25.99,67.65,1
0.4362,0.0023,25.94,67.66,1
0.4684,0.0323,25.57,67.63,2
0.4494,-0.019,25.3,67.6,2
0.4344,-0.0151,25.47,67.61,1
0.4546,0.0202,25.52,67.62,1
0.4197,-0.0349,25.57,67.63,1
0.2842,-0.1355,25.55,67.63,1
0.2049,-0.0793,25.78,67.66,0
0.2807,0.0758,26.0,67.69,0
0.1932,-0.0875,26.22,67.72,0
0.2613,0.0681,26.45,67.75,0
0.1747,-0.0867,26.67,67.77,0
0.1245,-0.0502,26.98,67.79,0
0.0938,-0.0307,27.14,67.81,0
0.0737,-0.0201,27.27,67.83,0
0.2073,0.1336,27.38,67.85,0
0.2659,0.0586,27.46,67.88,0
0.3144,0.0485,27.3,67.87,1
0.2027,-0.1116,27.1,67.87,1
0.2444,0.0417,27.19,67.89,0
0.2877,0.0433,27.27,67.92,0
0.3417,0.054,27.16,67.92,1
0.2212,-0.1205,26.97,67.91,1
0.2848,0.0636,26.86,67.91,1
0.305,0.0202,26.72,67.9,1
0.3225,0.0176,26.74,67.9,1
0.375,0.0524,26.66,67.9,1
0.402,0.027,26.63,67.9,1
0.2679,-0.1341,26.76,67.93,0
0.3071,0.0392,26.89,67.96,0
0.2052,-0.1019,27.09,67.98,0
0.3007,0.0954,26.94,67.97,1
0.3308,0.0301,26.83,67.97,1
0.372,0.0412,26.8,67.97,1
0.4201,0.0481,26.78,67.97,1
0.2842,-0.1359,26.73,67.97,1
0.3063,0.022,26.58,67.96,1
0.3198,0.0135,26.53,67.96,1
0.2088,-0.111,26.76,67.98,0
0.3031,0.0943,26.95,68.01,0
0.3493,0.0462,26.89,68.0,1
0.3967,0.0474,26.81,68.0,1
0.2668,-0.1299,27.03,68.03,0
0.3403,0.0735,27.22,68.05,0
0.2326,-0.1078,27.3,68.07,0
0.1679,-0.0647,27.39,68.09,0
0.1268,-0.0411,27.5,68.1,0
0.2315,0.1048,27.51,68.12,0
0.1553,-0.0763,27.61,68.14,0
0.1103,-0.0449,27.64,68.15,0
0.0824,-0.028,27.67,68.16,0
0.1763,0.094,27.76,68.18,0
0.2383,0.0619,27.94,68.2,0
0.3063,0.068,27.81,68.19,1
0.1955,-0.1107,27.72,68.17,1
0.2781,0.0826,27.86,68.19,0
0.1821,-0.096,27.93,68.21,0
0.2316,0.0495,28.0,68.23,0
0.2712,0.0396,28.07,68.25,0
0.3215,0.0503,27.84,68.24,1
0.3562,0.0347,27.64,68.23,1
0.2324,-0.1238,27.76,68.25,0
0.2716,0.0392,27.93,68.27,0
0.3016,0.03,27.74,68.26,1
0.194,-0.1076,27.59,68.24,1
0.261,0.067,27.72,68.26,0
0.2954,0.0344,27.81,68.28,0
0.296,0.0006,27.62,68.27,1
0.1858,-0.1102,27.47,68.25,1
0.125,-0.0607,27.53,68.26,0
0.0899,-0.0351,27.55,68.27,0
0.261,0.171,27.6,68.29,0
0.3197,0.0588,27.46,68.28,1
0.341,0.0212,27.34,68.27,1
0.225,-0.1159,27.51,68.29,0
0.3009,0.0759,27.69,68.31,0
0.202,-0.099,27.76,68.32,0
0.264,0.0621,27.78,68.34,0
0.3168,0.0528,27.55,68.33,1
0.2074,-0.1094,27.38,68.31,1
0.2496,0.0422,27.4,68.33,0
0.1606,-0.089,27.56,68.34,0
0.2229,0.0622,27.6,68.35,0
0.2595,0.0366,27.59,68.37,0
0.2964,0.0369,27.39,68.36,1
0.1856,-0.1107,27.26,68.34,1
0.2517,0.0661,27.47,68.35,0
0.2914,0.0397,27.55,68.37,0
0.1865,-0.1049,27.59,68.38,0
0.2905,0.104,27.36,68.37,1
0.3668,0.0763,27.3,68.36,1
0.3715,0.0047,27.23,68.35,1
0.3628,-0.0087,27.02,68.34,1
0.3605,-0.0022,26.99,68.33,1
0.2369,-0.1236,27.2,68.35,0
0.2718,0.0348,27.46,68.37,0
0.3105,0.0388,27.37,68.35,1
0.3453,0.0347,27.29,68.34,1
0.2279,-0.1173,27.42,68.36,0
0.2664,0.0384,27.52,68.38,0
0.2848,0.0184,27.36,68.36,1
0.3118,0.027,27.28,68.35,1
0.3347,0.0229,27.12,68.34,1
0.3455,0.0107,26.94,68.33,1
0.2251,-0.1203,27.02,68.35,0
0.1576,-0.0675,27.1,68.36,0
0.2676,0.11,27.25,68.37,0
0.3019,0.0343,27.17,68.36,1
0.1994,-0.1025,27.02,68.34,1
0.2735,0.0742,27.13,68.36,0
0.3411,0.0676,27.24,68.38,0
0.3759,0.0348,27.06,68.37,1
0.2543,-0.1216,26.87,68.36,1
0.1838,-0.0704,27.05,68.37,0
0.1406,-0.0433,27.18,68.38,0
0.2346,0.0941,27.34,68.39,0
0.2888,0.0542,27.26,68.38,1
0.1916,-0.0973,27.01,68.36,1
0.1364,-0.0552,27.16,68.37,0
0.1033,-0.0331,27.35,68.38,0
0.2021,0.0988,27.41,68.39,0
0.2523,0.0503,27.54,68.41,0
0.1598,-0.0925,27.67,68.42,0
0.2261,0.0663,27.79,68.43,0
0.1428,-0.0833,27.83,68.44,0
0.2042,0.0613,27.98,68.45,0
0.254,0.0498,27.96,68.46,0
0.2906,0.0366,27.72,68.45,1
0.3143,0.0237,27.52,68.43,1
0.3225,0.0082,27.39,68.42,1
0.2064,-0.1161,27.5,68.43,0
0.2547,0.0483,27.59,68.45,0
0.2998,0.0452,27.47,68.43,1
0.3484,0.0486,27.33,68.42,1
0.3872,0.0387,27.26,68.41,1
0.3969,0.0097,27.14,68.4,1
0.2674,-0.1295,27.22,68.42,0
0.1925,-0.075,27.24,68.43,0
0.1465,-0.046,27.39,68.44,0
0.1163,-0.0302,27.54,68.45,0
0.0952,-0.0211,27.54,68.45,0
0.0796,-0.0156,27.66,68.46,0
0.0675,-0.0121,27.68,68.46,0
0.0578,-0.0097,27.75,68.47,0
0.1549,0.0971,27.82,68.47,0
0.0973,-0.0576,27.83,68.48,0
0.0659,-0.0314,27.89,68.48,0
0.048,-0.0179,27.93,68.49,0
0.1721,0.1242,27.96,68.49,0
0.1081,-0.064,27.99,68.5,0
0.1976,0.0895,28.05,68.51,0
0.2518,0.0542,27.99,68.52,0
0.1558,-0.096,27.95,68.53,0
0.1032,-0.0526,27.98,68.53,0
0.1931,0.0899,28.08,68.54,0
0.2522,0.0591,28.12,68.56,0
0.2874,0.0352,27.94,68.54,1
0.3468,0.0594,27.7,68.52,1
0.3673,0.0206,27.53,68.51,1
0.3584,-0.009,27.36,68.5,1
0.234,-0.1244,27.44,68.51,0
0.1634,-0.0705,27.61,68.52,0
0.2312,0.0678,27.68,68.53,0
0.1523,-0.0789,27.62,68.54,0
0.1074,-0.0449,27.66,68.54,0
0.0805,-0.027,27.74,68.55,0
0.1857,0.1052,27.96,68.55,0
0.1193,-0.0663,28.01,68.56,0
0.0821,-0.0372,28.12,68.56,0
0.0601,-0.022,28.15,68.56,0
0.0463,-0.0138,28.14,68.56,0
0.1621,0.1158,28.15,68.57,0
0.228,0.0659,28.24,68.58,0
0.276,0.048,28.35,68.59,0
0.2891,0.0131,28.16,68.58,1
0.2988,0.0098,28.03,68.56,1
0.1847,-0.1141,28.1,68.57,0
0.2271,0.0424,28.14,68.58,0
0.301,0.0739,27.97,68.56,1
0.3542,0.0532,27.79,68.55,1
0.2326,-0.1216,27.78,68.56,0
0.2703,0.0377,27.83,68.57,0
0.3634,0.0931,27.73,68.56,1
0.2428,-0.1206,27.54,68.54,1
0.2794,0.0366,27.66,68.55,0
0.3228,0.0434,27.79,68.57,0
0.2099,-0.1129,27.88,68.58,0
0.145,-0.0649,28.01,68.58,0
0.1056,-0.0393,28.1,68.59,0
0.0803,-0.0253,28.14,68.59,0
0.0631,-0.0172,28.17,68.59,0
0.0507,-0.0124,28.23,68.59,0
0.0414,-0.0093,28.24,68.59,0
0.0342,-0.0072,28.22,68.59,0
0.0285,-0.0057,28.14,68.59,0
0.1589,0.1304,28.25,68.6,0
0.2549,0.0959,28.25,68.61,0
0.1618,-0.0931,28.31,68.61,0
0.1095,-0.0523,28.28,68.62,0
0.1912,0.0817,28.28,68.62,0
0.1195,-0.0718,28.23,68.63,0
0.1847,0.0652,28.31,68.63,0
0.2625,0.0779,28.36,68.64,0
0.1623,-0.1002,28.52,68.65,0
0.2092,0.0469,28.57,68.66,0
0.2721,0.0629,28.63,68.67,0
0.2961,0.024,28.45,68.65,1
0.315,0.0189,28.23,68.63,1
0.1965,-0.1185,28.33,68.64,0
0.1303,-0.0661,28.29,68.64,0
0.2292,0.0988,28.33,68.65,0
0.1478,-0.0814,28.35,68.66,0
0.2336,0.0858,28.41,68.66,0
0.1489,-0.0847,28.41,68.67,0
0.2032,0.0543,28.57,68.67,0
0.1238,-0.0794,28.57,68.68,0
0.0802,-0.0437,28.56,68.68,0
0.0551,-0.0251,28.56,68.68,0
0.0399,-0.0152,28.59,68.68,0
0.1451,0.1053,28.63,68.68,0
0.2131,0.068,28.68,68.69,0
0.245,0.0319,28.7,68.69,0
0.2845,0.0395,28.4,68.68,1
0.3199,0.0354,28.06,68.66,1
0.2016,-0.1183,28.19,68.66,0
0.2607,0.0591,28.31,68.67,0
0.1672,-0.0935,28.33,68.68,0
0.1143,-0.0529,28.26,68.68,0
0.1854,0.0711,28.28,68.69,0
0.115,-0.0703,28.32,68.69,0
0.2013,0.0863,28.23,68.7,0
0.2428,0.0415,28.32,68.7,0
0.2835,0.0407,28.17,68.68,1
0.1766,-0.1069,27.94,68.66,1
0.118,-0.0586,27.97,68.66,0
0.2044,0.0864,27.95,68.67,0
0.1299,-0.0744,28.01,68.67,0
0.2435,0.1136,28.1,68.68,0
0.2707,0.0272,28.2,68.69,0
0.1698,-0.1009,28.19,68.69,0
0.1137,-0.0562,28.16,68.7,0
0.1934,0.0797,28.22,68.7,0
0.1206,-0.0728,28.31,68.7,0
0.0803,-0.0403,28.26,68.7,0
0.0569,-0.0234,28.25,68.7,0
0.145,0.0881,28.3,68.71,0
0.2039,0.0589,28.39,68.71,0
0.1184,-0.0855,28.48,68.71,0
0.1904,0.072,28.43,68.72,0
0.1119,-0.0785,28.39,68.72,0
0.1972,0.0854,28.43,68.73,0
0.2674,0.0701,28.53,68.73,0
0.2819,0.0145,28.31,68.71,1
0.293,0.0111,28.17,68.69,1
0.3095,0.0165,27.95,68.68,1
0.3062,-0.0033,27.74,68.66,1
0.3111,0.0049,27.62,68.64,1
0.1948,-0.1163,27.75,68.65,0
0.2761,0.0813,27.85,68.66,0
0.3284,0.0523,27.71,68.64,1
0.3413,0.0129,27.59,68.63,1
0.2231,-0.1182,27.74,68.63,0
0.3086,0.0855,27.88,68.65,0
0.2079,-0.1006,28.02,68.65,0
0.1489,-0.059,28.07,68.66,0
0.1123,-0.0366,28.1,68.66,0
0.2055,0.0933,28.16,68.67,0
0.135,-0.0705,28.22,68.67,0
0.0947,-0.0404,28.29,68.67,0
0.0703,-0.0244,28.34,68.67,0
0.0546,-0.0157,28.33,68.67,0
0.0438,-0.0108,28.37,68.67,0
0.036,-0.0078,28.42,68.67,0
0.1701,0.1341,28.41,68.67,0
0.2363,0.0662,28.37,68.68,0
0.147,-0.0893,28.32,68.69,0
0.2678,0.1208,28.43,68.7,0
0.3225,0.0547,28.25,68.68,1
0.2116,-0.1109,28.08,68.66,1
0.1477,-0.0639,28.13,68.66,0
0.1089,-0.0388,28.09,68.66,0
0.2289,0.1199,28.14,68.67,0
0.306,0.0771,28.02,68.65,1
0.3096,0.0037,27.83,68.63,1
0.1985,-0.1111,27.94,68.64,0
0.1358,-0.0627,27.99,68.65,0
0.0987,-0.0372,28.08,68.65,0
0.1802,0.0816,28.2,68.65,0
0.1135,-0.0667,28.26,68.66,0
0.0766,-0.037,28.26,68.66,0
0.0551,-0.0215,28.25,68.66,0
0.1619,0.1068,28.24,68.66,0
0.2376,0.0757,28.28,68.67,0
0.2904,0.0528,28.07,68.65,1
0.1829,-0.1075,27.87,68.63,1
0.2306,0.0477,27.9,68.64,0
0.2736,0.043,28.06,68.65,0
0.1711,-0.1025,28.14,68.65,0
0.227,0.0559,28.24,68.66,0
0.2735,0.0465,28.3,68.67,0
0.1713,-0.1022,28.34,68.68,0
0.1149,-0.0564,28.29,68.68,0
0.0822,-0.0326,28.38,68.68,0
0.1748,0.0925,28.43,68.68,0
0.1092,-0.0656,28.44,68.69,0
0.2106,0.1014,28.55,68.69,0
0.2572,0.0466,28.55,68.7,0
0.1587,-0.0984,28.62,68.71,0
0.1043,-0.0544,28.64,68.71,0
0.0729,-0.0314,28.55,68.71,0
0.1762,0.1033,28.54,68.71,0
0.1093,-0.0669,28.46,68.71,0
0.1922,0.0829,28.53,68.72,0
0.1166,-0.0756,28.46,68.72,0
0.2127,0.0961,28.52,68.73,0
0.1315,-0.0812,28.5,68.73,0
0.0862,-0.0453,28.46,68.73,0
0.0598,-0.0264,28.51,68.73,0
0.1511,0.0913,28.51,68.73,0
0.089,-0.0621,28.46,68.73,0
0.0555,-0.0335,28.43,68.73,0
0.0368,-0.0187,28.38,68.72,0
0.0258,-0.011,28.44,68.72,0
0.154,0.1282,28.54,68.72,0
0.2375,0.0835,28.63,68.73,0
0.2842,0.0467,28.35,68.71,1
0.2989,0.0146,28.15,68.69,1
0.1865,-0.1124,28.2,68.7,0
0.2393,0.0529,28.19,68.71,0
0.1504,-0.0889,28.35,68.71,0
0.2185,0.0681,28.39,68.72,0
0.1362,-0.0823,28.4,68.72,0
0.0907,-0.0456,28.4,68.72,0
0.1943,0.1036,28.44,68.72,0
0.1221,-0.0722,28.55,68.73,0
0.2142,0.0921,28.52,68.73,0
0.134,-0.0802,28.57,68.73,0
0.2166,0.0826,28.61,68.74,0
0.2808,0.0642,28.42,68.72,1
0.3195,0.0387,28.22,68.7,1
0.3217,0.0022,27.99,68.68,1
0.2053,-0.1164,28.01,68.69,0
0.1403,-0.065,28.08,68.69,0
0.1023,-0.0381,28.06,68.69,0
0.0785,-0.0237,28.0,68.69,0
0.0628,-0.0158,28.03,68.69,0
0.1641,0.1013,28.15,68.7,0
0.1032,-0.0609,28.2,68.7,0
0.2122,0.109,28.27,68.71,0
0.1343,-0.0779,28.41,68.71,0
0.0907,-0.0437,28.45,68.71,0
0.17,0.0793,28.46,68.71,0
0.2237,0.0537,28.43,68.72,0
0.1332,-0.0905,28.55,68.72,0
0.1868,0.0536,28.52,68.73,0
0.2204,0.0336,28.6,68.73,0
0.2435,0.0231,28.67,68.74,0
0.1411,-0.1024,28.75,68.74,0
0.2067,0.0656,28.84,68.75,0
0.1229,-0.0838,28.81,68.75,0
0.0777,-0.0452,28.78,68.75,0
0.1648,0.0871,28.72,68.75,0
0.2355,0.0706,28.74,68.76,0
0.1426,-0.0928,28.79,68.76,0
0.197,0.0544,28.79,68.77,0
0.1173,-0.0797,28.79,68.77,0
0.1818,0.0645,28.79,68.77,0
0.2438,0.062,28.84,68.78,0
0.3101,0.0663,28.45,68.76,1
0.3351,0.025,28.3,68.74,1
0.2145,-0.1206,28.29,68.74,0
0.1464,-0.0681,28.31,68.75,0
0.2185,0.0721,28.4,68.75,0
0.1405,-0.078,28.42,68.75,0
0.2139,0.0734,28.52,68.76,0
0.1342,-0.0797,28.63,68.76,0
0.0899,-0.0444,28.68,68.76,0
0.064,-0.0259,28.62,68.76,0
0.048,-0.016,28.67,68.76,0
0.15,0.102,28.7,68.76,0
0.2125,0.0626,28.69,68.76,0
0.1262,-0.0864,28.7,68.76,0
0.1822,0.056,28.79,68.77,0
0.1058,-0.0764,28.78,68.77,0
0.1852,0.0794,28.8,68.77,0
0.1089,-0.0762,28.82,68.77,0
0.068,-0.0409,28.81,68.77,0
0.1477,0.0797,28.72,68.77,0
0.084,-0.0638,28.7,68.77,0
0.0504,-0.0336,28.71,68.77,0
0.1523,0.1018,28.63,68.77,0
0.2386,0.0863,28.6,68.78,0
0.145,-0.0936,28.59,68.78,0
0.2061,0.0611,28.59,68.78,0
0.2362,0.0301,28.63,68.79,0
0.14,-0.0962,28.69,68.79,0
0.0883,-0.0517,28.69,68.79,0
0.192,0.1037,28.75,68.79,0
0.2502,0.0582,28.81,68.8,0
0.2967,0.0465,28.53,68.78,1
0.1868,-0.1099,28.32,68.75,1
0.1256,-0.0612,28.34,68.75,0
0.2098,0.0842,28.34,68.76,0
0.2679,0.058,28.35,68.77,0
0.1687,-0.0992,28.37,68.77,0
0.2157,0.0471,28.44,68.78,0
0.1327,-0.083,28.46,68.78,0
0.0871,-0.0456,28.4,68.78,0
0.171,0.0839,28.4,68.78,0
0.2404,0.0694,28.49,68.79,0
0.2957,0.0553,28.21,68.76,1
0.1872,-0.1085,27.99,68.74,1
0.1269,-0.0603,28.07,68.74,0
0.2192,0.0923,28.09,68.75,0
0.2823,0.063,27.94,68.73,1
0.3129,0.0307,27.78,68.71,1
0.328,0.0151,27.67,68.69,1
0.3425,0.0145,27.48,68.67,1
0.3559,0.0134,27.34,68.66,1
0.2328,-0.1231,27.52,68.66,0
0.2657,0.0329,27.67,68.67,0
0.1736,-0.092,27.81,68.68,0
0.2443,0.0707,27.79,68.69,0
0.1591,-0.0853,27.94,68.69,0
0.111,-0.0481,28.05,68.69,0
0.2224,0.1114,28.16,68.7,0
0.2837,0.0614,27.93,68.68,1
0.334,0.0503,27.85,68.66,1
0.219,-0.115,27.93,68.67,0
0.2709,0.0519,28.09,68.68,0
0.3216,0.0507,27.9,68.67,1
0.338,0.0164,27.7,68.65,1
0.3447,0.0067,27.59,68.63,1
0.3404,-0.0044,27.51,68.62,1
0.3416,0.0012,27.46,68.6,1
0.2208,-0.1207,27.49,68.61,0
0.2883,0.0674,27.52,68.62,0
0.1915,-0.0968,27.63,68.63,0
0.1359,-0.0556,27.71,68.63,0
0.2071,0.0712,27.88,68.64,0
0.1343,-0.0729,27.9,68.65,0
0.0934,-0.0409,27.87,68.65,0
0.1717,0.0783,27.92,68.65,0
0.1059,-0.0657,28.01,68.66,0
0.1727,0.0668,27.99,68.66,0
0.102,-0.0707,28.0,68.66,0
0.1695,0.0675,28.15,68.67,0
0.098,-0.0716,28.09,68.67,0
0.1803,0.0824,28.03,68.68,0
0.2231,0.0428,28.16,68.68,0
0.2529,0.0298,28.28,68.69,0
0.268,0.0151,28.4,68.7,0
0.1606,-0.1074,28.41,68.71,0
0.2405,0.0799,28.47,68.71,0
0.151,-0.0895,28.6,68.72,0
0.1013,-0.0497,28.62,68.72,0
0.1999,0.0985,28.64,68.72,0
0.2534,0.0535,28.7,68.73,0
0.1588,-0.0946,28.63,68.73,0
0.2266,0.0678,28.6,68.74,0
0.1425,-0.0841,28.65,68.74,0
0.0959,-0.0466,28.67,68.74,0
0.0688,-0.0271,28.6,68.74,0
0.2096,0.1408,28.67,68.75,0
0.2764,0.0668,28.76,68.76,0
0.1771,-0.0993,28.82,68.76,0
0.1206,-0.0565,28.83,68.76,0
0.1942,0.0737,28.8,68.77,0
0.1213,-0.073,28.81,68.77,0
0.2106,0.0894,28.85,68.77,0
0.3361,0.1255,28.59,68.75,1
0.3571,0.0211,28.32,68.74,1
0.3653,0.0081,28.01,68.72,1
0.3699,0.0047,27.89,68.7,1
0.3594,-0.0105,27.81,68.69,1
0.2336,-0.1258,27.81,68.7,0
0.2796,0.046,27.78,68.71,0
0.3119,0.0324,27.66,68.69,1
0.3591,0.0472,27.54,68.67,1
0.3768,0.0177,27.37,68.66,1
0.3817,0.0049,27.31,68.64,1
0.4092,0.0275,27.19,68.63,1
0.4381,0.0289,27.03,68.62,1
0.3008,-0.1374,26.94,68.6,1
0.2197,-0.081,27.15,68.61,0
0.3189,0.0992,27.34,68.62,0
0.225,-0.094,27.48,68.63,0
0.1678,-0.0572,27.63,68.64,0
0.1308,-0.037,27.74,68.64,0
0.2178,0.087,27.89,68.65,0
0.2933,0.0756,27.63,68.63,1
0.3295,0.0361,27.52,68.62,1
0.3486,0.0192,27.4,68.6,1
0.348,-0.0007,27.23,68.59,1
0.3424,-0.0056,27.14,68.57,1
0.2215,-0.1209,27.23,68.58,0
0.2711,0.0497,27.3,68.59,0
0.299,0.0279,27.11,68.58,1
0.3364,0.0374,26.94,68.56,1
0.219,-0.1174,27.16,68.57,0
0.1525,-0.0665,27.28,68.58,0
0.2378,0.0853,27.38,68.59,0
0.1576,-0.0802,27.57,68.59,0
0.2141,0.0564,27.72,68.6,0
0.3036,0.0895,27.5,68.59,1
0.1965,-0.1071,27.26,68.56,1
0.2403,0.0438,27.42,68.58,0
0.2924,0.0521,27.53,68.59,0
0.3144,0.0219,27.33,68.57,1
0.3765,0.0622,27.2,68.56,1
0.4174,0.0409,27.04,68.55,1
0.4883,0.0709,26.72,68.5,2
0.5011,0.0128,26.32,68.46,2
0.3496,-0.1514,26.33,68.45,1
0.39,0.0404,26.28,68.44,1
0.4252,0.0352,26.19,68.43,1
0.4177,-0.0074,26.2,68.42,1
0.417,-0.0007,26.13,68.41,1
0.283,-0.134,26.24,68.4,1
0.2041,-0.0789,26.47,68.41,0
0.2748,0.0707,26.6,68.43,0
0.188,-0.0868,26.72,68.44,0
0.2592,0.0712,26.86,68.45,0
0.2812,0.022,26.84,68.44,1
0.3429,0.0617,26.8,68.43,1
0.3803,0.0374,26.79,68.42,1
0.411,0.0307,26.75,68.41,1
0.44,0.029,26.69,68.4,1
0.3007,-0.1393,26.71,68.39,1
0.3756,0.0749,26.72,68.38,1
0.399,0.0234,26.65,68.37,1
0.4185,0.0195,26.55,68.37,1
0.3952,-0.0233,26.48,68.36,1
0.4324,0.0372,26.42,68.35,1
0.2942,-0.1382,26.42,68.34,1
0.3474,0.0532,26.4,68.33,1
0.3891,0.0417,26.45,68.32,1
0.2655,-0.1236,26.6,68.34,0
0.3396,0.0741,26.78,68.36,0
0.3751,0.0355,26.68,68.35,1
0.3756,0.0005,26.67,68.34,1
0.3901,0.0145,26.64,68.34,1
0.3695,-0.0207,26.61,68.33,1
0.3878,0.0183,26.52,68.32,1
0.4037,0.0159,26.49,68.32,1
0.4145,0.0108,26.52,68.31,1
0.2794,-0.1351,26.63,68.33,0
0.328,0.0486,26.73,68.35,0
0.3593,0.0313,26.62,68.34,1
0.2431,-0.1162,26.53,68.32,1
0.2906,0.0475,26.46,68.31,1
0.3423,0.0517,26.41,68.3,1
0.4061,0.0638,26.38,68.3,1
0.4024,-0.0037,26.39,68.29,1
0.2725,-0.1298,26.55,68.31,0
0.3093,0.0367,26.74,68.33,0
0.3393,0.03,26.64,68.32,1
0.3895,0.0502,26.66,68.31,1
0.4285,0.0389,26.61,68.31,1
0.4444,0.0159,26.6,68.3,1
0.4375,-0.0069,26.57,68.3,1
0.4475,0.01,26.6,68.3,1
0.4638,0.0164,26.23,68.25,2
0.4898,0.026,25.82,68.21,2
0.4789,-0.011,25.59,68.17,2
0.4847,0.0058,25.39,68.13,2
0.339,-0.1457,25.38,68.13,1
0.4314,0.0923,25.46,68.13,1
0.3092,-0.1221,25.48,68.12,1
0.2331,-0.0761,25.67,68.14,0
0.1826,-0.0505,25.88,68.15,0
0.2671,0.0845,26.14,68.17,0
0.3453,0.0782,26.09,68.17,1
0.3922,0.0468,26.21,68.16,1
0.4167,0.0246,26.27,68.16,1
0.4118,-0.005,26.25,68.16,1
0.4025,-0.0093,26.24,68.16,1
0.4484,0.0459,26.24,68.16,1
0.4696,0.0212,25.85,68.12,2
0.5123,0.0427,25.63,68.08,2
0.4841,-0.0282,25.33,68.04,2
0.3375,-0.1467,25.3,68.04,1
0.3591,0.0216,25.4,68.04,1
0.3868,0.0277,25.45,68.03,1
0.4132,0.0264,25.47,68.03,1
0.423,0.0098,25.58,68.03,1
0.4449,0.0218,25.56,68.04,1
0.4567,0.0118,25.27,68.0,2
0.4531,-0.0036,25.05,67.96,2
0.452,-0.0011,24.77,67.92,2
0.4321,-0.0199,24.89,67.93,1
0.4299,-0.0022,24.97,67.93,1
0.4575,0.0276,24.76,67.89,2
0.4688,0.0113,24.52,67.86,2
0.4744,0.0057,24.27,67.83,2
0.4826,0.0081,24.11,67.79,2
0.5044,0.0218,24.03,67.76,2
0.3542,-0.1502,24.19,67.77,1
0.443,0.0888,24.3,67.77,1
0.4435,0.0005,24.45,67.78,1
0.4569,0.0134,24.3,67.75,2
0.4719,0.015,24.09,67.72,2
0.4684,-0.0035,23.94,67.68,2
0.4918,0.0234,23.81,67.66,2
0.5161,0.0243,23.74,67.63,2
0.4984,-0.0176,23.58,67.6,2
0.4941,-0.0043,23.46,67.57,2
0.5124,0.0183,23.32,67.55,2
0.5221,0.0098,23.15,67.52,2
0.5,-0.0222,23.13,67.5,2
0.5187,0.0187,23.11,67.47,2
0.5244,0.0057,23.05,67.45,2
0.5021,-0.0223,22.99,67.43,2
0.493,-0.0091,22.94,67.4,2
0.5041,0.0111,22.84,67.38,2
0.5202,0.0161,22.75,67.36,2
0.5186,-0.0015,22.72,67.34,2
0.5433,0.0246,22.7,67.32,2
0.5483,0.005,22.59,67.3,2
0.5407,-0.0076,22.69,67.28,2
0.3865,-0.1543,22.98,67.29,1
0.4267,0.0402,23.2,67.31,1
0.48,0.0533,23.15,67.29,2
0.4704,-0.0096,23.06,67.26,2
0.4879,0.0175,22.95,67.24,2
0.4928,0.0049,22.95,67.22,2
0.4797,-0.0131,22.91,67.2,2
0.4543,-0.0254,22.89,67.18,2
0.4448,-0.0095,23.09,67.2,1
0.4642,0.0194,23.31,67.22,1
0.3203,-0.1439,23.48,67.23,1
0.3643,0.044,23.76,67.24,1
0.4278,0.0635,23.98,67.26,1
0.466,0.0382,23.79,67.24,2
0.4645,-0.0015,23.63,67.22,2
0.477,0.0125,23.44,67.2,2
0.5022,0.0251,23.43,67.18,2
0.5234,0.0213,23.47,67.16,2
0.5274,0.004,23.42,67.14,2
0.5261,-0.0013,23.35,67.13,2
0.5339,0.0078,23.32,67.11,2
0.5373,0.0034,23.38,67.1,2
0.5425,0.0053,23.37,67.08,2
0.5249,-0.0176,23.24,67.07,2
0.5064,-0.0185,23.14,67.05,2
0.49,-0.0164,23.04,67.03,2
0.5146,0.0246,23.0,67.02,2
0.5196,0.0051,22.92,67.0,2
0.5061,-0.0136,22.91,66.99,2
0.4949,-0.0111,22.85,66.97,2
0.5206,0.0257,22.84,66.96,2
0.3675,-0.1531,23.09,66.98,1
0.4239,0.0564,23.29,67.0,1
0.4881,0.0641,23.17,66.99,2
0.5382,0.0501,23.21,66.97,2
0.5377,-0.0005,23.07,66.96,2
0.5312,-0.0064,23.02,66.95,2
0.5193,-0.012,22.92,66.93,2
0.5266,0.0074,22.89,66.92,2
0.3749,-0.1518,23.2,66.94,1
0.4345,0.0596,23.5,66.97,1
0.4754,0.0409,23.38,66.95,2
0.5109,0.0355,23.34,66.94,2
0.5664,0.0555,23.2,66.93,2
0.5424,-0.024,23.14,66.91,2
0.5045,-0.038,23.11,66.9,2
0.4886,-0.0159,23.14,66.89,2
0.5071,0.0185,23.08,66.88,2
0.5233,0.0163,23.07,66.86,2
0.5527,0.0294,22.97,66.85,2
0.5452,-0.0075,22.97,66.84,2
0.5563,0.011,22.97,66.84,2
0.5395,-0.0168,22.95,66.83,2
0.5066,-0.0329,22.87,66.81,2
0.5326,0.0261,22.84,66.81,2
0.5399,0.0073,22.81,66.8,2
0.5378,-0.0021,22.67,66.79,2
0.5408,0.003,22.64,66.78,2
0.5189,-0.0219,22.63,66.77,2
0.5434,0.0245,22.61,66.76,2
0.5074,-0.036,22.6,66.75,2
0.5143,0.0069,22.62,66.74,2
0.546,0.0317,22.64,66.73,2
0.5867,0.0407,22.65,66.73,2
0.5994,0.0127,22.62,66.72,2
0.5457,-0.0537,22.6,66.72,2
0.5589,0.0133,22.65,66.71,2
0.5458,-0.0131,22.68,66.7,2
0.5378,-0.008,22.67,66.7,2
0.5311,-0.0068,22.59,66.69,2
0.5532,0.0221,22.5,66.68,2
0.5319,-0.0212,22.53,66.68,2
0.4987,-0.0332,22.53,66.67,2
0.5503,0.0516,22.53,66.66,2
0.5527,0.0025,22.53,66.66,2
0.5131,-0.0397,22.49,66.65,2
0.4849,-0.0281,22.52,66.64,2
0.5009,0.0159,22.5,66.63,2
0.4878,-0.013,22.53,66.62,2
0.5299,0.0421,22.6,66.62,2
0.4983,-0.0316,22.55,66.61,2
0.5198,0.0214,22.64,66.6,2
0.5686,0.0488,22.66,66.6,2
0.5881,0.0196,22.67,66.6,2
0.567,-0.0212,22.61,66.59,2
0.5657,-0.0012,22.62,66.59,2
0.6108,0.0451,22.73,66.59,2
0.646,0.0352,22.71,66.59,2
0.6611,0.0151,22.73,66.59,2
0.6513,-0.0099,22.71,66.59,2
0.6818,0.0306,22.64,66.59,2
0.6714,-0.0104,22.63,66.6,2
0.6176,-0.0538,22.61,66.59,2
0.6183,0.0007,22.62,66.59,2
0.5921,-0.0262,22.67,66.59,2
0.6237,0.0316,22.67,66.59,2
0.6252,0.0015,22.73,66.59,2
0.6439,0.0187,22.77,66.59,2
0.6634,0.0195,22.81,66.59,2
0.6727,0.0093,22.81,66.59,2
0.6114,-0.0613,22.76,66.59,2
0.5707,-0.0407,22.71,66.59,2
0.589,0.0184,22.72,66.59,2
0.5845,-0.0045,22.79,66.58,2
0.6117,0.0272,22.85,66.58,2
0.631,0.0193,22.76,66.58,2
0.6405,0.0094,22.75,66.58,2
0.6014,-0.039,22.78,66.58,2
0.5779,-0.0236,22.73,66.58,2
0.587,0.0091,22.77,66.58,2
0.5889,0.0019,22.77,66.57,2
0.6224,0.0335,22.8,66.57,2
0.6313,0.0089,22.83,66.57,2
0.6484,0.0171,22.78,66.58,2
0.6747,0.0263,22.83,66.58,2
0.6526,-0.0221,22.78,66.58,2
0.6384,-0.0142,22.79,66.58,2
0.6536,0.0151,22.84,66.58,2
0.6088,-0.0448,22.75,66.58,2
0.632,0.0232,22.74,66.58,2
0.6621,0.0302,22.78,66.58,2
0.6357,-0.0265,22.9,66.58,2
0.6372,0.0016,22.88,66.58,2
0.6575,0.0203,22.92,66.58,2
0.6302,-0.0273,22.85,66.58,2
0.6338,0.0036,22.85,66.58,2
0.6062,-0.0276,22.84,66.58,2
0.5915,-0.0147,22.84,66.58,2
0.6119,0.0204,22.84,66.58,2
0.6408,0.0289,22.81,66.58,2
0.6514,0.0106,22.77,66.58,2
0.6627,0.0112,22.79,66.58,2
0.6717,0.009,22.75,66.58,2
0.6497,-0.022,22.77,66.58,2
0.6324,-0.0173,22.84,66.58,2
0.637,0.0046,22.87,66.58,2
0.6011,-0.0359,22.79,66.58,2
0.6223,0.0212,22.81,66.58,2
0.6202,-0.0022,22.76,66.58,2
0.6256,0.0054,22.68,66.58,2
0.6321,0.0065,22.73,66.58,2
0.6642,0.0321,22.83,66.58,2
0.6178,-0.0464,22.88,66.58,2
0.6076,-0.0102,22.93,66.58,2
0.6052,-0.0023,22.92,66.58,2
0.5717,-0.0336,22.85,66.58,2
0.5797,0.008,22.78,66.57,2
0.594,0.0143,22.75,66.57,2
0.5955,0.0015,22.66,66.57,2
0.6098,0.0143,22.74,66.57,2
0.6271,0.0173,22.72,66.57,2
0.6192,-0.0079,22.68,66.57,2
0.6292,0.01,22.64,66.57,2
0.661,0.0318,22.64,66.57,2
0.6903,0.0293,22.66,66.57,2
0.708,0.0176,22.75,66.58,2
0.7328,0.0248,22.82,66.58,2
0.7215,-0.0113,22.76,66.59,2
0.6956,-0.0259,22.82,66.59,2
0.6828,-0.0128,22.78,66.59,2
0.6391,-0.0437,22.8,66.59,2
0.6228,-0.0163,22.75,66.59,2
0.6349,0.0121,22.73,66.59,2
0.6759,0.041,22.74,66.59,2
0.6691,-0.0068,22.68,66.6,2
0.7022,0.0331,22.71,66.6,2
0.6726,-0.0296,22.74,66.6,2
0.6843,0.0117,22.82,66.6,2
0.7186,0.0343,22.87,66.61,2
0.7034,-0.0152,22.87,66.61,2
0.6961,-0.0073,22.85,66.61,2
0.7025,0.0064,22.78,66.61,2
0.7143,0.0118,22.8,66.62,2
0.7203,0.006,22.82,66.62,2
0.7473,0.027,22.9,66.63,2
0.7018,-0.0455,22.82,66.63,2
0.6773,-0.0245,22.8,66.63,2
0.6985,0.0212,22.78,66.63,2
0.7198,0.0213,22.8,66.64,2
0.7008,-0.019,22.76,66.64,2
0.7054,0.0046,22.74,66.64,2
0.7244,0.0191,22.8,66.64,2
0.7348,0.0104,22.79,66.65,2
0.7562,0.0214,22.87,66.65,2
0.7451,-0.0111,22.9,66.66,2
0.7164,-0.0287,22.91,66.66,2
0.7453,0.0289,23.03,66.66,2
0.7232,-0.0221,22.99,66.67,2
0.718,-0.0052,22.94,66.67,2
0.6935,-0.0245,22.99,66.67,2
0.6764,-0.0172,22.95,66.67,2
0.6749,-0.0014,22.96,66.67,2
0.6762,0.0013,22.99,66.67,2
0.7013,0.0251,22.96,66.67,2
0.7335,0.0322,22.93,66.68,2
0.7505,0.017,22.9,66.68,2
0.7186,-0.0319,22.86,66.68,2
0.7308,0.0123,22.81,66.69,2
0.6812,-0.0496,22.87,66.69,2
0.6678,-0.0135,22.8,66.69,2
0.6911,0.0233,22.91,66.69,2
0.6276,-0.0635,22.8,66.68,2
0.6592,0.0316,22.85,66.68,2
0.6471,-0.0121,22.83,66.68,2
0.6467,-0.0004,22.74,66.68,2
0.6748,0.0281,22.73,66.68,2
0.6982,0.0234,22.7,66.68,2
0.7151,0.0169,22.71,66.68,2
0.6878,-0.0273,22.73,66.69,2
0.6817,-0.0061,22.68,66.69,2
0.6721,-0.0096,22.61,66.69,2
0.6509,-0.0212,22.56,66.68,2
0.6475,-0.0035,22.54,66.68,2
0.6553,0.0078,22.6,66.68,2
0.631,-0.0242,22.55,66.68,2
0.663,0.032,22.53,66.68,2
0.6979,0.0349,22.58,66.68,2
0.7215,0.0237,22.56,66.68,2
0.7371,0.0156,22.59,66.69,2
0.7331,-0.004,22.68,66.69,2
0.7404,0.0072,22.69,66.69,2
0.7537,0.0133,22.67,66.7,2
0.7331,-0.0206,22.65,66.7,2
0.7281,-0.005,22.69,66.7,2
0.6985,-0.0296,22.73,66.7,2
0.67,-0.0285,22.72,66.7,2
0.7001,0.0301,22.76,66.7,2
0.6791,-0.0211,22.85,66.7,2
0.6874,0.0084,22.86,66.7,2
0.646,-0.0414,22.87,66.7,2
0.6771,0.0311,22.85,66.7,2
0.6461,-0.031,22.83,66.7,2
0.6773,0.0312,22.82,66.7,2
0.6334,-0.0439,22.81,66.7,2
0.581,-0.0524,22.82,66.69,2
0.5596,-0.0215,22.77,66.69,2
0.551,-0.0085,22.79,66.68,2
0.5973,0.0463,22.76,66.68,2
0.628,0.0307,22.78,66.67,2
0.6462,0.0182,22.9,66.67,2
0.6283,-0.018,22.86,66.67,2
0.6519,0.0236,22.83,66.67,2
0.6854,0.0335,22.85,66.67,2
0.7256,0.0402,22.87,66.67,2
0.709,-0.0166,22.79,66.68,2
0.7,-0.009,22.77,66.68,2
0.6384,-0.0616,22.81,66.68,2
0.669,0.0306,22.81,66.68,2
0.6539,-0.015,22.76,66.67,2
0.6391,-0.0148,22.87,66.67,2
0.6717,0.0326,22.84,66.67,2
0.6987,0.0271,22.86,66.67,2
0.6838,-0.015,22.85,66.68,2
0.6817,-0.002,22.76,66.68,2
0.6835,0.0018,22.74,66.68,2
0.6972,0.0137,22.71,66.68,2
0.6482,-0.049,22.73,66.68,2
0.6206,-0.0276,22.77,66.67,2
0.6307,0.01,22.82,66.67,2
0.635,0.0044,22.76,66.67,2
0.6462,0.0111,22.8,66.67,2
0.645,-0.0012,22.75,66.67,2
0.6639,0.0189,22.7,66.67,2
0.6996,0.0357,22.76,66.67,2
0.6796,-0.02,22.78,66.67,2
0.6661,-0.0135,22.81,66.67,2
0.6656,-0.0005,22.82,66.67,2
0.6642,-0.0015,22.79,66.67,2
0.6888,0.0247,22.76,66.67,2
0.7198,0.0309,22.77,66.67,2
0.7045,-0.0153,22.77,66.68,2
0.7055,0.001,22.85,66.68,2
0.7117,0.0062,22.87,66.68,2
0.7463,0.0346,22.94,66.68,2
0.782,0.0358,23.05,66.69,2
0.7851,0.0031,22.98,66.69,2
0.773,-0.0121,23.01,66.7,2
0.7736,0.0005,23.11,66.7,2
0.7588,-0.0148,23.14,66.71,2
0.7636,0.0047,23.24,66.71,2
0.7628,-0.0008,23.28,66.72,2
0.5649,-0.1979,23.21,66.71,2
0.63,0.0652,23.16,66.71,2
0.6533,0.0232,23.08,66.71,2
0.6832,0.0299,22.98,66.71,2
0.6758,-0.0074,23.0,66.7,2
0.6651,-0.0106,22.91,66.7,2
0.6552,-0.01,22.95,66.7,2
0.6612,0.0061,22.93,66.7,2
0.6569,-0.0043,22.9,66.7,2
0.6812,0.0243,22.82,66.7,2
0.6607,-0.0204,22.77,66.7,2
0.6579,-0.0028,22.74,66.7,2
0.6445,-0.0134,22.81,66.7,2
0.6726,0.0281,22.74,66.7,2
0.6981,0.0255,22.83,66.7,2
0.6628,-0.0353,22.9,66.7,2
0.6435,-0.0192,22.86,66.69,2
0.6332,-0.0104,22.87,66.69,2
0.6506,0.0174,22.87,66.69,2
0.6601,0.0095,22.84,66.69,2
0.6733,0.0133,22.83,66.69,2
0.6725,-0.0008,22.85,66.69,2
0.6562,-0.0164,22.74,66.69,2
0.6658,0.0096,22.67,66.69,2
0.6917,0.0259,22.7,66.69,2
0.655,-0.0367,22.74,66.69,2
0.6413,-0.0137,22.71,66.69,2
0.6684,0.0271,22.76,66.69,2
0.6569,-0.0115,22.77,66.69,2
0.6525,-0.0044,22.75,66.68,2
0.6832,0.0307,22.74,66.68,2
0.7129,0.0297,22.79,66.69,2
0.7535,0.0406,22.88,66.69,2
0.7627,0.0092,22.9,66.7,2
0.743,-0.0197,22.91,66.7,2
0.7609,0.0179,22.85,66.7,2
0.782,0.0211,22.82,66.71,2
0.7635,-0.0185,22.82,66.71,2
0.7601,-0.0034,22.81,66.72,2
0.7348,-0.0253,22.83,66.72,2
0.7113,-0.0235,22.86,66.72,2
0.7367,0.0254,22.79,66.72,2
0.6919,-0.0448,22.85,66.72,2
0.7131,0.0212,22.77,66.72,2
0.7188,0.0057,22.73,66.72,2
0.745,0.0262,22.74,66.73,2
0.7505,0.0055,22.9,66.73,2
0.7242,-0.0262,22.95,66.73,2
0.7194,-0.0048,22.97,66.73,2
0.7346,0.0152,22.97,66.74,2
0.7183,-0.0163,22.94,66.74,2
0.729,0.0107,22.95,66.74,2
0.7415,0.0126,23.01,66.74,2
0.7521,0.0106,22.99,66.74,2
0.7527,0.0006,23.05,66.75,2
0.7329,-0.0198,22.98,66.75,2
0.7526,0.0197,23.0,66.75,2
0.7468,-0.0059,22.95,66.75,2
0.7063,-0.0405,22.94,66.75,2
0.7215,0.0152,22.87,66.75,2
0.7188,-0.0027,22.9,66.75,2
0.7505,0.0317,22.91,66.76,2
0.7767,0.0261,22.95,66.76,2
0.7413,-0.0353,22.84,66.76,2
0.7435,0.0022,22.91,66.76,2
0.7537,0.0102,22.93,66.77,2
0.764,0.0103,22.99,66.77,2
0.7801,0.0161,22.99,66.77,2
0.7731,-0.007,23.07,66.78,2
0.779,0.0059,23.14,66.78,2
0.7656,-0.0135,23.17,66.78,2
0.7376,-0.028,23.14,66.78,2
0.6913,-0.0463,23.07,66.78,2
0.7018,0.0106,23.06,66.78,2
0.7256,0.0238,23.09,66.78,2
0.742,0.0164,23.09,66.78,2
0.7422,0.0002,23.05,66.79,2
0.7641,0.0219,23.1,66.79,2
0.7775,0.0134,23.15,66.79,2
0.791,0.0135,23.14,66.8,2
0.7647,-0.0263,23.12,66.8,2
0.7448,-0.0198,23.09,66.8,2
0.7399,-0.005,23.06,66.8,2
0.7123,-0.0276,22.97,66.8,2
0.701,-0.0113,22.95,66.8,2
0.7315,0.0305,23.0,66.8,2
0.7231,-0.0084,23.1,66.8,2
0.7431,0.02,23.08,66.8,2
0.7546,0.0115,23.11,66.8,2
0.7726,0.018,23.24,66.8,2
0.7662,-0.0064,23.16,66.81,2
0.7596,-0.0066,23.09,66.81,2
0.7663,0.0067,23.14,66.81,2
0.7788,0.0125,23.14,66.81,2
0.7907,0.0119,23.18,66.82,2
0.8125,0.0218,23.14,66.82,2
0.7992,-0.0133,23.15,66.82,2
0.7847,-0.0145,23.22,66.83,2
0.7955,0.0108,23.2,66.83,2
0.789,-0.0065,23.15,66.83,2
0.7346,-0.0544,23.12,66.83,2
0.7374,0.0028,23.14,66.83,2
0.7453,0.0079,23.06,66.83,2
0.7186,-0.0266,23.08,66.83,2
0.731,0.0124,23.04,66.83,2
0.7371,0.0061,22.98,66.83,2
0.7539,0.0168,23.03,66.83,2
0.7797,0.0258,22.99,66.84,2
0.782,0.0023,22.98,66.84,2
0.7643,-0.0178,22.95,66.84,2
0.7752,0.011,22.97,66.84,2
0.7796,0.0044,23.05,66.84,2
0.7876,0.0079,23.06,66.85,2
0.7737,-0.0138,23.15,66.85,2
0.7542,-0.0195,23.14,66.85,2
0.6653,-0.0889,23.18,66.85,2
0.6561,-0.0091,23.1,66.84,2
0.6904,0.0342,23.05,66.84,2
0.6819,-0.0085,23.05,66.84,2
0.7128,0.0309,22.96,66.84,2
0.7196,0.0068,22.94,66.84,2
0.7554,0.0358,22.92,66.84,2
0.763,0.0075,22.93,66.84,2
0.7594,-0.0036,22.93,66.84,2
0.7409,-0.0184,22.94,66.84,2
0.7528,0.0118,22.96,66.84,2
0.7252,-0.0276,22.91,66.84,2
0.7479,0.0227,23.01,66.84,2
0.7504,0.0024,22.93,66.84,2
0.7511,0.0007,23.01,66.84,2
0.7382,-0.0129,23.03,66.84,2
0.7455,0.0073,23.01,66.84,2
0.7323,-0.0132,23.11,66.84,2
0.7253,-0.007,23.05,66.84,2
0.7001,-0.0252,22.99,66.84,2
0.6479,-0.0521,22.97,66.83,2
0.674,0.0261,22.97,66.83,2
0.6973,0.0233,23.1,66.83,2
0.7309,0.0336,23.12,66.83,2
0.7385,0.0076,23.2,66.83,2
0.7526,0.0141,23.14,66.83,2
0.748,-0.0046,23.1,66.83,2
0.7603,0.0123,23.13,66.83,2
0.7693,0.009,23.1,66.84,2
0.7869,0.0176,23.25,66.84,2
0.7558,-0.0311,23.18,66.84,2
0.7718,0.016,23.17,66.84,2
0.7169,-0.0549,23.18,66.84,2
0.7036,-0.0133,23.14,66.84,2
0.7188,0.0152,23.06,66.84,2
0.729,0.0103,22.99,66.84,2
0.7196,-0.0094,22.99,66.84,2
0.7292,0.0096,22.96,66.84,2
0.6937,-0.0355,23.01,66.83,2
0.6631,-0.0306,23.0,66.83,2
0.6855,0.0224,22.97,66.83,2
0.7132,0.0278,23.05,66.83,2
0.7019,-0.0114,22.95,66.83,2
0.7164,0.0146,22.98,66.83,2
0.7418,0.0254,22.94,66.83,2
0.7677,0.0259,22.95,66.83,2
0.7328,-0.0349,22.94,66.83,2
0.7412,0.0084,22.96,66.83,2
0.6874,-0.0538,22.95,66.83,2
0.7044,0.017,22.99,66.82,2
0.6979,-0.0065,23.11,66.82,2
0.7184,0.0205,22.98,66.82,2
0.7461,0.0277,22.96,66.82,2
0.754,0.0079,23.03,66.82,2
0.7652,0.0112,23.11,66.83,2
0.788,0.0227,23.09,66.83,2
0.7861,-0.0019,23.18,66.83,2
0.7103,-0.0758,23.12,66.83,2
0.6659,-0.0444,23.19,66.83,2
0.6701,0.0041,23.23,66.82,2
0.6983,0.0282,23.17,66.82,2
0.7232,0.0249,23.19,66.82,2
0.6962,-0.027,23.13,66.82,2
0.7233,0.0272,23.12,66.82,2
0.7347,0.0113,23.15,66.82,2
0.7015,-0.0332,23.14,66.82,2
0.7004,-0.0011,23.12,66.82,2
0.7106,0.0103,23.09,66.82,2
0.7103,-0.0004,23.08,66.82,2
0.688,-0.0223,23.08,66.81,2
0.714,0.026,23.04,66.81,2
0.6985,-0.0155,23.03,66.81,2
0.6735,-0.0249,23.05,66.81,2
0.6505,-0.0231,22.99,66.81,2
0.6404,-0.0101,22.93,66.8,2
0.6483,0.0079,22.96,66.8,2
0.6805,0.0322,22.95,66.8,2
0.6975,0.017,22.84,66.8,2
0.6955,-0.002,22.8,66.79,2
0.7159,0.0204,22.79,66.79,2
0.754,0.0381,22.77,66.8,2
0.7864,0.0324,22.86,66.8,2
0.7871,0.0008,22.85,66.8,2
0.7704,-0.0167,22.87,66.81,2
0.7872,0.0168,22.83,66.81,2
0.7751,-0.0122,22.97,66.81,2
0.79,0.0149,22.94,66.81,2
0.8097,0.0197,22.96,66.82,2
0.7765,-0.0331,22.99,66.82,2
0.7748,-0.0017,23.11,66.82,2
0.7851,0.0103,23.19,66.83,2
0.7906,0.0054,23.17,66.83,2
0.7955,0.005,23.11,66.83,2
0.8055,0.01,23.04,66.84,2
0.7923,-0.0132,22.99,66.84,2
0.8112,0.0189,22.91,66.84,2
0.8121,0.0008,22.84,66.85,2
0.8059,-0.0061,22.95,66.85,2
0.8312,0.0253,22.9,66.85,2
0.8026,-0.0286,22.91,66.86,2
0.7905,-0.0121,22.85,66.86,2
0.7849,-0.0057,22.83,66.86,2
0.7852,0.0003,22.77,66.86,2
0.7923,0.0071,22.86,66.87,2
0.7902,-0.0021,22.87,66.87,2
0.7847,-0.0055,22.89,66.87,2
0.8034,0.0187,22.87,66.87,2
0.8023,-0.0011,22.97,66.88,2
0.7651,-0.0372,23.07,66.88,2
0.7752,0.0101,23.15,66.88,2
0.7888,0.0136,23.13,66.88,2
0.7738,-0.015,23.12,66.88,2
0.7495,-0.0243,23.12,66.88,2
0.7701,0.0206,23.11,66.88,2
0.7923,0.0222,23.15,66.88,2
0.7631,-0.0293,23.13,66.88,2
0.7557,-0.0074,23.14,66.88,2
0.7532,-0.0025,23.13,66.88,2
0.7455,-0.0077,23.12,66.88,2
0.7314,-0.0141,23.21,66.88,2
0.7225,-0.0089,23.18,66.88,2
0.7214,-0.001,23.16,66.88,2
0.742,0.0206,23.17,66.88,2
0.7138,-0.0282,23.15,66.88,2
0.7217,0.0079,23.2,66.88,2
0.7386,0.0169,23.22,66.88,2
0.7501,0.0115,23.2,66.88,2
0.7698,0.0197,23.15,66.88,2
0.7941,0.0243,23.13,66.88,2
0.8203,0.0263,23.06,66.88,2
0.7891,-0.0313,23.13,66.88,2
0.7815,-0.0076,23.24,66.88,2
0.7849,0.0034,23.13,66.89,2
0.8002,0.0153,23.14,66.89,2
0.8172,0.017,23.12,66.89,2
0.7928,-0.0244,23.04,66.89,2
0.7923,-0.0004,23.1,66.9,2
0.7738,-0.0185,23.17,66.9,2
0.7783,0.0045,23.17,66.9,2
0.7606,-0.0177,23.2,66.9,2
0.7589,-0.0017,23.16,66.9,2
0.7623,0.0034,23.22,66.9,2
0.736,-0.0263,23.19,66.9,2
0.7296,-0.0064,23.19,66.89,2
0.7214,-0.0082,23.15,66.89,2
0.7203,-0.0012,23.09,66.89,2
0.7054,-0.0149,23.08,66.89,2
0.6973,-0.008,23.05,66.89,2
0.7058,0.0085,23.0,66.88,2
0.7194,0.0136,22.95,66.88,2
0.7156,-0.0038,23.01,66.88,2
0.7251,0.0095,22.96,66.88,2
0.752,0.0269,22.96,66.88,2
0.7497,-0.0023,22.95,66.88,2
0.7387,-0.011,22.95,66.88,2
0.7536,0.0148,22.89,66.88,2
0.7219,-0.0317,22.92,66.88,2
0.6818,-0.04,22.94,66.87,2
0.683,0.0012,22.92,66.87,2
0.6812,-0.0018,22.93,66.87,2
0.7021,0.0209,22.94,66.86,2
0.7221,0.02,22.93,66.86,2
0.7326,0.0105,22.89,66.86,2
0.7615,0.0289,22.96,66.86,2
0.7092,-0.0523,23.01,66.86,2
0.6549,-0.0543,22.93,66.86,2
0.6735,0.0186,22.92,66.85,2
0.7205,0.047,22.92,66.85,2
0.7223,0.0018,22.85,66.85,2
0.7087,-0.0136,22.9,66.85,2
0.7089,0.0002,22.91,66.85,2
0.7067,-0.0022,22.89,66.85,2
0.7194,0.0127,22.98,66.85,2
0.7087,-0.0107,23.0,66.84,2
0.7193,0.0106,23.01,66.84,2
0.7231,0.0038,23.02,66.84,2
0.7259,0.0028,22.97,66.84,2
0.6811,-0.0448,22.9,66.84,2
0.6538,-0.0273,23.0,66.84,2
0.6342,-0.0196,23.04,66.83,2
0.6136,-0.0206,22.99,66.82,2
0.6298,0.0161,22.9,66.82,2
0.6305,0.0008,22.88,66.81,2
0.649,0.0184,22.87,66.81,2
0.6522,0.0032,22.84,66.81,2
0.6447,-0.0075,22.84,66.8,2
0.6712,0.0265,22.88,66.8,2
0.6895,0.0183,22.93,66.8,2
0.7112,0.0217,22.92,66.8,2
0.7243,0.0131,22.99,66.8,2
0.7186,-0.0057,22.89,66.8,2
0.7353,0.0167,22.94,66.8,2
0.7379,0.0027,22.93,66.8,2
0.7344,-0.0035,22.93,66.8,2
0.7458,0.0114,22.89,66.8,2
0.7364,-0.0093,22.89,66.8,2
0.7594,0.0229,22.94,66.81,2
0.7622,0.0028,22.9,66.81,2
0.7504,-0.0118,22.95,66.81,2
0.7713,0.0209,22.89,66.81,2
0.7776,0.0063,22.98,66.81,2
0.7869,0.0093,22.96,66.82,2
0.7713,-0.0156,22.92,66.82,2
0.7269,-0.0443,22.92,66.82,2
0.7377,0.0107,22.88,66.82,2
0.7591,0.0214,22.9,66.82,2
0.7692,0.0102,22.92,66.82,2
0.7771,0.0079,22.94,66.83,2
0.7902,0.0131,23.01,66.83,2
0.7898,-0.0004,23.07,66.83,2
0.7914,0.0016,23.07,66.83,2
0.7806,-0.0108,23.14,66.84,2
0.7803,-0.0003,23.08,66.84,2
0.7576,-0.0227,23.1,66.84,2
0.7662,0.0087,23.08,66.84,2
0.7338,-0.0325,23.08,66.84,2
0.7421,0.0084,23.09,66.84,2
0.7256,-0.0165,23.13,66.84,2
0.7207,-0.0049,23.19,66.84,2
0.6976,-0.0231,23.17,66.84,2
0.7231,0.0255,23.18,66.84,2
0.7023,-0.0209,23.16,66.84,2
0.7181,0.0158,23.19,66.84,2
0.6759,-0.0422,23.2,66.83,2
0.6679,-0.0081,23.17,66.83,2
0.6695,0.0016,23.12,66.83,2
0.6336,-0.0359,23.11,66.82,2
0.6465,0.0129,23.14,66.82,2
0.6149,-0.0317,23.15,66.81,2
0.5632,-0.0517,23.15,66.8,2
0.6018,0.0386,23.14,66.8,2
0.6312,0.0294,23.0,66.79,2
0.6574,0.0262,22.97,66.79,2
0.7071,0.0498,22.96,66.79,2
0.7388,0.0317,23.09,66.79,2
0.7514,0.0126,23.06,66.79,2
0.7336,-0.0177,23.08,66.79,2
0.6976,-0.036,23.08,66.79,2
0.6918,-0.0059,23.06,66.79,2
0.6635,-0.0283,23.09,66.79,2
0.6883,0.0248,23.15,66.79,2
0.6923,0.0039,23.08,66.79,2
0.688,-0.0043,23.02,66.78,2
0.6614,-0.0265,23.01,66.78,2
0.6842,0.0227,23.07,66.78,2
0.702,0.0179,23.07,66.78,2
0.7171,0.0151,23.02,66.78,2
0.7281,0.011,22.97,66.78,2
0.7493,0.0212,22.97,66.78,2
0.7632,0.014,22.99,66.79,2
0.7411,-0.0221,23.04,66.79,2
0.745,0.0039,23.03,66.79,2
0.749,0.004,22.97,66.79,2
0.7584,0.0094,23.0,66.79,2
0.7633,0.0049,23.06,66.79,2
0.7462,-0.0171,23.11,66.8,2
0.732,-0.0142,23.12,66.8,2
0.7068,-0.0252,23.15,66.8,2
0.7099,0.0032,23.1,66.8,2
0.7311,0.0212,23.05,66.8,2
0.7543,0.0231,23.04,66.8,2
0.7062,-0.048,23.02,66.8,2
0.698,-0.0082,23.03,66.8,2
0.7016,0.0036,23.02,66.8,2
0.6965,-0.0051,23.0,66.79,2
0.7058,0.0093,23.03,66.79,2
0.7164,0.0107,23.01,66.79,2
0.7048,-0.0116,23.07,66.79,2
0.7184,0.0135,23.06,66.79,2
0.7248,0.0065,23.12,66.79,2
0.7209,-0.004,23.07,66.79,2
0.7204,-0.0005,23.04,66.79,2
0.7169,-0.0035,23.05,66.79,2
0.7218,0.0049,22.97,66.79,2
0.6965,-0.0253,23.01,66.79,2
0.684,-0.0124,22.91,66.79,2
0.7012,0.0172,22.86,66.79,2
0.6952,-0.006,22.86,66.79,2
0.6923,-0.0029,22.94,66.79,2
0.6748,-0.0175,22.93,66.79,2
0.648,-0.0268,22.91,66.78,2
0.6134,-0.0346,22.88,66.78,2
0.5893,-0.0242,22.92,66.77,2
0.5989,0.0097,22.95,66.77,2
0.6066,0.0076,22.89,66.76,2
0.6188,0.0122,22.78,66.76,2
0.6365,0.0178,22.84,66.75,2
0.6628,0.0263,22.86,66.75,2
0.6334,-0.0294,22.83,66.75,2
0.642,0.0086,22.83,66.75,2
0.6363,-0.0057,22.76,66.74,2
0.6169,-0.0195,22.79,66.74,2
0.6247,0.0078,22.61,66.73,2
0.6321,0.0074,22.69,66.73,2
0.6427,0.0106,22.72,66.73,2
0.6265,-0.0162,22.73,66.73,2
0.6176,-0.0089,22.82,66.72,2
0.6489,0.0313,22.78,66.72,2
0.6129,-0.036,22.77,66.72,2
0.6434,0.0305,22.76,66.71,2
0.6819,0.0385,22.84,66.71,2
0.6363,-0.0456,22.85,66.71,2
0.5987,-0.0376,22.8,66.71,2
0.6148,0.0161,22.8,66.7,2
0.657,0.0423,22.73,66.7,2
0.6227,-0.0343,22.8,66.7,2
0.636,0.0132,22.82,66.7,2
0.6736,0.0376,22.82,66.7,2
0.6755,0.0019,22.85,66.7,2
0.6716,-0.0039,22.85,66.7,2
0.6626,-0.009,22.78,66.7,2
0.632,-0.0306,22.83,66.69,2
0.6241,-0.0079,22.77,66.69,2
0.6281,0.004,22.79,66.69,2
0.6353,0.0072,22.84,66.69,2
0.6554,0.0201,22.76,66.69,2
0.6758,0.0204,22.85,66.69,2
0.6977,0.0219,22.79,66.69,2
0.6741,-0.0235,22.78,66.69,2
0.6847,0.0106,22.85,66.69,2
0.6623,-0.0224,22.88,66.69,2
0.6248,-0.0376,22.87,66.68,2
0.615,-0.0098,22.79,66.68,2
0.6058,-0.0091,22.77,66.68,2
0.5903,-0.0155,22.66,66.67,2
0.5821,-0.0083,22.73,66.67,2
0.5938,0.0117,22.75,66.67,2
0.4298,-0.1639,23.02,66.69,1
0.5172,0.0874,23.27,66.73,1
0.5424,0.0253,23.17,66.72,2
0.5758,0.0334,23.1,66.71,2
0.5664,-0.0094,23.04,66.71,2
0.6081,0.0416,23.04,66.7,2
0.6378,0.0298,23.0,66.7,2
0.6594,0.0216,22.96,66.7,2
0.6731,0.0136,23.01,66.7,2
0.6971,0.024,22.9,66.7,2
0.7261,0.029,22.86,66.7,2
0.7372,0.0111,22.79,66.71,2
0.6934,-0.0437,22.81,66.71,2
0.6804,-0.013,22.83,66.71,2
0.6939,0.0134,22.82,66.71,2
0.7116,0.0178,22.89,66.71,2
0.6941,-0.0175,22.87,66.71,2
0.6918,-0.0024,22.83,66.71,2
0.728,0.0363,22.94,66.71,2
0.6769,-0.0511,22.98,66.71,2
0.6634,-0.0135,22.99,66.71,2
0.6876,0.0242,22.98,66.71,2
0.6949,0.0073,23.03,66.71,2
0.6852,-0.0097,23.04,66.71,2
0.6487,-0.0365,23.04,66.71,2
0.6144,-0.0343,23.02,66.71,2
0.5971,-0.0173,23.01,66.7,2
0.6379,0.0408,22.9,66.7,2
0.6208,-0.0171,22.99,66.7,2
0.6103,-0.0105,23.05,66.69,2
0.6443,0.0341,22.97,66.69,2
0.6563,0.012,23.04,66.69,2
0.6714,0.0151,23.12,66.69,2
0.6923,0.0209,23.12,66.69,2
0.7048,0.0125,23.08,66.69,2
0.6754,-0.0294,23.14,66.69,2
0.6959,0.0205,23.11,66.69,2
0.6504,-0.0454,23.08,66.69,2
0.6343,-0.0162,23.04,66.69,2
0.6536,0.0194,23.06,66.69,2
0.6411,-0.0125,23.05,66.69,2
0.6251,-0.016,23.05,66.68,2
0.6159,-0.0092,23.04,66.68,2
0.5788,-0.0371,23.07,66.68,2
0.5963,0.0175,23.12,66.67,2
0.6184,0.0221,23.1,66.67,2
0.5909,-0.0275,23.04,66.67,2
0.5884,-0.0025,23.04,66.66,2
0.6213,0.033,22.85,66.66,2
0.624,0.0027,22.8,66.66,2
0.4518,-0.1723,22.76,66.65,2
0.5252,0.0734,22.65,66.64,2
0.5652,0.04,22.62,66.64,2
0.6079,0.0427,22.71,66.63,2
0.6435,0.0356,22.72,66.63,2
0.5929,-0.0506,22.78,66.63,2
0.5989,0.006,22.8,66.63,2
0.6309,0.032,22.82,66.63,2
0.6434,0.0125,22.91,66.63,2
0.6352,-0.0082,22.98,66.63,2
0.5888,-0.0464,22.97,66.62,2
0.5792,-0.0096,22.98,66.62,2
0.5444,-0.0348,23.02,66.61,2
0.5529,0.0086,22.92,66.61,2
0.587,0.034,22.93,66.61,2
0.6195,0.0326,22.99,66.61,2
0.6373,0.0178,22.99,66.61,2
0.594,-0.0433,22.96,66.6,2
0.5791,-0.0149,22.92,66.6,2
0.5645,-0.0146,22.95,66.6,2
0.5797,0.0152,22.84,66.59,2
0.6051,0.0254,22.83,66.59,2
0.6521,0.047,22.79,66.59,2
0.6525,0.0004,22.75,66.59,2
0.6259,-0.0266,22.74,66.59,2
0.5909,-0.035,22.63,66.59,2
0.5942,0.0033,22.62,66.59,2
0.5619,-0.0323,22.62,66.58,2
0.5541,-0.0078,22.63,66.58,2
0.3949,-0.1591,22.92,66.61,1
0.464,0.069,23.22,66.64,1
0.5395,0.0756,23.15,66.63,2
0.5451,0.0056,23.14,66.63,2
0.5687,0.0236,23.11,66.62,2
0.5994,0.0307,23.17,66.62,2
0.5862,-0.0133,23.14,66.62,2
0.5761,-0.0101,23.1,66.61,2
0.5801,0.0041,23.05,66.61,2
0.5321,-0.048,23.03,66.61,2
0.5214,-0.0107,22.96,66.6,2
0.5176,-0.0038,22.92,66.59,2
0.504,-0.0136,22.91,66.59,2
0.5359,0.0319,22.78,66.58,2
0.5165,-0.0194,22.81,66.58,2
0.5288,0.0123,22.79,66.57,2
0.5347,0.0059,22.74,66.57,2
0.5641,0.0293,22.72,66.56,2
0.5549,-0.0092,22.66,66.56,2
0.3944,-0.1605,22.93,66.59,1
0.4499,0.0555,23.22,66.62,1
0.4948,0.0449,23.13,66.61,2
0.5132,0.0184,23.07,66.61,2
0.5253,0.0122,23.01,66.6,2
0.4955,-0.0298,22.84,66.59,2
0.3494,-0.1461,23.14,66.62,1
0.3758,0.0264,23.3,66.64,1
0.4222,0.0464,23.46,66.67,1
0.4514,0.0292,23.27,66.66,2
0.4881,0.0367,23.16,66.65,2
0.5152,0.027,23.09,66.65,2
0.5187,0.0035,23.06,66.64,2
0.5381,0.0195,23.06,66.63,2
0.5372,-0.001,23.04,66.63,2
0.379,-0.1582,23.23,66.65,1
0.4165,0.0375,23.38,66.68,1
0.4499,0.0334,23.53,66.71,1
0.4863,0.0364,23.46,66.7,2
0.4936,0.0073,23.39,66.69,2
0.4902,-0.0034,23.32,66.68,2
0.5278,0.0377,23.23,66.67,2
0.5008,-0.027,23.13,66.67,2
0.3507,-0.1502,23.37,66.69,1
0.4044,0.0538,23.53,66.72,1
0.4405,0.0361,23.64,66.74,1
0.4645,0.024,23.42,66.73,2
0.4498,-0.0147,23.35,66.72,2
0.4998,0.05,23.35,66.71,2
0.4918,-0.008,23.25,66.7,2
0.495,0.0032,23.22,66.69,2
0.518,0.0231,23.15,66.68,2
0.5669,0.0488,23.1,66.68,2
0.5436,-0.0232,23.08,66.67,2
0.544,0.0004,23.01,66.67,2
0.5491,0.005,22.92,66.66,2
0.5331,-0.016,22.9,66.65,2
0.5619,0.0288,22.85,66.65,2
0.564,0.0021,22.81,66.64,2
0.5557,-0.0083,22.78,66.64,2
0.5566,0.0008,22.8,66.63,2
0.5631,0.0066,22.77,66.63,2
0.5835,0.0204,22.82,66.63,2
0.5483,-0.0352,22.83,66.62,2
0.5293,-0.019,22.79,66.61,2
0.5554,0.0261,22.78,66.61,2
0.5734,0.0181,22.78,66.61,2
0.5535,-0.02,22.67,66.6,2
0.552,-0.0014,22.75,66.6,2
0.5838,0.0318,22.71,66.6,2
0.6107,0.0269,22.65,66.59,2
0.6299,0.0191,22.69,66.59,2
0.6436,0.0137,22.74,66.59,2
0.6043,-0.0394,22.82,66.59,2
0.5929,-0.0114,22.79,66.59,2
0.5864,-0.0065,22.8,66.59,2
0.6102,0.0238,22.75,66.59,2
0.5858,-0.0244,22.73,66.58,2
0.5683,-0.0175,22.79,66.58,2
0.5642,-0.0042,22.8,66.58,2
0.53,-0.0342,22.75,66.57,2
0.5306,0.0006,22.75,66.57,2
0.5389,0.0084,22.78,66.56,2
0.533,-0.0059,22.74,66.56,2
0.5423,0.0093,22.69,66.55,2
0.5769,0.0345,22.74,66.55,2
0.5755,-0.0014,22.82,66.55,2
0.5471,-0.0284,22.79,66.55,2
0.5198,-0.0272,22.79,66.54,2
0.5433,0.0235,22.79,66.54,2
0.5536,0.0102,22.83,66.53,2
0.5561,0.0025,22.72,66.53,2
0.508,-0.0481,22.75,66.53,2
0.4837,-0.0243,22.67,66.52,2
0.3395,-0.1443,22.98,66.55,1
0.3953,0.0558,23.24,66.58,1
0.4185,0.0232,23.56,66.6,1
0.4458,0.0274,23.74,66.63,1
0.3107,-0.1351,23.91,66.66,1
0.3947,0.084,23.94,66.68,1
0.4805,0.0858,23.66,66.67,2
0.4839,0.0034,23.46,66.67,2
0.4874,0.0035,23.45,66.66,2
0.4919,0.0045,23.34,66.65,2
0.3449,-0.147,23.57,66.67,1
0.3907,0.0458,23.73,66.7,1
0.2762,-0.1145,24.18,66.75,0
0.3111,0.0349,24.52,66.8,0
0.3303,0.0192,24.65,66.82,1
0.2201,-0.1102,24.63,66.83,1
0.3115,0.0915,24.78,66.85,1
0.4119,0.1004,24.85,66.88,1
0.3985,-0.0133,25.01,66.9,1
0.4072,0.0087,25.07,66.92,1
0.4321,0.0249,25.13,66.94,1
0.4567,0.0246,24.84,66.93,2
0.4644,0.0077,24.71,66.91,2
0.4897,0.0252,24.44,66.9,2
0.4621,-0.0275,24.21,66.88,2
0.3167,-0.1454,24.32,66.9,1
0.3497,0.0329,24.45,66.92,1
0.3895,0.0399,24.51,66.94,1
0.4305,0.041,24.59,66.97,1
0.4533,0.0228,24.43,66.95,2
0.4761,0.0228,24.18,66.93,2
0.4966,0.0205,24.06,66.92,2
0.4718,-0.0248,23.93,66.9,2
0.3262,-0.1456,24.05,66.92,1
0.4037,0.0775,24.15,66.94,1
0.4041,0.0004,24.29,66.97,1
0.4101,0.0061,24.42,66.99,1
0.4143,0.0042,24.52,67.01,1
0.4367,0.0224,24.67,67.03,1
0.4554,0.0187,24.48,67.01,2
0.4783,0.0229,24.3,67.0,2
0.3348,-0.1436,24.37,67.01,1
0.3986,0.0638,24.41,67.03,1
0.4329,0.0344,24.51,67.05,1
0.4563,0.0233,24.21,67.04,2
0.4682,0.0119,23.97,67.02,2
0.5076,0.0394,23.81,67.0,2
0.5071,-0.0006,23.68,66.99,2
0.4773,-0.0297,23.61,66.97,2
0.4985,0.0212,23.61,66.96,2
0.5119,0.0134,23.54,66.94,2
0.3617,-0.1503,23.7,66.96,1
0.4177,0.056,23.9,66.98,1
0.4378,0.0201,23.99,67.01,1
0.4727,0.0349,23.81,66.99,2
0.455,-0.0177,23.66,66.97,2
0.4459,-0.0091,23.89,67.0,1
0.4887,0.0429,24.03,67.02,1
0.4575,-0.0312,23.87,67.0,2
0.4412,-0.0163,23.72,66.99,2
0.4499,0.0087,23.96,67.01,1
0.449,-0.0009,24.12,67.03,1
0.4791,0.0301,23.96,67.01,2
0.3338,-0.1453,23.76,66.99,2
0.3565,0.0227,23.92,67.01,1
0.4067,0.0502,24.06,67.03,1
0.4546,0.0479,23.94,67.01,2
0.441,-0.0136,23.78,66.99,2
0.3047,-0.1363,23.96,67.01,1
0.3461,0.0415,24.11,67.02,1
0.3671,0.0209,24.29,67.04,1
0.3768,0.0097,24.41,67.06,1
0.411,0.0343,24.62,67.08,1
0.4343,0.0233,24.69,67.1,1
0.418,-0.0163,24.78,67.12,1
0.4033,-0.0146,24.82,67.14,1
0.3795,-0.0239,24.93,67.15,1
0.3941,0.0147,24.9,67.17,1
0.2637,-0.1304,25.11,67.21,0
0.321,0.0573,25.44,67.25,0
0.3607,0.0397,25.51,67.26,1
0.3857,0.025,25.5,67.28,1
0.4092,0.0235,25.52,67.29,1
0.4415,0.0323,25.47,67.31,1
0.4432,0.0017,25.53,67.33,1
0.4553,0.0121,25.37,67.3,2
0.4953,0.04,25.14,67.28,2
0.3454,-0.1499,25.14,67.29,1
0.3995,0.0541,25.16,67.31,1
0.4427,0.0432,25.19,67.32,1
0.425,-0.0177,25.22,67.34,1
0.4399,0.015,25.25,67.35,1
0.3008,-0.1392,25.23,67.36,1
0.2178,-0.083,25.46,67.39,0
0.3428,0.125,25.77,67.43,0
0.3585,0.0157,25.75,67.44,1
0.3709,0.0123,25.73,67.45,1
0.2476,-0.1233,26.03,67.49,0
0.2881,0.0405,26.27,67.52,0
0.3245,0.0364,26.32,67.53,1
0.3677,0.0433,26.31,67.53,1
0.4452,0.0774,26.23,67.55,1
0.4271,-0.0181,26.21,67.56,1
0.4491,0.022,26.23,67.57,1
0.304,-0.1451,26.08,67.57,1
0.3322,0.0282,26.07,67.58,1
0.3775,0.0452,26.09,67.58,1
0.4103,0.0329,26.14,67.59,1
0.4352,0.0249,26.12,67.6,1
0.4252,-0.01,26.03,67.61,1
0.2872,-0.138,25.99,67.61,1
0.3557,0.0685,26.02,67.62,1
0.3607,0.0049,25.91,67.62,1
0.3763,0.0156,25.91,67.63,1
0.2528,-0.1235,26.06,67.66,0
0.2913,0.0385,26.27,67.69,0
0.3641,0.0728,26.35,67.7,1
0.3655,0.0015,26.37,67.7,1
0.3552,-0.0103,26.36,67.71,1
0.4124,0.0571,26.3,67.71,1
0.4186,0.0062,26.28,67.72,1
0.2803,-0.1383,26.25,67.72,1
0.3514,0.0711,26.21,67.72,1
0.3784,0.0271,26.21,67.73,1
0.4152,0.0368,26.17,67.73,1
0.282,-0.1332,26.1,67.73,1
0.2029,-0.0791,26.27,67.76,0
0.1532,-0.0497,26.4,67.78,0
0.1199,-0.0333,26.45,67.8,0
0.0964,-0.0235,26.56,67.82,0
0.2565,0.16,26.71,67.85,0
0.3131,0.0566,26.64,67.84,1
0.3707,0.0576,26.57,67.85,1
0.3778,0.0071,26.54,67.85,1
0.3816,0.0038,26.53,67.85,1
0.3925,0.0108,26.56,67.85,1
0.4295,0.037,26.51,67.86,1
0.2908,-0.1387,26.4,67.85,1
0.3364,0.0457,26.31,67.85,1
0.3414,0.005,26.33,67.85,1
0.2263,-0.1151,26.51,67.88,0
0.2698,0.0436,26.71,67.9,0
0.1773,-0.0925,26.87,67.92,0
0.2344,0.0571,27.01,67.95,0
0.1504,-0.084,27.07,67.97,0
0.1032,-0.0472,27.19,67.98,0
0.0753,-0.0279,27.3,68.0,0
0.1654,0.09,27.43,68.01,0
0.1021,-0.0632,27.58,68.03,0
0.2126,0.1105,27.62,68.05,0
0.2826,0.07,27.41,68.04,1
0.1799,-0.1027,27.25,68.03,1
0.1219,-0.0579,27.39,68.05,0
0.1951,0.0732,27.58,68.07,0
0.2923,0.0972,27.39,68.06,1
0.3254,0.0331,27.21,68.05,1
0.211,-0.1144,27.34,68.07,0
0.261,0.05,27.48,68.09,0
0.1691,-0.0919,27.55,68.11,0
0.2244,0.0554,27.66,68.13,0
0.2752,0.0508,27.83,68.15,0
0.3197,0.0445,27.63,68.14,1
0.2064,-0.1133,27.49,68.13,1
0.2653,0.0589,27.62,68.15,0
0.3037,0.0385,27.67,68.17,0
0.3113,0.0076,27.49,68.17,1
0.3324,0.0211,27.38,68.16,1
0.334,0.0016,27.25,68.15,1
0.2152,-0.1188,27.26,68.17,0
0.149,-0.0662,27.25,68.19,0
0.2727,0.1236,27.37,68.21,0
0.1859,-0.0868,27.42,68.22,0
0.2671,0.0812,27.46,68.24,0
0.1785,-0.0886,27.51,68.25,0
0.2594,0.0809,27.69,68.27,0
0.309,0.0496,27.43,68.26,1
0.3408,0.0318,27.34,68.25,1
0.2233,-0.1175,27.38,68.27,0
0.3037,0.0804,27.42,68.29,0
0.35,0.0463,27.35,68.28,1
0.3911,0.041,27.22,68.27,1
0.407,0.0159,27.16,68.27,1
0.4088,0.0019,27.08,68.26,1
0.3957,-0.0132,26.98,68.26,1
0.2653,-0.1304,27.16,68.28,0
0.3075,0.0421,27.34,68.3,0
0.3579,0.0505,27.18,68.29,1
0.2407,-0.1172,26.98,68.28,1
0.1724,-0.0682,27.03,68.29,0
0.1303,-0.0421,27.14,68.3,0
0.2402,0.1098,27.28,68.32,0
0.2833,0.0432,27.12,68.3,1
0.1851,-0.0983,26.99,68.29,1
0.1292,-0.0558,27.12,68.3,0
0.0958,-0.0334,27.18,68.31,0
0.2045,0.1087,27.33,68.32,0
0.1339,-0.0705,27.38,68.33,0
0.2087,0.0747,27.36,68.34,0
0.1314,-0.0773,27.48,68.35,0
0.2259,0.0945,27.53,68.37,0
0.2606,0.0347,27.6,68.38,0
0.3003,0.0398,27.42,68.37,1
0.3387,0.0384,27.31,68.36,1
0.3572,0.0185,27.21,68.35,1
0.2342,-0.123,27.35,68.37,0
0.2919,0.0577,27.51,68.38,0
0.3184,0.0265,27.33,68.37,1
0.209,-0.1094,27.2,68.35,1
0.2819,0.073,27.07,68.34,1
0.1878,-0.0941,27.19,68.35,0
0.2935,0.1057,27.24,68.37,0
0.1983,-0.0951,27.42,68.38,0
0.2547,0.0563,27.49,68.4,0
0.3072,0.0525,27.43,68.39,1
0.1993,-0.1079,27.36,68.37,1
0.1377,-0.0616,27.5,68.38,0
0.1006,-0.0371,27.61,68.39,0
0.2044,0.1038,27.66,68.4,0
0.1328,-0.0716,27.77,68.41,0
0.1943,0.0615,27.84,68.42,0
0.2395,0.0452,27.97,68.43,0
0.2813,0.0418,27.77,68.42,1
0.1732,-0.1081,27.55,68.4,1
0.2463,0.0731,27.71,68.41,0
0.2747,0.0284,27.82,68.43,0
0.3099,0.0353,27.59,68.41,1
0.1942,-0.1157,27.49,68.4,1
0.1294,-0.0648,27.54,68.4,0
0.1938,0.0644,27.6,68.42,0
0.1197,-0.0742,27.63,68.42,0
0.0787,-0.041,27.68,68.43,0
0.1675,0.0888,27.75,68.44,0
0.1005,-0.067,27.88,68.45,0
0.0642,-0.0364,27.85,68.45,0
0.0436,-0.0205,27.92,68.45,0
0.1539,0.1103,28.06,68.46,0
0.2314,0.0775,28.18,68.47,0
0.2779,0.0465,28.17,68.49,0
0.3065,0.0286,27.96,68.47,1
0.3224,0.0159,27.79,68.46,1
0.3287,0.0062,27.67,68.45,1
0.2088,-0.1198,27.83,68.46,0
0.142,-0.0668,27.87,68.47,0
0.2129,0.0709,27.92,68.48,0
0.2729,0.06,28.01,68.49,0
0.2973,0.0244,27.85,68.48,1
0.1891,-0.1082,27.75,68.46,1
0.2617,0.0726,27.84,68.47,0
0.1703,-0.0914,27.88,68.48,0
0.1186,-0.0518,27.96,68.49,0
0.0876,-0.0309,28.02,68.49,0
0.218,0.1303,28.09,68.5,0
0.1447,-0.0733,28.23,68.51,0
0.2221,0.0774,28.38,68.52,0
0.1419,-0.0802,28.4,68.53,0
0.0966,-0.0453,28.49,68.53,0
0.0697,-0.0269,28.45,68.53,0
0.0527,-0.0169,28.42,68.54,0
0.1689,0.1162,28.45,68.54,0
0.1054,-0.0635,28.43,68.55,0
0.1875,0.0821,28.47,68.56,0
0.2392,0.0517,28.55,68.57,0
0.1451,-0.0941,28.63,68.57,0
0.244,0.0989,28.76,68.58,0
0.1551,-0.0889,28.68,68.59,0
0.1049,-0.0502,28.66,68.59,0
0.2001,0.0952,28.67,68.6,0
0.1263,-0.0737,28.68,68.61,0
0.2073,0.081,28.67,68.61,0
0.2566,0.0493,28.68,68.62,0
0.1581,-0.0985,28.67,68.63,0
0.2387,0.0807,28.74,68.64,0
0.2962,0.0575,28.53,68.62,1
0.1895,-0.1067,28.37,68.6,1
0.2318,0.0423,28.46,68.61,0
0.1457,-0.0862,28.54,68.61,0
0.0978,-0.0478,28.49,68.62,0
0.2475,0.1497,28.54,68.63,0
0.1648,-0.0827,28.53,68.63,0
0.1161,-0.0487,28.61,68.64,0
0.0858,-0.0303,28.66,68.64,0
0.0658,-0.02,28.71,68.64,0
0.0519,-0.0139,28.76,68.64,0
0.0417,-0.0102,28.73,68.64,0
0.034,-0.0077,28.71,68.64,0
0.0279,-0.006,28.66,68.63,0
0.0232,-0.0048,28.69,68.63,0
0.0193,-0.0039,28.66,68.63,0
0.1537,0.1344,28.61,68.64,0
0.2155,0.0618,28.63,68.64,0
0.1294,-0.0861,28.63,68.65,0
0.0829,-0.0465,28.7,68.65,0
0.0567,-0.0262,28.67,68.65,0
0.1563,0.0995,28.72,68.65,0
0.2154,0.0591,28.75,68.66,0
0.2596,0.0442,28.86,68.67,0
0.1565,-0.103,28.77,68.68,0
0.1005,-0.056,28.75,68.68,0
0.0688,-0.0317,28.74,68.68,0
0.1849,0.1161,28.75,68.68,0
0.116,-0.0689,28.73,68.68,0
0.2073,0.0914,28.76,68.69,0
0.1286,-0.0787,28.8,68.69,0
0.1997,0.0711,28.79,68.7,0
0.1211,-0.0786,28.76,68.7,0
0.0779,-0.0432,28.69,68.7,0
0.0532,-0.0248,28.68,68.7,0
0.1482,0.0951,28.69,68.7,0
0.212,0.0637,28.69,68.71,0
0.2385,0.0265,28.7,68.72,0
0.1399,-0.0986,28.7,68.72,0
0.0874,-0.0525,28.72,68.72,0
0.171,0.0836,28.77,68.72,0
0.1018,-0.0692,28.77,68.73,0
0.1746,0.0728,28.71,68.73,0
0.1018,-0.0727,28.66,68.73,0
0.0631,-0.0387,28.63,68.73,0
0.1468,0.0837,28.64,68.73,0
0.0835,-0.0633,28.59,68.73,0
0.1577,0.0742,28.63,68.73,0
0.2375,0.0798,28.64,68.74,0
0.2876,0.0502,28.34,68.72,1
0.1778,-0.1098,28.13,68.7,1
0.2221,0.0443,28.19,68.7,0
0.136,-0.0861,28.14,68.71,0
0.0887,-0.0473,28.19,68.71,0
0.0616,-0.0271,28.18,68.7,0
0.0453,-0.0164,28.19,68.7,0
0.1373,0.092,28.18,68.71,0
0.0796,-0.0577,28.19,68.71,0
0.049,-0.0306,28.19,68.7,0
0.1348,0.0858,28.28,68.71,0
0.2162,0.0814,28.3,68.71,0
0.1269,-0.0893,28.37,68.72,0
0.0788,-0.048,28.42,68.71,0
0.052,-0.0268,28.55,68.71,0
0.0364,-0.0156,28.63,68.71,0
0.1368,0.1004,28.65,68.71,0
0.206,0.0693,28.62,68.72,0
0.2535,0.0474,28.61,68.73,0
0.1513,-0.1021,28.59,68.73,0
0.2034,0.0521,28.65,68.74,0
0.1207,-0.0827,28.65,68.74,0
0.076,-0.0447,28.72,68.74,0
0.1684,0.0924,28.73,68.74,0
0.2467,0.0784,28.67,68.75,0
0.1506,-0.0961,28.77,68.75,0
0.2125,0.0619,28.72,68.76,0
0.1288,-0.0837,28.71,68.76,0
0.1852,0.0564,28.75,68.76,0
0.2154,0.0302,28.79,68.77,0
0.2478,0.0323,28.84,68.77,0
0.2513,0.0035,28.85,68.78,0
0.1451,-0.1062,28.89,68.78,0
0.1988,0.0537,29.0,68.79,0
0.116,-0.0828,29.04,68.79,0
0.0718,-0.0442,28.99,68.79,0
0.0474,-0.0244,29.05,68.78,0
0.1684,0.1209,29.06,68.78,0
0.2399,0.0715,29.19,68.79,0
0.2821,0.0423,28.95,68.77,1
0.1753,-0.1069,28.6,68.74,1
0.1161,-0.0592,28.58,68.74,0
0.0818,-0.0343,28.54,68.74,0
0.2183,0.1365,28.62,68.75,0
0.2574,0.039,28.64,68.76,0
0.2756,0.0182,28.57,68.77,0
0.1705,-0.1051,28.6,68.77,0
0.2328,0.0623,28.65,68.77,0
0.1456,-0.0872,28.77,68.78,0
0.2298,0.0842,28.87,68.78,0
0.3047,0.0749,28.64,68.76,1
0.3747,0.07,28.46,68.75,1
0.3783,0.0036,28.32,68.73,1
0.3805,0.0022,28.16,68.71,1
0.3555,-0.025,27.95,68.7,1
0.2309,-0.1246,27.96,68.71,0
0.1603,-0.0706,27.99,68.71,0
0.1182,-0.0421,27.93,68.71,0
0.2139,0.0957,28.06,68.72,0
0.1413,-0.0726,28.13,68.72,0
0.0996,-0.0416,28.21,68.72,0
0.2444,0.1448,28.22,68.73,0
0.1641,-0.0803,28.31,68.73,0
0.1167,-0.0474,28.4,68.73,0
0.1921,0.0754,28.37,68.74,0
0.2682,0.0761,28.39,68.75,0
0.2972,0.029,28.17,68.73,1
0.3267,0.0295,28.03,68.71,1
0.2082,-0.1186,28.1,68.71,0
0.1414,-0.0668,28.19,68.72,0
0.2118,0.0704,28.26,68.72,0
0.2557,0.0439,28.28,68.73,0
0.314,0.0584,27.98,68.71,1
0.332,0.018,27.8,68.7,1
0.3621,0.0301,27.65,68.68,1
0.2349,-0.1272,27.68,68.69,0
0.2871,0.0522,27.71,68.7,0
0.1882,-0.099,27.79,68.7,0
0.131,-0.0572,27.85,68.71,0
0.2236,0.0927,27.93,68.71,0
0.1456,-0.078,27.97,68.72,0
0.2232,0.0776,28.01,68.72,0
0.2625,0.0393,28.06,68.73,0
0.3323,0.0698,27.92,68.71,1
0.214,-0.1183,27.78,68.69,1
0.2614,0.0474,27.81,68.7,0
0.3022,0.0407,27.92,68.71,0
0.3304,0.0282,27.76,68.69,1
0.3453,0.0149,27.54,68.68,1
0.2246,-0.1206,27.68,68.68,0
0.1565,-0.0682,27.77,68.69,0
0.2684,0.1119,27.87,68.7,0
0.3496,0.0812,27.66,68.68,1
0.2383,-0.1114,27.45,68.66,1
0.1728,-0.0655,27.57,68.67,0
0.1319,-0.0409,27.65,68.67,0
0.1047,-0.0272,27.73,68.67,0
0.2029,0.0982,27.95,68.68,0
0.1351,-0.0679,27.98,68.68,0
0.0961,-0.039,28.05,68.68,0
0.18,0.0838,28.1,68.69,0
0.1131,-0.0668,28.17,68.69,0
0.1888,0.0757,28.16,68.69,0
0.1151,-0.0737,28.17,68.7,0
0.0751,-0.04,28.2,68.7,0
0.21,0.1349,28.24,68.7,0
0.3101,0.1001,28.07,68.68,1
0.3157,0.0056,27.88,68.67,1
0.3477,0.032,27.67,68.65,1
0.2256,-0.1221,27.87,68.66,0
0.2585,0.0328,27.97,68.67,0
0.166,-0.0924,28.16,68.67,0
0.2639,0.0978,28.27,68.68,0
0.299,0.0352,28.05,68.66,1
0.1916,-0.1074,27.9,68.64,1
0.1307,-0.061,28.06,68.64,0
0.0942,-0.0364,28.17,68.65,0
0.0712,-0.023,28.1,68.65,0
0.1607,0.0895,28.07,68.65,0
0.2222,0.0615,28.11,68.66,0
0.1346,-0.0876,28.16,68.66,0
0.1947,0.0601,28.22,68.67,0
0.2435,0.0489,28.39,68.68,0
0.1482,-0.0953,28.39,68.68,0
0.097,-0.0513,28.39,68.68,0
0.1882,0.0913,28.38,68.69,0
0.2456,0.0573,28.4,68.7,0
0.1521,-0.0935,28.44,68.7,0
0.101,-0.0511,28.49,68.7,0
0.0718,-0.0292,28.47,68.7,0
0.0542,-0.0176,28.57,68.7,0
0.1528,0.0986,28.62,68.7,0
0.093,-0.0598,28.57,68.71,0
0.0607,-0.0323,28.51,68.7,0
0.0425,-0.0182,28.45,68.7,0
0.0317,-0.0108,28.49,68.7,0
0.1323,0.1007,28.54,68.7,0
0.0762,-0.0561,28.54,68.7,0
0.1692,0.093,28.65,68.71,0
0.2115,0.0423,28.66,68.71,0
0.2347,0.0232,28.66,68.72,0
0.1361,-0.0986,28.61,68.72,0
0.0842,-0.0519,28.63,68.72,0
0.1585,0.0743,28.7,68.73,0
0.2147,0.0562,28.68,68.73,0
0.2303,0.0156,28.73,68.74,0
0.2602,0.0298,28.82,68.75,0
0.2729,0.0127,28.91,68.76,0
0.1633,-0.1096,28.98,68.76,0
0.1045,-0.0588,29.07,68.76,0
0.0718,-0.0327,29.02,68.76,0
0.0527,-0.0191,29.0,68.75,0
0.0408,-0.0119,28.92,68.75,0
0.1579,0.1171,28.86,68.75,0
0.0972,-0.0606,28.88,68.75,0
0.064,-0.0332,28.82,68.75,0
0.2075,0.1435,28.79,68.76,0
0.2677,0.0602,28.78,68.77,0
0.1706,-0.0971,28.69,68.77,0
0.2261,0.0555,28.75,68.78,0
0.1419,-0.0842,28.71,68.78,0
0.2326,0.0907,28.87,68.78,0
0.1479,-0.0847,28.92,68.78,0
0.2176,0.0697,28.88,68.79,0
0.1358,-0.0818,28.91,68.79,0
0.0902,-0.0456,28.85,68.79,0
0.1786,0.0884,28.76,68.79,0
0.1092,-0.0694,28.72,68.79,0
0.196,0.0868,28.79,68.8,0
0.1191,-0.0769,28.77,68.8,0
0.0769,-0.0422,28.74,68.79,0
0.0527,-0.0242,28.69,68.79,0
0.1406,0.0879,28.71,68.79,0
0.1958,0.0553,28.69,68.8,0
0.2281,0.0323,28.8,68.8,0
0.1313,-0.0968,28.73,68.8,0
0.1978,0.0664,28.77,68.81,0
0.1165,-0.0813,28.77,68.81,0
0.2105,0.094,28.83,68.81,0
0.1288,-0.0816,28.85,68.81,0
0.0838,-0.045,28.85,68.81,0
0.1978,0.1141,28.8,68.81,0
0.2364,0.0385,28.78,68.82,0
0.2838,0.0475,28.52,68.8,1
0.2878,0.004,28.33,68.77,1
0.1756,-0.1122,28.34,68.78,0
0.2441,0.0685,28.42,68.78,0
0.2935,0.0494,28.21,68.76,1
0.3414,0.0478,27.97,68.74,1
0.3617,0.0204,27.82,68.73,1
0.3626,0.0009,27.67,68.71,1
0.3734,0.0108,27.57,68.7,1
0.4083,0.0349,27.44,68.68,1
0.2714,-0.1369,27.62,68.69,0
0.1913,-0.0801,27.75,68.7,0
0.1417,-0.0496,27.79,68.7,0
0.1091,-0.0325,27.87,68.7,0
0.214,0.1049,28.03,68.71,0
0.2958,0.0818,27.77,68.69,1
0.194,-0.1018,27.51,68.67,1
0.2601,0.0662,27.57,68.68,0
0.3087,0.0486,27.69,68.69,0
0.3135,0.0048,27.59,68.67,1
0.3346,0.0211,27.43,68.65,1
0.3825,0.0479,27.25,68.64,1
0.2528,-0.1296,27.42,68.65,0
0.2805,0.0276,27.44,68.66,0
0.1843,-0.0962,27.55,68.67,0
0.1292,-0.0551,27.55,68.67,0
0.0959,-0.0333,27.77,68.67,0
0.0745,-0.0214,27.83,68.67,0
0.1898,0.1153,27.96,68.68,0
0.1232,-0.0666,28.09,68.68,0
0.2003,0.0771,28.17,68.69,0
0.1246,-0.0757,28.12,68.69,0
0.0827,-0.0419,28.14,68.69,0
0.0585,-0.0242,28.1,68.69,0
0.2062,0.1477,28.23,68.69,0
0.134,-0.0722,28.23,68.7,0
0.0924,-0.0417,28.24,68.7,0
0.067,-0.0254,28.2,68.7,0
0.1906,0.1236,28.27,68.7,0
0.2338,0.0432,28.3,68.71,0
0.2702,0.0364,28.42,68.72,0
0.3147,0.0445,28.12,68.7,1
0.3596,0.0448,28.01,68.68,1
0.3684,0.0088,27.78,68.67,1
0.3744,0.006,27.69,68.66,1
0.3892,0.0149,27.57,68.64,1
0.2573,-0.1319,27.71,68.65,0
0.1812,-0.0762,27.75,68.66,0
0.2446,0.0635,27.93,68.67,0
0.2778,0.0332,27.98,68.68,0
0.1778,-0.1,28.07,68.68,0
0.1218,-0.0561,28.2,68.68,0
0.0887,-0.0331,28.2,68.69,0
0.1755,0.0868,28.13,68.69,0
0.1102,-0.0653,28.25,68.69,0
0.0742,-0.036,28.29,68.69,0
0.0534,-0.0208,28.32,68.69,0
0.1431,0.0898,28.36,68.69,0
0.2127,0.0695,28.4,68.7,0
0.2613,0.0487,28.42,68.71,0
0.298,0.0367,28.27,68.69,1
0.304,0.006,28.12,68.67,1
0.32,0.016,27.96,68.65,1
0.3429,0.0229,27.83,68.64,1
0.3367,-0.0062,27.72,68.62,1
0.2141,-0.1227,27.87,68.63,0
0.2904,0.0763,28.05,68.64,0
0.3278,0.0374,27.89,68.63,1
0.3628,0.035,27.72,68.61,1
0.3739,0.0111,27.55,68.6,1
0.3727,-0.0012,27.37,68.59,1
0.3842,0.0114,27.27,68.57,1
0.3982,0.014,27.15,68.56,1
0.2662,-0.132,27.25,68.57,0
0.2972,0.0311,27.42,68.59,0
0.3221,0.0249,27.28,68.57,1
0.3341,0.012,27.16,68.56,1
0.2184,-0.1156,27.34,68.57,0
0.1533,-0.0651,27.4,68.57,0
0.2271,0.0738,27.52,68.58,0
0.1501,-0.077,27.56,68.59,0
0.1064,-0.0437,27.57,68.59,0
0.2052,0.0988,27.67,68.6,0
0.2735,0.0683,27.73,68.61,0
0.3155,0.0419,27.57,68.6,1
0.2048,-0.1106,27.37,68.57,1
0.2501,0.0452,27.56,68.58,0
0.1616,-0.0885,27.69,68.59,0
0.112,-0.0496,27.68,68.6,0
0.0828,-0.0292,27.78,68.6,0
0.2094,0.1266,27.93,68.61,0
0.1381,-0.0713,28.02,68.61,0
0.0971,-0.041,28.06,68.61,0
0.0721,-0.0249,28.13,68.61,0
0.1735,0.1014,28.11,68.62,0
0.2716,0.0981,28.18,68.63,0
0.3016,0.03,28.06,68.61,1
0.192,-0.1096,27.91,68.59,1
0.1304,-0.0616,27.94,68.6,0
0.2691,0.1387,28.1,68.61,0
0.1813,-0.0877,28.22,68.61,0
0.1292,-0.0522,28.24,68.62,0
0.2364,0.1072,28.27,68.63,0
0.3057,0.0693,28.0,68.61,1
0.3429,0.0372,27.76,68.6,1
0.3595,0.0166,27.61,68.58,1
0.238,-0.1215,27.71,68.59,0
0.1685,-0.0695,27.76,68.6,0
0.2539,0.0854,27.85,68.61,0
0.3136,0.0597,27.74,68.59,1
0.37,0.0564,27.68,68.58,1
0.3724,0.0024,27.5,68.57,1
0.3935,0.0211,27.4,68.56,1
0.4247,0.0312,27.24,68.55,1
0.2902,-0.1345,27.13,68.53,1
0.3238,0.0336,26.95,68.51,1
0.2221,-0.1017,27.01,68.53,0
0.2924,0.0703,27.08,68.54,0
0.3285,0.0362,26.97,68.53,1
0.3449,0.0164,26.95,68.51,1
0.2288,-0.1161,27.11,68.52,0
0.3078,0.0789,27.29,68.54,0
0.3762,0.0685,27.14,68.53,1
0.4262,0.05,27.09,68.52,1
0.4218,-0.0044,27.12,68.51,1
0.4174,-0.0044,27.13,68.5,1
0.3972,-0.0203,27.03,68.49,1
0.4021,0.005,26.98,68.48,1
0.2713,-0.1309,27.04,68.49,0
0.323,0.0518,27.22,68.51,0
0.3327,0.0096,27.16,68.5,1
0.2211,-0.1115,26.97,68.48,1
0.2849,0.0637,26.91,68.46,1
0.1908,-0.0941,27.02,68.47,0
0.1365,-0.0543,27.16,68.48,0
0.2208,0.0843,27.29,68.49,0
0.2746,0.0538,27.55,68.5,0
0.3545,0.0799,27.34,68.49,1
0.234,-0.1205,27.14,68.47,1
0.1641,-0.0699,27.2,68.48,0
0.2463,0.0822,27.32,68.5,0
0.1634,-0.0829,27.5,68.5,0
0.1151,-0.0483,27.61,68.51,0
0.0854,-0.0297,27.65,68.51,0
0.171,0.0856,27.81,68.52,0
0.1065,-0.0645,27.83,68.53,0
0.2034,0.0969,27.87,68.54,0
0.2513,0.0479,27.94,68.55,0
0.2706,0.0194,28.12,68.56,0
0.3148,0.0442,27.9,68.55,1
0.3409,0.026,27.78,68.53,1
0.2195,-0.1213,27.93,68.54,0
0.1512,-0.0683,27.93,68.55,0
0.2457,0.0945,27.97,68.56,0
0.3232,0.0775,27.81,68.54,1
0.2165,-0.1067,27.55,68.52,1
0.2923,0.0758,27.43,68.51,1
0.3117,0.0194,27.29,68.49,1
0.3291,0.0175,27.19,68.48,1
0.3551,0.026,27.05,68.47,1
0.3864,0.0313,26.9,68.46,1
0.427,0.0406,26.84,68.45,1
0.4482,0.0212,26.72,68.44,1
0.4153,-0.0329,26.75,68.44,1
0.3962,-0.019,26.71,68.43,1
0.4324,0.0362,26.72,68.42,1
0.417,-0.0154,26.64,68.41,1
0.44,0.0229,26.48,68.41,1
0.2993,-0.1407,26.45,68.39,1
0.341,0.0417,26.41,68.38,1
0.374,0.033,26.4,68.37,1
0.3863,0.0124,26.35,68.37,1
0.4295,0.0432,26.26,68.36,1
0.2917,-0.1378,26.23,68.35,1
0.3348,0.0432,26.19,68.34,1
0.338,0.0032,26.18,68.33,1
0.3375,-0.0005,26.1,68.32,1
0.3701,0.0325,26.04,68.31,1
0.243,-0.1271,26.29,68.33,0
0.3299,0.0869,26.54,68.35,0
0.3759,0.046,26.43,68.34,1
0.3876,0.0117,26.43,68.33,1
0.4261,0.0385,26.45,68.32,1
0.4469,0.0208,26.39,68.32,1
0.3046,-0.1424,26.33,68.31,1
0.3471,0.0425,26.29,68.3,1
0.4117,0.0646,26.21,68.29,1
0.2827,-0.1289,26.11,68.28,1
0.2052,-0.0775,26.34,68.3,0
0.2658,0.0606,26.51,68.32,0
0.3193,0.0536,26.42,68.3,1
0.2114,-0.1079,26.35,68.29,1
0.1488,-0.0626,26.55,68.3,0
0.1103,-0.0384,26.67,68.31,0
0.2228,0.1125,26.71,68.33,0
0.308,0.0852,26.66,68.31,1
0.3604,0.0524,26.63,68.31,1
0.3957,0.0354,26.57,68.3,1
0.4096,0.0139,26.53,68.29,1
0.4088,-0.0009,26.45,68.29,1
0.3849,-0.0239,26.35,68.28,1
0.2569,-0.128,26.58,68.3,0
0.3209,0.064,26.86,68.32,0
0.3416,0.0208,26.77,68.31,1
0.3355,-0.0062,26.63,68.3,1
0.3669,0.0315,26.63,68.29,1
0.36,-0.0069,26.52,68.29,1
0.4039,0.0438,26.52,68.28,1
0.3903,-0.0136,26.47,68.27,1
0.4266,0.0363,26.41,68.27,1
0.2878,-0.1388,26.37,68.26,1
0.3586,0.0708,26.2,68.25,1
0.3727,0.0141,26.13,68.24,1
0.3882,0.0154,26.08,68.24,1
0.2602,-0.128,26.38,68.26,0
0.1853,-0.0748,26.57,68.27,0
0.314,0.1287,26.5,68.26,1
0.394,0.08,26.52,68.26,1
0.2726,-0.1214,26.67,68.27,0
0.3316,0.0591,26.85,68.3,0
0.3608,0.0292,26.77,68.29,1
0.3692,0.0084,26.68,68.28,1
0.3817,0.0125,26.63,68.27,1
0.2536,-0.1281,26.85,68.29,0
0.2894,0.0358,27.0,68.31,0
0.3256,0.0362,26.88,68.3,1
0.3688,0.0432,26.78,68.29,1
0.3769,0.0081,26.77,68.29,1
0.4301,0.0532,26.67,68.28,1
0.4531,0.023,26.24,68.24,2
0.4617,0.0086,25.83,68.2,2
0.4512,-0.0105,25.64,68.16,2
0.3097,-0.1415,25.67,68.15,1
0.3955,0.0859,25.67,68.14,1
0.2784,-0.1171,25.97,68.17,0
0.3365,0.0581,26.11,68.19,0
0.3729,0.0364,26.06,68.18,1
0.4176,0.0447,26.04,68.18,1
0.4392,0.0216,26.01,68.18,1
0.4826,0.0434,25.68,68.14,2
0.4665,-0.0161,25.41,68.1,2
0.4389,-0.0276,25.47,68.1,1
0.4405,0.0017,25.4,68.1,1
0.4435,0.003,25.43,68.1,1
0.4469,0.0034,25.47,68.1,1
0.4594,0.0124,25.24,68.06,2
0.3166,-0.1427,24.91,68.02,2
0.3665,0.0499,25.03,68.01,1
0.4462,0.0797,25.21,68.02,1
0.4688,0.0226,24.96,67.98,2
0.5012,0.0324,24.77,67.95,2
0.4886,-0.0126,24.54,67.91,2
0.5108,0.0222,24.38,67.88,2
0.5166,0.0058,24.13,67.85,2
0.5398,0.0232,23.93,67.82,2
0.5344,-0.0053,23.81,67.79,2
0.538,0.0036,23.77,67.76,2
0.5461,0.0082,23.7,67.73,2
0.5526,0.0065,23.58,67.7,2
0.5866,0.0339,23.43,67.68,2
0.6166,0.03,23.3,67.66,2
0.6041,-0.0125,23.32,67.63,2
0.5673,-0.0368,23.22,67.61,2
0.5669,-0.0005,23.11,67.58,2
0.5526,-0.0143,23.01,67.56,2
0.58,0.0274,23.02,67.54,2
0.5762,-0.0039,23.0,67.52,2
0.5469,-0.0293,22.98,67.49,2
0.5089,-0.038,22.91,67.47,2
0.5631,0.0543,23.0,67.45,2
0.5563,-0.0068,23.01,67.43,2
0.5457,-0.0106,23.03,67.41,2
0.5528,0.0071,23.06,67.38,2
0.556,0.0033,23.06,67.36,2
0.543,-0.0131,22.93,67.34,2
0.5536,0.0106,22.73,67.33,2
0.5409,-0.0127,22.73,67.31,2
0.5143,-0.0266,22.8,67.29,2
0.5007,-0.0137,22.75,67.27,2
0.5072,0.0065,22.69,67.25,2
0.4858,-0.0214,22.59,67.22,2
0.4875,0.0017,22.57,67.2,2
0.4803,-0.0072,22.55,67.18,2
0.5065,0.0262,22.51,67.17,2
0.5218,0.0153,22.5,67.15,2
0.5685,0.0467,22.53,67.13,2
0.5444,-0.0241,22.54,67.12,2
0.5281,-0.0163,22.48,67.1,2
0.504,-0.024,22.48,67.09,2
0.4798,-0.0243,22.5,67.07,2
0.4648,-0.0149,22.47,67.05,2
0.4533,-0.0115,22.54,67.03,2
0.4486,-0.0048,22.83,67.05,1
0.4828,0.0342,23.01,67.08,1
0.4781,-0.0046,22.91,67.06,2
0.4809,0.0028,22.92,67.04,2
0.4907,0.0098,22.91,67.03,2
0.512,0.0213,22.88,67.01,2
0.4815,-0.0305,22.83,66.99,2
0.5018,0.0203,22.73,66.98,2
0.5327,0.0309,22.78,66.97,2
0.5103,-0.0224,22.79,66.95,2
