OCI,delta_OCI,temp_indoor,humi_indoor,ac_mode_class
0.1475,0.1475,27.82,60.15,1
0.2738,0.1263,27.69,60.3,1
0.1753,-0.0984,27.7,60.47,0
0.2465,0.0711,27.83,60.64,0
0.3366,0.0901,27.62,60.79,1
0.4346,0.098,27.42,60.93,1
0.4366,0.0021,27.34,61.08,1
0.4685,0.0319,26.91,61.18,2
0.3206,-0.1479,26.43,61.27,2
0.3662,0.0456,26.31,61.4,1
0.4145,0.0483,26.3,61.54,1
0.4325,0.0181,26.32,61.67,1
0.4528,0.0203,25.94,61.76,2
0.4582,0.0054,25.68,61.84,2
0.4898,0.0316,25.42,61.93,2
0.3411,-0.1487,25.47,62.05,1
0.441,0.0999,25.48,62.17,1
0.4383,-0.0027,25.49,62.29,1
0.5064,0.0681,25.27,62.37,2
0.5795,0.073,25.08,62.45,2
0.6172,0.0377,24.88,62.53,2
0.6332,0.016,24.74,62.61,2
0.6116,-0.0217,24.46,62.69,2
0.6029,-0.0086,24.3,62.77,2
0.6299,0.0269,24.21,62.84,2
0.6231,-0.0068,23.99,62.92,2
0.6143,-0.0087,23.85,62.99,2
0.6074,-0.007,23.7,63.06,2
0.4398,-0.1675,23.87,63.16,1
0.3344,-0.1054,23.93,63.26,1
0.4238,0.0894,24.2,63.35,1
0.4867,0.0629,24.1,63.41,2
0.5342,0.0474,23.98,63.47,2
0.5629,0.0288,23.83,63.53,2
0.5429,-0.0201,23.62,63.58,2
0.5285,-0.0143,23.55,63.64,2
0.5575,0.029,23.35,63.69,2
0.5342,-0.0234,23.3,63.75,2
0.5478,0.0137,23.2,63.8,2
0.5304,-0.0175,23.09,63.85,2
0.516,-0.0143,23.07,63.9,2
0.5166,0.0006,22.94,63.95,2
0.5221,0.0055,22.97,63.99,2
0.5252,0.0031,22.86,64.04,2
0.5069,-0.0183,22.81,64.08,2
0.5454,0.0385,22.82,64.13,2
0.5633,0.0178,22.82,64.18,2
0.5657,0.0024,22.88,64.22,2
0.5743,0.0086,22.9,64.26,2
0.6006,0.0263,22.87,64.31,2
0.6101,0.0096,22.88,64.35,2
0.595,-0.0152,22.81,64.4,2
0.5701,-0.0249,22.77,64.44,2
0.5707,0.0006,22.71,64.48,2
0.5483,-0.0224,22.82,64.51,2
0.5657,0.0174,22.71,64.55,2
0.5689,0.0032,22.74,64.59,2
0.5779,0.009,22.66,64.63,2
0.6161,0.0382,22.62,64.67,2
0.6373,0.0212,22.64,64.7,2
0.6695,0.0321,22.62,64.74,2
0.6782,0.0087,22.6,64.78,2
0.6663,-0.0119,22.71,64.82,2
0.6934,0.0271,22.78,64.86,2
0.7078,0.0144,22.75,64.9,2
0.691,-0.0168,22.82,64.93,2
0.675,-0.016,22.86,64.97,2
0.6939,0.0188,22.78,65.0,2
0.6713,-0.0226,22.73,65.04,2
0.6471,-0.0242,22.77,65.07,2
0.6789,0.0318,22.75,65.1,2
0.6654,-0.0134,22.74,65.13,2
0.6738,0.0084,22.73,65.16,2
0.6485,-0.0254,22.79,65.19,2
0.6403,-0.0082,22.85,65.22,2
0.6551,0.0148,22.8,65.25,2
0.6453,-0.0097,22.91,65.28,2
0.5931,-0.0522,22.9,65.3,2
0.591,-0.0021,22.91,65.32,2
0.6259,0.0349,23.0,65.35,2
0.639,0.0131,22.96,65.37,2
0.5722,-0.0668,22.9,65.39,2
0.5799,0.0078,22.78,65.42,2
0.5656,-0.0143,22.77,65.44,2
0.5672,0.0016,22.77,65.46,2
0.6034,0.0362,22.7,65.48,2
0.6186,0.0152,22.72,65.5,2
0.6109,-0.0076,22.79,65.52,2
0.5751,-0.0359,22.76,65.54,2
0.598,0.0229,22.75,65.56,2
0.6225,0.0245,22.83,65.58,2
0.5797,-0.0428,22.88,65.59,2
0.589,0.0093,22.75,65.61,2
0.5472,-0.0418,22.7,65.63,2
0.3883,-0.1589,22.94,65.67,1
0.4651,0.0768,23.18,65.72,1
0.5108,0.0457,23.1,65.73,2
0.5388,0.028,23.12,65.75,2
0.5338,-0.005,23.09,65.76,2
0.5399,0.0061,23.06,65.77,2
0.5645,0.0246,23.06,65.78,2
0.5812,0.0167,23.03,65.8,2
0.6309,0.0497,23.02,65.81,2
0.6683,0.0374,22.94,65.83,2
0.6619,-0.0064,22.9,65.85,2
0.6643,0.0024,22.8,65.86,2
0.6669,0.0025,22.77,65.88,2
0.7113,0.0445,22.82,65.9,2
0.6812,-0.0301,22.85,65.91,2
0.6741,-0.0071,22.89,65.93,2
0.6915,0.0174,22.91,65.94,2
0.6796,-0.0119,22.88,65.96,2
0.6122,-0.0674,22.8,65.97,2
0.5876,-0.0247,22.76,65.98,2
0.6256,0.0381,22.78,65.99,2
0.5941,-0.0315,22.74,66.0,2
0.6117,0.0175,22.74,66.01,2
0.6181,0.0064,22.7,66.02,2
0.6214,0.0033,22.66,66.03,2
0.6564,0.035,22.8,66.05,2
0.6922,0.0358,22.78,66.06,2
0.7019,0.0098,22.81,66.07,2
0.7412,0.0393,22.91,66.09,2
0.7293,-0.0119,22.9,66.1,2
0.7265,-0.0028,22.82,66.12,2
0.7285,0.002,22.94,66.13,2
0.6653,-0.0632,22.94,66.14,2
0.6908,0.0255,22.94,66.15,2
0.505,-0.1857,22.87,66.16,2
0.5427,0.0377,22.87,66.16,2
0.5597,0.017,22.86,66.17,2
0.6053,0.0456,22.77,66.17,2
0.6247,0.0194,22.78,66.18,2
0.659,0.0343,22.84,66.19,2
0.6647,0.0057,22.89,66.2,2
0.6207,-0.0439,22.8,66.21,2
0.6385,0.0178,22.79,66.21,2
0.6053,-0.0332,22.77,66.22,2
0.5682,-0.0371,22.72,66.22,2
0.5728,0.0047,22.77,66.23,2
0.6194,0.0466,22.74,66.23,2
0.6211,0.0017,22.71,66.24,2
0.6107,-0.0104,22.78,66.25,2
0.598,-0.0127,22.83,66.25,2
0.6108,0.0129,22.79,66.26,2
0.58,-0.0308,22.8,66.26,2
0.5988,0.0188,22.89,66.27,2
0.5782,-0.0207,22.77,66.27,2
0.5672,-0.011,22.81,66.27,2
0.5792,0.012,22.74,66.28,2
0.6176,0.0384,22.75,66.28,2
0.6287,0.0111,22.75,66.29,2
0.6241,-0.0046,22.65,66.29,2
0.6209,-0.0032,22.61,66.3,2
0.5991,-0.0218,22.61,66.3,2
0.5972,-0.002,22.67,66.31,2
0.6298,0.0326,22.68,66.31,2
0.6269,-0.0029,22.61,66.32,2
0.589,-0.0378,22.49,66.32,2
0.6232,0.0342,22.54,66.32,2
0.6592,0.036,22.65,66.33,2
0.6561,-0.0031,22.64,66.34,2
0.642,-0.0141,22.65,66.34,2
0.6424,0.0004,22.61,66.35,2
0.6541,0.0117,22.59,66.35,2
0.6547,0.0006,22.58,66.36,2
0.6636,0.0088,22.66,66.36,2
0.672,0.0084,22.66,66.37,2
0.697,0.025,22.67,66.38,2
0.6607,-0.0362,22.68,66.38,2
0.682,0.0213,22.74,66.39,2
0.643,-0.0391,22.75,66.39,2
0.6708,0.0278,22.7,66.4,2
0.6407,-0.0301,22.74,66.4,2
0.6499,0.0092,22.79,66.41,2
0.6519,0.002,22.83,66.41,2
0.681,0.0291,22.85,66.42,2
0.7059,0.025,22.77,66.43,2
0.6982,-0.0077,22.75,66.43,2
0.6972,-0.001,22.74,66.44,2
0.7006,0.0034,22.67,66.44,2
0.7013,0.0007,22.7,66.45,2
0.7235,0.0223,22.7,66.46,2
0.7343,0.0107,22.72,66.47,2
0.7077,-0.0266,22.75,66.47,2
0.6562,-0.0515,22.71,66.47,2
0.6667,0.0105,22.74,66.48,2
0.6523,-0.0144,22.81,66.48,2
0.6693,0.0171,22.86,66.49,2
0.6795,0.0102,22.83,66.49,2
0.7018,0.0223,22.84,66.5,2
0.6753,-0.0265,22.84,66.5,2
0.6481,-0.0273,22.8,66.5,2
0.624,-0.0241,22.81,66.5,2
0.6405,0.0165,22.79,66.5,2
0.6403,-0.0002,22.8,66.51,2
0.6606,0.0203,22.9,66.51,2
0.685,0.0244,22.94,66.51,2
0.6379,-0.047,22.83,66.52,2
0.6049,-0.0331,22.84,66.52,2
0.5978,-0.0071,22.71,66.51,2
0.5986,0.0008,22.73,66.51,2
0.6322,0.0336,22.75,66.52,2
0.6845,0.0523,22.69,66.52,2
0.6947,0.0102,22.68,66.52,2
0.7093,0.0146,22.68,66.53,2
0.7363,0.027,22.79,66.54,2
0.754,0.0177,22.82,66.54,2
0.7506,-0.0034,22.84,66.55,2
0.7584,0.0078,22.87,66.56,2
0.7767,0.0182,22.88,66.56,2
0.7815,0.0048,22.86,66.57,2
0.8016,0.0202,22.93,66.58,2
0.722,-0.0797,22.97,66.58,2
0.7067,-0.0153,23.01,66.59,2
0.685,-0.0217,23.02,66.59,2
0.6628,-0.0222,23.03,66.59,2
0.669,0.0062,23.0,66.59,2
0.6601,-0.0089,22.98,66.59,2
0.6595,-0.0005,22.95,66.6,2
0.6448,-0.0147,23.0,66.6,2
0.647,0.0022,22.98,66.6,2
0.6642,0.0172,22.99,66.6,2
0.6789,0.0147,22.99,66.6,2
0.7065,0.0277,22.9,66.6,2
0.7157,0.0092,22.95,66.61,2
0.7096,-0.0061,22.96,66.61,2
0.6945,-0.0152,22.96,66.61,2
0.6724,-0.0221,23.01,66.61,2
0.6272,-0.0452,23.02,66.61,2
0.6219,-0.0053,23.11,66.61,2
0.6063,-0.0155,23.15,66.61,2
0.6177,0.0113,23.11,66.61,2
0.5812,-0.0365,23.13,66.61,2
0.5806,-0.0006,23.1,66.6,2
0.6143,0.0337,23.09,66.6,2
0.6255,0.0112,23.12,66.6,2
0.6416,0.0161,23.02,66.6,2
0.6307,-0.0109,22.91,66.6,2
0.6087,-0.022,22.93,66.6,2
0.5961,-0.0125,22.93,66.6,2
0.6101,0.014,22.87,66.59,2
0.6307,0.0206,22.89,66.59,2
0.6611,0.0304,22.85,66.6,2
0.6867,0.0256,22.9,66.6,2
0.7156,0.0289,22.83,66.6,2
0.6887,-0.0269,22.8,66.6,2
0.6924,0.0037,22.74,66.61,2
0.679,-0.0134,22.79,66.61,2
0.6944,0.0154,22.77,66.61,2
0.7298,0.0354,22.78,66.62,2
0.7084,-0.0214,22.88,66.62,2
0.7256,0.0172,22.92,66.62,2
0.7344,0.0088,22.97,66.63,2
0.7255,-0.0089,22.92,66.63,2
0.7042,-0.0212,22.94,66.63,2
0.7238,0.0196,22.94,66.64,2
0.6515,-0.0723,22.88,66.64,2
0.6355,-0.0159,22.76,66.64,2
0.614,-0.0215,22.69,66.63,2
0.6266,0.0126,22.63,66.63,2
0.6431,0.0166,22.67,66.63,2
0.6557,0.0126,22.71,66.63,2
0.6465,-0.0093,22.68,66.63,2
0.6491,0.0026,22.72,66.63,2
0.6778,0.0287,22.72,66.63,2
0.6211,-0.0567,22.68,66.63,2
0.6523,0.0312,22.67,66.63,2
0.6429,-0.0095,22.64,66.63,2
0.6446,0.0018,22.74,66.63,2
0.6249,-0.0197,22.72,66.63,2
0.6124,-0.0125,22.71,66.63,2
0.6295,0.0171,22.73,66.63,2
0.6749,0.0453,22.7,66.63,2
0.6444,-0.0305,22.65,66.63,2
0.6269,-0.0175,22.69,66.63,2
0.6407,0.0138,22.72,66.62,2
0.6645,0.0237,22.69,66.63,2
0.6608,-0.0037,22.72,66.63,2
0.6667,0.006,22.69,66.63,2
0.7095,0.0428,22.61,66.63,2
0.6977,-0.0117,22.64,66.63,2
0.7205,0.0227,22.66,66.64,2
0.7363,0.0158,22.69,66.64,2
0.7484,0.0121,22.69,66.64,2
0.7689,0.0205,22.75,66.65,2
0.7878,0.0189,22.79,66.66,2
0.8045,0.0168,22.87,66.66,2
0.7907,-0.0139,22.87,66.67,2
0.7457,-0.0449,22.84,66.67,2
0.7565,0.0108,22.84,66.68,2
0.7632,0.0067,22.9,66.68,2
0.7351,-0.0281,22.98,66.69,2
0.7313,-0.0037,23.02,66.69,2
0.7296,-0.0017,23.03,66.69,2
0.738,0.0084,23.05,66.69,2
0.7506,0.0126,23.01,66.7,2
0.7575,0.0069,23.01,66.7,2
0.7801,0.0226,23.08,66.71,2
0.8006,0.0205,23.11,66.71,2
0.789,-0.0117,23.18,66.72,2
0.7572,-0.0318,23.16,66.72,2
0.7517,-0.0055,23.06,66.72,2
0.7502,-0.0016,22.99,66.73,2
0.7165,-0.0336,22.97,66.73,2
0.7191,0.0025,22.94,66.73,2
0.6936,-0.0255,22.89,66.73,2
0.6749,-0.0187,22.96,66.73,2
0.6901,0.0153,22.91,66.73,2
0.7019,0.0118,22.84,66.73,2
0.7155,0.0136,22.92,66.73,2
0.7033,-0.0122,22.87,66.73,2
0.6888,-0.0145,22.87,66.73,2
0.7167,0.0279,22.77,66.73,2
0.7103,-0.0064,22.8,66.73,2
0.7077,-0.0026,22.81,66.73,2
0.6729,-0.0348,22.82,66.73,2
0.6334,-0.0395,22.85,66.73,2
0.6592,0.0258,22.89,66.73,2
0.6708,0.0116,22.93,66.73,2
0.6672,-0.0037,22.92,66.73,2
0.653,-0.0142,22.91,66.72,2
0.668,0.015,22.94,66.72,2
0.657,-0.011,22.97,66.72,2
0.6797,0.0227,22.95,66.72,2
0.651,-0.0287,22.93,66.72,2
0.6466,-0.0045,22.87,66.72,2
0.6377,-0.0089,22.83,66.71,2
0.6389,0.0012,22.79,66.71,2
0.6529,0.014,22.79,66.71,2
0.6269,-0.026,22.81,66.71,2
0.6563,0.0294,22.87,66.71,2
0.6875,0.0313,22.88,66.71,2
0.7097,0.0222,22.96,66.71,2
0.7267,0.017,23.03,66.71,2
0.7445,0.0177,23.01,66.71,2
0.7611,0.0166,23.0,66.72,2
0.7719,0.0108,23.02,66.72,2
0.7272,-0.0447,23.01,66.72,2
0.7358,0.0086,23.05,66.73,2
0.6985,-0.0373,23.04,66.73,2
0.6983,-0.0002,23.04,66.73,2
0.668,-0.0303,23.05,66.73,2
0.6667,-0.0013,23.0,66.72,2
0.6684,0.0017,22.99,66.72,2
0.6787,0.0103,22.95,66.72,2
0.682,0.0033,22.93,66.72,2
0.7125,0.0305,22.81,66.72,2
0.7345,0.022,22.77,66.73,2
0.7337,-0.0008,22.82,66.73,2
0.7451,0.0113,22.76,66.73,2
0.7628,0.0178,22.85,66.73,2
0.7818,0.019,22.92,66.74,2
0.7385,-0.0434,23.0,66.74,2
0.7215,-0.0169,22.94,66.74,2
0.7136,-0.008,22.98,66.74,2
0.6888,-0.0248,22.95,66.74,2
0.7058,0.017,23.0,66.74,2
0.7105,0.0048,22.93,66.74,2
0.7135,0.0029,22.95,66.74,2
0.7318,0.0184,22.93,66.75,2
0.7195,-0.0123,22.96,66.75,2
0.7214,0.0019,23.01,66.75,2
0.7446,0.0232,22.96,66.75,2
0.7383,-0.0063,23.01,66.75,2
0.7448,0.0065,23.01,66.75,2
0.7727,0.0279,23.03,66.76,2
0.7638,-0.009,23.1,66.76,2
0.7455,-0.0183,23.1,66.76,2
0.7484,0.0029,23.08,66.77,2
0.7612,0.0127,23.06,66.77,2
0.7322,-0.029,23.08,66.77,2
0.7275,-0.0047,23.01,66.77,2
0.7299,0.0023,23.09,66.77,2
0.7405,0.0106,23.1,66.77,2
0.7166,-0.0239,23.06,66.77,2
0.7327,0.0162,22.96,66.77,2
0.7518,0.0191,22.93,66.78,2
0.7567,0.0049,22.93,66.78,2
0.7537,-0.003,22.92,66.78,2
0.7595,0.0058,23.01,66.78,2
0.7556,-0.0039,22.99,66.79,2
0.7401,-0.0155,23.06,66.79,2
0.7553,0.0152,23.02,66.79,2
0.7492,-0.0061,22.95,66.79,2
0.7545,0.0053,22.94,66.79,2
0.7412,-0.0132,22.99,66.79,2
0.7468,0.0056,23.05,66.8,2
0.7149,-0.0319,22.96,66.79,2
0.7203,0.0054,23.02,66.8,2
0.6926,-0.0277,23.01,66.79,2
0.7133,0.0207,22.99,66.79,2
0.7264,0.013,22.85,66.79,2
0.7469,0.0205,22.93,66.8,2
0.7486,0.0017,22.9,66.8,2
0.7465,-0.0021,22.87,66.8,2
0.7628,0.0163,22.91,66.8,2
0.7073,-0.0556,22.92,66.8,2
0.6816,-0.0257,22.99,66.8,2
0.6938,0.0122,23.02,66.8,2
0.7095,0.0158,23.03,66.8,2
0.7387,0.0291,23.01,66.8,2
0.748,0.0094,23.04,66.8,2
0.7316,-0.0164,23.01,66.8,2
0.7447,0.0131,22.99,66.8,2
0.7346,-0.01,22.98,66.8,2
0.751,0.0164,23.05,66.8,2
0.7221,-0.0289,23.06,66.8,2
0.7072,-0.0149,23.04,66.8,2
0.71,0.0028,23.03,66.8,2
0.7154,0.0054,23.02,66.8,2
0.7204,0.005,23.09,66.8,2
0.7225,0.002,23.07,66.8,2
0.6956,-0.0269,23.09,66.8,2
0.685,-0.0106,23.03,66.8,2
0.7056,0.0206,22.93,66.8,2
0.6823,-0.0233,22.92,66.8,2
0.7074,0.0251,22.88,66.8,2
0.7236,0.0163,22.88,66.8,2
0.7603,0.0367,22.85,66.8,2
0.7744,0.0141,22.87,66.8,2
0.7338,-0.0406,22.96,66.8,2
0.7421,0.0083,22.87,66.8,2
0.7029,-0.0392,22.86,66.8,2
0.7188,0.016,22.81,66.8,2
0.6721,-0.0467,22.85,66.8,2
0.6987,0.0265,22.86,66.8,2
0.726,0.0274,22.92,66.8,2
0.7147,-0.0114,22.95,66.8,2
0.6825,-0.0321,22.91,66.8,2
0.7024,0.0199,22.94,66.8,2
0.7064,0.0041,22.88,66.79,2
0.6902,-0.0162,22.87,66.79,2
0.6692,-0.021,22.98,66.79,2
0.6762,0.007,23.02,66.79,2
0.6921,0.0159,23.01,66.79,2
0.7212,0.0291,23.05,66.79,2
0.7521,0.0309,23.07,66.79,2
0.7083,-0.0438,23.03,66.79,2
0.7309,0.0226,23.09,66.79,2
0.7457,0.0149,23.0,66.79,2
0.7684,0.0227,22.99,66.79,2
0.7621,-0.0064,23.13,66.8,2
0.7771,0.015,23.14,66.8,2
0.7945,0.0174,23.1,66.8,2
0.7784,-0.0161,23.06,66.81,2
0.7949,0.0165,23.1,66.81,2
0.781,-0.014,23.1,66.81,2
0.8061,0.0252,23.0,66.82,2
0.7482,-0.058,23.1,66.82,2
0.6987,-0.0494,22.97,66.82,2
0.7206,0.0219,22.98,66.82,2
0.6812,-0.0394,23.02,66.81,2
0.6696,-0.0116,22.98,66.81,2
0.693,0.0234,23.01,66.81,2
0.6748,-0.0182,22.97,66.81,2
0.6765,0.0017,22.97,66.8,2
0.6434,-0.0331,22.88,66.8,2
0.6527,0.0094,22.95,66.8,2
0.6874,0.0347,22.9,66.8,2
0.7114,0.024,22.85,66.8,2
0.6949,-0.0165,22.89,66.79,2
0.6705,-0.0244,22.84,66.79,2
0.6831,0.0126,22.88,66.79,2
0.7298,0.0467,22.83,66.79,2
0.696,-0.0338,22.82,66.79,2
0.7079,0.0119,22.82,66.79,2
0.6981,-0.0098,22.79,66.79,2
0.6878,-0.0103,22.82,66.79,2
0.7127,0.025,22.75,66.79,2
0.6928,-0.02,22.72,66.79,2
0.6853,-0.0075,22.77,66.78,2
0.6968,0.0116,22.75,66.78,2
0.7176,0.0208,22.82,66.78,2
0.7485,0.0309,22.78,66.79,2
0.7508,0.0022,22.69,66.79,2
0.748,-0.0028,22.68,66.79,2
0.7562,0.0083,22.76,66.79,2
0.7224,-0.0339,22.78,66.79,2
0.7327,0.0103,22.8,66.79,2
0.6835,-0.0492,22.85,66.79,2
0.6873,0.0038,22.86,66.79,2
0.7148,0.0275,22.85,66.79,2
0.731,0.0162,22.85,66.79,2
0.7166,-0.0144,22.86,66.79,2
0.6675,-0.0491,22.87,66.79,2
0.6803,0.0128,22.83,66.79,2
0.6587,-0.0216,22.9,66.78,2
0.6828,0.0241,22.9,66.78,2
0.7019,0.0191,22.91,66.78,2
0.7107,0.0088,23.04,66.78,2
0.7214,0.0107,23.0,66.78,2
0.7327,0.0113,23.03,66.78,2
0.6942,-0.0385,22.95,66.78,2
0.7094,0.0151,23.03,66.78,2
0.6384,-0.0709,22.92,66.78,2
0.6418,0.0034,22.85,66.77,2
0.6482,0.0063,22.81,66.77,2
0.6526,0.0045,22.83,66.77,2
0.6654,0.0128,22.82,66.77,2
0.6591,-0.0063,22.84,66.76,2
0.6567,-0.0023,22.81,66.76,2
0.6545,-0.0022,22.88,66.76,2
0.6886,0.034,22.91,66.76,2
0.6819,-0.0067,22.78,66.76,2
0.6794,-0.0025,22.72,66.76,2
0.6627,-0.0167,22.72,66.75,2
0.6554,-0.0072,22.78,66.75,2
0.6136,-0.0418,22.72,66.75,2
0.6353,0.0217,22.74,66.74,2
0.6275,-0.0078,22.67,66.74,2
0.587,-0.0405,22.65,66.73,2
0.6215,0.0344,22.65,66.73,2
0.6163,-0.0052,22.69,66.73,2
0.6564,0.0401,22.72,66.73,2
0.6633,0.0069,22.72,66.72,2
0.6932,0.0299,22.68,66.72,2
0.6946,0.0014,22.62,66.72,2
0.7121,0.0174,22.66,66.73,2
0.7343,0.0222,22.63,66.73,2
0.7416,0.0073,22.7,66.73,2
0.752,0.0105,22.74,66.73,2
0.7477,-0.0043,22.79,66.74,2
0.7663,0.0186,22.71,66.74,2
0.7778,0.0115,22.78,66.74,2
0.8062,0.0285,22.76,66.75,2
0.8187,0.0125,22.77,66.76,2
0.8221,0.0034,22.78,66.76,2
0.7966,-0.0255,22.89,66.77,2
0.7699,-0.0266,22.91,66.77,2
0.7769,0.0069,22.95,66.77,2
0.798,0.0211,22.98,66.78,2
0.799,0.001,22.99,66.78,2
0.8133,0.0143,22.95,66.79,2
0.7683,-0.045,22.94,66.79,2
0.7839,0.0156,22.97,66.79,2
0.7941,0.0103,22.95,66.8,2
0.746,-0.0482,22.94,66.8,2
0.7575,0.0115,22.94,66.8,2
0.7114,-0.046,22.96,66.8,2
0.7207,0.0092,22.89,66.8,2
0.7326,0.012,22.82,66.8,2
0.7655,0.0329,22.85,66.8,2
0.7363,-0.0293,22.87,66.8,2
0.7246,-0.0117,22.93,66.8,2
0.7185,-0.0061,23.0,66.8,2
0.7101,-0.0084,22.95,66.8,2
0.6804,-0.0297,22.87,66.8,2
0.7052,0.0247,22.92,66.8,2
0.7167,0.0115,22.9,66.8,2
0.7125,-0.0042,22.88,66.8,2
0.7305,0.018,22.92,66.8,2
0.7438,0.0133,22.88,66.8,2
0.708,-0.0358,22.83,66.8,2
0.7175,0.0095,22.97,66.8,2
0.6943,-0.0232,22.97,66.8,2
0.6972,0.003,22.94,66.8,2
0.6881,-0.0091,22.96,66.8,2
0.6652,-0.0229,22.93,66.79,2
0.7015,0.0362,22.91,66.79,2
0.7119,0.0105,22.98,66.79,2
0.7123,0.0004,22.94,66.79,2
0.7314,0.0191,22.94,66.79,2
0.6756,-0.0558,22.85,66.79,2
0.6942,0.0186,22.84,66.79,2
0.6879,-0.0063,22.89,66.79,2
0.6842,-0.0037,22.85,66.79,2
0.7084,0.0241,22.81,66.79,2
0.6933,-0.0151,22.87,66.79,2
0.6679,-0.0254,22.8,66.78,2
0.6462,-0.0216,22.73,66.78,2
0.6723,0.0261,22.75,66.78,2
0.6892,0.0169,22.73,66.78,2
0.7096,0.0204,22.69,66.78,2
0.645,-0.0646,22.71,66.77,2
0.6547,0.0098,22.7,66.77,2
0.667,0.0123,22.73,66.77,2
0.681,0.014,22.77,66.77,2
0.7004,0.0194,22.75,66.77,2
0.6822,-0.0182,22.72,66.77,2
0.6675,-0.0147,22.59,66.76,2
0.6779,0.0104,22.67,66.76,2
0.7154,0.0375,22.63,66.76,2
0.7246,0.0092,22.68,66.76,2
0.7303,0.0057,22.77,66.77,2
0.717,-0.0132,22.82,66.77,2
0.714,-0.0031,22.83,66.77,2
0.6905,-0.0235,22.84,66.77,2
0.6744,-0.0161,22.87,66.76,2
0.7014,0.027,22.87,66.76,2
0.6819,-0.0195,22.86,66.76,2
0.6405,-0.0414,22.8,66.76,2
0.6657,0.0251,22.78,66.76,2
0.6634,-0.0023,22.88,66.76,2
0.6387,-0.0246,22.85,66.75,2
0.6623,0.0236,22.86,66.75,2
0.6394,-0.0229,22.83,66.75,2
0.657,0.0175,22.91,66.75,2
0.6817,0.0247,22.89,66.74,2
0.721,0.0393,22.91,66.75,2
0.7018,-0.0192,22.93,66.75,2
0.6964,-0.0054,22.86,66.75,2
0.7087,0.0123,22.83,66.75,2
0.72,0.0113,22.91,66.75,2
0.7389,0.0189,22.93,66.75,2
0.7382,-0.0007,22.92,66.75,2
0.7007,-0.0375,22.92,66.75,2
0.7093,0.0086,22.9,66.75,2
0.7128,0.0036,22.87,66.75,2
0.7468,0.034,22.8,66.75,2
0.737,-0.0098,22.8,66.76,2
0.7018,-0.0352,22.7,66.76,2
0.6496,-0.0523,22.68,66.75,2
0.6753,0.0258,22.7,66.75,2
0.7063,0.0309,22.66,66.75,2
0.6869,-0.0194,22.77,66.75,2
0.6942,0.0072,22.72,66.75,2
0.6933,-0.0008,22.71,66.75,2
0.6873,-0.006,22.72,66.75,2
0.6918,0.0045,22.76,66.75,2
0.6851,-0.0067,22.72,66.75,2
0.6654,-0.0197,22.63,66.75,2
0.6748,0.0095,22.61,66.75,2
0.685,0.0102,22.72,66.75,2
0.6777,-0.0073,22.71,66.74,2
0.6425,-0.0352,22.71,66.74,2
0.6248,-0.0177,22.71,66.74,2
0.6255,0.0007,22.75,66.73,2
0.6438,0.0183,22.73,66.73,2
0.653,0.0091,22.71,66.73,2
0.6955,0.0426,22.75,66.73,2
0.6439,-0.0517,22.74,66.73,2
0.6121,-0.0318,22.73,66.72,2
0.618,0.0059,22.79,66.72,2
0.657,0.039,22.81,66.72,2
0.6504,-0.0067,22.91,66.72,2
0.6585,0.0081,22.86,66.72,2
0.6681,0.0096,22.82,66.71,2
0.6681,0.0,22.85,66.71,2
0.6316,-0.0365,22.78,66.71,2
0.6327,0.0011,22.75,66.71,2
0.6679,0.0352,22.79,66.71,2
0.6766,0.0087,22.77,66.71,2
0.6914,0.0148,22.7,66.71,2
0.7021,0.0107,22.72,66.71,2
0.6514,-0.0507,22.76,66.71,2
0.6747,0.0233,22.84,66.71,2
0.6354,-0.0393,22.76,66.7,2
0.6376,0.0022,22.72,66.7,2
0.6481,0.0104,22.7,66.7,2
0.6557,0.0076,22.62,66.7,2
0.6258,-0.0299,22.72,66.7,2
0.6429,0.0171,22.64,66.69,2
0.6822,0.0393,22.7,66.7,2
0.6794,-0.0028,22.71,66.7,2
0.6697,-0.0097,22.72,66.69,2
0.6307,-0.039,22.72,66.69,2
0.6198,-0.0109,22.73,66.69,2
0.6547,0.035,22.78,66.69,2
0.5909,-0.0638,22.78,66.68,2
0.5877,-0.0032,22.78,66.68,2
0.6144,0.0268,22.73,66.68,2
0.6611,0.0467,22.66,66.68,2
0.6535,-0.0077,22.66,66.68,2
0.6507,-0.0027,22.66,66.67,2
0.661,0.0103,22.64,66.67,2
0.6436,-0.0175,22.67,66.67,2
0.6519,0.0083,22.69,66.67,2
0.6895,0.0376,22.77,66.67,2
0.7198,0.0302,22.76,66.68,2
0.7072,-0.0126,22.86,66.68,2
0.7012,-0.006,22.8,66.68,2
0.6991,-0.0022,22.79,66.68,2
0.639,-0.0601,22.83,66.68,2
0.6186,-0.0204,22.82,66.68,2
0.6293,0.0106,22.8,66.67,2
0.6434,0.0141,22.75,66.67,2
0.6832,0.0399,22.69,66.67,2
0.6386,-0.0447,22.71,66.67,2
0.6454,0.0068,22.77,66.67,2
0.6813,0.036,22.79,66.67,2
0.6955,0.0142,22.84,66.67,2
0.6936,-0.0019,22.83,66.67,2
0.7063,0.0127,22.84,66.68,2
0.7226,0.0163,22.91,66.68,2
0.7116,-0.011,22.86,66.68,2
0.7125,0.0009,22.99,66.68,2
0.6845,-0.028,23.0,66.68,2
0.6847,0.0003,22.97,66.68,2
0.675,-0.0097,22.95,66.68,2
0.6715,-0.0035,22.99,66.68,2
0.7094,0.038,22.91,66.69,2
0.7064,-0.003,22.9,66.69,2
0.7039,-0.0025,22.93,66.69,2
0.7054,0.0015,22.99,66.69,2
0.6666,-0.0388,22.93,66.69,2
0.6225,-0.0441,22.89,66.69,2
0.645,0.0225,22.87,66.69,2
0.6504,0.0054,22.82,66.68,2
0.5953,-0.0551,22.87,66.68,2
0.6182,0.0229,22.86,66.68,2
0.6521,0.0339,22.91,66.68,2
0.6369,-0.0152,22.87,66.67,2
0.6409,0.004,22.84,66.67,2
0.6264,-0.0146,22.84,66.67,2
0.6008,-0.0256,22.85,66.67,2
0.5827,-0.0181,22.86,66.66,2
0.5326,-0.0501,22.74,66.66,2
0.5257,-0.0069,22.74,66.65,2
0.5341,0.0083,22.71,66.64,2
0.549,0.015,22.78,66.64,2
0.6016,0.0526,22.74,66.64,2
0.603,0.0014,22.76,66.63,2
0.5886,-0.0144,22.76,66.63,2
0.5977,0.0091,22.8,66.63,2
0.4293,-0.1684,23.06,66.66,1
0.4735,0.0442,23.27,66.69,1
0.4921,0.0186,23.24,66.68,2
0.4765,-0.0156,23.14,66.67,2
0.4862,0.0097,23.02,66.66,2
0.5434,0.0572,22.88,66.65,2
0.5669,0.0235,22.9,66.65,2
0.4036,-0.1633,23.16,66.68,1
0.4493,0.0457,23.41,66.7,1
0.4741,0.0248,23.24,66.69,2
0.5174,0.0433,23.2,66.69,2
0.5211,0.0037,23.2,66.68,2
0.5322,0.0111,23.16,66.67,2
0.5839,0.0517,23.19,66.67,2
0.6122,0.0283,23.11,66.66,2
0.6477,0.0356,23.12,66.66,2
0.6387,-0.009,23.13,66.66,2
0.6294,-0.0093,23.07,66.66,2
0.6315,0.0021,23.02,66.66,2
0.6728,0.0414,23.06,66.66,2
0.6877,0.0149,23.07,66.66,2
0.656,-0.0318,23.0,66.66,2
0.6216,-0.0344,23.01,66.66,2
0.6062,-0.0154,23.07,66.65,2
0.5781,-0.0281,23.02,66.65,2
0.5702,-0.0079,22.96,66.65,2
0.5938,0.0236,23.03,66.64,2
0.5944,0.0006,23.0,66.64,2
0.5984,0.004,22.91,66.64,2
0.5798,-0.0186,22.97,66.63,2
0.5839,0.0041,22.83,66.63,2
0.6007,0.0168,22.85,66.63,2
0.5732,-0.0275,22.79,66.62,2
0.6158,0.0425,22.84,66.62,2
0.6348,0.0191,22.88,66.62,2
0.6022,-0.0326,22.84,66.62,2
0.6371,0.0349,22.89,66.62,2
0.6156,-0.0215,22.94,66.62,2
0.5682,-0.0474,22.82,66.61,2
0.5369,-0.0313,22.81,66.61,2
0.5502,0.0133,22.8,66.6,2
0.5548,0.0046,22.83,66.6,2
0.5754,0.0205,22.71,66.6,2
0.5842,0.0088,22.67,66.59,2
0.5846,0.0004,22.69,66.59,2
0.5821,-0.0026,22.69,66.59,2
0.5621,-0.0199,22.74,66.58,2
0.5888,0.0266,22.77,66.58,2
0.6086,0.0199,22.79,66.58,2
0.5903,-0.0183,22.84,66.58,2
0.5753,-0.015,22.83,66.58,2
0.6046,0.0293,22.83,66.57,2
0.6502,0.0456,22.77,66.57,2
0.6364,-0.0139,22.73,66.58,2
0.6565,0.0201,22.78,66.58,2
0.6346,-0.0219,22.86,66.58,2
0.5897,-0.0449,22.81,66.57,2
0.6171,0.0275,22.95,66.57,2
0.6045,-0.0126,22.88,66.57,2
0.64,0.0355,22.91,66.57,2
0.6251,-0.0149,22.88,66.57,2
0.635,0.0098,22.92,66.57,2
0.6405,0.0055,22.84,66.57,2
0.6477,0.0072,22.85,66.57,2
0.6794,0.0317,22.88,66.58,2
0.7091,0.0297,22.89,66.58,2
0.7345,0.0254,22.99,66.59,2
0.746,0.0115,22.95,66.59,2
0.7321,-0.0139,22.91,66.6,2
0.6983,-0.0338,22.95,66.6,2
0.6849,-0.0134,22.91,66.6,2
0.6937,0.0088,22.88,66.6,2
0.718,0.0243,22.91,66.61,2
0.6942,-0.0238,22.93,66.61,2
0.7016,0.0074,22.94,66.61,2
0.6856,-0.016,22.91,66.62,2
0.684,-0.0016,22.93,66.62,2
0.6995,0.0154,22.91,66.62,2
0.6503,-0.0492,22.95,66.62,2
0.6348,-0.0155,22.94,66.62,2
0.6546,0.0199,23.01,66.62,2
0.6241,-0.0306,23.01,66.62,2
0.6344,0.0104,22.95,66.62,2
0.6301,-0.0044,22.92,66.62,2
0.641,0.0109,23.0,66.62,2
0.599,-0.042,23.02,66.61,2
0.5682,-0.0308,23.02,66.61,2
0.5896,0.0214,22.99,66.61,2
0.5977,0.0081,22.92,66.61,2
0.585,-0.0128,22.91,66.6,2
0.581,-0.004,22.86,66.6,2
0.5726,-0.0084,22.86,66.6,2
0.5912,0.0186,22.82,66.59,2
0.5599,-0.0312,22.88,66.59,2
0.5541,-0.0059,22.76,66.59,2
0.5649,0.0108,22.79,66.58,2
0.5615,-0.0034,22.74,66.58,2
0.5873,0.0258,22.7,66.58,2
0.5968,0.0094,22.74,66.58,2
0.6156,0.0189,22.74,66.57,2
0.6414,0.0258,22.72,66.58,2
0.6383,-0.0031,22.72,66.58,2
0.6227,-0.0155,22.7,66.58,2
0.4537,-0.1691,22.65,66.57,2
0.4694,0.0157,22.65,66.56,2
0.4933,0.0239,22.63,66.55,2
0.4901,-0.0032,22.54,66.55,2
0.5227,0.0327,22.57,66.54,2
0.528,0.0052,22.62,66.54,2
0.531,0.003,22.58,66.53,2
0.5339,0.0029,22.58,66.53,2
0.551,0.0171,22.63,66.53,2
0.3917,-0.1594,22.88,66.55,1
0.293,-0.0986,23.15,66.58,1
0.2281,-0.0649,23.54,66.63,0
0.3328,0.1047,23.93,66.68,0
0.3769,0.0441,24.15,66.71,1
0.4388,0.0619,24.23,66.73,1
0.4917,0.0529,24.12,66.72,2
0.483,-0.0088,23.98,66.71,2
0.4912,0.0082,23.9,66.7,2
0.5023,0.0112,23.75,66.7,2
0.4681,-0.0342,23.6,66.69,2
0.4864,0.0183,23.47,66.68,2
0.485,-0.0015,23.34,66.67,2
0.4453,-0.0396,23.5,66.7,1
0.4563,0.0109,23.63,66.72,1
0.4448,-0.0115,23.81,66.75,1
0.4684,0.0236,23.64,66.74,2
0.4748,0.0064,23.4,66.73,2
0.4801,0.0053,23.29,66.72,2
0.3324,-0.1477,23.43,66.74,1
0.4059,0.0735,23.66,66.77,1
0.452,0.0461,23.56,66.75,2
0.4728,0.0207,23.47,66.74,2
0.4861,0.0133,23.36,66.73,2
0.5084,0.0224,23.28,66.72,2
0.5246,0.0162,23.3,66.71,2
0.5513,0.0267,23.22,66.71,2
0.569,0.0177,23.15,66.7,2
0.5539,-0.0152,23.13,66.7,2
0.5206,-0.0332,23.01,66.69,2
0.5382,0.0176,22.99,66.68,2
0.5201,-0.0182,22.99,66.67,2
0.533,0.0129,23.03,66.67,2
0.5227,-0.0103,23.03,66.66,2
0.5153,-0.0073,23.15,66.65,2
0.5086,-0.0068,23.11,66.64,2
0.5463,0.0377,23.05,66.64,2
0.3887,-0.1576,23.27,66.67,1
0.4389,0.0502,23.53,66.69,1
0.4938,0.0549,23.51,66.68,2
0.3531,-0.1407,23.36,66.67,2
0.3957,0.0426,23.52,66.7,1
0.4134,0.0177,23.66,66.72,1
0.412,-0.0014,23.84,66.75,1
0.4191,0.0071,23.95,66.77,1
0.4513,0.0322,23.73,66.76,2
0.4535,0.0023,23.59,66.75,2
0.4828,0.0293,23.37,66.74,2
0.5212,0.0384,23.41,66.73,2
0.5032,-0.018,23.27,66.72,2
0.4896,-0.0136,23.27,66.71,2
0.457,-0.0327,23.27,66.7,2
0.466,0.009,23.21,66.69,2
0.4791,0.0131,23.2,66.68,2
0.48,0.0009,23.14,66.67,2
0.4637,-0.0163,23.06,66.66,2
0.5171,0.0534,23.01,66.65,2
0.5654,0.0483,23.08,66.65,2
0.54,-0.0254,23.03,66.64,2
0.5583,0.0183,23.06,66.64,2
0.5603,0.002,23.0,66.63,2
0.5405,-0.0198,23.1,66.63,2
0.5494,0.0089,23.04,66.62,2
0.5382,-0.0112,22.95,66.61,2
0.5613,0.023,22.99,66.61,2
0.4017,-0.1596,23.28,66.64,1
0.4177,0.016,23.42,66.67,1
0.4561,0.0384,23.37,66.66,2
0.322,-0.1341,23.25,66.64,2
0.3825,0.0605,23.48,66.67,1
0.4143,0.0317,23.68,66.69,1
0.454,0.0398,23.57,66.68,2
0.453,-0.001,23.48,66.67,2
0.4668,0.0138,23.46,66.66,2
0.4604,-0.0064,23.4,66.65,2
0.4635,0.0031,23.36,66.64,2
0.3219,-0.1417,23.56,66.66,1
0.3699,0.048,23.77,66.69,1
0.4208,0.0509,23.98,66.72,1
0.2934,-0.1274,24.08,66.74,1
0.2168,-0.0766,24.35,66.78,0
0.3153,0.0985,24.75,66.83,0
0.3655,0.0503,24.85,66.85,1
0.4208,0.0552,24.91,66.88,1
0.2914,-0.1294,24.95,66.9,1
0.344,0.0527,25.09,66.91,1
0.4053,0.0612,25.16,66.94,1
0.4023,-0.003,25.27,66.96,1
0.4253,0.023,25.43,66.98,1
0.4244,-0.0008,25.46,67.0,1
0.4203,-0.0042,25.46,67.02,1
0.4017,-0.0185,25.49,67.04,1
0.418,0.0163,25.49,67.06,1
0.2827,-0.1353,25.42,67.08,1
0.3711,0.0884,25.44,67.09,1
0.4183,0.0472,25.42,67.11,1
0.4281,0.0097,25.47,67.13,1
0.2941,-0.1339,25.54,67.14,1
0.3543,0.0602,25.58,67.16,1
0.3563,0.0019,25.63,67.17,1
0.3834,0.0272,25.64,67.19,1
0.4175,0.0341,25.7,67.2,1
0.4352,0.0178,25.69,67.22,1
0.4523,0.0171,25.39,67.2,2
0.4344,-0.0179,25.07,67.18,2
0.2944,-0.14,25.2,67.19,1
0.3367,0.0422,25.19,67.2,1
0.4041,0.0674,25.22,67.22,1
0.4235,0.0195,25.31,67.24,1
0.4229,-0.0006,25.26,67.25,1
0.4367,0.0137,25.31,67.27,1
0.4532,0.0165,25.05,67.25,2
0.461,0.0079,24.77,67.22,2
0.4641,0.003,24.55,67.2,2
0.4794,0.0153,24.38,67.18,2
0.3335,-0.1459,24.53,67.2,1
0.3883,0.0548,24.62,67.21,1
0.2737,-0.1146,24.87,67.25,0
0.3462,0.0725,25.18,67.29,0
0.3823,0.0361,25.3,67.31,1
0.4096,0.0273,25.46,67.32,1
0.3993,-0.0103,25.55,67.33,1
0.4073,0.008,25.6,67.35,1
0.4475,0.0402,25.65,67.36,1
0.3067,-0.1408,25.67,67.37,1
0.343,0.0363,25.68,67.38,1
0.2362,-0.1069,25.95,67.42,0
0.2824,0.0463,26.12,67.45,0
0.3139,0.0315,26.02,67.46,1
0.3387,0.0248,25.92,67.47,1
0.3712,0.0325,25.98,67.47,1
0.3892,0.0179,25.88,67.48,1
0.3733,-0.0158,25.87,67.49,1
0.3866,0.0133,25.84,67.5,1
0.2558,-0.1308,26.06,67.54,0
0.3379,0.0821,26.35,67.57,0
0.2304,-0.1075,26.56,67.6,0
0.2989,0.0685,26.5,67.61,1
0.3639,0.0649,26.42,67.61,1
0.2466,-0.1173,26.6,67.64,0
0.305,0.0584,26.68,67.67,0
0.3342,0.0292,26.62,67.68,1
0.36,0.0259,26.56,67.68,1
0.2381,-0.122,26.73,67.71,0
0.3128,0.0747,26.89,67.74,0
0.2109,-0.1019,27.01,67.77,0
0.3109,0.1,26.88,67.77,1
0.3862,0.0753,26.8,67.77,1
0.388,0.0017,26.79,67.78,1
0.4116,0.0236,26.64,67.78,1
0.4376,0.026,26.67,67.79,1
0.2991,-0.1385,26.61,67.79,1
0.3569,0.0578,26.6,67.79,1
0.2472,-0.1097,26.76,67.81,0
0.3061,0.0589,26.99,67.84,0
0.3386,0.0325,26.83,67.84,1
0.3879,0.0493,26.78,67.85,1
0.3938,0.0059,26.75,67.85,1
0.3859,-0.0079,26.63,67.85,1
0.3863,0.0004,26.67,67.85,1
0.3945,0.0082,26.68,67.86,1
0.3854,-0.0092,26.6,67.86,1
0.3931,0.0077,26.54,67.86,1
0.3998,0.0067,26.49,67.86,1
0.2673,-0.1324,26.7,67.89,0
0.3456,0.0783,26.88,67.92,0
0.2375,-0.1081,27.02,67.94,0
0.173,-0.0646,27.17,67.96,0
0.247,0.0741,27.35,67.99,0
0.3178,0.0708,27.31,67.98,1
0.3615,0.0437,27.28,67.98,1
0.3959,0.0343,27.19,67.98,1
0.2671,-0.1287,27.43,68.0,0
0.1919,-0.0753,27.62,68.02,0
0.2927,0.1009,27.45,68.02,1
0.2025,-0.0903,27.23,68.01,1
0.1483,-0.0542,27.36,68.02,0
0.1137,-0.0346,27.56,68.04,0
0.2377,0.124,27.69,68.06,0
0.2931,0.0554,27.47,68.05,1
0.3334,0.0402,27.4,68.05,1
0.3904,0.057,27.29,68.05,1
0.4147,0.0243,27.13,68.05,1
0.4107,-0.004,27.08,68.05,1
0.429,0.0183,26.92,68.05,1
0.4252,-0.0038,26.84,68.05,1
0.2886,-0.1365,26.81,68.04,1
0.2084,-0.0802,26.87,68.06,0
0.2635,0.0551,26.94,68.08,0
0.3069,0.0434,26.82,68.08,1
0.3492,0.0423,26.81,68.07,1
0.3753,0.0261,26.69,68.07,1
0.2512,-0.1241,26.82,68.09,0
0.1797,-0.0715,26.97,68.11,0
0.136,-0.0437,27.15,68.12,0
0.1076,-0.0284,27.3,68.14,0
0.1903,0.0827,27.29,68.15,0
0.2465,0.0562,27.38,68.17,0
0.312,0.0655,27.15,68.16,1
0.3485,0.0365,26.98,68.16,1
0.3655,0.0169,26.83,68.15,1
0.2406,-0.1249,26.97,68.17,0
0.3367,0.0961,27.06,68.2,0
0.3575,0.0209,26.98,68.19,1
0.3945,0.0369,26.84,68.19,1
0.3861,-0.0084,26.85,68.18,1
0.4034,0.0173,26.84,68.18,1
0.4309,0.0274,26.79,68.18,1
0.292,-0.1388,26.73,68.17,1
0.32,0.028,26.57,68.16,1
0.3385,0.0185,26.43,68.15,1
0.2243,-0.1142,26.62,68.17,0
0.2686,0.0443,26.83,68.19,0
0.3174,0.0488,26.63,68.18,1
0.2073,-0.1101,26.59,68.17,1
0.2919,0.0847,26.57,68.16,1
0.1946,-0.0973,26.74,68.18,0
0.2428,0.0482,26.86,68.2,0
0.1568,-0.0861,26.94,68.21,0
0.108,-0.0488,27.11,68.22,0
0.1988,0.0908,27.18,68.24,0
0.1263,-0.0725,27.38,68.25,0
0.2206,0.0943,27.51,68.26,0
0.2936,0.073,27.28,68.25,1
0.1893,-0.1042,27.21,68.24,1
0.1302,-0.0591,27.3,68.25,0
0.2325,0.1022,27.52,68.27,0
0.2783,0.0459,27.59,68.29,0
0.2928,0.0145,27.45,68.27,1
0.1845,-0.1083,27.28,68.26,1
0.1245,-0.06,27.41,68.27,0
0.2245,0.1001,27.56,68.29,0
0.2601,0.0356,27.67,68.3,0
0.1637,-0.0964,27.8,68.31,0
0.1104,-0.0533,27.92,68.32,0
0.0794,-0.0309,28.01,68.33,0
0.2054,0.126,27.97,68.34,0
0.1339,-0.0715,28.03,68.35,0
0.093,-0.0409,28.13,68.36,0
0.1782,0.0853,28.25,68.37,0
0.2419,0.0636,28.33,68.39,0
0.2703,0.0285,28.48,68.4,0
0.2802,0.0099,28.33,68.39,1
0.292,0.0118,28.09,68.38,1
0.3109,0.0189,27.76,68.37,1
0.3243,0.0134,27.62,68.35,1
0.2059,-0.1184,27.64,68.37,0
0.2479,0.042,27.73,68.38,0
0.2886,0.0407,27.59,68.37,1
0.2942,0.0056,27.48,68.36,1
0.3097,0.0156,27.38,68.34,1
0.1952,-0.1145,27.57,68.36,0
0.2596,0.0644,27.69,68.37,0
0.1676,-0.092,27.81,68.38,0
0.1158,-0.0518,27.89,68.39,0
0.2252,0.1093,27.89,68.41,0
0.2938,0.0686,27.76,68.39,1
0.3265,0.0327,27.63,68.38,1
0.3652,0.0388,27.44,68.37,1
0.2405,-0.1248,27.59,68.39,0
0.1686,-0.0719,27.67,68.4,0
0.1249,-0.0437,27.78,68.41,0
0.2066,0.0817,27.84,68.42,0
0.2518,0.0451,27.89,68.43,0
0.1591,-0.0926,27.94,68.44,0
0.108,-0.0512,27.98,68.45,0
0.2083,0.1004,27.99,68.46,0
0.2511,0.0428,28.04,68.47,0
0.2802,0.029,27.88,68.46,1
0.3052,0.025,27.78,68.44,1
0.3288,0.0237,27.57,68.43,1
0.211,-0.1178,27.65,68.44,0
0.1454,-0.0657,27.73,68.45,0
0.2269,0.0815,27.74,68.46,0
0.2814,0.0546,27.61,68.45,1
0.182,-0.0995,27.44,68.43,1
0.2412,0.0592,27.61,68.44,0
0.1552,-0.086,27.69,68.45,0
0.2721,0.1169,27.73,68.47,0
0.2974,0.0253,27.6,68.45,1
0.3178,0.0205,27.45,68.44,1
0.2031,-0.1148,27.62,68.45,0
0.1384,-0.0646,27.74,68.46,0
0.1001,-0.0383,27.82,68.46,0
0.0761,-0.024,27.89,68.47,0
0.06,-0.0161,27.87,68.47,0
0.1786,0.1186,27.92,68.48,0
0.2379,0.0593,27.94,68.49,0
0.2739,0.036,28.0,68.51,0
0.293,0.0191,27.75,68.49,1
0.3293,0.0363,27.59,68.48,1
0.2102,-0.1191,27.63,68.49,0
0.2561,0.0458,27.73,68.5,0
0.3024,0.0464,27.64,68.49,1
0.1936,-0.1088,27.36,68.47,1
0.2448,0.0512,27.54,68.48,0
0.2806,0.0358,27.71,68.49,0
0.335,0.0544,27.52,68.48,1
0.3402,0.0052,27.39,68.47,1
0.3457,0.0055,27.3,68.46,1
0.2224,-0.1233,27.31,68.47,0
0.1528,-0.0696,27.41,68.48,0
0.2439,0.0911,27.56,68.49,0
0.1612,-0.0826,27.67,68.5,0
0.2185,0.0572,27.81,68.51,0
0.1383,-0.0802,27.91,68.52,0
0.2085,0.0702,27.9,68.53,0
0.1293,-0.0792,27.95,68.53,0
0.0856,-0.0437,27.93,68.54,0
0.1654,0.0798,28.14,68.54,0
0.099,-0.0664,28.14,68.55,0
0.1957,0.0967,28.2,68.56,0
0.1192,-0.0765,28.29,68.56,0
0.2247,0.1055,28.26,68.57,0
0.1412,-0.0835,28.3,68.58,0
0.2016,0.0604,28.36,68.58,0
0.1222,-0.0793,28.33,68.59,0
0.0786,-0.0436,28.36,68.59,0
0.1636,0.085,28.33,68.6,0
0.2163,0.0527,28.35,68.61,0
0.1269,-0.0895,28.41,68.61,0
0.2289,0.1021,28.41,68.62,0
0.2564,0.0274,28.46,68.63,0
0.156,-0.1004,28.48,68.64,0
0.216,0.06,28.46,68.64,0
0.248,0.032,28.46,68.65,0
0.2731,0.0251,28.5,68.66,0
0.2999,0.0268,28.16,68.65,1
0.3316,0.0317,28.0,68.63,1
0.2112,-0.1204,28.09,68.64,0
0.2539,0.0427,28.24,68.65,0
0.1623,-0.0916,28.24,68.65,0
0.111,-0.0513,28.24,68.65,0
0.0808,-0.0302,28.19,68.66,0
0.0619,-0.0189,28.28,68.66,0
0.0493,-0.0126,28.34,68.65,0
0.1479,0.0986,28.43,68.66,0
0.0897,-0.0582,28.44,68.66,0
0.0583,-0.0314,28.39,68.66,0
0.0406,-0.0176,28.46,68.66,0
0.0302,-0.0104,28.5,68.66,0
0.1561,0.1259,28.53,68.66,0
0.0952,-0.0609,28.54,68.66,0
0.1668,0.0716,28.52,68.67,0
0.0967,-0.0701,28.5,68.67,0
0.1719,0.0752,28.45,68.68,0
0.0989,-0.073,28.55,68.68,0
0.1926,0.0937,28.52,68.68,0
0.1149,-0.0777,28.52,68.68,0
0.0726,-0.0423,28.66,68.68,0
0.1761,0.1036,28.69,68.69,0
0.1064,-0.0697,28.66,68.69,0
0.068,-0.0383,28.69,68.69,0
0.0461,-0.022,28.55,68.69,0
0.0328,-0.0132,28.5,68.69,0
0.1544,0.1216,28.51,68.69,0
0.2144,0.06,28.64,68.7,0
0.1274,-0.087,28.62,68.7,0
0.0805,-0.047,28.63,68.7,0
0.1641,0.0837,28.64,68.7,0
0.0967,-0.0675,28.63,68.71,0
0.1879,0.0913,28.69,68.71,0
0.2599,0.072,28.7,68.72,0
0.2914,0.0316,28.47,68.7,1
0.3249,0.0335,28.31,68.68,1
0.3286,0.0037,28.08,68.66,1
0.3281,-0.0005,27.98,68.65,1
0.2083,-0.1198,28.08,68.66,0
0.2491,0.0408,28.21,68.66,0
0.2773,0.0281,28.22,68.68,0
0.1733,-0.104,28.18,68.68,0
0.1159,-0.0574,28.27,68.68,0
0.0828,-0.0331,28.19,68.68,0
0.1775,0.0947,28.26,68.69,0
0.1113,-0.0662,28.31,68.69,0
0.0747,-0.0366,28.33,68.69,0
0.0535,-0.0212,28.35,68.69,0
0.0405,-0.013,28.4,68.69,0
0.1645,0.124,28.41,68.69,0
0.2184,0.0539,28.47,68.7,0
0.2479,0.0294,28.53,68.71,0
0.1484,-0.0994,28.61,68.71,0
0.1975,0.0491,28.68,68.72,0
0.1171,-0.0803,28.6,68.72,0
0.0742,-0.0429,28.56,68.72,0
0.0505,-0.0237,28.6,68.72,0
0.0367,-0.0138,28.67,68.71,0
0.0282,-0.0085,28.76,68.71,0
0.1576,0.1294,28.76,68.71,0
0.0967,-0.0609,28.73,68.71,0
0.0631,-0.0335,28.74,68.71,0
0.1513,0.0882,28.88,68.72,0
0.0882,-0.0632,28.9,68.72,0
0.0544,-0.0337,28.83,68.71,0
0.1808,0.1264,28.8,68.72,0
0.1111,-0.0697,28.86,68.72,0
0.0724,-0.0387,28.82,68.72,0
0.1574,0.085,28.83,68.72,0
0.2333,0.0759,28.89,68.73,0
0.1403,-0.093,28.91,68.73,0
0.2194,0.0791,28.87,68.74,0
0.1344,-0.085,28.84,68.74,0
0.0872,-0.0472,28.84,68.74,0
0.0598,-0.0274,28.74,68.74,0
0.1606,0.1008,28.67,68.74,0
0.225,0.0644,28.67,68.75,0
0.281,0.056,28.44,68.73,1
0.3062,0.0251,28.22,68.71,1
0.1914,-0.1148,28.19,68.71,0
0.23,0.0386,28.28,68.72,0
0.2954,0.0654,28.1,68.7,1
0.1865,-0.1089,27.83,68.68,1
0.1252,-0.0613,27.8,68.68,0
0.089,-0.0362,27.79,68.68,0
0.0663,-0.0227,27.83,68.68,0
0.1663,0.1,27.92,68.68,0
0.1027,-0.0636,27.99,68.69,0
0.1826,0.0798,28.07,68.69,0
0.2549,0.0723,28.21,68.7,0
0.1575,-0.0974,28.29,68.7,0
0.2438,0.0863,28.35,68.71,0
0.2706,0.0268,28.37,68.72,0
0.2982,0.0276,28.09,68.7,1
0.1857,-0.1125,27.95,68.68,1
0.2382,0.0525,27.98,68.69,0
0.1488,-0.0894,28.1,68.69,0
0.2391,0.0902,28.18,68.7,0
0.152,-0.087,28.17,68.7,0
0.1027,-0.0493,28.29,68.7,0
0.0734,-0.0294,28.35,68.7,0
0.0548,-0.0185,28.34,68.7,0
0.1575,0.1026,28.39,68.7,0
0.0957,-0.0617,28.41,68.71,0
0.1719,0.0761,28.45,68.71,0
0.2348,0.0629,28.51,68.72,0
0.2538,0.0189,28.52,68.73,0
0.1516,-0.1021,28.54,68.73,0
0.0968,-0.0548,28.47,68.73,0
0.0664,-0.0305,28.56,68.73,0
0.201,0.1347,28.62,68.73,0
0.2597,0.0587,28.65,68.74,0
0.2969,0.0372,28.39,68.72,1
0.1902,-0.1067,28.15,68.7,1
0.1309,-0.0593,28.22,68.7,0
0.2313,0.1004,28.33,68.71,0
0.1527,-0.0785,28.38,68.71,0
0.1078,-0.0449,28.38,68.71,0
0.2056,0.0978,28.44,68.72,0
0.1331,-0.0725,28.45,68.72,0
0.0921,-0.041,28.5,68.72,0
0.1801,0.088,28.58,68.72,0
0.2314,0.0513,28.66,68.73,0
0.1405,-0.0909,28.6,68.73,0
0.0911,-0.0494,28.49,68.73,0
0.1681,0.077,28.53,68.74,0
0.2508,0.0826,28.57,68.75,0
0.275,0.0243,28.69,68.75,0
0.1696,-0.1054,28.71,68.76,0
0.2319,0.0623,28.74,68.76,0
0.2955,0.0637,28.51,68.74,1
0.1881,-0.1075,28.27,68.72,1
0.1277,-0.0604,28.38,68.72,0
0.0919,-0.0357,28.47,68.72,0
0.1746,0.0826,28.54,68.72,0
0.1086,-0.0659,28.56,68.73,0
0.2123,0.1037,28.63,68.73,0
0.2833,0.071,28.32,68.71,1
0.1806,-0.1027,28.06,68.69,1
0.2727,0.0921,28.19,68.7,0
0.3215,0.0487,28.3,68.71,0
0.2101,-0.1114,28.34,68.71,0
0.2787,0.0686,28.41,68.72,0
0.1835,-0.0952,28.48,68.73,0
0.2484,0.0649,28.57,68.74,0
0.1607,-0.0877,28.52,68.74,0
0.2356,0.0749,28.54,68.75,0
0.2737,0.0381,28.61,68.76,0
0.1721,-0.1015,28.58,68.76,0
0.1156,-0.0565,28.53,68.76,0
0.0826,-0.033,28.52,68.76,0
0.1672,0.0846,28.62,68.76,0
0.2273,0.0601,28.66,68.77,0
0.2676,0.0403,28.78,68.78,0
0.1629,-0.1046,28.74,68.78,0
0.2157,0.0527,28.84,68.78,0
0.2602,0.0445,28.84,68.79,0
0.3061,0.046,28.58,68.77,1
0.1921,-0.114,28.31,68.74,1
0.2535,0.0614,28.28,68.75,0
0.1613,-0.0922,28.42,68.76,0
0.2317,0.0705,28.5,68.76,0
0.1464,-0.0854,28.53,68.76,0
0.2434,0.097,28.57,68.77,0
0.2718,0.0284,28.61,68.78,0
0.1701,-0.1017,28.61,68.78,0
0.281,0.1109,28.36,68.76,1
0.1845,-0.0965,28.12,68.73,1
0.2584,0.0739,28.15,68.74,0
0.1679,-0.0905,28.19,68.75,0
0.1156,-0.0523,28.29,68.75,0
0.1963,0.0807,28.41,68.75,0
0.2507,0.0544,28.46,68.76,0
0.3217,0.071,28.22,68.74,1
0.3588,0.0371,28.04,68.72,1
0.2359,-0.123,28.02,68.73,0
0.3204,0.0845,28.13,68.74,0
0.3492,0.0288,27.91,68.72,1
0.2344,-0.1148,27.74,68.7,1
0.2904,0.056,27.61,68.68,1
0.1951,-0.0953,27.68,68.69,0
0.2472,0.0522,27.78,68.7,0
0.2751,0.0278,27.83,68.71,0
0.3113,0.0362,27.67,68.69,1
0.3316,0.0204,27.58,68.67,1
0.2148,-0.1169,27.69,68.68,0
0.3193,0.1046,27.77,68.69,0
0.2168,-0.1026,27.84,68.7,0
0.2638,0.0471,27.93,68.71,0
0.322,0.0581,27.77,68.69,1
0.2117,-0.1103,27.59,68.67,1
0.1482,-0.0634,27.68,68.67,0
0.1097,-0.0385,27.83,68.67,0
0.1873,0.0776,27.84,68.68,0
0.2524,0.065,28.03,68.69,0
0.3116,0.0592,27.91,68.67,1
0.3784,0.0668,27.66,68.65,1
0.2503,-0.1281,27.75,68.66,0
0.2807,0.0304,27.9,68.67,0
0.1838,-0.0969,27.94,68.68,0
0.128,-0.0558,27.92,68.68,0
0.2241,0.0961,27.99,68.69,0
0.1463,-0.0779,28.09,68.69,0
0.1015,-0.0448,28.2,68.7,0
0.0743,-0.0272,28.16,68.7,0
0.0568,-0.0175,28.27,68.69,0
0.0449,-0.012,28.32,68.69,0
0.0363,-0.0086,28.21,68.69,0
0.1923,0.156,28.22,68.7,0
0.2706,0.0784,28.3,68.71,0
0.1733,-0.0974,28.27,68.71,0
0.2653,0.092,28.32,68.72,0
0.3113,0.046,28.13,68.7,1
0.3301,0.0188,28.0,68.68,1
0.3447,0.0147,27.83,68.67,1
0.2235,-0.1212,27.95,68.67,0
0.2873,0.0638,28.04,68.69,0
0.316,0.0287,27.94,68.67,1
0.3388,0.0228,27.8,68.65,1
0.374,0.0352,27.63,68.64,1
0.2485,-0.1254,27.77,68.65,0
0.2865,0.0379,27.83,68.66,0
0.1907,-0.0958,27.95,68.66,0
0.1357,-0.055,27.96,68.67,0
0.1023,-0.0334,27.97,68.67,0
0.0807,-0.0216,28.02,68.67,0
0.0657,-0.015,28.04,68.67,0
0.1772,0.1115,28.02,68.68,0
0.1143,-0.0629,28.11,68.68,0
0.079,-0.0353,28.13,68.68,0
0.1931,0.1141,28.25,68.68,0
0.2393,0.0463,28.3,68.69,0
0.291,0.0516,28.06,68.67,1
0.3214,0.0304,27.88,68.66,1
0.3525,0.0312,27.88,68.64,1
0.2287,-0.1239,27.96,68.65,0
0.1583,-0.0704,28.05,68.65,0
0.2286,0.0703,28.16,68.66,0
0.1493,-0.0794,28.17,68.67,0
0.229,0.0798,28.28,68.67,0
0.3027,0.0736,28.06,68.66,1
0.3076,0.0049,27.89,68.64,1
0.3095,0.0019,27.76,68.62,1
0.1939,-0.1155,27.86,68.63,0
0.1298,-0.0641,27.92,68.63,0
0.2325,0.1027,28.03,68.64,0
0.1516,-0.0809,28.13,68.65,0
0.1052,-0.0464,28.13,68.65,0
0.2145,0.1094,28.13,68.66,0
0.139,-0.0756,28.12,68.66,0
0.0957,-0.0433,28.15,68.66,0
0.1795,0.0838,28.23,68.67,0
0.2482,0.0687,28.27,68.68,0
0.2862,0.038,27.98,68.66,1
0.3103,0.0241,27.81,68.64,1
0.1962,-0.1141,27.84,68.65,0
0.2354,0.0392,28.0,68.66,0
0.2694,0.034,27.97,68.67,0
0.2938,0.0244,27.76,68.65,1
0.3221,0.0283,27.6,68.63,1
0.3289,0.0068,27.41,68.61,1
0.2105,-0.1184,27.5,68.62,0
0.2697,0.0592,27.64,68.63,0
0.1762,-0.0935,27.79,68.64,0
0.2283,0.0521,27.93,68.65,0
0.2785,0.0502,27.98,68.66,0
0.3295,0.051,27.82,68.64,1
0.3452,0.0157,27.67,68.63,1
0.2239,-0.1213,27.72,68.64,0
0.1552,-0.0687,27.8,68.64,0
0.2217,0.0664,27.82,68.65,0
0.2626,0.041,27.89,68.66,0
0.1659,-0.0967,27.86,68.66,0
0.1124,-0.0535,28.05,68.67,0
0.0814,-0.0311,28.02,68.67,0
0.0622,-0.0191,28.09,68.67,0
0.0497,-0.0126,28.19,68.67,0
0.1733,0.1237,28.3,68.67,0
0.1102,-0.0631,28.34,68.67,0
0.0749,-0.0353,28.39,68.67,0
0.1817,0.1067,28.33,68.68,0
0.1132,-0.0685,28.34,68.68,0
0.2002,0.087,28.46,68.69,0
0.1231,-0.0771,28.39,68.69,0
0.0805,-0.0426,28.36,68.69,0
0.2009,0.1204,28.34,68.7,0
0.2496,0.0487,28.32,68.71,0
0.1535,-0.0961,28.35,68.71,0
0.1001,-0.0533,28.4,68.71,0
0.1842,0.0841,28.39,68.71,0
0.1123,-0.0719,28.34,68.72,0
0.0727,-0.0396,28.33,68.72,0
0.0498,-0.0228,28.37,68.71,0
0.036,-0.0138,28.43,68.71,0
0.0271,-0.0089,28.41,68.71,0
0.0211,-0.006,28.39,68.71,0
0.1268,0.1057,28.43,68.71,0
0.1889,0.0621,28.49,68.71,0
0.2585,0.0696,28.55,68.72,0
0.2863,0.0278,28.38,68.7,1
0.1744,-0.1119,28.16,68.68,1
0.2154,0.041,28.2,68.68,0
0.2707,0.0553,28.3,68.69,0
0.3084,0.0377,28.02,68.67,1
0.3292,0.0208,27.74,68.66,1
0.3669,0.0377,27.63,68.64,1
0.3778,0.011,27.45,68.63,1
0.3806,0.0027,27.31,68.62,1
0.3885,0.008,27.21,68.6,1
0.2587,-0.1299,27.44,68.61,0
0.324,0.0653,27.63,68.63,0
0.2205,-0.1035,27.82,68.64,0
0.262,0.0416,27.89,68.65,0
0.1735,-0.0886,27.93,68.65,0
0.2452,0.0718,27.99,68.66,0
0.2916,0.0464,27.82,68.64,1
0.3363,0.0447,27.71,68.63,1
0.3506,0.0143,27.66,68.61,1
0.3896,0.039,27.51,68.6,1
0.4104,0.0208,27.36,68.59,1
0.2757,-0.1347,27.56,68.6,0
0.3245,0.0488,27.68,68.61,0
0.2202,-0.1042,27.68,68.62,0
0.2737,0.0535,27.85,68.63,0
0.1822,-0.0915,27.99,68.64,0
0.2892,0.107,27.81,68.62,1
0.1946,-0.0945,27.75,68.6,1
0.2813,0.0867,27.58,68.58,1
0.3212,0.0399,27.42,68.57,1
0.3719,0.0506,27.27,68.55,1
0.4024,0.0306,27.1,68.54,1
0.4069,0.0045,26.95,68.53,1
0.2765,-0.1304,27.11,68.54,0
0.3056,0.0291,27.34,68.56,0
0.3532,0.0476,27.24,68.55,1
0.2373,-0.1158,27.01,68.53,1
0.3301,0.0928,26.92,68.51,1
0.3496,0.0195,26.82,68.5,1
0.3811,0.0315,26.69,68.49,1
0.3714,-0.0097,26.6,68.48,1
0.3613,-0.0102,26.68,68.47,1
0.3504,-0.0109,26.54,68.45,1
0.2276,-0.1227,26.74,68.47,0
0.2685,0.0409,26.99,68.48,0
0.3243,0.0558,26.89,68.47,1
0.3676,0.0433,26.89,68.46,1
0.2459,-0.1217,26.97,68.47,0
0.2934,0.0475,27.16,68.48,0
0.1972,-0.0962,27.2,68.49,0
0.2766,0.0794,27.32,68.51,0
0.1855,-0.091,27.45,68.52,0
0.2502,0.0646,27.58,68.53,0
0.1642,-0.086,27.69,68.54,0
0.24,0.0759,27.76,68.55,0
0.2761,0.0361,27.77,68.56,0
0.3046,0.0284,27.57,68.55,1
0.3502,0.0456,27.43,68.53,1
0.3547,0.0045,27.34,68.52,1
0.2302,-0.1244,27.4,68.53,0
0.2896,0.0593,27.49,68.54,0
0.1912,-0.0983,27.66,68.55,0
0.2645,0.0733,27.81,68.57,0
0.295,0.0305,27.62,68.55,1
0.3207,0.0257,27.41,68.53,1
0.3444,0.0237,27.29,68.52,1
0.2263,-0.1181,27.38,68.53,0
0.2674,0.041,27.56,68.54,0
0.1763,-0.091,27.65,68.55,0
0.27,0.0937,27.8,68.56,0
0.3012,0.0312,27.57,68.55,1
0.3042,0.0031,27.48,68.53,1
0.1938,-0.1104,27.53,68.54,0
0.2676,0.0738,27.61,68.55,0
0.3022,0.0346,27.53,68.54,1
0.3392,0.0371,27.37,68.52,1
0.2213,-0.1179,27.42,68.53,0
0.3169,0.0956,27.66,68.55,0
0.3823,0.0654,27.46,68.54,1
0.2595,-0.1228,27.26,68.52,1
0.1866,-0.0728,27.43,68.53,0
0.1409,-0.0458,27.48,68.54,0
0.2453,0.1044,27.61,68.55,0
0.3196,0.0743,27.47,68.53,1
0.3695,0.0499,27.27,68.52,1
0.4084,0.0389,27.27,68.51,1
0.4595,0.051,26.81,68.46,2
0.4533,-0.0062,26.4,68.42,2
0.4414,-0.0119,26.34,68.41,1
0.4276,-0.0138,26.37,68.4,1
0.4562,0.0286,26.02,68.36,2
0.4427,-0.0135,25.7,68.31,2
0.458,0.0154,25.39,68.27,2
0.4578,-0.0003,25.09,68.23,2
0.4682,0.0104,24.83,68.19,2
0.4814,0.0132,24.67,68.15,2
0.4812,-0.0003,24.48,68.11,2
0.4738,-0.0073,24.24,68.07,2
0.4604,-0.0134,24.07,68.03,2
0.4671,0.0067,23.87,67.99,2
0.4471,-0.0201,24.06,68.0,1
0.3085,-0.1386,24.16,67.99,1
0.3715,0.063,24.28,67.99,1
0.423,0.0515,24.49,67.99,1
0.4392,0.0163,24.6,67.99,1
0.4614,0.0222,24.4,67.96,2
0.4825,0.021,24.13,67.92,2
0.4965,0.0141,23.97,67.89,2
0.4878,-0.0087,23.81,67.85,2
0.4978,0.0099,23.68,67.82,2
0.5218,0.024,23.55,67.79,2
0.3699,-0.1519,23.79,67.79,1
0.4272,0.0572,23.94,67.8,1
0.4474,0.0203,24.15,67.81,1
0.4323,-0.0151,24.27,67.81,1
0.4311,-0.0012,24.4,67.82,1
0.4728,0.0417,24.29,67.78,2
0.4942,0.0214,24.17,67.75,2
0.3453,-0.1489,24.35,67.76,1
0.3799,0.0347,24.49,67.76,1
0.2667,-0.1132,24.79,67.79,0
0.3353,0.0686,25.13,67.82,0
0.2332,-0.1021,25.37,67.84,0
0.2965,0.0633,25.49,67.84,1
0.3801,0.0836,25.54,67.84,1
0.43,0.0498,25.51,67.85,1
0.4389,0.0089,25.55,67.85,1
0.3004,-0.1385,25.55,67.85,1
0.3577,0.0573,25.54,67.85,1
0.3758,0.018,25.54,67.85,1
0.4114,0.0356,25.58,67.86,1
0.417,0.0057,25.62,67.86,1
0.4266,0.0096,25.6,67.87,1
0.29,-0.1367,25.67,67.86,1
0.3419,0.0519,25.63,67.86,1
0.3875,0.0456,25.71,67.86,1
0.4206,0.0331,25.67,67.87,1
0.4613,0.0406,25.4,67.83,2
0.4595,-0.0017,25.19,67.8,2
0.4495,-0.01,25.24,67.81,1
0.4499,0.0004,25.28,67.81,1
0.4672,0.0174,25.06,67.78,2
0.4562,-0.011,24.8,67.75,2
0.451,-0.0052,24.55,67.72,2
0.4515,0.0005,24.34,67.68,2
0.4485,-0.0031,24.49,67.69,1
0.4444,-0.0041,24.6,67.7,1
0.4724,0.028,24.39,67.67,2
0.4956,0.0232,24.11,67.64,2
0.4743,-0.0212,24.03,67.61,2
0.4708,-0.0036,23.83,67.58,2
0.4818,0.0111,23.71,67.56,2
0.477,-0.0048,23.59,67.53,2
0.4823,0.0053,23.54,67.5,2
0.4962,0.0139,23.39,67.48,2
0.4912,-0.005,23.37,67.45,2
0.5134,0.0223,23.25,67.43,2
0.485,-0.0284,23.19,67.4,2
0.4786,-0.0064,23.18,67.38,2
0.4856,0.0071,23.17,67.36,2
0.4927,0.0071,23.05,67.33,2
0.499,0.0063,22.96,67.31,2
0.5212,0.0222,22.94,67.29,2
0.5683,0.0471,22.92,67.28,2
0.5807,0.0124,22.88,67.26,2
0.5704,-0.0104,22.84,67.24,2
0.5775,0.0071,22.84,67.23,2
0.5934,0.0159,22.76,67.21,2
0.5828,-0.0106,22.74,67.2,2
0.5482,-0.0346,22.75,67.18,2
0.5583,0.0101,22.74,67.16,2
0.5829,0.0246,22.82,67.15,2
0.5537,-0.0292,22.82,67.13,2
0.3982,-0.1555,23.02,67.15,1
0.4573,0.0591,23.25,67.17,1
0.5323,0.075,23.17,67.15,2
0.5349,0.0026,23.1,67.14,2
0.5209,-0.014,23.1,67.12,2
0.5246,0.0037,23.08,67.11,2
0.5516,0.0271,23.06,67.09,2
0.5454,-0.0062,23.04,67.08,2
0.5546,0.0091,22.99,67.06,2
0.5924,0.0378,22.94,67.05,2
0.6311,0.0387,22.91,67.04,2
0.634,0.0029,22.89,67.03,2
0.6175,-0.0165,22.92,67.02,2
0.5981,-0.0194,22.93,67.01,2
0.5834,-0.0147,22.94,67.0,2
0.5565,-0.0269,23.04,66.99,2
0.4028,-0.1537,23.3,67.01,1
0.4481,0.0453,23.47,67.03,1
0.4752,0.0271,23.39,67.01,2
0.4899,0.0147,23.32,67.0,2
0.52,0.0302,23.27,66.98,2
0.5483,0.0283,23.26,66.97,2
0.5169,-0.0315,23.32,66.96,2
0.5042,-0.0127,23.27,66.94,2
0.5357,0.0315,23.17,66.93,2
0.5384,0.0027,23.15,66.92,2
0.5317,-0.0067,23.08,66.91,2
0.5182,-0.0136,23.12,66.9,2
0.4931,-0.0251,23.1,66.88,2
0.534,0.0409,23.0,66.87,2
0.5446,0.0106,23.04,66.86,2
0.5481,0.0035,23.05,66.85,2
0.5958,0.0477,23.01,66.85,2
0.5892,-0.0066,22.99,66.84,2
0.5922,0.003,23.01,66.83,2
0.5678,-0.0244,22.99,66.82,2
0.4061,-0.1616,23.2,66.85,1
0.4407,0.0345,23.44,66.87,1
0.5168,0.0762,23.44,66.86,2
0.4974,-0.0195,23.25,66.85,2
0.4893,-0.0081,23.25,66.84,2
0.4999,0.0107,23.19,66.82,2
0.5219,0.022,23.13,66.81,2
0.5289,0.007,23.08,66.8,2
0.3742,-0.1547,23.24,66.83,1
0.4292,0.055,23.45,66.85,1
0.3072,-0.122,23.64,66.87,1
0.4062,0.099,23.77,66.89,1
0.4659,0.0598,23.58,66.88,2
0.4847,0.0188,23.45,66.86,2
0.4587,-0.026,23.31,66.85,2
0.4384,-0.0203,23.51,66.87,1
0.4432,0.0048,23.67,66.9,1
0.4707,0.0275,23.46,66.88,2
0.4778,0.0071,23.42,66.87,2
0.5051,0.0273,23.36,66.86,2
0.5363,0.0312,23.39,66.85,2
0.5282,-0.008,23.37,66.84,2
0.5347,0.0065,23.26,66.83,2
0.5051,-0.0296,23.18,66.82,2
0.5281,0.023,23.09,66.81,2
0.5346,0.0065,23.04,66.8,2
0.522,-0.0126,22.94,66.79,2
0.5276,0.0056,22.92,66.78,2
0.5365,0.0089,22.91,66.77,2
0.5189,-0.0176,22.89,66.76,2
0.5656,0.0467,22.99,66.75,2
0.5635,-0.0021,22.93,66.75,2
0.5757,0.0122,22.91,66.74,2
0.5656,-0.01,22.89,66.73,2
0.5665,0.0009,22.82,66.73,2
0.5615,-0.005,22.75,66.72,2
0.5587,-0.0027,22.78,66.71,2
0.5762,0.0175,22.77,66.71,2
0.5869,0.0106,22.8,66.7,2
0.6012,0.0143,22.83,66.7,2
0.5819,-0.0192,22.77,66.7,2
0.5678,-0.0142,22.78,66.69,2
0.5735,0.0058,22.77,66.68,2
0.5848,0.0113,22.82,66.68,2
0.5977,0.0128,22.81,66.68,2
0.5745,-0.0232,22.77,66.67,2
0.5623,-0.0122,22.84,66.67,2
0.5567,-0.0056,22.83,66.66,2
0.5692,0.0125,22.76,66.66,2
0.6197,0.0505,22.7,66.65,2
0.5893,-0.0304,22.67,66.65,2
0.5967,0.0074,22.64,66.65,2
0.5894,-0.0073,22.68,66.64,2
0.607,0.0176,22.78,66.64,2
0.5644,-0.0427,22.76,66.64,2
0.5402,-0.0241,22.74,66.63,2
0.5493,0.009,22.7,66.63,2
0.5581,0.0088,22.69,66.62,2
0.5606,0.0025,22.63,66.62,2
0.5742,0.0136,22.57,66.61,2
0.5697,-0.0045,22.53,66.61,2
0.562,-0.0077,22.52,66.61,2
0.5713,0.0093,22.51,66.6,2
0.541,-0.0304,22.54,66.6,2
0.5288,-0.0122,22.58,66.59,2
0.541,0.0122,22.61,66.59,2
0.5378,-0.0032,22.62,66.58,2
0.5422,0.0044,22.66,66.58,2
0.5681,0.0259,22.76,66.57,2
0.529,-0.0391,22.7,66.57,2
0.5288,-0.0002,22.69,66.56,2
0.374,-0.1548,22.91,66.59,1
0.4065,0.0326,23.22,66.62,1
0.4545,0.0479,23.17,66.61,2
0.485,0.0306,23.08,66.6,2
0.5063,0.0213,23.03,66.6,2
0.5116,0.0054,22.94,66.59,2
0.5464,0.0347,22.87,66.58,2
0.575,0.0286,22.9,66.58,2
0.5513,-0.0237,22.86,66.58,2
0.5539,0.0025,22.83,66.57,2
0.5337,-0.0201,22.85,66.57,2
0.5587,0.0249,22.82,66.57,2
0.5752,0.0166,22.77,66.56,2
0.5976,0.0224,22.72,66.56,2
0.6268,0.0291,22.66,66.56,2
0.5858,-0.0409,22.63,66.56,2
0.5364,-0.0494,22.63,66.56,2
0.5588,0.0224,22.6,66.55,2
0.5742,0.0154,22.63,66.55,2
0.5855,0.0113,22.65,66.55,2
0.5564,-0.0292,22.67,66.55,2
0.3959,-0.1605,22.95,66.57,1
0.4314,0.0355,23.24,66.6,1
0.4787,0.0473,23.05,66.6,2
0.5246,0.0459,23.01,66.59,2
0.5638,0.0392,22.93,66.59,2
0.5806,0.0168,22.85,66.58,2
0.5658,-0.0148,22.76,66.58,2
0.5763,0.0106,22.7,66.58,2
0.5565,-0.0198,22.74,66.57,2
0.5771,0.0206,22.7,66.57,2
0.601,0.0239,22.77,66.57,2
0.6085,0.0075,22.84,66.57,2
0.614,0.0055,22.82,66.57,2
0.6466,0.0326,22.91,66.57,2
0.6762,0.0295,22.91,66.57,2
0.6906,0.0145,22.92,66.57,2
0.6914,0.0007,22.92,66.58,2
0.702,0.0106,22.87,66.58,2
0.6751,-0.0269,22.88,66.58,2
0.6477,-0.0274,22.87,66.58,2
0.6725,0.0248,22.87,66.59,2
0.6449,-0.0276,22.86,66.59,2
0.6569,0.012,22.82,66.59,2
0.6242,-0.0327,22.82,66.59,2
0.5846,-0.0396,22.83,66.58,2
0.5775,-0.0071,22.83,66.58,2
0.5907,0.0132,22.85,66.58,2
0.623,0.0323,22.79,66.58,2
0.5964,-0.0267,22.73,66.58,2
0.6034,0.007,22.72,66.58,2
0.6243,0.0209,22.73,66.58,2
0.6425,0.0182,22.78,66.58,2
0.6325,-0.01,22.76,66.58,2
0.6476,0.0151,22.69,66.58,2
0.6251,-0.0224,22.68,66.58,2
0.6575,0.0323,22.6,66.58,2
0.633,-0.0245,22.61,66.58,2
0.6195,-0.0135,22.73,66.58,2
0.618,-0.0015,22.71,66.58,2
0.6043,-0.0136,22.72,66.58,2
0.6292,0.0248,22.73,66.58,2
0.6491,0.0199,22.78,66.58,2
0.6449,-0.0042,22.72,66.58,2
0.6595,0.0146,22.78,66.58,2
0.6416,-0.0179,22.77,66.58,2
0.6381,-0.0035,22.83,66.58,2
0.6701,0.032,22.85,66.58,2
0.6747,0.0046,22.79,66.58,2
0.6452,-0.0295,22.79,66.58,2
0.6312,-0.014,22.75,66.58,2
0.6091,-0.0221,22.73,66.58,2
0.6081,-0.001,22.76,66.58,2
0.6322,0.0241,22.82,66.58,2
0.635,0.0028,22.89,66.58,2
0.6428,0.0077,22.93,66.58,2
0.6396,-0.0031,22.91,66.58,2
0.6538,0.0142,22.84,66.58,2
0.616,-0.0378,22.78,66.58,2
0.5979,-0.0181,22.85,66.58,2
0.6434,0.0455,22.87,66.58,2
0.5892,-0.0542,22.92,66.58,2
0.5689,-0.0203,22.92,66.58,2
0.5826,0.0136,22.93,66.57,2
0.5874,0.0048,22.85,66.57,2
0.5954,0.0081,22.85,66.57,2
0.6349,0.0395,22.85,66.57,2
0.6515,0.0166,22.86,66.57,2
0.6362,-0.0154,22.86,66.57,2
0.6193,-0.0169,22.83,66.57,2
0.6229,0.0036,22.8,66.57,2
0.628,0.0052,22.82,66.57,2
0.5731,-0.055,22.73,66.57,2
0.5406,-0.0325,22.69,66.56,2
0.5584,0.0178,22.67,66.56,2
0.6116,0.0532,22.65,66.56,2
0.5984,-0.0131,22.7,66.56,2
0.6074,0.0089,22.76,66.56,2
0.6233,0.0159,22.74,66.56,2
0.6548,0.0314,22.76,66.56,2
0.6812,0.0265,22.78,66.56,2
0.7161,0.0349,22.79,66.57,2
0.7442,0.0281,22.8,66.57,2
0.7326,-0.0116,22.81,66.58,2
0.6978,-0.0349,22.8,66.58,2
0.6713,-0.0265,22.76,66.58,2
0.661,-0.0103,22.76,66.58,2
0.6971,0.0361,22.73,66.59,2
0.6934,-0.0037,22.79,66.59,2
0.6847,-0.0088,22.86,66.59,2
0.6844,-0.0003,22.9,66.6,2
0.6811,-0.0032,22.85,66.6,2
0.6403,-0.0409,22.82,66.6,2
0.6367,-0.0035,22.84,66.6,2
0.6586,0.0219,22.84,66.6,2
0.6712,0.0126,22.79,66.6,2
0.6894,0.0181,22.85,66.6,2
0.7007,0.0113,22.8,66.61,2
0.7245,0.0238,22.92,66.61,2
0.7005,-0.024,22.83,66.61,2
0.6831,-0.0174,22.85,66.61,2
0.6518,-0.0313,22.86,66.61,2
0.6395,-0.0123,22.84,66.61,2
0.6315,-0.0079,22.78,66.61,2
0.6468,0.0153,22.81,66.61,2
0.6436,-0.0032,22.87,66.61,2
0.6327,-0.011,22.84,66.61,2
0.6414,0.0087,22.86,66.61,2
0.6625,0.0211,22.88,66.61,2
0.6675,0.005,22.78,66.61,2
0.6773,0.0098,22.83,66.62,2
0.6815,0.0043,22.97,66.62,2
0.67,-0.0115,23.02,66.62,2
0.6555,-0.0145,23.04,66.62,2
0.6697,0.0142,23.04,66.62,2
0.6753,0.0056,23.06,66.62,2
0.6786,0.0032,23.06,66.62,2
0.7083,0.0297,23.0,66.63,2
0.7226,0.0143,23.04,66.63,2
0.6949,-0.0277,23.05,66.63,2
0.6806,-0.0143,23.01,66.63,2
0.6912,0.0106,23.03,66.64,2
0.7223,0.0311,23.06,66.64,2
0.7121,-0.0102,23.0,66.64,2
0.6959,-0.0162,23.06,66.64,2
0.6988,0.0029,23.0,66.65,2
0.703,0.0042,23.04,66.65,2
0.7344,0.0314,23.09,66.65,2
0.7481,0.0137,23.09,66.66,2
0.7269,-0.0212,23.06,66.66,2
0.716,-0.0109,23.06,66.66,2
0.7423,0.0263,23.02,66.67,2
0.7332,-0.0091,23.0,66.67,2
0.7073,-0.0259,23.02,66.67,2
0.7214,0.014,23.03,66.67,2
0.6759,-0.0454,23.03,66.67,2
0.6954,0.0195,23.01,66.68,2
0.6936,-0.0018,22.97,66.68,2
0.6458,-0.0478,22.9,66.68,2
0.6126,-0.0332,22.85,66.67,2
0.6002,-0.0124,22.89,66.67,2
0.6103,0.0101,22.86,66.67,2
0.648,0.0377,22.83,66.67,2
0.6264,-0.0217,22.77,66.66,2
0.6257,-0.0006,22.77,66.66,2
0.6628,0.0371,22.74,66.66,2
0.6308,-0.032,22.75,66.66,2
0.5969,-0.0339,22.75,66.66,2
0.5904,-0.0065,22.73,66.65,2
0.5829,-0.0075,22.72,66.65,2
0.6026,0.0197,22.82,66.65,2
0.6149,0.0123,22.74,66.64,2
0.6166,0.0017,22.72,66.64,2
0.6351,0.0186,22.65,66.64,2
0.6211,-0.014,22.68,66.64,2
0.5649,-0.0562,22.63,66.63,2
0.58,0.0151,22.63,66.63,2
0.596,0.0161,22.65,66.63,2
0.5956,-0.0004,22.55,66.63,2
0.5948,-0.0008,22.61,66.62,2
0.5886,-0.0062,22.51,66.62,2
0.6114,0.0228,22.53,66.62,2
0.6479,0.0365,22.6,66.62,2
0.6588,0.0109,22.62,66.62,2
0.6568,-0.002,22.59,66.62,2
0.671,0.0142,22.64,66.62,2
0.6652,-0.0059,22.63,66.62,2
0.6681,0.0029,22.6,66.62,2
0.6643,-0.0038,22.76,66.62,2
0.646,-0.0183,22.75,66.62,2
0.6718,0.0259,22.72,66.62,2
0.6665,-0.0054,22.71,66.62,2
0.6558,-0.0107,22.72,66.62,2
0.6797,0.0239,22.73,66.63,2
0.6805,0.0008,22.69,66.63,2
0.6837,0.0032,22.72,66.63,2
0.7048,0.0211,22.78,66.63,2
0.6787,-0.0261,22.83,66.63,2
0.6658,-0.0129,22.83,66.63,2
0.687,0.0211,22.91,66.64,2
0.6878,0.0008,22.87,66.64,2
0.6774,-0.0104,22.8,66.64,2
0.6918,0.0145,22.83,66.64,2
0.6999,0.0081,22.79,66.64,2
0.6774,-0.0225,22.89,66.64,2
0.6987,0.0213,22.9,66.65,2
0.7,0.0012,22.84,66.65,2
0.7052,0.0053,22.73,66.65,2
0.7207,0.0155,22.73,66.65,2
0.715,-0.0056,22.72,66.66,2
0.7262,0.0112,22.77,66.66,2
0.7421,0.0159,22.91,66.66,2
0.7398,-0.0023,22.96,66.67,2
0.7242,-0.0156,22.92,66.67,2
0.6999,-0.0242,22.88,66.67,2
0.7108,0.0109,22.98,66.67,2
0.6882,-0.0226,23.03,66.67,2
0.6714,-0.0168,23.02,66.67,2
0.6239,-0.0475,22.99,66.67,2
0.6362,0.0123,22.94,66.67,2
0.6494,0.0132,22.92,66.67,2
0.675,0.0255,22.94,66.67,2
0.6719,-0.0031,22.85,66.67,2
0.6527,-0.0192,22.78,66.67,2
0.6396,-0.0132,22.74,66.67,2
0.6649,0.0253,22.84,66.67,2
0.6744,0.0095,22.87,66.67,2
0.6814,0.007,22.81,66.67,2
0.6743,-0.0072,22.76,66.67,2
0.6928,0.0185,22.78,66.67,2
0.6537,-0.039,22.83,66.67,2
0.683,0.0292,22.94,66.67,2
0.6641,-0.0188,22.99,66.67,2
0.6878,0.0237,22.98,66.67,2
0.7108,0.023,22.94,66.67,2
0.7144,0.0036,23.03,66.68,2
0.7077,-0.0067,23.02,66.68,2
0.7203,0.0126,23.01,66.68,2
0.7166,-0.0037,23.03,66.68,2
0.7168,0.0002,23.08,66.68,2
0.7078,-0.009,23.11,66.69,2
0.7224,0.0146,23.09,66.69,2
0.7498,0.0274,23.0,66.69,2
0.7556,0.0058,22.97,66.7,2
0.7489,-0.0068,22.96,66.7,2
0.7387,-0.0102,22.86,66.7,2
0.7127,-0.026,22.89,66.7,2
0.6562,-0.0565,22.96,66.7,2
0.6499,-0.0063,22.99,66.7,2
0.6929,0.043,23.04,66.7,2
0.6981,0.0052,23.0,66.7,2
0.7221,0.024,22.94,66.7,2
0.715,-0.0071,22.91,66.71,2
0.7282,0.0132,22.96,66.71,2
0.7367,0.0085,22.93,66.71,2
0.7527,0.016,23.03,66.71,2
0.7295,-0.0232,23.06,66.72,2
0.7258,-0.0037,23.07,66.72,2
0.7165,-0.0093,23.09,66.72,2
0.7184,0.0019,23.1,66.72,2
0.7271,0.0087,23.04,66.72,2
0.7105,-0.0167,23.12,66.72,2
0.7,-0.0104,23.03,66.73,2
0.7248,0.0248,22.99,66.73,2
0.7556,0.0307,22.98,66.73,2
0.7562,0.0006,22.98,66.73,2
0.7332,-0.023,22.92,66.74,2
0.7299,-0.0033,22.93,66.74,2
0.7541,0.0241,22.92,66.74,2
0.7605,0.0064,22.97,66.74,2
0.7568,-0.0037,22.95,66.75,2
0.7733,0.0165,23.03,66.75,2
0.7475,-0.0258,23.1,66.75,2
0.754,0.0066,23.14,66.76,2
0.7627,0.0087,23.15,66.76,2
0.7286,-0.0341,23.06,66.76,2
0.7486,0.02,23.1,66.76,2
0.7545,0.0059,23.09,66.76,2
0.7601,0.0056,23.02,66.77,2
0.7009,-0.0592,22.96,66.77,2
0.7182,0.0173,22.95,66.77,2
0.7244,0.0061,23.0,66.77,2
0.7402,0.0158,23.0,66.77,2
0.7552,0.015,23.03,66.77,2
0.7422,-0.013,23.01,66.77,2
0.7421,-0.0001,22.92,66.78,2
0.7572,0.0151,22.99,66.78,2
0.7787,0.0215,23.02,66.78,2
0.7905,0.0118,23.07,66.79,2
0.7856,-0.0049,23.08,66.79,2
0.7777,-0.0079,23.16,66.79,2
0.785,0.0073,23.12,66.8,2
0.8143,0.0293,23.07,66.8,2
0.8147,0.0004,23.05,66.8,2
0.7799,-0.0348,23.05,66.81,2
0.7831,0.0032,23.01,66.81,2
0.7798,-0.0033,23.07,66.81,2
0.7696,-0.0101,23.02,66.82,2
0.75,-0.0196,23.05,66.82,2
0.7656,0.0156,23.03,66.82,2
0.783,0.0174,23.12,66.82,2
0.7767,-0.0063,23.1,66.82,2
0.7881,0.0114,23.17,66.83,2
0.7859,-0.0022,23.19,66.83,2
0.7586,-0.0274,23.18,66.83,2
0.7416,-0.017,23.15,66.83,2
0.7543,0.0128,23.18,66.83,2
0.7751,0.0208,23.18,66.83,2
0.7804,0.0052,23.22,66.84,2
0.7772,-0.0031,23.22,66.84,2
0.7943,0.017,23.19,66.84,2
0.8012,0.0069,23.18,66.85,2
0.7581,-0.0431,23.1,66.85,2
0.7087,-0.0493,23.09,66.84,2
0.7142,0.0054,23.13,66.84,2
0.7468,0.0326,23.11,66.84,2
0.7502,0.0034,23.26,66.84,2
0.7704,0.0201,23.19,66.85,2
0.7842,0.0139,23.25,66.85,2
0.7485,-0.0357,23.25,66.85,2
0.754,0.0055,23.29,66.85,2
0.7364,-0.0176,23.24,66.85,2
0.7361,-0.0002,23.25,66.85,2
0.7404,0.0043,23.29,66.85,2
0.7445,0.0041,23.29,66.85,2
0.6912,-0.0533,23.31,66.85,2
0.6804,-0.0108,23.32,66.84,2
0.6824,0.002,23.28,66.84,2
0.6989,0.0164,23.31,66.84,2
0.6995,0.0007,23.37,66.84,2
0.671,-0.0285,23.33,66.83,2
0.6838,0.0128,23.25,66.83,2
0.7221,0.0383,23.17,66.83,2
0.748,0.026,23.21,66.83,2
0.7813,0.0332,23.21,66.83,2
0.7627,-0.0186,23.2,66.84,2
0.76,-0.0027,23.22,66.84,2
0.7747,0.0147,23.21,66.84,2
0.7515,-0.0232,23.17,66.84,2
0.7538,0.0022,23.2,66.84,2
0.7695,0.0158,23.22,66.84,2
0.7437,-0.0258,23.31,66.84,2
0.7599,0.0161,23.34,66.84,2
0.7791,0.0193,23.31,66.85,2
0.8057,0.0266,23.29,66.85,2
0.7996,-0.0061,23.25,66.85,2
0.7798,-0.0198,23.17,66.85,2
0.7788,-0.001,23.18,66.86,2
0.7803,0.0015,23.11,66.86,2
0.7843,0.004,23.18,66.86,2
0.7917,0.0074,23.14,66.86,2
0.793,0.0013,23.13,66.87,2
0.766,-0.027,23.09,66.87,2
0.7734,0.0075,23.07,66.87,2
0.7831,0.0096,23.07,66.87,2
0.7868,0.0038,22.96,66.87,2
0.7957,0.0089,22.95,66.87,2
0.7397,-0.056,22.96,66.87,2
0.7388,-0.0009,22.9,66.87,2
0.7491,0.0103,22.91,66.87,2
0.7628,0.0137,22.86,66.87,2
0.7733,0.0105,22.85,66.87,2
0.7495,-0.0238,22.84,66.87,2
0.7365,-0.0131,22.95,66.87,2
0.7525,0.0161,22.93,66.87,2
0.717,-0.0355,22.91,66.87,2
0.7199,0.0029,22.96,66.87,2
0.6988,-0.0211,23.03,66.87,2
0.6417,-0.0571,22.9,66.86,2
0.6163,-0.0253,22.83,66.86,2
0.6536,0.0373,22.8,66.85,2
0.6851,0.0315,22.8,66.85,2
0.7085,0.0234,22.8,66.85,2
0.7298,0.0213,22.83,66.85,2
0.7273,-0.0025,22.8,66.85,2
0.751,0.0236,22.8,66.85,2
0.7735,0.0225,22.81,66.85,2
0.7163,-0.0572,22.72,66.85,2
0.6866,-0.0297,22.72,66.85,2
0.6634,-0.0232,22.78,66.84,2
0.7003,0.0369,22.78,66.84,2
0.7007,0.0004,22.75,66.84,2
0.7176,0.0169,22.71,66.84,2
0.7391,0.0215,22.7,66.84,2
0.7454,0.0063,22.83,66.84,2
0.7496,0.0041,22.89,66.84,2
0.7686,0.019,22.92,66.84,2
0.7372,-0.0314,22.92,66.84,2
0.7504,0.0132,22.96,66.84,2
0.7484,-0.002,22.97,66.84,2
0.7305,-0.018,22.97,66.84,2
0.7525,0.0221,22.97,66.84,2
0.7163,-0.0363,23.02,66.84,2
0.7126,-0.0036,22.93,66.84,2
0.7147,0.0021,22.91,66.84,2
0.7477,0.033,22.88,66.84,2
0.7644,0.0167,22.91,66.84,2
0.6998,-0.0646,22.87,66.84,2
0.6796,-0.0203,22.77,66.84,2
0.7022,0.0227,22.74,66.83,2
0.7166,0.0143,22.71,66.83,2
0.7032,-0.0134,22.67,66.83,2
0.6934,-0.0097,22.63,66.83,2
0.708,0.0146,22.66,66.83,2
0.7134,0.0053,22.64,66.83,2
0.6851,-0.0283,22.65,66.83,2
0.6675,-0.0176,22.7,66.82,2
0.6882,0.0207,22.75,66.82,2
0.7313,0.0431,22.8,66.82,2
0.7396,0.0083,22.94,66.82,2
0.7521,0.0124,22.93,66.82,2
0.7312,-0.0209,22.92,66.82,2
0.7327,0.0015,22.95,66.82,2
0.7665,0.0338,22.97,66.82,2
0.77,0.0035,23.03,66.83,2
0.7639,-0.0061,23.08,66.83,2
0.764,0.0002,23.05,66.83,2
0.779,0.0149,23.04,66.83,2
0.7798,0.0009,23.11,66.83,2
0.7946,0.0148,23.03,66.84,2
0.7671,-0.0275,22.97,66.84,2
0.7805,0.0134,22.96,66.84,2
0.7437,-0.0368,22.95,66.84,2
0.7018,-0.042,22.89,66.84,2
0.7285,0.0267,22.88,66.84,2
0.7387,0.0102,23.0,66.84,2
0.7511,0.0124,23.02,66.84,2
0.7241,-0.027,23.11,66.84,2
0.6914,-0.0327,23.11,66.84,2
0.7087,0.0173,23.13,66.84,2
0.725,0.0163,23.07,66.84,2
0.7415,0.0165,23.03,66.84,2
0.7592,0.0177,22.99,66.84,2
0.7658,0.0066,22.93,66.84,2
0.7415,-0.0243,23.03,66.84,2
0.7477,0.0062,23.03,66.84,2
0.7494,0.0017,22.99,66.84,2
0.7638,0.0144,23.02,66.84,2
0.7621,-0.0018,22.99,66.84,2
0.7691,0.007,22.98,66.84,2
0.7712,0.0022,22.98,66.85,2
0.7681,-0.0031,23.03,66.85,2
0.7718,0.0037,23.02,66.85,2
0.7713,-0.0006,23.0,66.85,2
0.7627,-0.0086,23.02,66.85,2
0.7452,-0.0175,23.06,66.85,2
0.7436,-0.0016,23.02,66.85,2
0.7548,0.0112,23.03,66.85,2
0.7659,0.0112,23.04,66.85,2
0.7514,-0.0146,22.92,66.86,2
0.7602,0.0089,22.91,66.86,2
0.7575,-0.0027,22.99,66.86,2
0.7364,-0.0212,22.91,66.86,2
0.7439,0.0076,23.0,66.86,2
0.761,0.0171,23.08,66.86,2
0.7741,0.0131,23.04,66.86,2
0.7333,-0.0408,23.08,66.86,2
0.7452,0.0119,23.04,66.86,2
0.7343,-0.0109,23.07,66.86,2
0.7563,0.022,23.0,66.86,2
0.712,-0.0444,22.96,66.86,2
0.702,-0.01,23.0,66.86,2
0.7114,0.0094,23.0,66.85,2
0.711,-0.0004,23.04,66.85,2
0.6944,-0.0166,22.94,66.85,2
0.726,0.0316,22.99,66.85,2
0.7311,0.0051,22.96,66.85,2
0.6735,-0.0576,22.94,66.85,2
0.639,-0.0345,22.92,66.84,2
0.6543,0.0153,22.92,66.84,2
0.6694,0.0152,22.91,66.83,2
0.7043,0.0349,22.9,66.83,2
0.7227,0.0184,22.89,66.83,2
0.7189,-0.0038,22.84,66.83,2
0.7546,0.0357,22.91,66.83,2
0.7639,0.0093,22.87,66.83,2
0.7651,0.0012,22.88,66.83,2
0.7689,0.0038,22.86,66.84,2
0.7757,0.0068,22.8,66.84,2
0.7835,0.0078,22.76,66.84,2
0.776,-0.0075,22.74,66.84,2
0.7516,-0.0244,22.71,66.84,2
0.7465,-0.0051,22.73,66.84,2
0.7398,-0.0066,22.69,66.84,2
0.7306,-0.0092,22.85,66.84,2
0.7034,-0.0272,22.84,66.84,2
0.7167,0.0133,22.79,66.84,2
0.7363,0.0197,22.84,66.84,2
0.7596,0.0233,22.91,66.84,2
0.7482,-0.0114,22.89,66.84,2
0.7414,-0.0068,22.82,66.84,2
0.7533,0.0119,22.88,66.84,2
0.7499,-0.0034,22.93,66.84,2
0.7301,-0.0199,22.88,66.84,2
0.6928,-0.0373,22.85,66.84,2
0.667,-0.0258,22.79,66.84,2
0.6616,-0.0054,22.81,66.83,2
0.674,0.0124,22.78,66.83,2
0.7011,0.0271,22.88,66.83,2
0.7384,0.0372,22.82,66.83,2
0.7101,-0.0283,22.82,66.83,2
0.7278,0.0177,22.81,66.83,2
0.7198,-0.008,22.89,66.83,2
0.7131,-0.0067,22.91,66.83,2
0.7138,0.0007,22.96,66.83,2
0.7209,0.0071,23.01,66.83,2
0.7053,-0.0155,22.99,66.82,2
0.7216,0.0162,23.0,66.82,2
0.6743,-0.0473,23.03,66.82,2
0.6275,-0.0468,23.05,66.82,2
0.6416,0.0141,23.07,66.81,2
0.6715,0.03,23.03,66.81,2
0.6825,0.011,23.03,66.81,2
0.7009,0.0184,23.03,66.81,2
0.7344,0.0335,23.07,66.81,2
0.6977,-0.0367,23.1,66.81,2
0.7086,0.0109,23.07,66.81,2
0.7109,0.0023,23.01,66.8,2
0.7378,0.027,23.01,66.81,2
0.7437,0.0059,23.01,66.81,2
0.7187,-0.0251,22.99,66.81,2
0.7464,0.0277,22.96,66.81,2
0.728,-0.0184,22.98,66.81,2
0.7287,0.0007,23.08,66.81,2
0.6949,-0.0337,22.92,66.81,2
0.7168,0.0219,22.93,66.81,2
0.6787,-0.0381,23.0,66.8,2
0.6542,-0.0245,23.02,66.8,2
0.6802,0.026,23.11,66.8,2
0.6599,-0.0203,23.01,66.8,2
0.6377,-0.0222,23.08,66.79,2
0.632,-0.0058,23.11,66.79,2
0.6135,-0.0184,23.05,66.78,2
0.6532,0.0397,23.04,66.78,2
0.6433,-0.0099,23.07,66.78,2
0.6281,-0.0151,23.04,66.77,2
0.6265,-0.0016,23.0,66.77,2
0.6223,-0.0042,22.84,66.76,2
0.6405,0.0182,22.94,66.76,2
0.6424,0.0019,22.93,66.76,2
0.645,0.0026,22.95,66.75,2
0.6849,0.0399,22.92,66.75,2
0.6977,0.0128,22.93,66.75,2
0.6715,-0.0262,22.98,66.75,2
0.6942,0.0227,23.0,66.75,2
0.6911,-0.0031,23.01,66.75,2
0.6674,-0.0237,23.03,66.75,2
0.6854,0.018,23.01,66.75,2
0.6816,-0.0038,23.03,66.75,2
0.6805,-0.0011,23.06,66.75,2
0.659,-0.0215,23.06,66.74,2
0.6676,0.0086,23.12,66.74,2
0.6592,-0.0084,23.09,66.74,2
0.6887,0.0295,23.08,66.74,2
0.6653,-0.0234,23.08,66.74,2
0.6385,-0.0269,23.0,66.74,2
0.6492,0.0107,22.91,66.73,2
0.6811,0.0319,22.92,66.73,2
0.6879,0.0068,22.82,66.73,2
0.6621,-0.0258,22.78,66.73,2
0.6609,-0.0012,22.79,66.73,2
0.6746,0.0137,22.73,66.73,2
0.6757,0.001,22.83,66.73,2
0.6998,0.0241,22.85,66.73,2
0.7337,0.0339,22.81,66.73,2
0.7552,0.0215,22.84,66.73,2
0.7644,0.0092,22.86,66.74,2
0.7472,-0.0172,22.94,66.74,2
0.7292,-0.018,22.97,66.74,2
0.7212,-0.008,22.96,66.74,2
0.7387,0.0175,22.99,66.75,2
0.6818,-0.057,22.99,66.74,2
0.6424,-0.0394,22.87,66.74,2
0.6351,-0.0073,22.86,66.74,2
0.6438,0.0087,22.83,66.74,2
0.6245,-0.0193,22.84,66.73,2
0.6563,0.0318,22.91,66.73,2
0.6724,0.0161,22.88,66.73,2
0.6709,-0.0015,22.89,66.73,2
0.6743,0.0034,22.91,66.73,2
0.6877,0.0133,22.84,66.73,2
0.6366,-0.0511,22.84,66.72,2
0.6313,-0.0053,22.76,66.72,2
0.6033,-0.0279,22.85,66.72,2
0.6129,0.0096,22.78,66.71,2
0.652,0.039,22.78,66.71,2
0.6706,0.0187,22.79,66.71,2
0.704,0.0333,22.76,66.71,2
0.6989,-0.0051,22.75,66.71,2
0.6976,-0.0012,22.76,66.71,2
0.6952,-0.0024,22.77,66.71,2
0.6685,-0.0268,22.78,66.71,2
0.6466,-0.0218,22.73,66.71,2
0.6358,-0.0109,22.76,66.71,2
0.6303,-0.0054,22.7,66.71,2
0.6333,0.003,22.69,66.7,2
0.6515,0.0183,22.68,66.7,2
0.6489,-0.0026,22.75,66.7,2
0.6508,0.0019,22.78,66.7,2
0.6747,0.0239,22.7,66.7,2
0.6683,-0.0064,22.68,66.7,2
0.6733,0.005,22.68,66.7,2
0.7004,0.0271,22.74,66.7,2
0.6682,-0.0322,22.76,66.7,2
0.6383,-0.0299,22.78,66.7,2
0.6648,0.0265,22.83,66.7,2
0.6963,0.0315,22.79,66.7,2
0.6941,-0.0022,22.76,66.7,2
0.7113,0.0172,22.73,66.7,2
0.6953,-0.016,22.71,66.7,2
0.6899,-0.0054,22.69,66.7,2
0.7037,0.0138,22.68,66.7,2
0.7153,0.0116,22.72,66.7,2
0.7087,-0.0066,22.74,66.7,2
0.7148,0.0061,22.79,66.71,2
0.7341,0.0194,22.92,66.71,2
0.6964,-0.0377,22.87,66.71,2
0.694,-0.0024,22.89,66.71,2
0.6798,-0.0142,22.92,66.71,2
0.4983,-0.1814,22.82,66.7,2
0.5642,0.0659,22.73,66.69,2
0.5995,0.0353,22.77,66.69,2
0.6355,0.0359,22.78,66.69,2
0.655,0.0195,22.77,66.69,2
0.6872,0.0322,22.78,66.69,2
0.6769,-0.0103,22.76,66.69,2
0.6558,-0.0211,22.76,66.69,2
0.65,-0.0058,22.8,66.69,2
0.6504,0.0004,22.86,66.69,2
0.6846,0.0342,22.85,66.69,2
0.6565,-0.0282,22.88,66.68,2
0.6471,-0.0094,22.97,66.68,2
0.6449,-0.0022,22.99,66.68,2
0.6175,-0.0274,23.0,66.68,2
0.5858,-0.0318,22.92,66.67,2
0.5975,0.0117,22.9,66.67,2
0.6406,0.0432,22.89,66.67,2
0.6551,0.0145,22.93,66.67,2
0.6229,-0.0323,22.91,66.67,2
0.5801,-0.0428,22.77,66.66,2
0.6178,0.0377,22.68,66.66,2
0.6155,-0.0023,22.77,66.66,2
0.6107,-0.0048,22.7,66.66,2
0.6068,-0.0038,22.78,66.65,2
0.5961,-0.0107,22.78,66.65,2
0.5914,-0.0047,22.84,66.65,2
0.6346,0.0432,22.86,66.64,2
0.6127,-0.0218,22.86,66.64,2
0.6303,0.0176,22.82,66.64,2
0.6415,0.0112,22.76,66.64,2
0.6685,0.027,22.84,66.64,2
0.6846,0.0161,22.82,66.64,2
0.6726,-0.012,22.81,66.64,2
0.6855,0.0129,22.83,66.64,2
0.64,-0.0455,22.75,66.64,2
0.6681,0.0282,22.74,66.64,2
0.6387,-0.0295,22.78,66.64,2
0.6455,0.0068,22.82,66.64,2
0.6169,-0.0286,22.7,66.64,2
0.5963,-0.0206,22.7,66.64,2
0.611,0.0147,22.66,66.64,2
0.6205,0.0095,22.61,66.63,2
0.6552,0.0347,22.55,66.63,2
0.6302,-0.0251,22.68,66.63,2
0.6684,0.0383,22.71,66.63,2
0.656,-0.0124,22.78,66.63,2
0.6304,-0.0256,22.73,66.63,2
0.6138,-0.0166,22.66,66.63,2
0.5731,-0.0407,22.65,66.63,2
0.5893,0.0162,22.7,66.62,2
0.546,-0.0433,22.71,66.62,2
0.5612,0.0153,22.74,66.61,2
0.5746,0.0134,22.7,66.61,2
0.5957,0.0211,22.66,66.61,2
0.6009,0.0052,22.71,66.61,2
0.5997,-0.0013,22.77,66.6,2
0.6374,0.0378,22.82,66.6,2
0.6681,0.0307,22.81,66.6,2
0.6825,0.0143,22.79,66.61,2
0.637,-0.0455,22.86,66.61,2
0.6186,-0.0184,22.9,66.61,2
0.6495,0.0309,22.9,66.61,2
0.6595,0.0101,22.96,66.61,2
0.6339,-0.0257,22.95,66.61,2
0.6505,0.0166,23.02,66.61,2
0.6755,0.025,23.03,66.61,2
0.6289,-0.0466,22.97,66.61,2
0.6364,0.0076,22.92,66.61,2
0.6634,0.027,22.94,66.61,2
0.4843,-0.1791,22.89,66.6,2
0.5121,0.0279,22.88,66.59,2
0.5506,0.0385,22.76,66.59,2
0.5593,0.0087,22.69,66.59,2
0.5501,-0.0092,22.69,66.58,2
0.5863,0.0363,22.65,66.58,2
0.607,0.0207,22.7,66.58,2
0.6198,0.0128,22.75,66.58,2
0.6411,0.0213,22.79,66.58,2
0.6161,-0.0251,22.75,66.58,2
0.6112,-0.0048,22.74,66.58,2
0.6058,-0.0055,22.8,66.57,2
0.6105,0.0047,22.86,66.57,2
0.6309,0.0205,22.8,66.57,2
0.5816,-0.0494,22.84,66.57,2
0.5623,-0.0192,22.84,66.57,2
0.5773,0.015,22.71,66.57,2
0.5744,-0.0029,22.63,66.56,2
0.5623,-0.0121,22.6,66.56,2
0.5747,0.0123,22.53,66.56,2
0.542,-0.0326,22.51,66.55,2
0.5324,-0.0096,22.56,66.55,2
0.563,0.0306,22.68,66.55,2
0.517,-0.046,22.66,66.54,2
0.5136,-0.0035,22.66,66.54,2
0.5137,0.0002,22.62,66.53,2
0.3627,-0.151,22.93,66.56,1
0.4183,0.0555,23.26,66.59,1
0.4643,0.046,23.09,66.58,2
0.4909,0.0266,23.0,66.57,2
0.5246,0.0337,22.9,66.57,2
0.5106,-0.0139,22.86,66.56,2
0.3606,-0.15,23.07,66.59,1
0.469,0.1084,23.23,66.62,1
0.4701,0.0011,23.18,66.61,2
0.4691,-0.001,23.11,66.6,2
0.4985,0.0294,23.05,66.6,2
0.5475,0.049,22.98,66.59,2
0.6031,0.0556,22.97,66.59,2
0.5513,-0.0518,22.94,66.58,2
0.5686,0.0173,22.95,66.58,2
0.611,0.0423,22.94,66.58,2
0.6042,-0.0067,23.02,66.58,2
0.5845,-0.0197,22.98,66.58,2
0.5471,-0.0375,23.01,66.57,2
0.5565,0.0094,23.0,66.57,2
0.5616,0.005,22.94,66.57,2
0.5697,0.0082,22.97,66.56,2
0.5679,-0.0019,22.95,66.56,2
0.5629,-0.005,22.94,66.56,2
0.5364,-0.0265,22.98,66.55,2
0.516,-0.0203,22.96,66.55,2
0.5335,0.0175,22.9,66.54,2
0.5613,0.0277,22.86,66.54,2
0.5831,0.0218,22.81,66.54,2
0.5785,-0.0045,22.78,66.54,2
0.5718,-0.0067,22.78,66.53,2
0.5716,-0.0003,22.71,66.53,2
0.5393,-0.0323,22.69,66.53,2
0.5183,-0.021,22.63,66.52,2
0.3647,-0.1535,22.87,66.55,1
0.4259,0.0612,23.18,66.58,1
0.4572,0.0313,23.1,66.57,2
0.4673,0.0101,23.1,66.57,2
0.4788,0.0114,23.03,66.56,2
0.4951,0.0163,23.05,66.55,2
0.524,0.0289,23.02,66.55,2
0.5474,0.0235,22.94,66.54,2
0.5426,-0.0048,22.88,66.54,2
0.5673,0.0247,22.91,66.54,2
0.568,0.0007,22.82,66.53,2
0.533,-0.035,22.76,66.53,2
0.5293,-0.0037,22.81,66.53,2
0.488,-0.0413,22.83,66.52,2
0.5072,0.0192,22.8,66.52,2
0.5195,0.0123,22.82,66.51,2
0.5256,0.0061,22.81,66.51,2
0.5428,0.0172,22.8,66.5,2
0.5105,-0.0324,22.79,66.5,2
0.5626,0.0521,22.8,66.5,2
0.5627,0.0001,22.88,66.5,2
0.5934,0.0307,22.85,66.5,2
0.6206,0.0271,22.9,66.5,2
0.6709,0.0504,22.87,66.5,2
0.6843,0.0133,22.93,66.5,2
0.6573,-0.027,22.99,66.51,2
0.6479,-0.0094,23.03,66.51,2
0.6314,-0.0165,22.91,66.51,2
0.6045,-0.0269,22.85,66.51,2
0.5805,-0.024,22.84,66.51,2
0.571,-0.0095,22.77,66.51,2
0.5319,-0.0391,22.75,66.5,2
0.4961,-0.0358,22.66,66.5,2
0.4821,-0.014,22.61,66.49,2
0.4761,-0.006,22.56,66.49,2
0.4695,-0.0066,22.55,66.48,2
0.4987,0.0292,22.57,66.48,2
0.4929,-0.0058,22.59,66.47,2
0.5064,0.0135,22.53,66.47,2
0.4838,-0.0226,22.58,66.46,2
0.5187,0.035,22.5,66.46,2
0.5113,-0.0075,22.6,66.46,2
0.5152,0.0039,22.61,66.45,2
0.5172,0.002,22.63,66.45,2
0.5344,0.0172,22.61,66.45,2
0.5338,-0.0006,22.6,66.44,2
0.5211,-0.0127,22.68,66.44,2
0.523,0.0019,22.61,66.44,2
0.5226,-0.0003,22.65,66.44,2
0.5355,0.0128,22.6,66.43,2
0.518,-0.0175,22.59,66.43,2
0.4861,-0.0319,22.57,66.43,2
0.4823,-0.0037,22.56,66.42,2
0.4928,0.0105,22.63,66.42,2
0.535,0.0422,22.61,66.42,2
0.5112,-0.0238,22.57,66.41,2
0.49,-0.0212,22.58,66.41,2
0.3442,-0.1458,22.75,66.44,1
0.3764,0.0322,23.08,66.47,1
0.4274,0.051,23.32,66.5,1
0.4841,0.0567,23.21,66.5,2
0.4794,-0.0047,23.11,66.49,2
0.3364,-0.1431,23.33,66.52,1
0.4124,0.076,23.49,66.55,1
0.4508,0.0384,23.36,66.54,2
0.3187,-0.132,23.31,66.52,2
0.3732,0.0545,23.52,66.55,1
0.4045,0.0314,23.72,66.58,1
0.4216,0.0171,23.89,66.61,1
0.4556,0.034,23.76,66.6,2
0.4899,0.0343,23.69,66.59,2
0.4748,-0.0151,23.65,66.59,2
0.4729,-0.0019,23.52,66.58,2
0.474,0.0011,23.42,66.57,2
0.501,0.027,23.25,66.56,2
0.5163,0.0153,23.22,66.56,2
0.5117,-0.0046,23.15,66.55,2
0.507,-0.0047,23.04,66.55,2
0.518,0.011,23.0,66.54,2
0.5293,0.0112,22.93,66.54,2
0.3751,-0.1542,23.15,66.57,1
0.433,0.058,23.25,66.6,1
0.473,0.04,23.12,66.59,2
0.4979,0.0249,23.01,66.58,2
0.5004,0.0025,23.01,66.57,2
0.5028,0.0024,22.97,66.57,2
0.5047,0.0019,22.91,66.56,2
0.3557,-0.149,23.19,66.59,1
0.42,0.0644,23.46,66.62,1
0.4344,0.0144,23.63,66.65,1
0.4893,0.0549,23.52,66.64,2
0.4907,0.0014,23.39,66.63,2
0.4752,-0.0155,23.3,66.62,2
0.5089,0.0337,23.29,66.61,2
0.5057,-0.0032,23.28,66.61,2
0.5214,0.0157,23.25,66.6,2
0.5178,-0.0036,23.16,66.59,2
0.5221,0.0043,23.06,66.59,2
0.5336,0.0115,22.97,66.58,2
0.5365,0.0029,22.94,66.58,2
0.3813,-0.1552,23.22,66.61,1
0.3934,0.0121,23.43,66.63,1
0.4083,0.0148,23.62,66.66,1
0.419,0.0107,23.72,66.69,1
0.4439,0.0249,23.82,66.72,1
0.4351,-0.0088,24.02,66.75,1
0.4339,-0.0012,24.15,66.77,1
0.4325,-0.0013,24.38,66.8,1
0.4064,-0.0262,24.54,66.82,1
0.4119,0.0056,24.69,66.85,1
0.2791,-0.1329,24.95,66.89,0
0.3568,0.0777,25.22,66.94,0
0.3741,0.0173,25.31,66.96,1
0.4006,0.0265,25.41,66.98,1
0.4489,0.0482,25.52,67.01,1
0.4438,-0.0051,25.72,67.03,1
0.4472,0.0035,25.84,67.05,1
0.4326,-0.0146,25.92,67.07,1
0.4207,-0.0119,25.95,67.09,1
0.4449,0.0242,25.96,67.11,1
0.487,0.0421,25.65,67.09,2
0.5004,0.0134,25.31,67.08,2
0.5123,0.0119,25.05,67.06,2
0.5015,-0.0108,24.79,67.04,2
0.4811,-0.0204,24.59,67.03,2
0.3352,-0.1459,24.68,67.04,1
0.3975,0.0623,24.74,67.06,1
0.4194,0.0219,24.81,67.08,1
0.4359,0.0165,24.84,67.1,1
0.4319,-0.004,24.93,67.12,1
0.4555,0.0236,24.67,67.1,2
0.4279,-0.0276,24.49,67.08,2
0.4227,-0.0052,24.59,67.1,1
0.4355,0.0128,24.74,67.12,1
0.438,0.0025,24.86,67.14,1
0.4224,-0.0156,24.88,67.16,1
0.423,0.0005,24.93,67.18,1
0.4277,0.0047,25.06,67.2,1
0.434,0.0063,25.03,67.21,1
0.4446,0.0106,25.1,67.23,1
0.3049,-0.1397,25.11,67.24,1
0.3322,0.0273,25.2,67.25,1
0.3844,0.0523,25.28,67.27,1
0.4449,0.0604,25.34,67.28,1
0.479,0.0341,25.05,67.26,2
0.3342,-0.1448,24.86,67.23,2
0.419,0.0848,24.96,67.25,1
0.2981,-0.1209,25.01,67.26,1
0.2229,-0.0752,25.29,67.3,0
0.1732,-0.0497,25.52,67.33,0
0.1384,-0.0348,25.76,67.36,0
0.2378,0.0994,26.0,67.39,0
0.3078,0.07,26.0,67.4,1
0.206,-0.1019,26.08,67.4,1
0.1468,-0.0592,26.33,67.43,0
0.2129,0.0661,26.52,67.46,0
0.1385,-0.0744,26.63,67.49,0
0.2565,0.118,26.84,67.53,0
0.1695,-0.087,27.09,67.55,0
0.119,-0.0505,27.19,67.58,0
0.2255,0.1066,27.28,67.61,0
0.3168,0.0912,27.08,67.61,1
0.379,0.0622,27.04,67.62,1
0.411,0.032,26.95,67.63,1
0.4251,0.0141,26.89,67.64,1
0.4438,0.0188,26.8,67.64,1
0.477,0.0331,26.43,67.62,2
0.4797,0.0027,26.08,67.59,2
0.3357,-0.144,26.13,67.59,1
0.3667,0.031,26.17,67.6,1
0.3866,0.0199,26.13,67.61,1
0.2657,-0.1209,26.32,67.64,0
0.3318,0.0662,26.48,67.67,0
0.3719,0.0401,26.53,67.68,1
0.3891,0.0172,26.56,67.68,1
0.4244,0.0353,26.47,67.69,1
0.4047,-0.0198,26.47,67.7,1
0.2728,-0.1319,26.75,67.73,0
0.196,-0.0768,26.9,67.75,0
0.266,0.0701,27.12,67.78,0
0.3213,0.0552,27.09,67.78,1
0.3432,0.022,27.06,67.78,1
0.3718,0.0285,26.99,67.78,1
0.3863,0.0145,26.89,67.79,1
0.4086,0.0223,26.84,67.79,1
0.4135,0.0049,26.7,67.8,1
0.2826,-0.131,26.64,67.8,1
0.3615,0.0789,26.58,67.8,1
0.2535,-0.108,26.79,67.82,0
0.3136,0.0601,27.06,67.85,0
0.3406,0.027,26.93,67.85,1
0.3438,0.0032,26.81,67.85,1
0.2282,-0.1156,26.9,67.88,0
0.2951,0.0668,27.09,67.91,0
0.3395,0.0444,26.95,67.9,1
0.3349,-0.0046,26.84,67.9,1
0.358,0.0231,26.79,67.9,1
0.3555,-0.0025,26.74,67.9,1
0.3506,-0.0049,26.57,67.9,1
0.3401,-0.0105,26.5,67.9,1
0.3475,0.0075,26.46,67.9,1
0.372,0.0245,26.46,67.9,1
0.3841,0.0121,26.45,67.9,1
0.3881,0.004,26.42,67.9,1
0.4119,0.0239,26.41,67.91,1
0.4125,0.0006,26.38,67.91,1
0.2789,-0.1336,26.53,67.93,0
0.3136,0.0347,26.76,67.96,0
0.3538,0.0402,26.69,67.96,1
0.3999,0.0461,26.65,67.96,1
0.4039,0.004,26.62,67.96,1
0.4246,0.0207,26.5,67.96,1
0.2893,-0.1353,26.35,67.96,1
0.3222,0.0329,26.31,67.96,1
0.22,-0.1022,26.53,67.98,0
0.2724,0.0524,26.74,68.0,0
0.1825,-0.09,26.84,68.02,0
0.253,0.0705,26.94,68.04,0
0.2998,0.0468,26.8,68.04,1
0.3369,0.0371,26.7,68.03,1
0.3381,0.0012,26.6,68.03,1
0.3378,-0.0003,26.5,68.03,1
0.348,0.0102,26.42,68.02,1
0.3562,0.0082,26.37,68.02,1
0.3826,0.0264,26.28,68.02,1
0.4058,0.0232,26.16,68.02,1
0.2764,-0.1294,26.31,68.04,0
0.2016,-0.0748,26.51,68.06,0
0.1557,-0.0459,26.66,68.08,0
0.2706,0.1148,26.82,68.1,0
0.1904,-0.0802,26.93,68.12,0
0.2448,0.0544,27.06,68.14,0
0.1636,-0.0812,27.25,68.15,0
0.2397,0.0761,27.33,68.17,0
0.2654,0.0257,27.45,68.19,0
0.1676,-0.0978,27.51,68.21,0
0.2288,0.0611,27.58,68.22,0
0.274,0.0453,27.69,68.24,0
0.2797,0.0056,27.83,68.26,0
0.3351,0.0555,27.66,68.25,1
0.3344,-0.0007,27.45,68.24,1
0.3434,0.009,27.3,68.24,1
0.219,-0.1244,27.41,68.25,0
0.2588,0.0398,27.52,68.27,0
0.1652,-0.0936,27.6,68.28,0
0.1124,-0.0528,27.67,68.29,0
0.1986,0.0862,27.75,68.31,0
0.3317,0.1331,27.54,68.3,1
0.3389,0.0072,27.4,68.29,1
0.3408,0.0018,27.33,68.28,1
0.3525,0.0118,27.17,68.27,1
0.3654,0.0128,27.04,68.27,1
0.2393,-0.1261,27.21,68.28,0
0.33,0.0906,27.41,68.3,0
0.2242,-0.1057,27.48,68.32,0
0.2915,0.0673,27.27,68.31,1
0.1961,-0.0954,27.13,68.29,1
0.14,-0.0561,27.14,68.3,0
0.23,0.09,27.33,68.32,0
0.2933,0.0633,27.15,68.31,1
0.3407,0.0474,27.09,68.3,1
0.2224,-0.1183,27.34,68.31,0
0.1542,-0.0681,27.44,68.32,0
0.2279,0.0736,27.56,68.34,0
0.2698,0.0419,27.66,68.35,0
0.1712,-0.0986,27.76,68.37,0
0.2312,0.06,27.81,68.38,0
0.2804,0.0492,27.74,68.37,1
0.3285,0.0481,27.64,68.36,1
0.3388,0.0104,27.52,68.35,1
0.2193,-0.1196,27.61,68.36,0
0.2944,0.0751,27.75,68.38,0
0.3568,0.0624,27.58,68.37,1
0.3517,-0.0051,27.49,68.36,1
0.2319,-0.1198,27.68,68.37,0
0.2935,0.0616,27.81,68.39,0
0.1962,-0.0973,27.85,68.4,0
0.1398,-0.0564,27.89,68.41,0
0.1052,-0.0346,27.94,68.42,0
0.0826,-0.0226,28.02,68.42,0
0.0669,-0.0157,28.01,68.43,0
0.2154,0.1484,28.12,68.44,0
0.2706,0.0553,28.2,68.45,0
0.3281,0.0575,27.97,68.44,1
0.2139,-0.1142,27.88,68.42,1
0.271,0.0571,27.94,68.44,0
0.2969,0.0259,28.09,68.46,0
0.3192,0.0223,28.02,68.44,1
0.3111,-0.0081,27.92,68.43,1
0.3063,-0.0048,27.76,68.42,1
0.1902,-0.1161,27.77,68.43,0
0.2414,0.0512,27.79,68.44,0
0.1517,-0.0897,27.97,68.45,0
0.102,-0.0497,28.11,68.46,0
0.0731,-0.0289,28.17,68.46,0
0.0554,-0.0178,28.17,68.46,0
0.1487,0.0933,28.21,68.47,0
0.0895,-0.0592,28.29,68.48,0
0.2002,0.1107,28.34,68.49,0
0.1239,-0.0763,28.43,68.49,0
0.2066,0.0827,28.47,68.5,0
0.2671,0.0605,28.51,68.52,0
0.3033,0.0362,28.11,68.5,1
0.3517,0.0483,28.02,68.49,1
0.2299,-0.1218,28.1,68.5,0
0.2805,0.0507,28.27,68.52,0
0.1849,-0.0956,28.18,68.52,0
0.2376,0.0527,28.3,68.54,0
0.1529,-0.0847,28.35,68.54,0
0.2378,0.0849,28.46,68.55,0
0.1531,-0.0847,28.5,68.56,0
0.2277,0.0746,28.59,68.57,0
0.2598,0.0321,28.6,68.58,0
0.1614,-0.0984,28.62,68.59,0
0.1073,-0.0541,28.63,68.59,0
0.1862,0.0789,28.68,68.6,0
0.2716,0.0854,28.67,68.61,0
0.3282,0.0566,28.43,68.6,1
0.2136,-0.1146,28.19,68.57,1
0.1484,-0.0652,28.25,68.58,0
0.1094,-0.0391,28.25,68.58,0
0.1894,0.0801,28.24,68.59,0
0.1215,-0.0679,28.25,68.6,0
0.0835,-0.038,28.3,68.6,0
0.1687,0.0852,28.32,68.6,0
0.2307,0.062,28.34,68.61,0
0.2736,0.0429,28.45,68.63,0
0.1717,-0.102,28.4,68.63,0
0.2487,0.0771,28.5,68.64,0
0.297,0.0483,28.24,68.62,1
0.3274,0.0303,28.17,68.61,1
0.2146,-0.1128,28.2,68.62,0
0.1514,-0.0632,28.18,68.62,0
0.2316,0.0802,28.13,68.63,0
0.2779,0.0463,28.16,68.64,0
0.3467,0.0688,28.02,68.63,1
0.2301,-0.1167,27.78,68.6,1
0.1632,-0.0669,27.84,68.61,0
0.2451,0.0819,27.88,68.62,0
0.1644,-0.0807,27.88,68.63,0
0.2601,0.0958,27.91,68.64,0
0.3026,0.0425,27.71,68.62,1
0.1976,-0.105,27.57,68.6,1
0.2554,0.0578,27.65,68.61,0
0.2959,0.0405,27.74,68.62,0
0.3403,0.0443,27.54,68.61,1
0.3935,0.0532,27.52,68.59,1
0.3975,0.004,27.39,68.58,1
0.4125,0.0149,27.29,68.57,1
0.281,-0.1314,27.13,68.55,1
0.2046,-0.0765,27.41,68.56,0
0.1573,-0.0473,27.5,68.57,0
0.2536,0.0963,27.6,68.58,0
0.176,-0.0775,27.63,68.59,0
0.1302,-0.0459,27.77,68.59,0
0.2088,0.0786,27.92,68.6,0
0.1379,-0.0709,28.0,68.61,0
0.0977,-0.0402,28.03,68.61,0
0.1787,0.081,28.13,68.61,0
0.2414,0.0628,28.17,68.62,0
0.152,-0.0895,28.33,68.63,0
0.1034,-0.0486,28.29,68.63,0
0.0757,-0.0276,28.33,68.63,0
0.059,-0.0167,28.37,68.63,0
0.1507,0.0917,28.46,68.64,0
0.0926,-0.0581,28.49,68.64,0
0.1915,0.0989,28.47,68.65,0
0.2392,0.0477,28.52,68.66,0
0.1469,-0.0924,28.44,68.66,0
0.097,-0.0499,28.48,68.66,0
0.069,-0.0281,28.43,68.66,0
0.1623,0.0933,28.45,68.67,0
0.0997,-0.0626,28.39,68.67,0
0.2308,0.1311,28.41,68.68,0
0.1487,-0.0821,28.39,68.68,0
0.237,0.0882,28.44,68.69,0
0.2815,0.0446,28.21,68.67,1
0.3206,0.039,27.98,68.65,1
0.3584,0.0378,27.74,68.64,1
0.3658,0.0074,27.6,68.62,1
0.3741,0.0083,27.4,68.61,1
0.3811,0.007,27.41,68.6,1
0.2524,-0.1287,27.5,68.61,0
0.1785,-0.0739,27.62,68.61,0
0.1337,-0.0448,27.7,68.62,0
0.1048,-0.029,27.76,68.62,0
0.1923,0.0875,27.75,68.63,0
0.1262,-0.0661,27.84,68.63,0
0.0889,-0.0374,27.85,68.63,0
0.1891,0.1002,27.92,68.64,0
0.2554,0.0663,27.96,68.65,0
0.2973,0.0419,27.73,68.63,1
0.3011,0.0038,27.53,68.61,1
0.3111,0.01,27.32,68.6,1
0.1954,-0.1157,27.51,68.61,0
0.2365,0.0411,27.63,68.61,0
0.2849,0.0484,27.47,68.6,1
0.3377,0.0528,27.45,68.58,1
0.3882,0.0505,27.28,68.57,1
0.2592,-0.129,27.3,68.58,0
0.2994,0.0402,27.45,68.59,0
0.336,0.0365,27.31,68.58,1
0.224,-0.112,27.09,68.56,1
0.2823,0.0583,26.92,68.54,1
0.3233,0.041,26.86,68.53,1
0.3597,0.0364,26.77,68.51,1
0.2401,-0.1196,26.95,68.53,0
0.2965,0.0564,27.22,68.54,0
0.3432,0.0467,27.14,68.53,1
0.3476,0.0045,27.12,68.51,1
0.231,-0.1167,27.25,68.53,0
0.2697,0.0388,27.35,68.54,0
0.2978,0.028,27.17,68.52,1
0.1928,-0.105,27.1,68.5,1
0.1342,-0.0586,27.2,68.51,0
0.0997,-0.0345,27.31,68.51,0
0.078,-0.0216,27.51,68.52,0
0.0635,-0.0145,27.65,68.52,0
0.158,0.0946,27.72,68.53,0
0.0991,-0.0589,27.83,68.53,0
0.197,0.0979,27.9,68.54,0
0.1228,-0.0743,27.91,68.55,0
0.1919,0.0691,27.93,68.55,0
0.2509,0.059,28.01,68.57,0
0.2793,0.0285,28.14,68.58,0
0.1732,-0.1061,28.2,68.59,0
0.2428,0.0696,28.18,68.6,0
0.1543,-0.0885,28.3,68.6,0
0.105,-0.0493,28.39,68.61,0
0.0761,-0.0289,28.43,68.61,0
0.0582,-0.0179,28.41,68.61,0
0.0463,-0.0119,28.32,68.61,0
0.0379,-0.0084,28.31,68.61,0
0.0316,-0.0063,28.33,68.61,0
0.1317,0.1001,28.35,68.61,0
0.2082,0.0765,28.48,68.62,0
0.1238,-0.0844,28.47,68.62,0
0.0786,-0.0452,28.42,68.62,0
0.156,0.0774,28.42,68.63,0
0.0909,-0.0651,28.43,68.63,0
0.0564,-0.0345,28.52,68.63,0
0.0376,-0.0188,28.56,68.63,0
0.0269,-0.0107,28.49,68.63,0
0.0204,-0.0065,28.46,68.63,0
0.1862,0.1658,28.48,68.64,0
0.1193,-0.0669,28.52,68.64,0
0.2135,0.0942,28.5,68.65,0
0.1339,-0.0796,28.46,68.65,0
0.089,-0.0449,28.5,68.65,0
0.1649,0.0759,28.53,68.66,0
0.2113,0.0464,28.59,68.66,0
0.2512,0.0399,28.65,68.67,0
0.2859,0.0347,28.38,68.65,1
0.307,0.0211,28.12,68.64,1
0.191,-0.1159,28.23,68.64,0
0.2346,0.0436,28.28,68.65,0
0.1462,-0.0884,28.37,68.66,0
0.0975,-0.0487,28.41,68.66,0
0.1869,0.0894,28.48,68.66,0
0.1162,-0.0707,28.56,68.67,0
0.0772,-0.039,28.64,68.67,0
0.1672,0.09,28.64,68.67,0
0.2288,0.0616,28.67,68.68,0
0.1383,-0.0905,28.64,68.68,0
0.0893,-0.049,28.64,68.68,0
0.1817,0.0924,28.65,68.69,0
0.1113,-0.0704,28.66,68.69,0
0.1903,0.0789,28.63,68.7,0
0.271,0.0807,28.58,68.71,0
0.2889,0.0179,28.21,68.69,1
0.2927,0.0038,28.01,68.67,1
0.3084,0.0157,27.84,68.65,1
0.1916,-0.1168,27.94,68.66,0
0.2396,0.048,28.03,68.67,0
0.1499,-0.0897,28.05,68.67,0
0.1002,-0.0497,28.06,68.67,0
0.1813,0.0811,28.19,68.68,0
0.2362,0.0549,28.27,68.69,0
0.145,-0.0912,28.27,68.69,0
0.0956,-0.0494,28.33,68.69,0
0.2152,0.1196,28.35,68.7,0
0.2545,0.0393,28.4,68.71,0
0.2907,0.0362,28.27,68.69,1
0.1821,-0.1086,28.02,68.66,1
0.2294,0.0473,28.15,68.67,0
0.1429,-0.0865,28.12,68.67,0
0.0952,-0.0477,28.11,68.67,0
0.1776,0.0824,28.16,68.68,0
0.1088,-0.0689,28.1,68.68,0
0.0712,-0.0376,28.17,68.68,0
0.1673,0.0961,28.22,68.69,0
0.101,-0.0664,28.18,68.69,0
0.1849,0.084,28.18,68.69,0
0.2529,0.068,28.27,68.7,0
0.2748,0.0219,28.33,68.71,0
0.1684,-0.1064,28.44,68.72,0
0.1103,-0.0581,28.43,68.72,0
0.2196,0.1094,28.5,68.72,0
0.1412,-0.0784,28.57,68.73,0
0.0967,-0.0446,28.47,68.73,0
0.07,-0.0266,28.5,68.73,0
0.2106,0.1406,28.48,68.73,0
0.1377,-0.0729,28.44,68.73,0
0.0954,-0.0423,28.46,68.73,0
0.182,0.0866,28.41,68.74,0
0.2271,0.0451,28.52,68.75,0
0.296,0.0688,28.34,68.73,1
0.3151,0.0191,28.13,68.71,1
0.3424,0.0273,27.86,68.69,1
0.3418,-0.0006,27.74,68.67,1
0.2187,-0.1231,27.88,68.68,0
0.2968,0.0781,27.93,68.69,0
0.3418,0.045,27.8,68.67,1
0.3775,0.0357,27.65,68.66,1
0.2525,-0.1251,27.73,68.67,0
0.1798,-0.0726,27.83,68.68,0
0.2777,0.0978,27.88,68.69,0
0.3295,0.0518,27.79,68.67,1
0.2219,-0.1076,27.56,68.65,1
0.1594,-0.0625,27.69,68.65,0
0.2459,0.0865,27.84,68.66,0
0.3181,0.0722,27.66,68.64,1
0.332,0.0139,27.53,68.63,1
0.2186,-0.1134,27.66,68.64,0
0.2667,0.0481,27.82,68.65,0
0.1756,-0.0912,27.91,68.65,0
0.1238,-0.0517,27.95,68.65,0
0.2153,0.0915,28.04,68.66,0
0.2811,0.0658,27.76,68.64,1
0.1816,-0.0994,27.61,68.62,1
0.1255,-0.0561,27.7,68.62,0
0.0921,-0.0334,27.77,68.63,0
0.071,-0.0211,27.82,68.63,0
0.0568,-0.0142,27.87,68.63,0
0.1741,0.1173,27.91,68.63,0
0.1109,-0.0632,28.0,68.64,0
0.188,0.0771,27.98,68.64,0
0.1147,-0.0734,28.03,68.65,0
0.0746,-0.04,28.09,68.65,0
0.1568,0.0822,28.18,68.65,0
0.0922,-0.0647,28.18,68.65,0
0.0577,-0.0345,28.15,68.65,0
0.1586,0.1009,28.15,68.66,0
0.0936,-0.065,28.27,68.66,0
0.1736,0.08,28.31,68.66,0
0.2476,0.074,28.35,68.67,0
0.2965,0.049,28.14,68.65,1
0.1863,-0.1102,27.98,68.63,1
0.2401,0.0538,28.04,68.64,0
0.1514,-0.0887,28.09,68.65,0
0.2146,0.0631,28.1,68.65,0
0.2636,0.0491,28.13,68.66,0
0.1634,-0.1002,28.23,68.67,0
0.1082,-0.0552,28.25,68.67,0
0.0764,-0.0318,28.29,68.67,0
0.182,0.1056,28.39,68.68,0
0.2424,0.0604,28.43,68.68,0
0.2784,0.036,28.58,68.7,0
0.1751,-0.1033,28.58,68.7,0
0.1185,-0.0566,28.55,68.7,0
0.1911,0.0726,28.53,68.71,0
0.1203,-0.0708,28.56,68.71,0
0.0817,-0.0387,28.47,68.71,0
0.162,0.0803,28.52,68.71,0
0.098,-0.064,28.59,68.71,0
0.0638,-0.0342,28.64,68.71,0
0.0449,-0.019,28.69,68.71,0
0.1563,0.1114,28.67,68.71,0
0.2184,0.0621,28.7,68.72,0
0.2822,0.0638,28.45,68.7,1
0.3181,0.0359,28.27,68.68,1
0.319,0.0008,28.07,68.66,1
0.3407,0.0217,27.89,68.65,1
0.2186,-0.122,27.99,68.66,0
0.1501,-0.0686,27.98,68.66,0
0.232,0.0819,28.08,68.67,0
0.152,-0.08,28.12,68.67,0
0.2339,0.0818,28.15,68.68,0
0.1508,-0.083,28.12,68.69,0
0.1038,-0.0471,28.11,68.69,0
0.1782,0.0744,28.15,68.69,0
0.1099,-0.0683,28.13,68.69,0
0.0725,-0.0374,28.17,68.69,0
0.0511,-0.0214,28.21,68.69,0
0.1631,0.1121,28.21,68.7,0
0.2191,0.0559,28.22,68.7,0
0.2878,0.0688,27.99,68.68,1
0.3253,0.0375,27.76,68.67,1
0.355,0.0297,27.66,68.65,1
0.3818,0.0268,27.43,68.64,1
0.4053,0.0235,27.25,68.62,1
0.2698,-0.1355,27.45,68.64,0
0.1907,-0.0791,27.64,68.64,0
0.1418,-0.0489,27.83,68.65,0
0.1097,-0.0321,27.94,68.65,0
0.2149,0.1052,28.09,68.66,0
0.1431,-0.0718,28.12,68.66,0
0.2038,0.0607,28.14,68.67,0
0.1275,-0.0763,28.2,68.67,0
0.0852,-0.0423,28.2,68.67,0
0.1707,0.0854,28.24,68.68,0
0.2341,0.0634,28.25,68.69,0
0.2812,0.0471,28.09,68.67,1
0.3248,0.0436,27.86,68.65,1
0.3259,0.0011,27.68,68.63,1
0.2088,-0.1171,27.77,68.64,0
0.2537,0.0449,27.89,68.65,0
0.2906,0.037,27.67,68.63,1
0.3152,0.0246,27.41,68.61,1
0.3217,0.0065,27.3,68.6,1
0.3292,0.0074,27.22,68.58,1
0.3503,0.0211,27.15,68.57,1
0.3451,-0.0051,27.0,68.55,1
0.2226,-0.1225,27.17,68.56,0
0.2764,0.0537,27.32,68.58,0
0.3287,0.0524,27.13,68.56,1
0.2181,-0.1106,27.02,68.54,1
0.1551,-0.063,27.19,68.55,0
0.1171,-0.038,27.29,68.55,0
0.2401,0.1231,27.51,68.56,0
0.292,0.0519,27.43,68.55,1
0.1927,-0.0992,27.21,68.53,1
0.2561,0.0633,27.37,68.54,0
0.2865,0.0304,27.46,68.55,0
0.1842,-0.1023,27.63,68.56,0
0.2447,0.0605,27.7,68.57,0
0.3204,0.0757,27.5,68.56,1
0.3924,0.072,27.34,68.54,1
0.2639,-0.1284,27.53,68.56,0
0.1884,-0.0755,27.65,68.56,0
0.1414,-0.047,27.69,68.57,0
0.2529,0.1114,27.82,68.58,0
0.3088,0.056,27.58,68.57,1
0.3361,0.0273,27.4,68.55,1
0.3762,0.04,27.3,68.54,1
0.3623,-0.0139,27.26,68.53,1
0.2367,-0.1255,27.36,68.54,0
0.3025,0.0657,27.59,68.55,0
0.2017,-0.1008,27.7,68.56,0
0.1429,-0.0588,27.83,68.57,0
0.2441,0.1012,27.98,68.58,0
0.3233,0.0792,27.81,68.56,1
0.2162,-0.1071,27.57,68.54,1
0.2739,0.0577,27.7,68.55,0
0.2882,0.0144,27.77,68.57,0
0.3153,0.0271,27.54,68.55,1
0.2008,-0.1145,27.34,68.53,1
0.2665,0.0657,27.43,68.54,0
0.1726,-0.0939,27.51,68.55,0
0.2366,0.064,27.68,68.56,0
0.2763,0.0398,27.84,68.58,0
0.3038,0.0274,27.66,68.56,1
0.3181,0.0144,27.52,68.54,1
0.3238,0.0056,27.39,68.53,1
0.3265,0.0027,27.26,68.51,1
0.3412,0.0147,27.1,68.5,1
0.3668,0.0256,26.95,68.49,1
0.3811,0.0143,26.87,68.48,1
0.2526,-0.1285,27.06,68.49,0
0.284,0.0314,27.12,68.51,0
0.3173,0.0333,27.01,68.49,1
0.352,0.0348,26.99,68.48,1
0.2335,-0.1185,27.04,68.49,0
0.306,0.0725,27.15,68.51,0
0.2073,-0.0987,27.33,68.52,0
0.2622,0.0549,27.5,68.53,0
0.1741,-0.0881,27.54,68.54,0
0.1236,-0.0505,27.57,68.54,0
0.2004,0.0768,27.75,68.55,0
0.2571,0.0567,27.83,68.56,0
0.1627,-0.0944,28.0,68.57,0
0.2404,0.0778,28.15,68.58,0
0.291,0.0506,27.99,68.57,1
0.1874,-0.1036,27.79,68.54,1
0.1294,-0.058,27.72,68.55,0
0.0952,-0.0342,27.92,68.55,0
0.1963,0.1011,28.01,68.56,0
0.2974,0.101,27.97,68.55,1
0.3152,0.0179,27.9,68.53,1
0.2035,-0.1117,27.94,68.54,0
0.2628,0.0593,28.01,68.55,0
0.2917,0.0289,27.76,68.54,1
0.1865,-0.1053,27.61,68.51,1
0.2401,0.0536,27.7,68.53,0
0.153,-0.0871,27.82,68.53,0
0.2069,0.0539,27.94,68.54,0
0.2911,0.0842,27.75,68.53,1
0.1854,-0.1057,27.59,68.51,1
0.1257,-0.0597,27.63,68.51,0
0.0903,-0.0354,27.81,68.52,0
0.068,-0.0223,27.91,68.52,0
0.0531,-0.0149,27.95,68.52,0
0.0426,-0.0105,27.95,68.52,0
0.1598,0.1172,28.0,68.53,0
0.2083,0.0484,27.97,68.54,0
0.1233,-0.0849,28.07,68.55,0
0.1978,0.0745,28.08,68.55,0
0.1185,-0.0793,28.2,68.56,0
0.2106,0.0921,28.28,68.57,0
0.2914,0.0808,28.1,68.55,1
0.352,0.0606,27.97,68.54,1
0.344,-0.008,27.83,68.52,1
0.3402,-0.0038,27.65,68.51,1
0.3667,0.0265,27.51,68.5,1
0.2403,-0.1264,27.57,68.51,0
0.3182,0.0779,27.66,68.53,0
0.2148,-0.1034,27.72,68.54,0
0.2615,0.0467,27.79,68.55,0
0.3107,0.0492,27.55,68.53,1
0.202,-0.1087,27.31,68.51,1
0.14,-0.062,27.41,68.52,0
0.2676,0.1277,27.47,68.53,0
0.3174,0.0498,27.35,68.52,1
0.2109,-0.1066,27.24,68.5,1
0.3017,0.0908,27.14,68.48,1
0.3496,0.0479,27.07,68.47,1
0.3633,0.0137,26.98,68.46,1
0.3992,0.0358,26.9,68.45,1
0.4304,0.0312,26.81,68.44,1
0.4367,0.0063,26.75,68.44,1
0.4512,0.0145,26.39,68.39,2
0.4368,-0.0144,26.04,68.34,2
0.458,0.0213,25.79,68.3,2
0.3169,-0.1411,25.8,68.29,1
0.4005,0.0835,25.74,68.28,1
0.4185,0.018,25.75,68.28,1
0.4078,-0.0107,25.73,68.27,1
0.434,0.0262,25.74,68.27,1
0.4464,0.0124,25.69,68.27,1
0.4563,0.0098,25.44,68.23,2
0.4669,0.0107,25.2,68.18,2
0.4573,-0.0096,24.87,68.14,2
0.4472,-0.0101,24.95,68.14,1
0.4871,0.0399,25.08,68.14,1
0.5115,0.0244,24.72,68.11,2
0.5021,-0.0094,24.59,68.07,2
0.4909,-0.0111,24.49,68.03,2
0.4734,-0.0175,24.33,68.0,2
0.4556,-0.0178,24.22,67.96,2
0.4444,-0.0112,24.35,67.96,1
0.3052,-0.1392,24.43,67.96,1
0.3504,0.0452,24.57,67.96,1
0.4346,0.0843,24.77,67.96,1
0.453,0.0183,24.54,67.92,2
0.4465,-0.0065,24.4,67.89,2
0.3088,-0.1377,24.45,67.88,1
0.3768,0.0679,24.52,67.89,1
0.3939,0.0172,24.68,67.89,1
0.4118,0.0178,24.75,67.89,1
0.2833,-0.1285,24.79,67.89,1
0.3876,0.1043,24.85,67.89,1
0.4104,0.0229,24.89,67.89,1
0.2845,-0.1259,24.96,67.89,1
0.3239,0.0394,25.06,67.89,1
0.3496,0.0256,25.1,67.89,1
0.3832,0.0336,25.22,67.89,1
0.4345,0.0513,25.22,67.89,1
0.2979,-0.1366,25.23,67.89,1
0.3243,0.0264,25.24,67.89,1
0.3606,0.0363,25.2,67.89,1
0.4083,0.0477,25.25,67.89,1
0.2771,-0.1312,25.58,67.92,0
0.3421,0.065,25.82,67.94,0
0.235,-0.1071,25.98,67.97,0
0.3008,0.0658,25.98,67.96,1
0.3255,0.0247,25.92,67.96,1
0.3626,0.037,25.95,67.96,1
0.3725,0.0099,25.96,67.96,1
0.3893,0.0169,25.91,67.96,1
0.2595,-0.1298,26.23,67.98,0
0.3294,0.0699,26.43,68.01,0
0.3823,0.0529,26.43,68.01,1
0.3985,0.0162,26.4,68.01,1
0.2689,-0.1296,26.59,68.03,0
0.2977,0.0288,26.78,68.06,0
0.3408,0.0431,26.77,68.05,1
0.3778,0.037,26.68,68.05,1
0.2529,-0.1248,26.8,68.07,0
0.3029,0.05,26.92,68.09,0
0.3388,0.0359,26.89,68.09,1
0.2242,-0.1146,26.76,68.08,1
0.2855,0.0613,26.74,68.07,1
0.3315,0.0461,26.65,68.07,1
0.3783,0.0468,26.53,68.06,1
0.3728,-0.0055,26.4,68.06,1
0.3856,0.0128,26.31,68.06,1
0.4134,0.0278,26.24,68.06,1
0.4053,-0.0081,26.2,68.06,1
0.4116,0.0063,26.32,68.06,1
0.2746,-0.137,26.56,68.08,0
0.3344,0.0598,26.82,68.11,0
0.3729,0.0384,26.75,68.1,1
0.3936,0.0208,26.68,68.1,1
0.4275,0.0338,26.65,68.1,1
0.4843,0.0568,26.31,68.06,2
0.4712,-0.0132,25.89,68.02,2
0.4598,-0.0114,25.59,67.99,2
0.4625,0.0027,25.31,67.95,2
0.4389,-0.0235,25.35,67.95,1
0.4966,0.0576,25.37,67.96,1
0.5426,0.046,25.13,67.93,2
0.5215,-0.021,24.91,67.89,2
0.5087,-0.0129,24.69,67.86,2
0.5051,-0.0036,24.48,67.83,2
0.5026,-0.0024,24.27,67.8,2
0.5097,0.007,24.18,67.77,2
0.5308,0.0211,23.99,67.74,2
0.5042,-0.0266,23.81,67.71,2
0.5012,-0.003,23.7,67.68,2
0.4741,-0.0271,23.54,67.65,2
0.4902,0.0162,23.52,67.62,2
0.4844,-0.0059,23.38,67.59,2
0.4767,-0.0076,23.33,67.57,2
0.4571,-0.0197,23.21,67.54,2
0.4662,0.0091,23.22,67.51,2
0.4888,0.0227,23.13,67.48,2
0.481,-0.0078,23.09,67.46,2
0.4672,-0.0138,22.98,67.43,2
0.4541,-0.0131,22.94,67.41,2
0.4685,0.0144,22.87,67.38,2
0.4935,0.025,22.9,67.36,2
0.4699,-0.0236,22.93,67.33,2
0.4694,-0.0005,22.84,67.31,2
0.4769,0.0075,22.83,67.29,2
0.4759,-0.0011,22.74,67.27,2
0.4846,0.0087,22.78,67.25,2
0.5175,0.0329,22.7,67.23,2
0.5117,-0.0059,22.73,67.21,2
0.5417,0.03,22.73,67.19,2
0.3845,-0.1572,22.94,67.21,1
0.4852,0.1006,23.25,67.23,1
0.5279,0.0427,23.23,67.21,2
0.556,0.0281,23.1,67.19,2
0.5266,-0.0294,23.07,67.17,2
0.5177,-0.0089,22.93,67.16,2
0.5076,-0.0101,22.9,67.14,2
0.5149,0.0074,22.84,67.12,2
0.4951,-0.0198,22.88,67.1,2
0.5479,0.0527,22.92,67.09,2
0.5452,-0.0026,22.92,67.08,2
0.5182,-0.027,22.95,67.06,2
0.4951,-0.0231,22.83,67.04,2
0.5372,0.0421,22.81,67.03,2
0.5285,-0.0087,22.8,67.02,2
0.5015,-0.027,22.72,67.0,2
0.4906,-0.011,22.66,66.98,2
0.4859,-0.0047,22.62,66.97,2
0.503,0.0171,22.7,66.95,2
0.5065,0.0035,22.65,66.94,2
0.5491,0.0426,22.61,66.93,2
0.5526,0.0035,22.63,66.92,2
0.5703,0.0177,22.65,66.91,2
0.613,0.0427,22.5,66.9,2
0.6161,0.0031,22.52,66.89,2
0.5697,-0.0464,22.53,66.88,2
0.5524,-0.0174,22.63,66.87,2
0.5367,-0.0157,22.64,66.86,2
0.5348,-0.0019,22.63,66.85,2
0.5603,0.0255,22.74,66.84,2
0.5809,0.0206,22.73,66.84,2
0.4156,-0.1653,23.01,66.86,1
0.4723,0.0567,23.2,66.89,1
0.5192,0.0469,23.12,66.88,2
0.5858,0.0666,22.99,66.87,2
0.5804,-0.0053,22.95,66.86,2
0.6079,0.0274,22.86,66.85,2
0.6405,0.0326,22.85,66.85,2
0.6339,-0.0066,22.77,66.84,2
0.6235,-0.0104,22.8,66.84,2
0.6197,-0.0038,22.81,66.83,2
0.5985,-0.0212,22.81,66.82,2
0.5862,-0.0123,22.79,66.82,2
0.5873,0.001,22.79,66.81,2
0.5774,-0.0099,22.85,66.8,2
0.5454,-0.0319,22.88,66.79,2
0.5606,0.0152,22.84,66.79,2
0.5457,-0.0149,22.78,66.78,2
0.5631,0.0174,22.78,66.77,2
0.5518,-0.0113,22.74,66.76,2
0.5479,-0.0038,22.68,66.75,2
0.5426,-0.0054,22.75,66.75,2
0.57,0.0274,22.72,66.74,2
0.564,-0.006,22.77,66.73,2
0.5506,-0.0134,22.72,66.73,2
0.5503,-0.0003,22.78,66.72,2
0.5604,0.0102,22.8,66.71,2
0.5775,0.017,22.8,66.71,2
0.5725,-0.005,22.78,66.7,2
0.6142,0.0417,22.8,66.7,2
0.638,0.0238,22.81,66.7,2
0.6058,-0.0321,22.81,66.69,2
0.6387,0.0329,22.83,66.69,2
0.6379,-0.0008,22.78,66.69,2
0.6293,-0.0086,22.81,66.69,2
0.6407,0.0114,22.86,66.68,2
0.6363,-0.0044,22.82,66.68,2
0.6336,-0.0027,22.91,66.68,2
0.6262,-0.0074,22.88,66.68,2
0.6371,0.0109,22.9,66.68,2
0.4637,-0.1734,22.84,66.67,2
0.4911,0.0274,22.79,66.66,2
0.5079,0.0168,22.88,66.65,2
0.5475,0.0396,22.83,66.64,2
0.5826,0.0352,22.79,66.64,2
0.5778,-0.0048,22.81,66.64,2
0.5727,-0.0051,22.85,66.63,2
0.594,0.0212,22.83,66.63,2
0.5893,-0.0047,22.84,66.63,2
0.5775,-0.0117,22.81,66.62,2
0.5694,-0.0082,22.75,66.62,2
0.5791,0.0098,22.75,66.62,2
0.5599,-0.0192,22.76,66.61,2
0.556,-0.004,22.74,66.61,2
0.5306,-0.0254,22.71,66.6,2
0.539,0.0085,22.63,66.6,2
0.5353,-0.0037,22.65,66.59,2
0.5668,0.0315,22.62,66.59,2
0.5927,0.0259,22.65,66.59,2
0.6028,0.01,22.68,66.58,2
0.5781,-0.0246,22.59,66.58,2
0.6047,0.0266,22.68,66.58,2
0.5855,-0.0192,22.63,66.58,2
0.6001,0.0146,22.6,66.58,2
0.6394,0.0393,22.61,66.58,2
0.6398,0.0003,22.65,66.58,2
0.6353,-0.0045,22.63,66.58,2
0.6433,0.008,22.79,66.58,2
0.6513,0.0079,22.79,66.58,2
0.648,-0.0033,22.81,66.58,2
0.6079,-0.04,22.88,66.58,2
0.6181,0.0102,22.95,66.58,2
0.6186,0.0004,22.92,66.58,2
0.602,-0.0165,22.9,66.58,2
0.5612,-0.0409,22.86,66.57,2
0.5423,-0.0189,22.83,66.57,2
0.5552,0.013,22.76,66.56,2
0.574,0.0188,22.78,66.56,2
0.5935,0.0195,22.83,66.56,2
0.598,0.0045,22.82,66.56,2
0.6263,0.0282,22.8,66.56,2
0.6575,0.0312,22.81,66.56,2
0.6665,0.009,22.79,66.56,2
0.6855,0.019,22.76,66.57,2
0.711,0.0254,22.69,66.57,2
0.6959,-0.0151,22.83,66.57,2
0.6588,-0.0371,22.81,66.57,2
0.4822,-0.1766,22.81,66.57,2
0.5019,0.0197,22.71,66.56,2
0.5395,0.0376,22.69,66.56,2
0.5264,-0.0132,22.68,66.55,2
0.5572,0.0309,22.64,66.55,2
0.6056,0.0484,22.6,66.55,2
0.5789,-0.0267,22.64,66.55,2
0.5782,-0.0007,22.58,66.54,2
0.6098,0.0316,22.56,66.54,2
0.6039,-0.0059,22.48,66.54,2
0.6236,0.0196,22.48,66.54,2
0.5959,-0.0277,22.54,66.54,2
0.608,0.0121,22.6,66.54,2
0.5871,-0.0209,22.61,66.54,2
0.56,-0.0271,22.6,66.54,2
0.5703,0.0103,22.64,66.54,2
0.6141,0.0438,22.65,66.54,2
0.6331,0.019,22.68,66.54,2
0.6126,-0.0205,22.67,66.54,2
0.6423,0.0297,22.79,66.54,2
0.6768,0.0345,22.92,66.54,2
0.6175,-0.0593,22.98,66.54,2
0.578,-0.0395,22.94,66.54,2
0.5454,-0.0327,22.91,66.54,2
0.5258,-0.0196,22.84,66.53,2
0.5377,0.0119,22.82,66.53,2
0.5871,0.0495,22.84,66.53,2
0.6475,0.0604,22.85,66.53,2
0.6191,-0.0284,22.87,66.53,2
0.623,0.0039,22.81,66.53,2
0.5999,-0.0231,22.67,66.53,2
0.6373,0.0374,22.67,66.53,2
0.6346,-0.0028,22.64,66.53,2
0.6099,-0.0247,22.66,66.53,2
0.6204,0.0105,22.6,66.53,2
0.6635,0.0431,22.67,66.53,2
0.6494,-0.014,22.86,66.54,2
0.66,0.0106,22.92,66.54,2
0.6429,-0.0171,22.88,66.54,2
0.6782,0.0353,22.86,66.54,2
0.6345,-0.0438,22.79,66.54,2
0.5837,-0.0508,22.77,66.54,2
0.5879,0.0042,22.77,66.54,2
0.5921,0.0041,22.83,66.54,2
0.6439,0.0519,22.88,66.54,2
0.5991,-0.0449,22.84,66.54,2
0.5842,-0.0148,22.77,66.54,2
0.5499,-0.0343,22.84,66.53,2
0.5879,0.038,22.81,66.53,2
0.5759,-0.012,22.81,66.53,2
0.612,0.0361,22.78,66.53,2
0.6263,0.0143,22.83,66.53,2
0.6199,-0.0064,22.79,66.53,2
0.6282,0.0084,22.77,66.53,2
0.5931,-0.0352,22.82,66.53,2
0.6099,0.0169,22.74,66.53,2
0.6379,0.0279,22.71,66.53,2
0.6655,0.0276,22.75,66.54,2
0.6378,-0.0277,22.78,66.54,2
0.6427,0.0049,22.76,66.54,2
0.6385,-0.0042,22.75,66.54,2
0.6322,-0.0062,22.7,66.54,2
0.628,-0.0042,22.71,66.54,2
0.6561,0.0281,22.69,66.54,2
0.6168,-0.0392,22.7,66.54,2
0.62,0.0032,22.74,66.54,2
0.6007,-0.0192,22.67,66.54,2
0.6365,0.0357,22.74,66.54,2
0.6394,0.0029,22.76,66.54,2
0.6128,-0.0266,22.67,66.54,2
0.6142,0.0015,22.69,66.54,2
0.6287,0.0144,22.7,66.54,2
0.6215,-0.0072,22.74,66.54,2
0.648,0.0265,22.79,66.55,2
0.6269,-0.0211,22.83,66.55,2
0.6249,-0.002,22.83,66.55,2
0.6309,0.006,22.78,66.55,2
0.6082,-0.0227,22.87,66.55,2
0.6466,0.0384,22.85,66.55,2
0.6523,0.0057,22.81,66.55,2
0.6265,-0.0258,22.77,66.55,2
0.665,0.0385,22.79,66.55,2
0.6592,-0.0058,22.74,66.55,2
0.6765,0.0173,22.82,66.56,2
0.6963,0.0197,22.76,66.56,2
0.7195,0.0233,22.72,66.57,2
0.7075,-0.012,22.72,66.57,2
0.7108,0.0033,22.66,66.57,2
0.6907,-0.0201,22.68,66.58,2
0.7084,0.0177,22.75,66.58,2
0.712,0.0036,22.7,66.58,2
0.654,-0.058,22.6,66.59,2
0.6404,-0.0136,22.56,66.59,2
0.6594,0.019,22.51,66.59,2
0.642,-0.0175,22.53,66.59,2
0.6761,0.0341,22.55,66.59,2
0.719,0.0429,22.56,66.59,2
0.7544,0.0354,22.54,66.6,2
0.76,0.0057,22.62,66.61,2
0.732,-0.028,22.72,66.61,2
0.7,-0.032,22.74,66.61,2
0.7115,0.0115,22.71,66.62,2
0.692,-0.0195,22.77,66.62,2
0.6892,-0.0028,22.9,66.62,2
0.7061,0.0168,22.86,66.62,2
0.6676,-0.0384,22.88,66.62,2
0.6988,0.0311,22.86,66.63,2
0.6968,-0.002,22.85,66.63,2
0.6925,-0.0042,22.84,66.63,2
0.6721,-0.0204,22.84,66.63,2
0.6627,-0.0095,22.81,66.63,2
0.6737,0.0111,22.82,66.63,2
0.6388,-0.0349,22.78,66.63,2
0.659,0.0202,22.82,66.63,2
0.6271,-0.0319,22.8,66.63,2
0.6253,-0.0018,22.77,66.63,2
0.6295,0.0043,22.64,66.63,2
0.6709,0.0414,22.69,66.63,2
0.6982,0.0273,22.74,66.63,2
0.689,-0.0092,22.77,66.63,2
0.6659,-0.0231,22.83,66.64,2
0.6912,0.0253,22.81,66.64,2
0.7152,0.0239,22.79,66.64,2
0.7352,0.02,22.92,66.64,2
0.7066,-0.0286,22.89,66.65,2
0.7014,-0.0052,22.86,66.65,2
0.7155,0.0141,22.85,66.65,2
0.6861,-0.0293,22.87,66.65,2
0.7047,0.0186,22.83,66.65,2
0.6991,-0.0056,22.92,66.66,2
0.7162,0.0171,22.89,66.66,2
0.7055,-0.0107,22.76,66.66,2
0.7048,-0.0007,22.81,66.66,2
0.7256,0.0208,22.8,66.67,2
0.7399,0.0143,22.83,66.67,2
0.7271,-0.0128,22.8,66.67,2
0.7295,0.0024,22.92,66.68,2
0.7516,0.0221,22.98,66.68,2
0.7324,-0.0192,22.87,66.68,2
0.7367,0.0043,22.85,66.69,2
0.7406,0.0039,22.86,66.69,2
0.7448,0.0042,22.8,66.69,2
0.74,-0.0048,22.87,66.7,2
0.7277,-0.0123,22.88,66.7,2
0.757,0.0293,22.92,66.7,2
0.7599,0.0028,22.93,66.71,2
0.759,-0.0009,22.97,66.71,2
0.755,-0.004,22.95,66.71,2
0.7376,-0.0174,22.91,66.72,2
0.7283,-0.0093,22.87,66.72,2
0.7037,-0.0245,22.86,66.72,2
0.7322,0.0284,22.83,66.72,2
0.7301,-0.0021,22.86,66.72,2
0.7424,0.0123,22.85,66.73,2
0.7111,-0.0313,22.9,66.73,2
0.724,0.0129,22.95,66.73,2
0.7461,0.0221,22.98,66.73,2
0.7172,-0.0288,22.93,66.73,2
0.7369,0.0196,22.87,66.74,2
0.7546,0.0178,22.89,66.74,2
0.7301,-0.0245,22.94,66.74,2
0.7449,0.0148,22.99,66.74,2
0.7595,0.0146,23.04,66.75,2
0.7695,0.0099,23.03,66.75,2
0.7665,-0.0029,23.07,66.75,2
0.7281,-0.0385,22.99,66.75,2
0.7502,0.0222,23.03,66.76,2
0.7541,0.0038,22.97,66.76,2
0.7234,-0.0307,22.96,66.76,2
0.7353,0.012,23.04,66.76,2
0.7393,0.004,22.99,66.76,2
0.7641,0.0247,23.02,66.77,2
0.7407,-0.0233,23.06,66.77,2
0.7162,-0.0245,23.11,66.77,2
0.7003,-0.0159,23.15,66.77,2
0.7191,0.0187,23.08,66.77,2
0.705,-0.0141,23.07,66.77,2
0.7177,0.0127,23.0,66.77,2
0.7088,-0.0089,23.0,66.77,2
0.7082,-0.0006,22.97,66.77,2
0.6949,-0.0132,22.92,66.77,2
0.7156,0.0207,22.9,66.77,2
0.7501,0.0345,22.87,66.77,2
0.7727,0.0227,22.9,66.77,2
0.783,0.0103,22.89,66.78,2
0.7883,0.0053,22.88,66.78,2
0.7883,0.0,22.88,66.79,2
0.7937,0.0054,22.9,66.79,2
0.7649,-0.0289,22.91,66.79,2
0.7688,0.004,22.88,66.79,2
0.7853,0.0164,22.93,66.8,2
0.8035,0.0183,22.95,66.8,2
0.7632,-0.0403,22.91,66.8,2
0.754,-0.0092,22.85,66.81,2
0.7602,0.0062,22.85,66.81,2
0.7579,-0.0023,22.88,66.81,2
0.7434,-0.0146,22.9,66.81,2
0.752,0.0087,22.91,66.81,2
0.7684,0.0163,22.87,66.81,2
0.778,0.0096,22.87,66.82,2
0.7635,-0.0145,22.93,66.82,2
0.739,-0.0245,22.84,66.82,2
0.7145,-0.0245,22.84,66.82,2
0.6917,-0.0228,22.77,66.82,2
0.7189,0.0272,22.86,66.82,2
0.7383,0.0194,22.86,66.82,2
0.7279,-0.0104,22.91,66.82,2
0.7426,0.0148,22.92,66.82,2
0.7633,0.0207,22.93,66.82,2
0.7677,0.0044,22.96,66.82,2
0.7547,-0.013,23.01,66.82,2
0.7627,0.008,23.02,66.82,2
0.7226,-0.0401,22.97,66.82,2
0.6919,-0.0307,22.96,66.82,2
0.6846,-0.0073,22.94,66.82,2
0.6977,0.0131,22.89,66.82,2
0.6634,-0.0344,22.86,66.82,2
0.6765,0.0131,22.9,66.81,2
0.6083,-0.0681,22.9,66.81,2
0.6379,0.0296,22.84,66.8,2
0.69,0.052,22.92,66.8,2
0.7111,0.0212,22.87,66.8,2
0.707,-0.0041,22.88,66.8,2
0.6628,-0.0442,22.78,66.8,2
0.6853,0.0225,22.74,66.8,2
0.6554,-0.0299,22.86,66.79,2
0.6728,0.0174,22.83,66.79,2
0.7024,0.0296,22.76,66.79,2
0.7247,0.0222,22.78,66.79,2
0.6969,-0.0278,22.79,66.79,2
0.6898,-0.0071,22.73,66.79,2
0.7109,0.0211,22.81,66.79,2
0.7125,0.0015,22.74,66.79,2
0.7016,-0.0109,22.84,66.79,2
0.7003,-0.0012,22.92,66.79,2
0.6568,-0.0435,22.98,66.78,2
0.683,0.0262,22.95,66.78,2
0.6936,0.0106,22.97,66.78,2
0.6762,-0.0174,22.98,66.78,2
0.6541,-0.0221,22.91,66.78,2
0.6241,-0.03,22.82,66.77,2
0.6466,0.0225,22.88,66.77,2
0.6694,0.0228,22.85,66.77,2
0.7053,0.0359,22.92,66.77,2
0.7244,0.0191,22.87,66.77,2
0.6857,-0.0387,22.93,66.77,2
0.7123,0.0266,22.92,66.77,2
0.7255,0.0132,22.9,66.77,2
0.7419,0.0164,22.94,66.77,2
0.7579,0.016,22.95,66.77,2
0.7569,-0.001,23.01,66.77,2
0.7539,-0.0031,23.05,66.78,2
0.7449,-0.009,23.01,66.78,2
0.7654,0.0206,23.03,66.78,2
0.7672,0.0017,23.1,66.78,2
0.773,0.0059,23.08,66.79,2
0.7536,-0.0194,23.1,66.79,2
0.7009,-0.0527,23.18,66.79,2
0.6881,-0.0128,23.15,66.79,2
0.718,0.0299,23.19,66.79,2
0.7258,0.0078,23.21,66.79,2
0.6865,-0.0394,23.26,66.79,2
0.677,-0.0095,23.22,66.78,2
0.6984,0.0214,23.06,66.78,2
0.7005,0.0021,23.08,66.78,2
0.6994,-0.0011,23.15,66.78,2
0.7253,0.0259,23.23,66.78,2
0.7452,0.02,23.3,66.78,2
0.6834,-0.0618,23.3,66.78,2
0.6429,-0.0405,23.2,66.78,2
0.6197,-0.0232,23.21,66.77,2
0.6417,0.022,23.15,66.77,2
0.6661,0.0245,23.09,66.77,2
0.6933,0.0272,23.06,66.77,2
0.6795,-0.0139,22.98,66.77,2
0.6855,0.0061,22.98,66.77,2
0.706,0.0205,23.08,66.77,2
0.7343,0.0282,23.08,66.77,2
0.7506,0.0164,23.09,66.77,2
0.7652,0.0145,23.07,66.77,2
0.7511,-0.0141,23.12,66.77,2
0.7455,-0.0056,23.16,66.78,2
0.7107,-0.0348,23.22,66.78,2
0.7281,0.0174,23.21,66.78,2
0.7337,0.0057,23.26,66.78,2
0.7602,0.0265,23.19,66.78,2
0.7383,-0.0219,23.11,66.78,2
0.7486,0.0103,23.01,66.78,2
0.7286,-0.02,22.95,66.78,2
0.7218,-0.0068,22.97,66.78,2
0.7365,0.0146,22.96,66.79,2
0.7698,0.0333,22.96,66.79,2
0.7514,-0.0184,23.04,66.79,2
0.7359,-0.0155,23.01,66.79,2
0.7141,-0.0218,23.03,66.79,2
0.709,-0.0051,23.02,66.79,2
0.7303,0.0213,23.0,66.79,2
0.7121,-0.0182,22.92,66.79,2
0.7227,0.0106,22.93,66.79,2
0.7135,-0.0092,23.01,66.79,2
0.7017,-0.0118,23.03,66.79,2
0.7204,0.0187,22.88,66.79,2
0.7444,0.024,22.89,66.79,2
0.7573,0.0129,22.82,66.79,2
0.765,0.0077,22.99,66.8,2
0.7731,0.0081,23.02,66.8,2
0.8026,0.0295,23.02,66.8,2
0.7665,-0.0361,23.05,66.81,2
0.7301,-0.0364,23.06,66.81,2
0.74,0.0099,22.94,66.81,2
0.7775,0.0375,22.92,66.81,2
0.8045,0.027,22.94,66.81,2
0.831,0.0266,22.97,66.82,2
0.8452,0.0142,22.94,66.83,2
0.8485,0.0032,22.94,66.83,2
0.8676,0.0191,22.94,66.84,2
0.8465,-0.0211,22.99,66.84,2
0.8083,-0.0383,22.96,66.85,2
0.8184,0.0102,23.06,66.85,2
0.8348,0.0163,23.18,66.86,2
0.7907,-0.0441,23.11,66.86,2
0.7923,0.0016,23.09,66.86,2
0.7966,0.0043,23.08,66.86,2
0.772,-0.0246,23.03,66.86,2
0.758,-0.014,23.04,66.87,2
0.7642,0.0062,23.03,66.87,2
0.7567,-0.0075,22.83,66.87,2
0.7706,0.0139,22.82,66.87,2
0.7724,0.0018,22.9,66.87,2
0.7307,-0.0418,22.91,66.87,2
0.7316,0.001,22.94,66.87,2
0.7436,0.012,23.03,66.87,2
0.7239,-0.0197,23.02,66.87,2
0.7003,-0.0236,22.98,66.86,2
0.6929,-0.0074,23.06,66.86,2
0.6981,0.0052,22.99,66.86,2
0.7258,0.0277,22.98,66.86,2
0.7608,0.035,22.93,66.86,2
0.7693,0.0084,23.02,66.86,2
0.7896,0.0203,23.03,66.86,2
0.7382,-0.0514,22.96,66.86,2
0.7273,-0.0108,23.0,66.86,2
0.6613,-0.066,23.0,66.86,2
0.6403,-0.021,22.98,66.85,2
0.6294,-0.011,22.99,66.85,2
0.666,0.0366,23.01,66.84,2
0.6414,-0.0245,23.04,66.84,2
0.6598,0.0183,22.99,66.83,2
0.6577,-0.0021,23.06,66.83,2
0.6853,0.0276,23.02,66.83,2
0.7052,0.0199,22.93,66.83,2
0.7205,0.0153,22.95,66.83,2
0.7465,0.026,22.92,66.83,2
0.754,0.0074,23.0,66.83,2
0.7549,0.0009,23.01,66.83,2
0.7575,0.0026,23.06,66.83,2
0.7574,-0.0,23.01,66.83,2
0.7385,-0.0189,23.11,66.83,2
0.756,0.0174,22.98,66.83,2
0.7757,0.0197,23.03,66.84,2
0.7398,-0.0359,23.11,66.84,2
0.7491,0.0093,23.15,66.84,2
0.7453,-0.0038,23.21,66.84,2
0.7243,-0.021,23.18,66.84,2
0.7376,0.0133,23.11,66.84,2
0.7251,-0.0125,23.22,66.84,2
0.7018,-0.0233,23.15,66.83,2
0.7176,0.0158,23.11,66.83,2
0.7193,0.0017,23.05,66.83,2
0.7402,0.0209,23.04,66.83,2
0.7316,-0.0086,23.01,66.83,2
0.7242,-0.0074,23.01,66.83,2
0.7184,-0.0057,23.04,66.83,2
0.7406,0.0221,23.07,66.83,2
0.7411,0.0005,23.11,66.83,2
0.7373,-0.0038,23.03,66.83,2
0.7411,0.0038,23.01,66.83,2
0.7309,-0.0102,23.04,66.83,2
0.7151,-0.0158,23.01,66.83,2
0.7331,0.018,23.01,66.83,2
0.7102,-0.0229,23.04,66.83,2
0.735,0.0248,22.95,66.83,2
0.7681,0.0331,22.85,66.83,2
0.7708,0.0027,22.78,66.84,2
0.7463,-0.0245,22.8,66.84,2
0.7546,0.0083,22.77,66.84,2
0.7592,0.0046,22.83,66.84,2
0.7649,0.0057,22.81,66.84,2
0.7665,0.0016,22.79,66.84,2
0.7559,-0.0106,22.86,66.84,2
0.765,0.0091,22.83,66.84,2
0.7466,-0.0184,22.87,66.84,2
0.7477,0.0011,22.93,66.84,2
0.7496,0.0019,22.94,66.84,2
0.782,0.0325,22.89,66.85,2
0.7572,-0.0248,23.01,66.85,2
0.7659,0.0087,23.02,66.85,2
0.7689,0.003,22.97,66.85,2
0.7748,0.0059,22.99,66.85,2
0.7753,0.0005,23.03,66.85,2
0.7892,0.0139,23.03,66.86,2
0.7389,-0.0504,23.08,66.86,2
0.7473,0.0085,23.02,66.86,2
0.7523,0.005,23.04,66.86,2
0.6963,-0.056,23.02,66.85,2
0.7139,0.0176,22.9,66.85,2
0.6844,-0.0295,23.05,66.85,2
0.6709,-0.0136,22.97,66.85,2
0.6935,0.0227,22.99,66.84,2
0.7176,0.0241,22.95,66.84,2
0.7438,0.0262,22.94,66.84,2
0.7507,0.007,22.95,66.84,2
0.7588,0.008,23.05,66.85,2
0.7246,-0.0342,23.14,66.85,2
0.7147,-0.0099,23.15,66.84,2
0.7328,0.0181,23.13,66.84,2
0.7064,-0.0264,23.06,66.84,2
0.712,0.0056,23.07,66.84,2
0.7,-0.012,23.07,66.84,2
0.7206,0.0206,23.05,66.84,2
0.7128,-0.0078,23.03,66.84,2
0.6901,-0.0227,23.03,66.83,2
0.703,0.0129,23.07,66.83,2
0.6557,-0.0474,23.05,66.83,2
0.6777,0.0221,22.97,66.83,2
0.6698,-0.008,23.01,66.82,2
0.6579,-0.0119,23.03,66.82,2
0.6962,0.0383,23.03,66.82,2
0.6704,-0.0258,23.02,66.82,2
0.6764,0.0059,23.05,66.81,2
0.6748,-0.0016,23.0,66.81,2
0.6508,-0.024,22.98,66.81,2
0.6494,-0.0014,23.06,66.8,2
0.6722,0.0228,23.04,66.8,2
0.6969,0.0247,23.05,66.8,2
0.7235,0.0267,23.05,66.8,2
0.7389,0.0154,23.12,66.8,2
0.7604,0.0216,23.02,66.8,2
0.7803,0.0198,22.98,66.81,2
0.758,-0.0223,22.96,66.81,2
0.7579,-0.0001,23.01,66.81,2
0.7582,0.0004,23.01,66.81,2
0.7616,0.0034,23.01,66.81,2
0.7154,-0.0462,23.05,66.81,2
0.7365,0.0212,23.08,66.81,2
0.7494,0.0128,22.96,66.81,2
0.7505,0.0011,22.93,66.82,2
0.7426,-0.0079,22.88,66.82,2
0.7452,0.0026,22.9,66.82,2
0.7256,-0.0195,22.79,66.82,2
0.7353,0.0096,22.83,66.82,2
0.7322,-0.003,22.86,66.82,2
0.7443,0.0121,22.91,66.82,2
0.7465,0.0022,22.93,66.82,2
0.7274,-0.0191,22.89,66.82,2
0.7416,0.0142,22.82,66.82,2
0.6963,-0.0453,22.86,66.82,2
0.6493,-0.047,22.83,66.81,2
0.675,0.0258,22.74,66.81,2
0.7112,0.0362,22.8,66.81,2
0.7084,-0.0028,22.89,66.81,2
0.6843,-0.0241,22.95,66.81,2
0.6984,0.0141,22.93,66.81,2
0.7198,0.0214,22.94,66.81,2
0.6998,-0.02,22.93,66.81,2
0.6832,-0.0166,22.88,66.8,2
0.7055,0.0224,22.95,66.8,2
0.729,0.0235,22.96,66.8,2
0.7618,0.0328,22.96,66.81,2
0.7942,0.0324,22.92,66.81,2
0.798,0.0038,22.93,66.81,2
0.8131,0.0151,22.96,66.82,2
0.7866,-0.0264,23.0,66.82,2
0.7322,-0.0545,23.04,66.82,2
0.705,-0.0272,22.96,66.82,2
0.6886,-0.0164,22.87,66.82,2
0.6976,0.009,22.82,66.82,2
0.7298,0.0322,22.9,66.82,2
0.6983,-0.0315,22.98,66.81,2
0.7168,0.0185,23.02,66.81,2
0.6853,-0.0315,23.0,66.81,2
0.6924,0.0071,23.0,66.81,2
0.6981,0.0057,22.99,66.81,2
0.7047,0.0066,22.91,66.81,2
0.7329,0.0282,23.01,66.81,2
0.7185,-0.0144,23.07,66.81,2
0.6662,-0.0523,23.01,66.81,2
0.6894,0.0232,22.95,66.8,2
0.7065,0.0171,22.96,66.8,2
0.7157,0.0092,23.01,66.8,2
0.7132,-0.0025,23.01,66.8,2
0.7302,0.017,22.99,66.8,2
0.7449,0.0147,23.09,66.8,2
0.7264,-0.0186,23.06,66.8,2
0.683,-0.0433,23.11,66.8,2
0.7051,0.022,23.13,66.8,2
0.6824,-0.0226,23.03,66.8,2
0.7064,0.024,22.99,66.8,2
0.6847,-0.0217,22.93,66.8,2
0.6479,-0.0368,22.84,66.79,2
0.6266,-0.0213,22.93,66.79,2
0.6476,0.021,22.93,66.79,2
0.6507,0.003,22.94,66.78,2
0.6428,-0.0079,22.97,66.78,2
0.6526,0.0098,23.05,66.78,2
0.6568,0.0042,23.05,66.77,2
0.6913,0.0346,22.99,66.77,2
0.6692,-0.0221,22.99,66.77,2
0.6923,0.0231,22.98,66.77,2
0.6651,-0.0272,23.02,66.77,2
0.6137,-0.0513,23.07,66.76,2
0.6283,0.0146,23.15,66.76,2
0.6356,0.0072,23.13,66.76,2
0.6518,0.0162,23.12,66.75,2
0.694,0.0422,23.04,66.75,2
0.6976,0.0036,23.11,66.75,2
0.7063,0.0086,23.13,66.75,2
0.7185,0.0122,23.07,66.75,2
0.7197,0.0012,23.1,66.75,2
0.7311,0.0114,23.07,66.76,2
0.7617,0.0307,23.06,66.76,2
0.7113,-0.0505,23.12,66.76,2
0.6863,-0.025,23.09,66.76,2
0.6698,-0.0165,23.1,66.76,2
0.6391,-0.0308,23.09,66.75,2
0.6622,0.0231,23.07,66.75,2
0.6715,0.0094,23.02,66.75,2
0.6824,0.0109,23.01,66.75,2
0.704,0.0215,23.03,66.75,2
0.7116,0.0076,23.08,66.75,2
0.7085,-0.0031,23.04,66.75,2
0.7009,-0.0075,23.08,66.75,2
0.7161,0.0152,23.08,66.75,2
0.7414,0.0253,23.06,66.75,2
0.7491,0.0077,22.99,66.76,2
0.7195,-0.0296,22.98,66.76,2
0.719,-0.0006,22.88,66.76,2
0.7491,0.0301,22.93,66.76,2
0.7044,-0.0447,22.98,66.76,2
0.6896,-0.0148,23.0,66.76,2
0.6734,-0.0162,22.97,66.76,2
0.6761,0.0027,22.94,66.76,2
0.6808,0.0048,22.96,66.76,2
0.7136,0.0328,22.93,66.76,2
0.7418,0.0282,22.9,66.76,2
0.7511,0.0092,22.91,66.76,2
0.785,0.0339,22.93,66.76,2
0.731,-0.054,22.96,66.77,2
0.7199,-0.0111,22.97,66.77,2
0.6866,-0.0333,22.95,66.77,2
0.7041,0.0175,22.96,66.77,2
0.7012,-0.0029,22.93,66.76,2
0.6546,-0.0466,22.87,66.76,2
0.6492,-0.0054,22.76,66.76,2
0.6387,-0.0105,22.82,66.76,2
0.6424,0.0037,22.78,66.75,2
0.6501,0.0077,22.79,66.75,2
0.6697,0.0195,22.77,66.75,2
0.6762,0.0065,22.81,66.75,2
0.6377,-0.0385,22.8,66.74,2
0.6145,-0.0231,22.8,66.74,2
0.6162,0.0017,22.67,66.74,2
0.6022,-0.014,22.54,66.73,2
0.6288,0.0265,22.57,66.73,2
0.6463,0.0175,22.62,66.73,2
0.6619,0.0157,22.61,66.73,2
0.6644,0.0025,22.54,66.72,2
0.6666,0.0022,22.61,66.72,2
0.643,-0.0236,22.61,66.72,2
0.6304,-0.0126,22.63,66.72,2
0.6692,0.0387,22.63,66.72,2
0.6961,0.027,22.71,66.72,2
0.6813,-0.0149,22.71,66.72,2
0.6812,-0.0001,22.77,66.72,2
0.6792,-0.002,22.77,66.72,2
0.6847,0.0055,22.78,66.72,2
0.6937,0.0091,22.86,66.72,2
0.6955,0.0017,22.83,66.72,2
0.6896,-0.0058,22.9,66.72,2
0.6739,-0.0158,22.86,66.72,2
0.673,-0.0008,22.89,66.72,2
0.6843,0.0113,22.91,66.72,2
0.6783,-0.006,22.9,66.72,2
0.6813,0.003,22.86,66.72,2
0.6501,-0.0312,22.82,66.71,2
0.6496,-0.0004,22.8,66.71,2
0.6935,0.0438,22.82,66.71,2
0.7219,0.0284,22.79,66.71,2
0.7084,-0.0135,22.76,66.71,2
0.7143,0.0059,22.79,66.72,2
0.7245,0.0102,22.85,66.72,2
0.7195,-0.005,22.8,66.72,2
0.7176,-0.002,22.9,66.72,2
0.7366,0.019,22.95,66.72,2
0.7079,-0.0287,22.91,66.72,2
0.6743,-0.0336,22.95,66.72,2
0.7021,0.0278,22.97,66.72,2
0.6432,-0.0589,23.03,66.72,2
0.6694,0.0262,23.03,66.72,2
0.6546,-0.0149,23.06,66.72,2
0.6599,0.0053,23.02,66.72,2
0.6389,-0.0209,23.06,66.72,2
0.6653,0.0264,22.96,66.71,2
0.6646,-0.0007,22.88,66.71,2
0.6716,0.007,22.95,66.71,2
0.6677,-0.0039,22.9,66.71,2
0.6551,-0.0126,22.97,66.71,2
0.6836,0.0285,22.94,66.71,2
0.7089,0.0253,22.94,66.71,2
0.6676,-0.0412,22.94,66.71,2
0.6202,-0.0474,22.83,66.71,2
0.6385,0.0183,22.84,66.71,2
0.638,-0.0006,22.81,66.7,2
0.6734,0.0354,22.85,66.7,2
0.6478,-0.0256,22.91,66.7,2
0.6702,0.0225,22.94,66.7,2
0.7053,0.0351,22.91,66.7,2
0.6746,-0.0307,22.83,66.7,2
0.6429,-0.0318,22.85,66.7,2
0.6512,0.0083,22.9,66.7,2
0.6646,0.0134,22.88,66.7,2
0.6774,0.0128,22.85,66.7,2
0.7,0.0226,22.85,66.7,2
0.6522,-0.0478,22.77,66.7,2
0.6131,-0.039,22.75,66.69,2
0.5944,-0.0187,22.71,66.69,2
0.561,-0.0335,22.65,66.68,2
0.5839,0.0229,22.73,66.68,2
0.5669,-0.0169,22.74,66.67,2
0.5283,-0.0386,22.78,66.67,2
0.5741,0.0458,22.79,66.66,2
0.6034,0.0293,22.82,66.66,2
0.6098,0.0063,22.89,66.66,2
0.4416,-0.1681,23.19,66.69,1
0.5032,0.0616,23.45,66.72,1
0.5225,0.0193,23.36,66.71,2
0.572,0.0494,23.31,66.7,2
0.6197,0.0478,23.28,66.7,2
0.5801,-0.0396,23.28,66.7,2
0.6031,0.023,23.24,66.69,2
0.5943,-0.0088,23.23,66.69,2
0.621,0.0267,23.15,66.68,2
0.6358,0.0149,23.13,66.68,2
0.6142,-0.0217,23.08,66.68,2
0.6358,0.0216,23.04,66.68,2
0.6306,-0.0051,23.0,66.68,2
0.6272,-0.0034,22.9,66.67,2
0.6248,-0.0024,22.88,66.67,2
0.6184,-0.0064,22.77,66.67,2
0.6142,-0.0042,22.78,66.67,2
0.6257,0.0115,22.74,66.66,2
0.5936,-0.0321,22.76,66.66,2
0.6124,0.0189,22.82,66.66,2
0.6314,0.019,22.87,66.66,2
0.6351,0.0037,22.82,66.66,2
0.6217,-0.0135,22.89,66.65,2
0.6256,0.0039,22.88,66.65,2
0.6245,-0.001,22.91,66.65,2
0.6363,0.0118,22.9,66.65,2
0.6567,0.0204,22.86,66.65,2
0.5951,-0.0616,22.82,66.65,2
0.5614,-0.0337,22.76,66.64,2
0.6045,0.0432,22.74,66.64,2
0.6004,-0.0042,22.81,66.63,2
0.6111,0.0107,22.7,66.63,2
0.5757,-0.0354,22.71,66.63,2
0.5386,-0.0371,22.7,66.62,2
0.5505,0.0118,22.68,66.62,2
0.5554,0.005,22.75,66.61,2
0.5583,0.0029,22.73,66.61,2
0.5434,-0.0149,22.76,66.6,2
0.5641,0.0207,22.77,66.6,2
0.5505,-0.0136,22.78,66.6,2
0.5598,0.0093,22.82,66.59,2
0.6052,0.0454,22.72,66.59,2
0.5935,-0.0117,22.63,66.59,2
0.6136,0.0202,22.68,66.59,2
0.6433,0.0297,22.79,66.59,2
0.6523,0.009,22.74,66.59,2
0.6901,0.0378,22.83,66.59,2
0.6964,0.0063,22.76,66.59,2
0.6693,-0.0272,22.74,66.6,2
0.6609,-0.0084,22.81,66.6,2
0.6347,-0.0262,22.76,66.6,2
0.6294,-0.0053,22.79,66.6,2
0.6007,-0.0287,22.78,66.59,2
0.5565,-0.0441,22.75,66.59,2
0.5518,-0.0048,22.73,66.59,2
0.5851,0.0333,22.7,66.58,2
0.5749,-0.0102,22.79,66.58,2
0.534,-0.0409,22.75,66.58,2
0.5693,0.0354,22.76,66.57,2
0.5413,-0.028,22.68,66.57,2
0.5169,-0.0244,22.77,66.56,2
0.5387,0.0219,22.73,66.56,2
0.5935,0.0548,22.67,66.56,2
0.6076,0.0141,22.71,66.56,2
0.5499,-0.0576,22.69,66.55,2
0.5151,-0.0348,22.66,66.55,2
0.5381,0.023,22.61,66.54,2
0.5729,0.0348,22.66,66.54,2
0.5353,-0.0376,22.68,66.54,2
0.5367,0.0014,22.76,66.53,2
0.5462,0.0095,22.72,66.53,2
0.5619,0.0158,22.73,66.53,2
0.5859,0.024,22.7,66.53,2
0.6276,0.0417,22.71,66.53,2
0.6204,-0.0071,22.73,66.53,2
0.6364,0.016,22.7,66.53,2
0.6023,-0.0341,22.64,66.53,2
0.5475,-0.0548,22.72,66.52,2
0.5392,-0.0083,22.69,66.52,2
0.5575,0.0183,22.71,66.52,2
0.5976,0.0401,22.73,66.52,2
0.428,-0.1696,22.95,66.55,1
0.4388,0.0108,23.14,66.58,1
0.4542,0.0154,23.06,66.57,2
0.4993,0.0451,23.02,66.57,2
0.5086,0.0093,22.97,66.56,2
0.5284,0.0198,22.87,66.55,2
0.5295,0.0011,22.96,66.55,2
0.549,0.0195,22.87,66.55,2
0.5113,-0.0377,22.79,66.54,2
0.5505,0.0393,22.84,66.54,2
0.5476,-0.0029,22.74,66.53,2
0.5272,-0.0204,22.68,66.53,2
0.5403,0.0131,22.64,66.53,2
0.5752,0.0349,22.7,66.52,2
0.5932,0.018,22.7,66.52,2
0.5586,-0.0346,22.68,66.52,2
0.5312,-0.0275,22.61,66.52,2
0.5483,0.0171,22.52,66.51,2
0.5433,-0.005,22.57,66.51,2
0.5412,-0.002,22.56,66.51,2
0.5302,-0.011,22.65,66.5,2
0.3748,-0.1553,22.87,66.53,1
0.3945,0.0197,23.14,66.56,1
0.4437,0.0492,23.34,66.59,1
0.4769,0.0332,23.26,66.59,2
0.5268,0.0499,23.23,66.58,2
0.5285,0.0017,23.24,66.57,2
0.5181,-0.0104,23.22,66.57,2
0.4965,-0.0216,23.22,66.56,2
0.4589,-0.0376,23.11,66.55,2
0.4708,0.0119,23.03,66.55,2
0.4899,0.0191,22.99,66.54,2
0.5222,0.0323,22.88,66.54,2
0.5424,0.0202,22.81,66.53,2
0.5381,-0.0043,22.82,66.53,2
0.5165,-0.0216,22.76,66.52,2
0.473,-0.0435,22.8,66.52,2
0.5038,0.0308,22.82,66.51,2
0.3545,-0.1493,22.99,66.54,1
0.4238,0.0694,23.18,66.57,1
0.4612,0.0373,23.11,66.56,2
0.4929,0.0317,23.08,66.55,2
0.4693,-0.0236,23.07,66.55,2
0.4768,0.0075,23.08,66.54,2
0.4859,0.0091,22.98,66.53,2
0.492,0.0061,22.9,66.53,2
0.5109,0.0189,22.84,66.52,2
0.5155,0.0046,22.8,66.52,2
0.4905,-0.025,22.74,66.51,2
0.5083,0.0178,22.74,66.51,2
0.4886,-0.0197,22.79,66.5,2
0.5114,0.0228,22.75,66.5,2
0.5459,0.0345,22.76,66.49,2
0.3871,-0.1588,23.02,66.52,1
0.3965,0.0094,23.22,66.55,1
0.4328,0.0363,23.4,66.58,1
0.4465,0.0137,23.57,66.61,1
0.4363,-0.0102,23.77,66.64,1
0.4386,0.0022,23.99,66.67,1
0.4499,0.0113,24.05,66.7,1
0.4625,0.0126,23.89,66.69,2
0.5227,0.0602,23.83,66.68,2
0.5469,0.0242,23.55,66.68,2
0.5314,-0.0155,23.4,66.67,2
0.4947,-0.0367,23.34,66.66,2
0.4755,-0.0192,23.13,66.65,2
0.4656,-0.0099,23.1,66.64,2
0.4672,0.0016,23.06,66.63,2
0.4549,-0.0124,22.97,66.62,2
0.4547,-0.0002,23.03,66.61,2
0.314,-0.1407,23.24,66.64,1
0.3429,0.0289,23.4,66.66,1
0.2376,-0.1053,23.81,66.71,0
0.355,0.1174,24.17,66.76,0
0.4002,0.0452,24.28,66.79,1
0.4679,0.0677,24.53,66.82,1
0.495,0.0271,24.33,66.8,2
0.5004,0.0054,24.19,66.79,2
0.4961,-0.0043,24.05,66.78,2
0.472,-0.0241,23.96,66.77,2
0.4504,-0.0216,23.82,66.76,2
0.4565,0.0061,23.64,66.74,2
0.4687,0.0122,23.59,66.73,2
0.4765,0.0078,23.49,66.72,2
0.5394,0.0629,23.33,66.71,2
0.5331,-0.0064,23.24,66.71,2
0.5361,0.003,23.19,66.7,2
0.5242,-0.0119,23.08,66.69,2
0.5196,-0.0047,23.08,66.68,2
0.3662,-0.1534,23.3,66.71,1
0.2724,-0.0938,23.53,66.73,1
0.359,0.0866,23.77,66.75,1
0.3914,0.0325,23.94,66.78,1
0.3982,0.0068,24.13,66.8,1
0.4483,0.05,24.22,66.83,1
0.5155,0.0672,24.15,66.82,2
0.3657,-0.1498,24.02,66.8,2
0.4114,0.0457,24.18,66.82,1
0.4544,0.043,24.33,66.85,1
0.4487,-0.0057,24.42,66.87,1
0.4935,0.0448,24.29,66.86,2
0.4897,-0.0038,24.19,66.85,2
0.3439,-0.1458,24.25,66.87,1
0.3706,0.0267,24.34,66.89,1
0.3902,0.0196,24.5,66.91,1
0.4309,0.0406,24.62,66.94,1
0.4745,0.0437,24.36,66.92,2
0.4792,0.0047,24.19,66.91,2
0.3365,-0.1427,24.33,66.92,1
0.4007,0.0641,24.44,66.95,1
0.4182,0.0175,24.58,66.97,1
0.4343,0.0161,24.68,66.99,1
0.4814,0.0471,24.57,66.97,2
0.4915,0.0101,24.39,66.96,2
0.492,0.0005,24.19,66.95,2
0.5183,0.0263,24.0,66.93,2
0.5169,-0.0014,23.84,66.92,2
0.5154,-0.0015,23.71,66.91,2
0.5101,-0.0052,23.68,66.89,2
0.542,0.0319,23.61,66.88,2
0.3871,-0.1549,23.69,66.91,1
0.4443,0.0572,23.9,66.93,1
0.4828,0.0385,23.69,66.91,2
0.5354,0.0526,23.5,66.9,2
0.5237,-0.0117,23.33,66.89,2
0.3717,-0.152,23.51,66.91,1
0.3931,0.0214,23.76,66.93,1
0.4382,0.0451,23.96,66.96,1
0.439,0.0008,24.11,66.98,1
0.4435,0.0045,24.23,67.0,1
0.4681,0.0246,24.04,66.99,2
0.4761,0.008,23.92,66.97,2
0.4593,-0.0168,23.71,66.95,2
0.4509,-0.0084,23.56,66.94,2
0.5142,0.0633,23.42,66.92,2
0.523,0.0088,23.3,66.91,2
0.5011,-0.0219,23.27,66.9,2
0.4833,-0.0178,23.15,66.88,2
0.3368,-0.1465,23.43,66.9,1
0.3686,0.0318,23.69,66.92,1
0.3739,0.0053,23.84,66.94,1
0.2546,-0.1193,24.21,66.99,0
0.3346,0.08,24.51,67.03,0
0.231,-0.1036,24.84,67.08,0
0.2841,0.0531,24.94,67.09,1
0.3252,0.0411,24.95,67.1,1
0.3443,0.0191,24.99,67.12,1
0.3597,0.0154,25.03,67.13,1
0.3509,-0.0088,25.17,67.15,1
0.356,0.0051,25.21,67.16,1
0.3995,0.0435,25.23,67.18,1
0.4262,0.0267,25.29,67.2,1
0.4333,0.0071,25.34,67.22,1
0.4254,-0.0079,25.36,67.23,1
0.4445,0.0191,25.36,67.25,1
0.44,-0.0045,25.43,67.27,1
0.4688,0.0288,25.21,67.25,2
0.4998,0.031,24.95,67.23,2
0.4965,-0.0033,24.86,67.21,2
0.495,-0.0014,24.61,67.19,2
0.4616,-0.0334,24.41,67.17,2
0.4586,-0.003,24.21,67.15,2
0.32,-0.1386,24.28,67.16,1
0.2378,-0.0822,24.36,67.17,1
0.3108,0.073,24.56,67.18,1
0.3503,0.0395,24.69,67.19,1
0.2428,-0.1075,25.0,67.23,0
0.315,0.0722,25.22,67.27,0
0.4052,0.0902,25.26,67.29,1
0.4398,0.0346,25.36,67.3,1
0.481,0.0412,25.11,67.28,2
0.4554,-0.0256,24.82,67.26,2
0.4707,0.0153,24.58,67.24,2
0.3276,-0.1431,24.73,67.25,1
0.2418,-0.0858,24.83,67.26,1
0.3096,0.0678,24.91,67.27,1
0.2179,-0.0917,25.22,67.3,0
0.295,0.0771,25.58,67.34,0
0.2029,-0.0922,25.94,67.37,0
0.2682,0.0653,26.18,67.41,0
0.3272,0.059,26.11,67.42,1
0.3703,0.043,26.07,67.43,1
0.4032,0.0329,26.1,67.44,1
0.4046,0.0014,26.01,67.45,1
0.3986,-0.006,25.93,67.46,1
0.4102,0.0116,25.96,67.47,1
0.4271,0.0169,25.95,67.49,1
0.4426,0.0155,25.98,67.5,1
0.3056,-0.137,25.96,67.5,1
0.3899,0.0842,26.01,67.51,1
0.4422,0.0523,26.05,67.52,1
0.3105,-0.1317,26.02,67.53,1
0.2304,-0.08,26.25,67.56,0
0.2962,0.0658,26.48,67.59,0
0.359,0.0628,26.44,67.6,1
0.3929,0.0339,26.36,67.61,1
0.4361,0.0432,26.27,67.62,1
0.436,-0.0001,26.2,67.63,1
0.3013,-0.1347,26.15,67.63,1
0.3417,0.0404,26.1,67.63,1
0.2376,-0.1041,26.34,67.66,0
0.3308,0.0932,26.52,67.7,0
0.3581,0.0273,26.55,67.7,1
0.3853,0.0272,26.47,67.71,1
0.2607,-0.1246,26.67,67.73,0
0.3053,0.0447,26.85,67.76,0
0.3512,0.0459,26.66,67.77,1
0.39,0.0389,26.57,67.77,1
0.3857,-0.0044,26.49,67.78,1
0.3872,0.0016,26.45,67.78,1
0.4033,0.0161,26.41,67.78,1
0.2705,-0.1328,26.68,67.81,0
0.3132,0.0428,26.9,67.84,0
0.3815,0.0683,26.79,67.84,1
0.3998,0.0183,26.69,67.85,1
0.4204,0.0206,26.6,67.85,1
0.2862,-0.1342,26.49,67.85,1
0.3447,0.0584,26.37,67.85,1
0.2377,-0.107,26.54,67.87,0
0.3288,0.091,26.66,67.9,0
0.2271,-0.1016,26.81,67.93,0
0.2834,0.0562,26.82,67.92,1
0.3259,0.0425,26.82,67.92,1
0.2162,-0.1097,26.97,67.94,0
0.2829,0.0667,27.04,67.97,0
0.1883,-0.0946,27.23,67.99,0
0.2685,0.0802,27.31,68.01,0
0.3376,0.0691,27.19,68.01,1
0.383,0.0454,27.09,68.01,1
0.258,-0.1251,27.08,68.03,0
0.3023,0.0444,27.29,68.05,0
0.2035,-0.0988,27.43,68.07,0
0.2483,0.0448,27.53,68.09,0
0.1621,-0.0862,27.63,68.11,0
0.2232,0.0611,27.76,68.13,0
0.1419,-0.0813,27.76,68.14,0
0.2516,0.1097,27.92,68.16,0
0.3382,0.0866,27.73,68.16,1
0.3572,0.019,27.65,68.15,1
0.3814,0.0242,27.57,68.15,1
0.384,0.0026,27.48,68.14,1
0.2561,-0.1279,27.62,68.16,0
0.1824,-0.0737,27.7,68.18,0
0.1374,-0.045,27.81,68.19,0
0.2182,0.0808,27.92,68.21,0
0.2784,0.0602,28.03,68.23,0
0.1834,-0.095,28.02,68.24,0
0.2726,0.0892,28.06,68.26,0
0.3022,0.0296,27.88,68.25,1
0.1981,-0.1041,27.73,68.24,1
0.282,0.0839,27.58,68.23,1
0.1887,-0.0933,27.67,68.24,0
0.2399,0.0511,27.68,68.26,0
0.2821,0.0422,27.44,68.25,1
0.1802,-0.1019,27.23,68.23,1
0.2434,0.0632,27.39,68.25,0
0.2955,0.0521,27.52,68.27,0
0.3085,0.0131,27.37,68.26,1
0.1967,-0.1118,27.14,68.24,1
0.1345,-0.0622,27.31,68.26,0
0.0982,-0.0363,27.37,68.27,0
0.0756,-0.0226,27.52,68.27,0
0.1682,0.0925,27.69,68.29,0
0.1061,-0.0621,27.75,68.3,0
0.0719,-0.0341,27.72,68.3,0
0.1772,0.1053,27.87,68.32,0
0.2753,0.0981,27.93,68.33,0
0.3418,0.0665,27.8,68.32,1
0.3859,0.0441,27.68,68.32,1
0.3666,-0.0194,27.5,68.31,1
0.3559,-0.0107,27.35,68.3,1
0.3748,0.0189,27.15,68.29,1
0.4089,0.0341,27.03,68.29,1
0.4233,0.0144,26.92,68.28,1
0.4276,0.0044,26.77,68.28,1
0.2915,-0.1361,26.62,68.27,1
0.2117,-0.0799,26.72,68.28,0
0.2719,0.0603,26.84,68.3,0
0.2992,0.0272,26.75,68.29,1
0.3433,0.0441,26.62,68.28,1
0.3784,0.0351,26.51,68.28,1
0.3794,0.001,26.47,68.27,1
0.3734,-0.006,26.45,68.26,1
0.3801,0.0067,26.39,68.26,1
0.2522,-0.1279,26.53,68.27,0
0.1789,-0.0733,26.63,68.29,0
0.272,0.0931,26.77,68.3,0
0.1858,-0.0862,26.85,68.32,0
0.135,-0.0508,26.96,68.33,0
0.2407,0.1057,27.14,68.34,0
0.3188,0.0781,27.07,68.33,1
0.2131,-0.1057,26.91,68.32,1
0.2667,0.0536,27.05,68.33,0
0.1759,-0.0908,27.15,68.35,0
0.1237,-0.0522,27.24,68.36,0
0.207,0.0833,27.37,68.37,0
0.1336,-0.0735,27.46,68.38,0
0.2171,0.0835,27.56,68.39,0
0.1375,-0.0797,27.61,68.4,0
0.0929,-0.0446,27.65,68.41,0
0.0667,-0.0262,27.75,68.41,0
0.0504,-0.0163,27.8,68.42,0
0.1546,0.1042,27.77,68.43,0
0.094,-0.0606,27.86,68.43,0
0.1709,0.077,27.86,68.44,0
0.1002,-0.0708,27.95,68.45,0
0.1974,0.0972,28.09,68.46,0
0.1194,-0.0779,28.1,68.47,0
0.0767,-0.0427,28.17,68.47,0
0.0523,-0.0244,28.2,68.47,0
0.1727,0.1203,28.23,68.48,0
0.2587,0.0861,28.24,68.5,0
0.1631,-0.0956,28.25,68.5,0
0.2244,0.0614,28.27,68.52,0
0.2846,0.0602,28.05,68.5,1
0.1806,-0.104,27.81,68.48,1
0.1224,-0.0582,27.85,68.48,0
0.0882,-0.0342,27.96,68.49,0
0.0669,-0.0213,28.05,68.49,0
0.1627,0.0959,28.11,68.5,0
0.234,0.0712,28.26,68.51,0
0.1434,-0.0906,28.26,68.52,0
0.0936,-0.0498,28.3,68.52,0
0.2176,0.124,28.42,68.53,0
0.1398,-0.0778,28.44,68.54,0
0.0953,-0.0445,28.45,68.54,0
0.0685,-0.0268,28.39,68.55,0
0.1864,0.1179,28.53,68.56,0
0.1179,-0.0686,28.5,68.56,0
0.0791,-0.0388,28.44,68.56,0
0.1635,0.0844,28.43,68.57,0
0.0975,-0.066,28.51,68.57,0
0.0616,-0.0359,28.58,68.58,0
0.1588,0.0972,28.65,68.58,0
0.2731,0.1143,28.67,68.59,0
0.3073,0.0342,28.48,68.58,1
0.3175,0.0101,28.25,68.56,1
0.2004,-0.117,28.34,68.57,0
0.1349,-0.0656,28.4,68.58,0
0.2038,0.069,28.46,68.58,0
0.1283,-0.0755,28.53,68.59,0
0.0862,-0.0421,28.5,68.59,0
0.0616,-0.0246,28.5,68.59,0
0.1664,0.1048,28.42,68.6,0
0.1023,-0.064,28.44,68.6,0
0.1771,0.0748,28.49,68.61,0
0.1048,-0.0722,28.58,68.61,0
0.066,-0.0389,28.61,68.61,0
0.1568,0.0908,28.6,68.62,0
0.0916,-0.0652,28.63,68.62,0
0.0567,-0.0349,28.71,68.62,0
0.1749,0.1182,28.69,68.63,0
0.2422,0.0672,28.59,68.64,0
0.15,-0.0922,28.61,68.64,0
0.0995,-0.0505,28.51,68.64,0
0.2131,0.1136,28.53,68.65,0
0.2787,0.0656,28.48,68.66,0
0.1775,-0.1013,28.52,68.67,0
0.1202,-0.0573,28.6,68.67,0
0.2286,0.1084,28.7,68.68,0
0.2612,0.0326,28.68,68.69,0
0.335,0.0738,28.38,68.67,1
0.3612,0.0261,28.21,68.66,1
0.3493,-0.0118,27.99,68.64,1
0.3726,0.0233,27.88,68.63,1
0.2416,-0.131,28.0,68.64,0
0.2686,0.027,28.15,68.65,0
0.2865,0.0179,27.89,68.63,1
0.2958,0.0093,27.73,68.61,1
0.3081,0.0123,27.57,68.59,1
0.3407,0.0326,27.41,68.58,1
0.3425,0.0018,27.26,68.56,1
0.2195,-0.123,27.36,68.57,0
0.2704,0.0509,27.53,68.59,0
0.1755,-0.0949,27.5,68.59,0
0.2692,0.0936,27.59,68.6,0
0.3151,0.046,27.47,68.59,1
0.3263,0.0112,27.32,68.57,1
0.3676,0.0413,27.16,68.56,1
0.3955,0.0279,27.2,68.55,1
0.2642,-0.1313,27.35,68.56,0
0.188,-0.0763,27.49,68.57,0
0.2761,0.0881,27.56,68.58,0
0.1884,-0.0877,27.67,68.59,0
0.1364,-0.052,27.84,68.59,0
0.1037,-0.0327,27.86,68.6,0
0.0818,-0.0219,27.92,68.6,0
0.0663,-0.0155,27.96,68.6,0
0.1573,0.0909,28.02,68.61,0
0.2073,0.05,28.18,68.61,0
0.1235,-0.0837,28.26,68.62,0
0.0789,-0.0446,28.23,68.62,0
0.0542,-0.0247,28.28,68.62,0
0.1799,0.1257,28.33,68.63,0
0.3006,0.1207,28.21,68.61,1
0.1988,-0.1018,27.89,68.59,1
0.2652,0.0663,27.99,68.6,0
0.3024,0.0372,28.03,68.61,0
0.1951,-0.1072,28.14,68.62,0
0.1343,-0.0608,28.19,68.62,0
0.2355,0.1012,28.29,68.63,0
0.155,-0.0805,28.37,68.64,0
0.1085,-0.0465,28.45,68.64,0
0.0801,-0.0284,28.45,68.64,0
0.0617,-0.0184,28.5,68.64,0
0.159,0.0973,28.47,68.65,0
0.0978,-0.0612,28.54,68.65,0
0.0642,-0.0336,28.61,68.65,0
0.1525,0.0883,28.7,68.65,0
0.2283,0.0758,28.81,68.66,0
0.1369,-0.0913,28.83,68.67,0
0.0872,-0.0497,28.87,68.67,0
0.2016,0.1144,28.92,68.67,0
0.1263,-0.0753,28.88,68.68,0
0.214,0.0876,28.81,68.68,0
0.133,-0.081,28.82,68.69,0
0.2176,0.0846,28.78,68.69,0
0.3004,0.0829,28.48,68.68,1
0.1916,-0.1089,28.31,68.65,1
0.1293,-0.0623,28.29,68.65,0
0.0919,-0.0374,28.33,68.66,0
0.0681,-0.0238,28.33,68.66,0
0.0521,-0.016,28.35,68.66,0
0.1582,0.1062,28.31,68.66,0
0.2236,0.0654,28.41,68.67,0
0.1363,-0.0874,28.45,68.67,0
0.2163,0.08,28.51,68.68,0
0.1339,-0.0824,28.45,68.68,0
0.1935,0.0595,28.47,68.69,0
0.1162,-0.0772,28.32,68.69,0
0.2319,0.1157,28.41,68.7,0
0.3017,0.0697,28.12,68.68,1
0.3212,0.0195,27.87,68.66,1
0.3265,0.0054,27.66,68.65,1
0.2089,-0.1177,27.74,68.65,0
0.143,-0.0659,27.88,68.66,0
0.2367,0.0937,27.99,68.67,0
0.3077,0.071,27.8,68.65,1
0.2029,-0.1048,27.64,68.62,1
0.2978,0.0949,27.4,68.61,1
0.2004,-0.0974,27.49,68.62,0
0.1431,-0.0573,27.5,68.62,0
0.1075,-0.0357,27.52,68.62,0
0.1963,0.0889,27.72,68.63,0
0.1273,-0.0691,27.71,68.63,0
0.088,-0.0392,27.77,68.64,0
0.0646,-0.0235,27.85,68.64,0
0.1546,0.0901,27.9,68.64,0
0.2228,0.0682,27.94,68.65,0
0.2894,0.0666,27.73,68.63,1
0.3204,0.031,27.57,68.61,1
0.3402,0.0198,27.44,68.6,1
0.2218,-0.1184,27.52,68.61,0
0.3004,0.0786,27.75,68.62,0
0.3319,0.0316,27.59,68.61,1
0.22,-0.112,27.43,68.58,1
0.2959,0.0759,27.18,68.57,1
0.1991,-0.0968,27.32,68.58,0
0.1426,-0.0565,27.39,68.58,0
0.2202,0.0776,27.48,68.59,0
0.1448,-0.0755,27.62,68.6,0
0.1017,-0.0431,27.74,68.6,0
0.0757,-0.026,27.8,68.6,0
0.059,-0.0167,27.76,68.6,0
0.1676,0.1086,27.84,68.61,0
0.2316,0.064,27.91,68.62,0
0.1432,-0.0884,28.04,68.62,0
0.0949,-0.0483,28.12,68.63,0
0.0674,-0.0276,28.11,68.63,0
0.0507,-0.0166,28.2,68.63,0
0.185,0.1343,28.23,68.63,0
0.1187,-0.0664,28.27,68.64,0
0.2136,0.0949,28.34,68.64,0
0.2545,0.0409,28.41,68.65,0
0.2725,0.018,28.51,68.66,0
0.1668,-0.1056,28.53,68.67,0
0.1092,-0.0576,28.57,68.67,0
0.2065,0.0972,28.58,68.68,0
0.1308,-0.0757,28.53,68.68,0
0.0884,-0.0424,28.52,68.68,0
0.0635,-0.0249,28.63,68.68,0
0.0479,-0.0155,28.59,68.68,0
0.0376,-0.0103,28.57,68.68,0
0.0304,-0.0072,28.58,68.68,0
0.1525,0.1221,28.69,68.68,0
0.0929,-0.0596,28.67,68.68,0
0.0602,-0.0327,28.74,68.68,0
0.0415,-0.0187,28.76,68.68,0
0.1528,0.1113,28.73,68.68,0
0.0911,-0.0617,28.78,68.68,0
0.1726,0.0815,28.71,68.69,0
0.1007,-0.0719,28.65,68.69,0
0.1672,0.0664,28.66,68.7,0
0.2254,0.0583,28.64,68.7,0
0.2535,0.0281,28.69,68.71,0
0.3129,0.0594,28.47,68.69,1
0.3497,0.0368,28.22,68.68,1
0.3569,0.0072,28.09,68.66,1
0.3395,-0.0174,27.95,68.64,1
0.328,-0.0115,27.84,68.63,1
0.3428,0.0148,27.62,68.61,1
0.218,-0.1248,27.69,68.62,0
0.1477,-0.0702,27.77,68.63,0
0.2312,0.0835,27.87,68.64,0
0.2985,0.0673,27.69,68.62,1
0.1948,-0.1037,27.44,68.59,1
0.1358,-0.0591,27.53,68.6,0
0.2153,0.0795,27.62,68.61,0
0.259,0.0437,27.77,68.62,0
0.1639,-0.095,27.87,68.62,0
0.2189,0.055,27.94,68.63,0
0.137,-0.0819,27.96,68.64,0
0.0921,-0.0449,28.06,68.64,0
0.0663,-0.0258,28.08,68.64,0
0.0507,-0.0157,28.12,68.64,0
0.1455,0.0948,28.12,68.64,0
0.2096,0.0642,28.25,68.65,0
0.1253,-0.0843,28.32,68.66,0
0.0804,-0.0449,28.29,68.66,0
0.0556,-0.0248,28.25,68.66,0
0.1562,0.1006,28.35,68.66,0
0.0942,-0.0619,28.4,68.66,0
0.1884,0.0942,28.49,68.67,0
0.2475,0.0591,28.68,68.68,0
0.301,0.0535,28.37,68.66,1
0.3279,0.0269,28.13,68.64,1
0.3619,0.034,27.98,68.63,1
0.3682,0.0063,27.84,68.61,1
0.3875,0.0193,27.62,68.6,1
0.3656,-0.022,27.54,68.59,1
0.3761,0.0106,27.39,68.57,1
0.2481,-0.128,27.48,68.58,0
0.2949,0.0468,27.61,68.6,0
0.3289,0.034,27.55,68.58,1
0.3703,0.0414,27.4,68.57,1
0.363,-0.0073,27.2,68.56,1
0.3604,-0.0026,27.02,68.54,1
0.3743,0.0139,26.94,68.53,1
0.2469,-0.1274,27.09,68.54,0
0.294,0.0471,27.26,68.56,0
0.196,-0.098,27.32,68.56,0
0.2795,0.0835,27.46,68.58,0
0.1869,-0.0925,27.56,68.59,0
0.1331,-0.0539,27.69,68.59,0
0.2574,0.1243,27.7,68.6,0
0.3204,0.063,27.48,68.59,1
0.3523,0.032,27.37,68.57,1
0.2336,-0.1187,27.53,68.58,0
0.2824,0.0489,27.75,68.59,0
0.3108,0.0284,27.54,68.58,1
0.3366,0.0258,27.46,68.56,1
0.3639,0.0272,27.42,68.55,1
0.3826,0.0187,27.22,68.54,1
0.2563,-0.1263,27.39,68.55,0
0.1838,-0.0725,27.42,68.56,0
0.2648,0.0809,27.58,68.57,0
0.1812,-0.0836,27.67,68.58,0
0.2823,0.1011,27.51,68.56,1
0.3304,0.0482,27.46,68.55,1
0.2214,-0.109,27.56,68.56,0
0.3034,0.0819,27.71,68.57,0
0.2057,-0.0976,27.84,68.58,0
0.2683,0.0626,27.95,68.59,0
0.1785,-0.0898,27.98,68.6,0
0.2589,0.0805,27.98,68.61,0
0.1706,-0.0884,28.02,68.62,0
0.2446,0.074,28.1,68.62,0
0.3016,0.057,27.94,68.61,1
0.196,-0.1057,27.8,68.59,1
0.271,0.075,27.88,68.6,0
0.178,-0.0929,27.91,68.6,0
0.2346,0.0565,27.96,68.61,0
0.2815,0.0469,27.85,68.6,1
0.3227,0.0412,27.63,68.58,1
0.318,-0.0046,27.46,68.56,1
0.3183,0.0003,27.22,68.55,1
0.3334,0.0151,27.14,68.53,1
0.3383,0.0049,27.04,68.52,1
0.2181,-0.1202,27.15,68.53,0
0.2561,0.038,27.25,68.54,0
0.1658,-0.0903,27.35,68.55,0
0.1154,-0.0504,27.39,68.56,0
0.2008,0.0854,27.39,68.56,0
0.1293,-0.0715,27.46,68.57,0
0.0894,-0.0398,27.53,68.57,0
0.1686,0.0791,27.59,68.58,0
0.1035,-0.0651,27.67,68.58,0
0.2334,0.1299,27.8,68.59,0
0.2618,0.0284,28.02,68.6,0
0.163,-0.0988,28.11,68.61,0
0.2358,0.0728,28.14,68.62,0
0.1487,-0.0872,28.26,68.63,0
0.0999,-0.0488,28.29,68.63,0
0.1862,0.0863,28.32,68.63,0
0.1154,-0.0708,28.39,68.64,0
0.0762,-0.0392,28.47,68.64,0
0.2335,0.1573,28.51,68.65,0
0.3161,0.0826,28.29,68.63,1
0.341,0.0248,28.07,68.61,1
0.375,0.034,27.85,68.6,1
0.3935,0.0184,27.65,68.59,1
0.3764,-0.017,27.47,68.58,1
0.3553,-0.0212,27.31,68.56,1
0.3482,-0.0071,27.14,68.55,1
0.225,-0.1232,27.33,68.56,0
0.2857,0.0607,27.55,68.57,0
0.3407,0.0551,27.42,68.56,1
0.3654,0.0247,27.37,68.54,1
0.2439,-0.1215,27.57,68.56,0
0.2765,0.0326,27.63,68.57,0
0.3241,0.0476,27.5,68.55,1
0.3605,0.0364,27.4,68.54,1
0.2406,-0.1199,27.45,68.55,0
0.1718,-0.0688,27.52,68.56,0
0.235,0.0633,27.64,68.57,0
0.2817,0.0467,27.45,68.55,1
0.3094,0.0277,27.38,68.54,1
0.33,0.0205,27.27,68.52,1
0.2131,-0.1168,27.41,68.53,0
0.2776,0.0645,27.54,68.55,0
0.3177,0.0401,27.44,68.53,1
0.3768,0.0591,27.29,68.52,1
0.251,-0.1258,27.45,68.53,0
0.2953,0.0443,27.69,68.55,0
0.1968,-0.0985,27.74,68.55,0
0.1396,-0.0573,27.82,68.56,0
0.2118,0.0723,27.98,68.57,0
0.2611,0.0493,28.17,68.58,0
0.1648,-0.0963,28.23,68.59,0
0.2187,0.0539,28.27,68.6,0
0.136,-0.0827,28.25,68.6,0
0.2255,0.0895,28.36,68.61,0
0.2971,0.0716,28.11,68.59,1
0.1901,-0.107,27.91,68.57,1
0.2393,0.0492,27.97,68.58,0
0.2962,0.0569,28.07,68.6,0
0.3174,0.0212,27.87,68.58,1
0.2031,-0.1143,27.72,68.56,1
0.139,-0.0641,27.71,68.56,0
0.2062,0.0672,27.77,68.57,0
0.2586,0.0524,27.88,68.58,0
0.3132,0.0546,27.71,68.57,1
0.3294,0.0163,27.56,68.55,1
0.3454,0.016,27.42,68.54,1
0.2266,-0.1188,27.55,68.55,0
0.3374,0.1108,27.7,68.57,0
0.4174,0.08,27.59,68.56,1
0.4669,0.0494,27.49,68.55,1
0.3284,-0.1385,27.34,68.53,1
0.3696,0.0412,27.16,68.52,1
0.3836,0.014,27.01,68.51,1
0.3942,0.0107,26.86,68.5,1
0.2687,-0.1256,27.06,68.51,0
0.3028,0.0341,27.24,68.53,0
0.3591,0.0563,27.1,68.51,1
0.2427,-0.1165,26.99,68.5,1
0.2772,0.0346,27.09,68.51,0
0.2952,0.018,27.29,68.53,0
0.1904,-0.1049,27.42,68.53,0
0.2441,0.0538,27.54,68.55,0
0.2741,0.03,27.68,68.56,0
0.1724,-0.1017,27.74,68.57,0
0.2339,0.0614,27.84,68.58,0
0.1479,-0.0859,27.94,68.58,0
0.2303,0.0823,28.02,68.59,0
0.1465,-0.0838,28.11,68.6,0
0.2096,0.063,28.14,68.61,0
0.2701,0.0606,28.23,68.62,0
0.2945,0.0244,28.04,68.6,1
0.3282,0.0337,27.9,68.58,1
0.339,0.0108,27.71,68.57,1
0.2174,-0.1215,27.83,68.58,0
0.1491,-0.0684,27.99,68.58,0
0.2186,0.0696,28.14,68.59,0
0.1412,-0.0774,28.14,68.6,0
0.2226,0.0814,28.21,68.61,0
0.274,0.0515,28.36,68.62,0
0.1725,-0.1016,28.43,68.63,0
0.2257,0.0533,28.45,68.63,0
0.1405,-0.0852,28.5,68.64,0
0.0933,-0.0472,28.51,68.64,0
0.066,-0.0274,28.52,68.64,0
0.1617,0.0957,28.61,68.65,0
0.2414,0.0797,28.65,68.66,0
0.2995,0.0581,28.42,68.64,1
0.189,-0.1104,28.26,68.61,1
0.237,0.048,28.3,68.62,0
0.2749,0.0379,28.32,68.64,0
0.3108,0.0359,28.05,68.62,1
0.1959,-0.1149,27.83,68.6,1
0.2366,0.0407,27.91,68.61,0
0.2757,0.039,28.05,68.62,0
0.3128,0.0371,27.9,68.6,1
0.3529,0.0401,27.8,68.59,1
0.3756,0.0227,27.57,68.57,1
0.4108,0.0352,27.55,68.56,1
0.4179,0.0071,27.32,68.55,1
0.4039,-0.014,27.33,68.54,1
0.4151,0.0112,27.12,68.53,1
0.4206,0.0055,27.11,68.52,1
0.4425,0.0219,27.02,68.51,1
0.4401,-0.0023,26.84,68.5,1
0.454,0.0138,26.47,68.46,2
0.4703,0.0163,26.1,68.41,2
0.4551,-0.0152,25.76,68.37,2
0.3149,-0.1402,25.77,68.35,1
0.3491,0.0342,25.72,68.35,1
0.243,-0.1061,25.99,68.36,0
0.1798,-0.0632,26.28,68.37,0
0.2546,0.0749,26.47,68.39,0
0.299,0.0444,26.41,68.37,1
0.3436,0.0446,26.39,68.36,1
0.3726,0.029,26.3,68.36,1
0.4176,0.045,26.21,68.35,1
0.4252,0.0076,26.16,68.34,1
0.401,-0.0242,26.15,68.34,1
0.2689,-0.1322,26.36,68.35,0
0.3272,0.0583,26.53,68.37,0
0.2231,-0.1041,26.64,68.39,0
0.2741,0.051,26.81,68.4,0
0.1831,-0.091,26.98,68.41,0
0.2479,0.0648,27.13,68.43,0
0.3261,0.0783,27.06,68.42,1
0.2153,-0.1108,26.99,68.4,1
0.2938,0.0785,26.89,68.38,1
0.3171,0.0233,26.83,68.37,1
0.3402,0.0231,26.81,68.36,1
0.3694,0.0292,26.73,68.35,1
0.3864,0.017,26.61,68.35,1
0.2563,-0.1302,26.74,68.36,0
0.301,0.0447,26.83,68.38,0
0.3259,0.0249,26.79,68.37,1
0.3482,0.0224,26.78,68.36,1
0.3491,0.0008,26.66,68.35,1
0.3725,0.0234,26.58,68.34,1
0.2459,-0.1266,26.75,68.36,0
0.316,0.0701,27.0,68.37,0
0.3396,0.0237,26.95,68.36,1
0.3822,0.0426,26.88,68.36,1
0.2563,-0.1259,27.07,68.37,0
0.3105,0.0542,27.22,68.39,0
0.345,0.0345,27.2,68.38,1
0.3751,0.0301,27.1,68.37,1
0.4078,0.0328,27.04,68.36,1
0.4073,-0.0005,27.03,68.36,1
0.4207,0.0134,26.82,68.35,1
0.4322,0.0115,26.73,68.34,1
0.4293,-0.0029,26.74,68.34,1
0.4438,0.0145,26.71,68.33,1
0.4533,0.0095,26.2,68.29,2
0.5069,0.0536,25.87,68.25,2
0.3549,-0.152,25.78,68.24,1
0.4123,0.0575,25.88,68.24,1
0.4352,0.0229,25.91,68.24,1
0.452,0.0168,25.61,68.19,2
0.4582,0.0061,25.33,68.15,2
0.4645,0.0063,25.13,68.11,2
0.4611,-0.0034,24.88,68.07,2
0.4637,0.0026,24.66,68.04,2
0.4601,-0.0036,24.45,68.0,2
0.3208,-0.1393,24.56,67.99,1
0.3855,0.0647,24.62,67.99,1
0.423,0.0375,24.72,67.99,1
0.4563,0.0333,24.51,67.96,2
0.4649,0.0086,24.26,67.92,2
0.4872,0.0222,24.08,67.89,2
0.4781,-0.0091,23.93,67.85,2
0.4757,-0.0024,23.81,67.82,2
0.4865,0.0108,23.61,67.79,2
0.4787,-0.0078,23.42,67.76,2
0.4553,-0.0233,23.31,67.72,2
0.3174,-0.138,23.5,67.73,1
0.3682,0.0508,23.66,67.73,1
0.4521,0.0839,23.54,67.7,2
0.4467,-0.0054,23.39,67.67,2
0.4379,-0.0088,23.6,67.67,1
0.5091,0.0712,23.82,67.69,1
0.4747,-0.0344,23.74,67.66,2
0.4688,-0.006,23.66,67.63,2
0.4889,0.0202,23.53,67.6,2
0.462,-0.027,23.47,67.57,2
0.3198,-0.1421,23.63,67.57,1
0.4026,0.0827,23.81,67.58,1
0.4294,0.0269,23.98,67.59,1
0.4364,0.007,24.09,67.6,1
0.4515,0.0151,24.03,67.57,2
0.4647,0.0133,23.83,67.54,2
0.4745,0.0098,23.74,67.52,2
0.5142,0.0397,23.54,67.49,2
0.4703,-0.044,23.53,67.47,2
0.4579,-0.0124,23.48,67.44,2
0.4582,0.0003,23.45,67.41,2
0.4493,-0.0088,23.67,67.43,1
0.3099,-0.1395,23.76,67.44,1
0.3797,0.0699,23.84,67.45,1
0.4431,0.0634,23.98,67.46,1
0.4278,-0.0153,24.26,67.47,1
0.2951,-0.1328,24.41,67.48,1
0.3411,0.046,24.58,67.48,1
0.3768,0.0357,24.71,67.49,1
0.4463,0.0695,24.77,67.51,1
0.4443,-0.002,24.93,67.52,1
0.3061,-0.1382,25.02,67.52,1
0.3962,0.0901,25.08,67.53,1
0.2795,-0.1167,25.4,67.57,0
0.3851,0.1057,25.62,67.6,0
0.4162,0.0311,25.6,67.61,1
0.4507,0.0345,25.6,67.62,1
0.4276,-0.0231,25.65,67.63,1
0.4774,0.0498,25.39,67.6,2
0.4587,-0.0187,25.08,67.57,2
0.455,-0.0037,24.81,67.54,2
0.4705,0.0156,24.53,67.52,2
0.482,0.0115,24.36,67.49,2
0.4782,-0.0038,24.15,67.47,2
0.4815,0.0033,24.03,67.44,2
0.464,-0.0175,23.89,67.41,2
0.4694,0.0054,23.81,67.39,2
0.472,0.0026,23.7,67.37,2
0.4909,0.0189,23.53,67.34,2
0.5099,0.0189,23.39,67.32,2
0.5204,0.0106,23.35,67.3,2
0.5735,0.053,23.26,67.28,2
0.6043,0.0308,23.2,67.27,2
0.6171,0.0128,23.18,67.25,2
0.6012,-0.0158,23.12,67.24,2
0.5799,-0.0214,23.1,67.22,2
0.575,-0.0048,22.98,67.21,2
0.5548,-0.0202,22.87,67.19,2
0.5534,-0.0014,22.87,67.17,2
0.3936,-0.1599,23.08,67.19,1
0.4521,0.0585,23.28,67.21,1
0.3255,-0.1267,23.5,67.22,1
0.4183,0.0928,23.71,67.24,1
0.4836,0.0653,23.66,67.22,2
0.4562,-0.0274,23.57,67.2,2
0.3173,-0.1389,23.78,67.21,1
0.393,0.0757,24.05,67.22,1
0.4468,0.0538,24.28,67.24,1
0.4644,0.0176,24.02,67.22,2
0.4625,-0.0019,23.79,67.2,2
0.4758,0.0133,23.7,67.18,2
0.516,0.0403,23.58,67.16,2
0.5024,-0.0136,23.47,67.14,2
0.511,0.0086,23.36,67.13,2
0.5445,0.0335,23.34,67.11,2
0.5333,-0.0112,23.21,67.09,2
0.559,0.0257,23.13,67.08,2
0.5273,-0.0317,23.03,67.07,2
0.5372,0.0099,22.95,67.05,2
0.5089,-0.0283,22.84,67.04,2
0.5379,0.0289,22.81,67.02,2
0.5383,0.0005,22.79,67.01,2
0.544,0.0057,22.79,66.99,2
0.5585,0.0145,22.9,66.98,2
0.5427,-0.0158,22.76,66.97,2
