OCI,delta_OCI,temp_indoor,humi_indoor,ac_mode_class
0.115,0.115,27.81,60.15,1
0.1909,0.0759,27.66,60.29,1
0.2746,0.0837,27.75,60.47,0
0.3629,0.0882,27.95,60.65,0
0.3679,0.005,27.77,60.79,1
0.3914,0.0235,27.66,60.94,1
0.4404,0.0491,27.48,61.08,1
0.4589,0.0185,27.02,61.18,2
0.4745,0.0155,26.68,61.28,2
0.5239,0.0495,26.25,61.38,2
0.5651,0.0412,25.97,61.48,2
0.5475,-0.0176,25.63,61.58,2
0.532,-0.0155,25.45,61.68,2
0.548,0.016,25.16,61.77,2
0.5269,-0.0211,24.9,61.86,2
0.4964,-0.0305,24.64,61.95,2
0.5237,0.0272,24.48,62.04,2
0.5587,0.0351,24.25,62.12,2
0.5676,0.0089,24.09,62.21,2
0.5952,0.0276,23.91,62.29,2
0.5589,-0.0363,23.86,62.38,2
0.4001,-0.1588,23.98,62.49,1
0.4417,0.0416,24.14,62.6,1
0.4856,0.0439,24.03,62.67,2
0.5036,0.018,23.93,62.75,2
0.5013,-0.0023,23.84,62.82,2
0.5156,0.0143,23.73,62.89,2
0.5113,-0.0043,23.66,62.95,2
0.5306,0.0194,23.56,63.02,2
0.5622,0.0316,23.4,63.09,2
0.5342,-0.0281,23.22,63.15,2
0.5733,0.0392,23.16,63.22,2
0.4089,-0.1644,23.46,63.31,1
0.4864,0.0774,23.72,63.41,1
0.3524,-0.134,23.83,63.5,1
0.4069,0.0545,24.0,63.59,1
0.4877,0.0808,23.9,63.65,2
0.5189,0.0312,23.82,63.7,2
0.5286,0.0097,23.72,63.75,2
0.5274,-0.0012,23.62,63.8,2
0.5619,0.0346,23.54,63.85,2
0.5688,0.0068,23.39,63.91,2
0.553,-0.0157,23.29,63.95,2
0.5427,-0.0104,23.27,64.0,2
0.5736,0.031,23.23,64.05,2
0.5711,-0.0025,23.14,64.1,2
0.5811,0.01,23.12,64.15,2
0.5277,-0.0533,22.97,64.19,2
0.5657,0.038,22.94,64.23,2
0.5663,0.0006,22.88,64.28,2
0.5974,0.0311,22.92,64.32,2
0.6289,0.0316,22.82,64.37,2
0.617,-0.0119,22.86,64.41,2
0.6307,0.0137,22.85,64.45,2
0.6465,0.0158,22.78,64.5,2
0.6431,-0.0034,22.93,64.54,2
0.6347,-0.0084,23.02,64.58,2
0.6371,0.0024,22.99,64.62,2
0.6303,-0.0067,22.97,64.66,2
0.6126,-0.0177,22.94,64.7,2
0.6051,-0.0075,22.87,64.73,2
0.6245,0.0195,22.82,64.77,2
0.651,0.0264,22.81,64.81,2
0.6087,-0.0423,22.79,64.84,2
0.6074,-0.0013,22.89,64.87,2
0.6068,-0.0006,22.94,64.91,2
0.6132,0.0064,22.98,64.94,2
0.5851,-0.0281,23.01,64.97,2
0.5975,0.0124,22.96,65.0,2
0.6067,0.0092,22.96,65.03,2
0.6218,0.0151,23.06,65.06,2
0.6373,0.0155,23.05,65.09,2
0.6452,0.0079,22.96,65.12,2
0.6775,0.0323,22.97,65.15,2
0.6237,-0.0538,22.95,65.18,2
0.5767,-0.0471,22.88,65.21,2
0.5984,0.0218,22.92,65.23,2
0.6201,0.0217,22.92,65.26,2
0.57,-0.0501,22.78,65.28,2
0.5378,-0.0322,22.74,65.3,2
0.5238,-0.0141,22.67,65.32,2
0.5638,0.04,22.61,65.35,2
0.5657,0.0019,22.6,65.37,2
0.5995,0.0338,22.61,65.39,2
0.5935,-0.006,22.65,65.41,2
0.6038,0.0103,22.71,65.43,2
0.5533,-0.0505,22.7,65.45,2
0.5311,-0.0222,22.73,65.47,2
0.5021,-0.0289,22.74,65.49,2
0.5299,0.0277,22.76,65.5,2
0.5655,0.0356,22.7,65.52,2
0.5322,-0.0333,22.62,65.54,2
0.5041,-0.0281,22.68,65.55,2
0.5132,0.0091,22.64,65.57,2
0.5515,0.0383,22.55,65.58,2
0.6036,0.0522,22.6,65.6,2
0.6278,0.0242,22.54,65.62,2
0.6317,0.0039,22.56,65.64,2
0.6112,-0.0205,22.6,65.66,2
0.6125,0.0013,22.68,65.67,2
0.6094,-0.0031,22.58,65.69,2
0.5865,-0.0229,22.62,65.71,2
0.5677,-0.0188,22.59,65.72,2
0.5542,-0.0135,22.69,65.73,2
0.5733,0.0191,22.66,65.75,2
0.6088,0.0355,22.81,65.76,2
0.6327,0.0239,22.81,65.78,2
0.6134,-0.0193,22.79,65.8,2
0.6283,0.0148,22.84,65.81,2
0.6351,0.0069,22.83,65.83,2
0.6111,-0.0241,22.79,65.84,2
0.5868,-0.0242,22.88,65.85,2
0.6303,0.0435,22.91,65.87,2
0.6308,0.0005,22.93,65.88,2
0.6456,0.0148,22.98,65.9,2
0.6158,-0.0298,22.95,65.91,2
0.5839,-0.0319,22.91,65.92,2
0.5986,0.0147,22.87,65.93,2
0.5679,-0.0307,22.78,65.94,2
0.5507,-0.0173,22.8,65.95,2
0.5681,0.0174,22.8,65.96,2
0.581,0.0129,22.79,65.97,2
0.5903,0.0093,22.79,65.98,2
0.6111,0.0208,22.79,65.99,2
0.5722,-0.0389,22.82,66.0,2
0.561,-0.0112,22.88,66.01,2
0.557,-0.004,22.93,66.02,2
0.5555,-0.0014,22.8,66.02,2
0.5535,-0.002,22.75,66.03,2
0.5703,0.0168,22.77,66.04,2
0.5603,-0.0101,22.74,66.05,2
0.5481,-0.0121,22.65,66.05,2
0.5999,0.0518,22.73,66.06,2
0.5873,-0.0126,22.74,66.07,2
0.6005,0.0132,22.75,66.08,2
0.611,0.0104,22.75,66.09,2
0.6553,0.0443,22.75,66.1,2
0.6404,-0.0149,22.78,66.11,2
0.6577,0.0173,22.79,66.12,2
0.6759,0.0182,22.75,66.13,2
0.6822,0.0063,22.76,66.14,2
0.626,-0.0562,22.8,66.15,2
0.6212,-0.0048,22.81,66.16,2
0.665,0.0438,22.86,66.17,2
0.6367,-0.0283,22.77,66.18,2
0.6397,0.0029,22.8,66.18,2
0.6573,0.0176,22.84,66.19,2
0.5869,-0.0704,22.83,66.2,2
0.6062,0.0193,22.8,66.21,2
0.5948,-0.0114,22.76,66.21,2
0.5997,0.0049,22.76,66.22,2
0.6004,0.0007,22.72,66.22,2
0.6335,0.033,22.68,66.23,2
0.6414,0.0079,22.67,66.24,2
0.6615,0.0202,22.63,66.25,2
0.6785,0.017,22.68,66.25,2
0.6649,-0.0136,22.71,66.26,2
0.6573,-0.0076,22.69,66.27,2
0.6224,-0.0349,22.67,66.28,2
0.6534,0.031,22.73,66.28,2
0.6417,-0.0117,22.82,66.29,2
0.625,-0.0167,22.76,66.3,2
0.627,0.002,22.75,66.3,2
0.6152,-0.0119,22.83,66.31,2
0.6639,0.0488,22.83,66.31,2
0.668,0.0041,22.83,66.32,2
0.6885,0.0205,22.94,66.33,2
0.64,-0.0485,22.99,66.33,2
0.6239,-0.0161,22.96,66.34,2
0.6361,0.0122,23.0,66.34,2
0.6249,-0.0112,22.91,66.35,2
0.6039,-0.0211,22.83,66.35,2
0.606,0.0021,22.8,66.35,2
0.6443,0.0383,22.77,66.36,2
0.6477,0.0034,22.78,66.36,2
0.6515,0.0038,22.82,66.37,2
0.6923,0.0408,22.85,66.38,2
0.664,-0.0283,22.78,66.38,2
0.6733,0.0093,22.75,66.39,2
0.6521,-0.0213,22.81,66.39,2
0.6425,-0.0096,22.88,66.4,2
0.6662,0.0237,22.85,66.4,2
0.6722,0.006,22.85,66.41,2
0.685,0.0128,22.86,66.41,2
0.6928,0.0078,22.89,66.42,2
0.6765,-0.0163,22.86,66.43,2
0.6591,-0.0174,22.79,66.43,2
0.6858,0.0268,22.82,66.44,2
0.6999,0.0141,22.74,66.44,2
0.6955,-0.0045,22.76,66.45,2
0.6427,-0.0528,22.71,66.45,2
0.6715,0.0288,22.75,66.46,2
0.6958,0.0243,22.77,66.46,2
0.7334,0.0376,22.81,66.47,2
0.7406,0.0072,22.83,66.48,2
0.7276,-0.013,22.81,66.48,2
0.7379,0.0103,22.69,66.49,2
0.6934,-0.0444,22.7,66.5,2
0.6895,-0.0039,22.8,66.5,2
0.701,0.0115,22.86,66.51,2
0.6881,-0.0129,22.92,66.51,2
0.696,0.0079,22.95,66.51,2
0.7027,0.0067,22.91,66.52,2
0.7204,0.0177,22.78,66.52,2
0.7355,0.0151,22.79,66.53,2
0.7486,0.0132,22.75,66.54,2
0.7783,0.0297,22.72,66.55,2
0.7835,0.0052,22.75,66.55,2
0.7458,-0.0378,22.76,66.56,2
0.7435,-0.0022,22.66,66.57,2
0.6847,-0.0589,22.75,66.57,2
0.6777,-0.0069,22.79,66.57,2
0.4941,-0.1836,22.83,66.57,2
0.516,0.0219,22.81,66.56,2
0.5465,0.0304,22.76,66.56,2
0.6075,0.061,22.78,66.56,2
0.6444,0.037,22.75,66.56,2
0.6718,0.0273,22.73,66.56,2
0.6905,0.0188,22.67,66.56,2
0.6496,-0.0409,22.7,66.56,2
0.6769,0.0273,22.73,66.57,2
0.6837,0.0068,22.69,66.57,2
0.6893,0.0056,22.73,66.57,2
0.7044,0.0151,22.84,66.58,2
0.7209,0.0165,22.81,66.58,2
0.7349,0.0139,22.77,66.59,2
0.7254,-0.0095,22.73,66.59,2
0.7305,0.0051,22.76,66.59,2
0.7561,0.0256,22.78,66.6,2
0.7357,-0.0203,22.75,66.61,2
0.6966,-0.0391,22.74,66.61,2
0.7086,0.012,22.64,66.61,2
0.7128,0.0042,22.67,66.61,2
0.6591,-0.0537,22.68,66.62,2
0.6657,0.0066,22.65,66.62,2
0.6431,-0.0226,22.66,66.62,2
0.6285,-0.0146,22.74,66.62,2
0.579,-0.0495,22.75,66.61,2
0.5683,-0.0106,22.72,66.61,2
0.6111,0.0428,22.74,66.61,2
0.659,0.0479,22.74,66.61,2
0.6819,0.0228,22.74,66.61,2
0.636,-0.0459,22.73,66.61,2
0.662,0.026,22.76,66.61,2
0.6878,0.0258,22.68,66.61,2
0.721,0.0332,22.73,66.62,2
0.7241,0.0031,22.8,66.62,2
0.7436,0.0194,22.76,66.62,2
0.7558,0.0122,22.72,66.63,2
0.7177,-0.0381,22.76,66.63,2
0.7307,0.013,22.73,66.64,2
0.7573,0.0266,22.75,66.64,2
0.7445,-0.0127,22.82,66.65,2
0.7768,0.0323,22.85,66.65,2
0.7961,0.0193,22.89,66.66,2
0.7454,-0.0507,22.93,66.66,2
0.7428,-0.0027,22.94,66.67,2
0.7315,-0.0112,22.92,66.67,2
0.7406,0.0091,22.98,66.67,2
0.7556,0.015,23.05,66.68,2
0.733,-0.0226,23.07,66.68,2
0.731,-0.002,23.08,66.68,2
0.7512,0.0202,23.04,66.69,2
0.7193,-0.0318,22.92,66.69,2
0.7341,0.0148,22.89,66.69,2
0.7446,0.0105,22.89,66.7,2
0.7298,-0.0148,22.92,66.7,2
0.7271,-0.0027,23.02,66.7,2
0.7322,0.0051,22.89,66.7,2
0.6933,-0.0389,22.87,66.7,2
0.6991,0.0058,22.82,66.71,2
0.6695,-0.0295,22.81,66.7,2
0.649,-0.0206,22.87,66.7,2
0.6794,0.0304,22.85,66.7,2
0.694,0.0146,22.87,66.7,2
0.7053,0.0113,22.91,66.7,2
0.7129,0.0076,22.91,66.71,2
0.6956,-0.0174,22.91,66.71,2
0.6918,-0.0038,22.87,66.71,2
0.6912,-0.0006,22.92,66.71,2
0.7089,0.0178,22.88,66.71,2
0.6941,-0.0148,22.85,66.71,2
0.703,0.0089,22.9,66.71,2
0.6531,-0.0499,22.9,66.71,2
0.6695,0.0164,22.83,66.71,2
0.6781,0.0086,22.81,66.71,2
0.6891,0.011,22.88,66.71,2
0.7157,0.0266,22.91,66.71,2
0.7348,0.0191,22.96,66.71,2
0.7265,-0.0084,22.96,66.71,2
0.7448,0.0183,22.99,66.72,2
0.7559,0.0112,23.02,66.72,2
0.7584,0.0025,23.01,66.72,2
0.7682,0.0099,23.12,66.73,2
0.783,0.0147,23.07,66.73,2
0.7964,0.0134,23.1,66.74,2
0.7897,-0.0067,23.21,66.74,2
0.7648,-0.0249,23.13,66.75,2
0.7253,-0.0395,23.02,66.75,2
0.709,-0.0163,23.0,66.75,2
0.6934,-0.0156,23.15,66.75,2
0.6925,-0.0009,23.19,66.75,2
0.6926,0.0001,23.11,66.75,2
0.6848,-0.0078,23.07,66.75,2
0.6808,-0.004,23.01,66.75,2
0.6977,0.0169,22.97,66.75,2
0.697,-0.0007,22.89,66.75,2
0.6977,0.0007,22.92,66.75,2
0.704,0.0062,23.01,66.75,2
0.7016,-0.0024,23.03,66.75,2
0.7214,0.0198,22.98,66.75,2
0.7437,0.0223,22.99,66.75,2
0.7427,-0.001,22.98,66.75,2
0.7513,0.0086,23.04,66.75,2
0.7664,0.0151,23.03,66.76,2
0.7811,0.0147,22.96,66.76,2
0.7844,0.0034,23.0,66.77,2
0.7472,-0.0372,23.06,66.77,2
0.7408,-0.0064,23.11,66.77,2
0.7488,0.008,23.09,66.77,2
0.7598,0.011,23.06,66.77,2
0.7614,0.0016,23.01,66.78,2
0.7486,-0.0128,23.03,66.78,2
0.7593,0.0106,22.92,66.78,2
0.7284,-0.0309,22.91,66.78,2
0.7496,0.0212,22.91,66.78,2
0.7328,-0.0168,22.85,66.78,2
0.7476,0.0147,22.87,66.79,2
0.7557,0.0081,22.86,66.79,2
0.7485,-0.0072,22.91,66.79,2
0.7269,-0.0216,22.95,66.79,2
0.7184,-0.0085,22.98,66.79,2
0.7376,0.0192,22.97,66.79,2
0.7521,0.0145,22.9,66.79,2
0.7551,0.003,22.97,66.79,2
0.7312,-0.0239,23.01,66.8,2
0.7497,0.0185,23.05,66.8,2
0.7454,-0.0042,23.04,66.8,2
0.7602,0.0148,22.98,66.8,2
0.6757,-0.0845,23.03,66.8,2
0.6969,0.0212,23.06,66.8,2
0.708,0.0111,23.06,66.8,2
0.711,0.003,23.01,66.8,2
0.6865,-0.0245,23.08,66.79,2
0.7126,0.0261,23.02,66.79,2
0.7276,0.0149,23.0,66.79,2
0.7515,0.0239,22.98,66.8,2
0.7328,-0.0187,22.94,66.8,2
0.7405,0.0077,22.94,66.8,2
0.7545,0.014,22.86,66.8,2
0.7754,0.0209,22.85,66.8,2
0.7244,-0.051,22.84,66.8,2
0.6853,-0.0391,22.88,66.8,2
0.6904,0.0051,22.85,66.8,2
0.7291,0.0387,22.87,66.8,2
0.7331,0.004,22.86,66.8,2
0.7484,0.0152,22.93,66.8,2
0.7647,0.0164,23.0,66.8,2
0.7595,-0.0053,23.0,66.81,2
0.7722,0.0127,22.97,66.81,2
0.7507,-0.0215,22.91,66.81,2
0.7451,-0.0056,22.86,66.81,2
0.7411,-0.004,22.94,66.81,2
0.7397,-0.0014,22.94,66.81,2
0.7359,-0.0038,23.01,66.81,2
0.7469,0.011,23.01,66.81,2
0.744,-0.0029,22.97,66.82,2
0.7306,-0.0134,22.95,66.82,2
0.7298,-0.0008,22.93,66.82,2
0.7211,-0.0087,22.85,66.82,2
0.7001,-0.021,22.9,66.81,2
0.7201,0.02,22.91,66.81,2
0.749,0.0288,22.97,66.82,2
0.7527,0.0037,22.94,66.82,2
0.7658,0.013,22.9,66.82,2
0.7541,-0.0116,22.97,66.82,2
0.7656,0.0115,23.08,66.82,2
0.7659,0.0003,22.95,66.82,2
0.791,0.0251,22.95,66.83,2
0.8135,0.0225,23.08,66.83,2
0.8092,-0.0043,23.04,66.83,2
0.818,0.0088,22.99,66.84,2
0.8279,0.0099,23.04,66.84,2
0.8036,-0.0243,23.12,66.85,2
0.8082,0.0046,23.11,66.85,2
0.809,0.0008,23.08,66.85,2
0.8105,0.0015,23.19,66.86,2
0.7745,-0.036,23.19,66.86,2
0.7664,-0.008,23.29,66.86,2
0.7622,-0.0042,23.18,66.86,2
0.7853,0.0231,23.16,66.86,2
0.7618,-0.0235,23.15,66.86,2
0.769,0.0072,23.18,66.86,2
0.7641,-0.0049,23.21,66.87,2
0.774,0.0099,23.26,66.87,2
0.7609,-0.0132,23.13,66.87,2
0.7774,0.0166,23.18,66.87,2
0.7228,-0.0546,23.06,66.87,2
0.7261,0.0033,23.12,66.87,2
0.7006,-0.0256,23.13,66.86,2
0.7207,0.0201,23.13,66.86,2
0.7177,-0.003,23.09,66.86,2
0.6893,-0.0283,23.16,66.86,2
0.7112,0.0219,23.19,66.86,2
0.7192,0.008,23.28,66.86,2
0.71,-0.0092,23.22,66.85,2
0.7092,-0.0008,23.15,66.85,2
0.6757,-0.0336,23.14,66.85,2
0.6667,-0.009,23.17,66.85,2
0.6987,0.032,23.11,66.84,2
0.7094,0.0107,23.08,66.84,2
0.7315,0.022,23.03,66.84,2
0.7213,-0.0102,23.05,66.84,2
0.7201,-0.0012,23.03,66.84,2
0.7372,0.0171,23.01,66.84,2
0.7481,0.0108,23.01,66.84,2
0.7287,-0.0194,23.03,66.84,2
0.7397,0.011,22.91,66.84,2
0.7441,0.0045,22.88,66.84,2
0.7429,-0.0012,22.85,66.84,2
0.7278,-0.0151,22.87,66.84,2
0.7136,-0.0142,22.78,66.84,2
0.6918,-0.0218,22.75,66.84,2
0.7014,0.0096,22.83,66.84,2
0.7262,0.0248,22.92,66.84,2
0.7407,0.0146,22.89,66.84,2
0.7135,-0.0273,22.93,66.84,2
0.7278,0.0143,22.95,66.84,2
0.759,0.0313,23.01,66.84,2
0.7483,-0.0108,23.02,66.84,2
0.7337,-0.0145,23.02,66.84,2
0.7686,0.0349,22.99,66.84,2
0.7621,-0.0065,23.02,66.84,2
0.7799,0.0178,23.05,66.84,2
0.7565,-0.0234,22.94,66.84,2
0.7481,-0.0084,22.97,66.84,2
0.7217,-0.0264,22.9,66.84,2
0.737,0.0153,22.92,66.84,2
0.7352,-0.0018,22.96,66.84,2
0.6923,-0.0429,22.95,66.84,2
0.6777,-0.0146,22.95,66.84,2
0.6612,-0.0164,23.05,66.83,2
0.6744,0.0132,23.13,66.83,2
0.6857,0.0113,23.16,66.83,2
0.711,0.0253,23.08,66.83,2
0.7265,0.0155,23.12,66.83,2
0.7562,0.0297,23.13,66.83,2
0.7361,-0.0201,23.07,66.83,2
0.7084,-0.0277,22.98,66.83,2
0.7046,-0.0038,22.99,66.83,2
0.707,0.0025,23.0,66.83,2
0.7251,0.0181,22.87,66.82,2
0.7212,-0.0039,22.88,66.82,2
0.665,-0.0562,22.87,66.82,2
0.6749,0.0099,22.85,66.82,2
0.674,-0.0009,22.94,66.82,2
0.6945,0.0205,22.87,66.81,2
0.697,0.0025,22.9,66.81,2
0.7179,0.0209,22.86,66.81,2
0.7317,0.0138,22.94,66.81,2
0.7293,-0.0024,22.88,66.81,2
0.7219,-0.0074,22.91,66.81,2
0.7277,0.0059,22.86,66.81,2
0.7483,0.0206,22.96,66.81,2
0.7303,-0.018,22.94,66.81,2
0.7155,-0.0148,22.91,66.81,2
0.7281,0.0126,22.87,66.81,2
0.7018,-0.0263,22.83,66.81,2
0.6872,-0.0147,22.87,66.81,2
0.6981,0.011,22.83,66.81,2
0.6851,-0.0131,22.84,66.81,2
0.7063,0.0212,22.82,66.81,2
0.6941,-0.0122,22.83,66.81,2
0.7179,0.0238,22.8,66.81,2
0.7308,0.0128,22.9,66.81,2
0.7318,0.001,22.84,66.81,2
0.748,0.0162,22.82,66.81,2
0.7566,0.0086,22.83,66.81,2
0.7743,0.0177,22.93,66.81,2
0.749,-0.0252,22.99,66.81,2
0.7611,0.0121,23.0,66.81,2
0.7504,-0.0107,22.96,66.82,2
0.745,-0.0055,22.89,66.82,2
0.7703,0.0253,22.96,66.82,2
0.776,0.0057,22.94,66.82,2
0.7887,0.0127,22.81,66.82,2
0.7984,0.0098,22.89,66.83,2
0.8071,0.0087,22.9,66.83,2
0.8075,0.0004,22.94,66.84,2
0.7838,-0.0238,23.01,66.84,2
0.7533,-0.0304,23.02,66.84,2
0.7535,0.0002,23.04,66.84,2
0.7716,0.0181,23.02,66.84,2
0.7892,0.0176,23.1,66.84,2
0.768,-0.0212,23.05,66.85,2
0.77,0.002,22.98,66.85,2
0.7855,0.0155,22.95,66.85,2
0.7792,-0.0064,22.97,66.85,2
0.7741,-0.0051,22.89,66.85,2
0.7661,-0.008,22.88,66.85,2
0.7916,0.0255,22.92,66.86,2
0.7942,0.0026,22.9,66.86,2
0.8072,0.013,23.03,66.86,2
0.8283,0.0211,23.06,66.87,2
0.8299,0.0016,23.11,66.87,2
0.8353,0.0053,23.08,66.88,2
0.8217,-0.0136,23.07,66.88,2
0.8403,0.0186,23.06,66.88,2
0.851,0.0107,23.04,66.89,2
0.8493,-0.0017,23.11,66.89,2
0.8134,-0.0359,23.13,66.9,2
0.8065,-0.0069,23.12,66.9,2
0.8138,0.0073,23.11,66.9,2
0.8139,0.0001,23.17,66.9,2
0.793,-0.0209,23.11,66.91,2
0.7505,-0.0425,23.1,66.9,2
0.7247,-0.0258,23.12,66.9,2
0.7009,-0.0238,23.13,66.9,2
0.711,0.01,23.17,66.9,2
0.734,0.023,23.2,66.9,2
0.7555,0.0215,23.2,66.9,2
0.767,0.0116,23.19,66.9,2
0.7884,0.0214,23.19,66.9,2
0.7802,-0.0082,23.17,66.9,2
0.7772,-0.003,23.17,66.9,2
0.7841,0.0069,23.21,66.9,2
0.8017,0.0176,23.19,66.9,2
0.8172,0.0155,23.1,66.91,2
0.8257,0.0085,23.15,66.91,2
0.7769,-0.0488,23.08,66.91,2
0.7595,-0.0174,23.07,66.91,2
0.7678,0.0083,23.08,66.91,2
0.7426,-0.0252,23.08,66.91,2
0.7082,-0.0344,23.05,66.91,2
0.7342,0.026,23.04,66.9,2
0.756,0.0218,23.06,66.9,2
0.7493,-0.0067,22.99,66.9,2
0.7719,0.0226,23.0,66.9,2
0.7735,0.0016,23.04,66.9,2
0.7712,-0.0023,23.0,66.91,2
0.7762,0.005,22.99,66.91,2
0.7472,-0.029,23.1,66.91,2
0.7597,0.0124,23.09,66.9,2
0.7618,0.0021,23.16,66.9,2
0.7424,-0.0194,23.08,66.9,2
0.7278,-0.0146,23.09,66.9,2
0.7402,0.0124,23.08,66.9,2
0.7456,0.0054,23.03,66.9,2
0.7372,-0.0083,23.09,66.9,2
0.7266,-0.0106,23.04,66.9,2
0.7292,0.0026,23.0,66.9,2
0.7229,-0.0063,23.0,66.89,2
0.7014,-0.0215,22.97,66.89,2
0.6953,-0.0061,23.02,66.89,2
0.7098,0.0145,22.96,66.89,2
0.7044,-0.0054,22.94,66.88,2
0.7123,0.0079,22.94,66.88,2
0.7246,0.0123,23.0,66.88,2
0.7251,0.0004,22.95,66.88,2
0.6748,-0.0503,22.89,66.88,2
0.6974,0.0226,22.76,66.87,2
0.6725,-0.0249,22.74,66.87,2
0.6655,-0.0069,22.77,66.86,2
0.6874,0.0219,22.79,66.86,2
0.6948,0.0074,22.74,66.86,2
0.7017,0.0069,22.74,66.86,2
0.7012,-0.0004,22.75,66.85,2
0.7181,0.0168,22.81,66.85,2
0.7286,0.0105,22.88,66.85,2
0.7393,0.0107,22.85,66.85,2
0.73,-0.0093,22.9,66.85,2
0.7254,-0.0047,22.93,66.85,2
0.6983,-0.0271,23.04,66.85,2
0.6701,-0.0282,22.93,66.85,2
0.6559,-0.0142,22.9,66.84,2
0.6554,-0.0005,22.88,66.84,2
0.6724,0.017,22.86,66.83,2
0.6754,0.003,22.91,66.83,2
0.645,-0.0304,22.84,66.83,2
0.6125,-0.0326,22.84,66.82,2
0.638,0.0256,22.8,66.82,2
0.6246,-0.0135,22.76,66.81,2
0.6551,0.0305,22.8,66.81,2
0.6209,-0.0342,22.75,66.8,2
0.6581,0.0372,22.73,66.8,2
0.705,0.0469,22.81,66.8,2
0.7255,0.0205,22.79,66.8,2
0.7322,0.0068,22.77,66.8,2
0.7366,0.0044,22.78,66.8,2
0.7685,0.0319,22.88,66.8,2
0.7827,0.0142,22.89,66.81,2
0.7497,-0.033,22.92,66.81,2
0.7662,0.0165,22.95,66.81,2
0.7799,0.0137,22.98,66.81,2
0.7527,-0.0272,22.93,66.81,2
0.7671,0.0145,22.96,66.82,2
0.7649,-0.0022,23.0,66.82,2
0.7736,0.0086,23.01,66.82,2
0.7286,-0.0449,22.9,66.82,2
0.7141,-0.0145,22.9,66.82,2
0.7152,0.0011,22.96,66.82,2
0.7366,0.0214,22.95,66.82,2
0.7066,-0.03,22.99,66.82,2
0.7182,0.0115,23.05,66.82,2
0.7063,-0.0119,23.02,66.82,2
0.7338,0.0275,23.0,66.82,2
0.7095,-0.0243,23.06,66.82,2
0.6943,-0.0152,23.07,66.81,2
0.6834,-0.0109,23.09,66.81,2
0.7075,0.0241,23.08,66.81,2
0.6797,-0.0277,23.21,66.81,2
0.7125,0.0328,23.21,66.81,2
0.7337,0.0212,23.17,66.81,2
0.7367,0.0029,23.17,66.81,2
0.7178,-0.0188,23.11,66.81,2
0.7441,0.0263,23.03,66.81,2
0.7232,-0.0209,23.01,66.81,2
0.6914,-0.0318,22.98,66.81,2
0.7091,0.0177,22.94,66.81,2
0.6651,-0.044,22.95,66.81,2
0.6564,-0.0088,22.84,66.8,2
0.6672,0.0108,22.87,66.8,2
0.665,-0.0021,22.8,66.8,2
0.6482,-0.0169,22.8,66.79,2
0.6623,0.0141,22.75,66.79,2
0.6901,0.0278,22.83,66.79,2
0.6982,0.0081,22.86,66.79,2
0.6479,-0.0502,22.83,66.79,2
0.5875,-0.0605,22.87,66.78,2
0.5992,0.0118,22.85,66.77,2
0.6546,0.0554,22.86,66.77,2
0.6103,-0.0443,22.84,66.77,2
0.6206,0.0102,22.85,66.76,2
0.6399,0.0193,22.81,66.76,2
0.5987,-0.0413,22.75,66.75,2
0.603,0.0044,22.75,66.75,2
0.6402,0.0372,22.78,66.74,2
0.6888,0.0486,22.81,66.74,2
0.7179,0.0291,22.87,66.75,2
0.6858,-0.0321,22.79,66.74,2
0.6643,-0.0215,22.8,66.74,2
0.6537,-0.0106,22.8,66.74,2
0.6874,0.0337,22.8,66.74,2
0.7212,0.0338,22.81,66.74,2
0.7324,0.0112,22.75,66.74,2
0.6742,-0.0582,22.74,66.74,2
0.6623,-0.012,22.74,66.74,2
0.6355,-0.0268,22.71,66.74,2
0.6468,0.0113,22.74,66.74,2
0.6617,0.0149,22.81,66.73,2
0.6347,-0.027,22.77,66.73,2
0.6674,0.0327,22.81,66.73,2
0.6775,0.0101,22.82,66.73,2
0.6813,0.0038,22.85,66.73,2
0.7176,0.0363,22.87,66.73,2
0.7245,0.0069,22.91,66.73,2
0.7024,-0.022,22.87,66.73,2
0.6665,-0.0359,22.92,66.73,2
0.6866,0.0201,22.87,66.73,2
0.7179,0.0313,22.92,66.73,2
0.6852,-0.0328,22.84,66.73,2
0.6729,-0.0123,22.85,66.73,2
0.7136,0.0407,22.91,66.73,2
0.7274,0.0139,22.96,66.73,2
0.74,0.0126,23.03,66.74,2
0.7577,0.0176,23.02,66.74,2
0.7337,-0.024,22.96,66.74,2
0.7338,0.0001,22.93,66.74,2
0.7311,-0.0027,22.9,66.74,2
0.7455,0.0144,22.94,66.75,2
0.7597,0.0143,22.94,66.75,2
0.7156,-0.0441,22.96,66.75,2
0.6702,-0.0454,22.94,66.75,2
0.6457,-0.0245,22.99,66.75,2
0.6475,0.0018,22.96,66.74,2
0.6545,0.007,23.03,66.74,2
0.6285,-0.0259,22.96,66.74,2
0.6535,0.025,22.98,66.74,2
0.6492,-0.0043,22.96,66.73,2
0.649,-0.0002,22.99,66.73,2
0.6396,-0.0094,22.91,66.73,2
0.6535,0.0139,23.01,66.73,2
0.6351,-0.0185,22.94,66.72,2
0.6052,-0.0299,22.93,66.72,2
0.6469,0.0417,22.88,66.72,2
0.6321,-0.0147,22.79,66.71,2
0.6329,0.0007,22.75,66.71,2
0.5971,-0.0357,22.73,66.71,2
0.6006,0.0035,22.65,66.7,2
0.6027,0.0021,22.74,66.7,2
0.62,0.0173,22.79,66.7,2
0.6079,-0.012,22.8,66.69,2
0.6035,-0.0044,22.89,66.69,2
0.5729,-0.0306,22.79,66.68,2
0.5978,0.0249,22.78,66.68,2
0.6187,0.0209,22.81,66.68,2
0.6109,-0.0079,22.78,66.67,2
0.627,0.0161,22.84,66.67,2
0.648,0.021,22.8,66.67,2
0.6718,0.0238,22.77,66.67,2
0.6861,0.0144,22.79,66.67,2
0.6557,-0.0304,22.74,66.67,2
0.6604,0.0046,22.68,66.67,2
0.6957,0.0353,22.67,66.67,2
0.6753,-0.0203,22.65,66.67,2
0.6662,-0.0091,22.79,66.67,2
0.6648,-0.0015,22.8,66.67,2
0.6382,-0.0265,22.76,66.67,2
0.6367,-0.0015,22.72,66.67,2
0.61,-0.0267,22.74,66.67,2
0.5793,-0.0307,22.8,66.66,2
0.5979,0.0186,22.8,66.66,2
0.6354,0.0375,22.75,66.66,2
0.6603,0.0249,22.7,66.66,2
0.6973,0.037,22.73,66.66,2
0.7325,0.0352,22.78,66.66,2
0.7141,-0.0184,22.77,66.67,2
0.7083,-0.0058,22.83,66.67,2
0.7235,0.0152,22.88,66.67,2
0.7245,0.001,22.92,66.67,2
0.7169,-0.0076,22.89,66.68,2
0.6662,-0.0507,23.0,66.68,2
0.6903,0.0242,22.95,66.68,2
0.6854,-0.005,22.9,66.68,2
0.6873,0.0019,22.91,66.68,2
0.7057,0.0185,22.92,66.68,2
0.7061,0.0004,22.86,66.68,2
0.6884,-0.0178,22.79,66.68,2
0.6232,-0.0651,22.75,66.68,2
0.6184,-0.0049,22.71,66.68,2
0.6005,-0.0179,22.74,66.67,2
0.5885,-0.012,22.71,66.67,2
0.5587,-0.0298,22.63,66.66,2
0.5766,0.0179,22.63,66.66,2
0.5785,0.0019,22.59,66.66,2
0.5568,-0.0217,22.66,66.65,2
0.5644,0.0076,22.59,66.65,2
0.6007,0.0363,22.65,66.64,2
0.6058,0.005,22.64,66.64,2
0.6129,0.0072,22.54,66.64,2
0.6002,-0.0127,22.62,66.63,2
0.597,-0.0032,22.57,66.63,2
0.6062,0.0092,22.65,66.63,2
0.6329,0.0267,22.57,66.63,2
0.6131,-0.0199,22.52,66.63,2
0.6254,0.0123,22.49,66.63,2
0.5689,-0.0565,22.48,66.62,2
0.5407,-0.0282,22.53,66.62,2
0.5537,0.013,22.57,66.61,2
0.5459,-0.0078,22.52,66.61,2
0.547,0.0011,22.48,66.6,2
0.5637,0.0167,22.43,66.6,2
0.4019,-0.1618,22.69,66.63,1
0.4139,0.012,22.98,66.65,1
0.4424,0.0285,23.31,66.68,1
0.4777,0.0353,23.16,66.67,2
0.5177,0.04,23.1,66.67,2
0.5438,0.0262,23.02,66.66,2
0.5711,0.0273,22.91,66.66,2
0.5765,0.0054,22.86,66.65,2
0.5858,0.0093,22.91,66.65,2
0.5851,-0.0007,22.85,66.64,2
0.6052,0.0201,22.79,66.64,2
0.5943,-0.011,22.76,66.64,2
0.6026,0.0083,22.74,66.64,2
0.6118,0.0092,22.82,66.63,2
0.6304,0.0186,22.79,66.63,2
0.6205,-0.0099,22.76,66.63,2
0.6068,-0.0137,22.79,66.63,2
0.61,0.0033,22.8,66.63,2
0.6198,0.0097,22.83,66.62,2
0.6335,0.0138,22.81,66.62,2
0.6072,-0.0264,22.82,66.62,2
0.4404,-0.1667,23.05,66.65,1
0.5256,0.0851,23.29,66.68,1
0.5536,0.028,23.16,66.68,2
0.5455,-0.0081,23.12,66.67,2
0.3945,-0.151,23.34,66.7,1
0.4503,0.0559,23.53,66.73,1
0.4906,0.0403,23.31,66.72,2
0.5393,0.0487,23.28,66.71,2
0.5358,-0.0035,23.28,66.7,2
0.555,0.0192,23.25,66.7,2
0.5997,0.0446,23.17,66.69,2
0.5818,-0.0179,23.09,66.69,2
0.611,0.0292,23.0,66.68,2
0.6036,-0.0074,22.93,66.68,2
0.5854,-0.0182,22.84,66.68,2
0.5653,-0.0201,22.78,66.67,2
0.5799,0.0146,22.67,66.67,2
0.6171,0.0372,22.64,66.66,2
0.615,-0.0021,22.62,66.66,2
0.6055,-0.0095,22.77,66.66,2
0.5773,-0.0282,22.71,66.65,2
0.5564,-0.0209,22.72,66.65,2
0.5367,-0.0197,22.6,66.64,2
0.5819,0.0453,22.6,66.64,2
0.5539,-0.028,22.58,66.63,2
0.5974,0.0435,22.55,66.63,2
0.6181,0.0207,22.6,66.63,2
0.6049,-0.0132,22.57,66.63,2
0.6068,0.0019,22.58,66.62,2
0.5812,-0.0256,22.54,66.62,2
0.5922,0.011,22.62,66.62,2
0.5674,-0.0248,22.7,66.61,2
0.5692,0.0018,22.71,66.61,2
0.5263,-0.043,22.64,66.6,2
0.5074,-0.0188,22.57,66.6,2
0.5002,-0.0072,22.63,66.59,2
0.505,0.0048,22.57,66.58,2
0.5272,0.0222,22.63,66.58,2
0.5686,0.0414,22.65,66.58,2
0.605,0.0364,22.71,66.57,2
0.5924,-0.0126,22.72,66.57,2
0.5401,-0.0523,22.62,66.57,2
0.5385,-0.0016,22.66,66.56,2
0.5279,-0.0106,22.61,66.56,2
0.5158,-0.0121,22.66,66.55,2
0.4991,-0.0167,22.58,66.55,2
0.5058,0.0067,22.57,66.54,2
0.5054,-0.0005,22.55,66.54,2
0.5078,0.0024,22.52,66.53,2
0.5065,-0.0013,22.47,66.53,2
0.5622,0.0557,22.58,66.52,2
0.5471,-0.0151,22.59,66.52,2
0.5399,-0.0071,22.67,66.52,2
0.5194,-0.0206,22.63,66.51,2
0.5121,-0.0073,22.67,66.51,2
0.5194,0.0073,22.64,66.5,2
0.5528,0.0335,22.57,66.5,2
0.594,0.0412,22.64,66.5,2
0.624,0.0301,22.7,66.5,2
0.6095,-0.0146,22.72,66.5,2
0.605,-0.0045,22.75,66.5,2
0.5846,-0.0204,22.69,66.5,2
0.5765,-0.0081,22.68,66.5,2
0.5215,-0.055,22.71,66.5,2
0.5102,-0.0113,22.64,66.49,2
0.5089,-0.0013,22.7,66.49,2
0.501,-0.0079,22.66,66.48,2
0.4782,-0.0228,22.7,66.48,2
0.4719,-0.0063,22.71,66.47,2
0.4582,-0.0137,22.76,66.46,2
0.4714,0.0131,22.72,66.46,2
0.3302,-0.1411,22.94,66.49,1
0.246,-0.0842,23.2,66.51,1
0.3449,0.0989,23.41,66.54,1
0.4077,0.0627,23.62,66.57,1
0.4161,0.0085,23.88,66.6,1
0.4091,-0.007,24.06,66.62,1
0.4146,0.0055,24.17,66.65,1
0.4536,0.039,24.04,66.64,2
0.477,0.0234,23.87,66.63,2
0.4977,0.0207,23.78,66.63,2
0.5208,0.0231,23.68,66.62,2
0.5386,0.0178,23.61,66.61,2
0.5411,0.0026,23.46,66.61,2
0.5513,0.0102,23.44,66.6,2
0.5227,-0.0286,23.27,66.6,2
0.5117,-0.0111,23.22,66.59,2
0.5405,0.0288,23.13,66.59,2
0.5209,-0.0196,23.16,66.58,2
0.506,-0.0149,23.09,66.57,2
0.4992,-0.0068,23.05,66.57,2
0.5088,0.0097,23.02,66.56,2
0.5132,0.0044,22.95,66.56,2
0.544,0.0308,22.9,66.55,2
0.5383,-0.0057,22.86,66.55,2
0.3847,-0.1536,23.13,66.58,1
0.4204,0.0357,23.36,66.61,1
0.4694,0.049,23.29,66.6,2
0.3337,-0.1357,23.18,66.58,2
0.4503,0.1166,23.1,66.57,2
0.5058,0.0555,23.01,66.57,2
0.5264,0.0206,23.0,66.56,2
0.5156,-0.0108,23.09,66.56,2
0.495,-0.0206,23.09,66.55,2
0.4934,-0.0016,22.95,66.54,2
0.5192,0.0259,22.91,66.54,2
0.3673,-0.1519,23.19,66.57,1
0.432,0.0647,23.35,66.6,1
0.4891,0.0571,23.25,66.59,2
0.5278,0.0387,23.2,66.58,2
0.5621,0.0343,23.08,66.58,2
0.4022,-0.1599,23.33,66.61,1
0.4073,0.0051,23.66,66.64,1
0.413,0.0057,23.73,66.66,1
0.4142,0.0012,23.89,66.69,1
0.4034,-0.0108,24.12,66.72,1
0.4001,-0.0033,24.3,66.74,1
0.4161,0.016,24.39,66.77,1
0.2829,-0.1332,24.5,66.79,1
0.3176,0.0347,24.64,66.81,1
0.4167,0.0992,24.74,66.83,1
0.4141,-0.0026,24.88,66.86,1
0.4202,0.0061,24.96,66.88,1
0.4421,0.0219,25.04,66.91,1
0.4734,0.0312,24.76,66.89,2
0.4866,0.0132,24.58,66.88,2
0.4939,0.0073,24.33,66.87,2
0.5395,0.0456,24.11,66.85,2
0.5459,0.0064,23.95,66.84,2
0.3844,-0.1615,24.11,66.87,1
0.4395,0.055,24.32,66.89,1
0.4463,0.0068,24.48,66.92,1
0.4898,0.0435,24.3,66.9,2
0.495,0.0052,24.08,66.89,2
0.4919,-0.0031,23.94,66.88,2
0.3425,-0.1494,24.14,66.9,1
0.3717,0.0292,24.2,66.92,1
0.4358,0.0641,24.27,66.94,1
0.4489,0.013,24.36,66.96,1
0.4646,0.0158,24.22,66.95,2
0.3202,-0.1444,23.94,66.92,2
0.3606,0.0403,24.1,66.94,1
0.4181,0.0575,24.32,66.97,1
0.4414,0.0233,24.47,66.99,1
0.4812,0.0398,24.26,66.97,2
0.3327,-0.1485,24.11,66.95,2
0.3724,0.0397,24.2,66.97,1
0.2581,-0.1143,24.4,66.98,1
0.346,0.0879,24.52,67.0,1
0.4145,0.0685,24.61,67.02,1
0.4657,0.0512,24.44,67.0,2
0.458,-0.0078,24.28,66.99,2
0.4753,0.0173,24.14,66.97,2
0.4485,-0.0267,24.31,66.99,1
0.4222,-0.0263,24.44,67.02,1
0.4299,0.0077,24.6,67.04,1
0.2921,-0.1378,24.66,67.05,1
0.3534,0.0614,24.82,67.07,1
0.4093,0.0559,24.96,67.09,1
0.4856,0.0763,24.69,67.07,2
0.4976,0.012,24.5,67.05,2
0.3476,-0.1501,24.54,67.07,1
0.2558,-0.0917,24.63,67.08,1
0.3163,0.0604,24.7,67.09,1
0.3354,0.0191,24.85,67.11,1
0.3518,0.0165,24.91,67.12,1
0.3801,0.0283,24.92,67.14,1
0.408,0.0279,24.94,67.16,1
0.4246,0.0166,24.97,67.18,1
0.426,0.0014,25.15,67.19,1
0.4671,0.0411,24.96,67.17,2
0.4559,-0.0112,24.78,67.15,2
0.4332,-0.0226,24.86,67.17,1
0.2939,-0.1393,24.98,67.18,1
0.3592,0.0653,25.1,67.2,1
0.3953,0.0362,25.14,67.21,1
0.4197,0.0244,25.27,67.23,1
0.4223,0.0026,25.27,67.25,1
0.4404,0.0181,25.28,67.26,1
0.4486,0.0082,25.22,67.28,1
0.4404,-0.0082,25.31,67.3,1
0.475,0.0346,25.0,67.28,2
0.5181,0.0431,24.75,67.26,2
0.3655,-0.1525,24.82,67.27,1
0.4299,0.0643,24.9,67.28,1
0.4262,-0.0036,24.99,67.3,1
0.4284,0.0022,25.04,67.32,1
0.4634,0.035,24.83,67.29,2
0.4726,0.0092,24.61,67.27,2
0.3286,-0.144,24.63,67.28,1
0.347,0.0184,24.75,67.29,1
0.2406,-0.1064,24.92,67.33,0
0.1771,-0.0635,25.15,67.36,0
0.1368,-0.0403,25.41,67.39,0
0.2446,0.1077,25.6,67.43,0
0.3063,0.0617,25.55,67.43,1
0.3306,0.0244,25.57,67.44,1
0.2172,-0.1134,25.76,67.47,0
0.2625,0.0453,25.89,67.51,0
0.3598,0.0973,25.84,67.51,1
0.4261,0.0663,25.9,67.52,1
0.4163,-0.0098,25.87,67.54,1
0.4067,-0.0097,25.86,67.54,1
0.2735,-0.1332,26.07,67.58,0
0.3257,0.0522,26.31,67.61,0
0.3512,0.0255,26.2,67.62,1
0.3553,0.0041,26.15,67.62,1
0.3538,-0.0015,26.23,67.63,1
0.3965,0.0427,26.16,67.64,1
0.386,-0.0105,26.18,67.64,1
0.3872,0.0012,26.16,67.65,1
0.2574,-0.1297,26.34,67.68,0
0.3303,0.0729,26.62,67.71,0
0.4008,0.0704,26.58,67.72,1
0.4415,0.0408,26.49,67.73,1
0.4674,0.0259,26.05,67.69,2
0.4803,0.0128,25.81,67.66,2
0.504,0.0238,25.49,67.64,2
0.4699,-0.0341,25.2,67.61,2
0.3268,-0.1431,25.24,67.61,1
0.3686,0.0418,25.17,67.62,1
0.4079,0.0393,25.24,67.63,1
0.4135,0.0056,25.28,67.63,1
0.4138,0.0003,25.38,67.64,1
0.4375,0.0238,25.4,67.65,1
0.4375,-0.0,25.46,67.66,1
0.4267,-0.0108,25.39,67.67,1
0.426,-0.0007,25.38,67.68,1
0.4405,0.0145,25.36,67.68,1
0.4399,-0.0006,25.47,67.69,1
0.474,0.0341,25.18,67.66,2
0.4566,-0.0174,24.94,67.63,2
0.4319,-0.0247,25.0,67.64,1
0.2965,-0.1355,25.02,67.64,1
0.217,-0.0795,25.34,67.67,0
0.285,0.068,25.62,67.7,0
0.3425,0.0575,25.59,67.7,1
0.2346,-0.1079,25.64,67.7,1
0.2892,0.0546,25.67,67.7,1
0.3296,0.0404,25.63,67.71,1
0.3785,0.0489,25.71,67.71,1
0.406,0.0275,25.65,67.72,1
0.4316,0.0257,25.62,67.72,1
0.4621,0.0304,25.31,67.69,2
0.4776,0.0155,25.02,67.66,2
0.3329,-0.1447,25.1,67.67,1
0.3759,0.043,25.17,67.67,1
0.4176,0.0417,25.26,67.68,1
0.2901,-0.1275,25.27,67.68,1
0.2135,-0.0766,25.61,67.71,0
0.2921,0.0786,25.92,67.74,0
0.2033,-0.0888,26.12,67.76,0
0.3249,0.1216,26.02,67.76,1
0.3683,0.0433,26.01,67.77,1
0.2518,-0.1165,26.22,67.79,0
0.2877,0.0359,26.4,67.82,0
0.1933,-0.0945,26.66,67.85,0
0.2958,0.1026,26.63,67.84,1
0.3306,0.0347,26.54,67.84,1
0.2189,-0.1117,26.66,67.87,0
0.1542,-0.0647,26.85,67.89,0
0.2497,0.0954,27.04,67.91,0
0.3173,0.0677,27.01,67.91,1
0.3692,0.0518,26.89,67.91,1
0.4025,0.0334,26.8,67.91,1
0.4193,0.0168,26.72,67.91,1
0.4413,0.022,26.61,67.92,1
0.4272,-0.0142,26.44,67.92,1
0.2904,-0.1368,26.45,67.92,1
0.3224,0.0321,26.38,67.92,1
0.2197,-0.1027,26.65,67.94,0
0.1594,-0.0604,26.78,67.96,0
0.2267,0.0673,26.95,67.98,0
0.1506,-0.0761,27.07,68.0,0
0.1071,-0.0435,27.17,68.01,0
0.2057,0.0986,27.33,68.03,0
0.2862,0.0805,27.21,68.03,1
0.3325,0.0463,27.08,68.02,1
0.4132,0.0807,26.96,68.02,1
0.2823,-0.131,26.83,68.02,1
0.3225,0.0403,26.65,68.01,1
0.2207,-0.1018,26.77,68.03,0
0.2706,0.0499,26.92,68.06,0
0.181,-0.0896,27.04,68.07,0
0.1293,-0.0517,27.16,68.09,0
0.2002,0.0709,27.28,68.11,0
0.242,0.0419,27.47,68.13,0
0.15,-0.092,27.59,68.14,0
0.2048,0.0548,27.68,68.16,0
0.241,0.0362,27.79,68.18,0
0.2704,0.0294,27.85,68.2,0
0.3078,0.0374,27.58,68.19,1
0.3229,0.0151,27.47,68.18,1
0.2065,-0.1164,27.51,68.2,0
0.1421,-0.0644,27.62,68.21,0
0.1046,-0.0375,27.71,68.22,0
0.0814,-0.0232,27.87,68.23,0
0.2011,0.1196,27.94,68.25,0
0.256,0.0549,28.01,68.27,0
0.2858,0.0298,27.9,68.25,1
0.3139,0.0281,27.72,68.25,1
0.2004,-0.1135,27.83,68.26,0
0.2847,0.0844,27.91,68.28,0
0.3045,0.0198,27.74,68.27,1
0.3161,0.0116,27.52,68.26,1
0.2023,-0.1138,27.61,68.27,0
0.1387,-0.0636,27.69,68.29,0
0.2213,0.0826,27.68,68.3,0
0.297,0.0757,27.47,68.29,1
0.1932,-0.1038,27.39,68.27,1
0.134,-0.0592,27.51,68.29,0
0.2134,0.0794,27.58,68.3,0
0.2916,0.0782,27.41,68.29,1
0.3373,0.0457,27.25,68.28,1
0.2192,-0.118,27.32,68.3,0
0.1514,-0.0678,27.4,68.31,0
0.1104,-0.041,27.52,68.32,0
0.2216,0.1112,27.61,68.33,0
0.1461,-0.0754,27.74,68.34,0
0.1022,-0.0439,27.82,68.35,0
0.0753,-0.027,27.88,68.36,0
0.1777,0.1024,28.06,68.37,0
0.1115,-0.0661,28.02,68.38,0
0.0745,-0.037,28.02,68.38,0
0.1903,0.1158,28.06,68.39,0
0.1193,-0.071,28.12,68.4,0
0.2044,0.0851,28.21,68.41,0
0.1259,-0.0785,28.21,68.42,0
0.1972,0.0714,28.24,68.43,0
0.1189,-0.0784,28.33,68.44,0
0.1784,0.0595,28.38,68.45,0
0.2186,0.0402,28.48,68.46,0
0.1255,-0.0931,28.52,68.47,0
0.2034,0.0779,28.52,68.48,0
0.2837,0.0803,28.3,68.47,1
0.3011,0.0174,27.98,68.45,1
0.1876,-0.1136,28.1,68.46,0
0.1243,-0.0633,28.06,68.47,0
0.0874,-0.0369,28.07,68.47,0
0.0647,-0.0228,28.04,68.48,0
0.1698,0.1051,28.08,68.49,0
0.2516,0.0819,28.04,68.5,0
0.2981,0.0465,27.92,68.48,1
0.1888,-0.1093,27.75,68.46,1
0.1275,-0.0613,27.8,68.47,0
0.0914,-0.0361,27.83,68.48,0
0.0689,-0.0225,27.81,68.48,0
0.0539,-0.015,27.85,68.48,0
0.0434,-0.0105,27.98,68.49,0
0.1381,0.0947,28.16,68.49,0
0.1995,0.0614,28.22,68.5,0
0.1161,-0.0834,28.19,68.51,0
0.1743,0.0582,28.2,68.52,0
0.0995,-0.0748,28.25,68.52,0
0.1902,0.0907,28.29,68.53,0
0.261,0.0708,28.32,68.54,0
0.2862,0.0252,28.07,68.53,1
0.2878,0.0016,27.97,68.51,1
0.3104,0.0226,27.72,68.5,1
0.3407,0.0303,27.55,68.48,1
0.3646,0.0239,27.42,68.47,1
0.3732,0.0086,27.29,68.46,1
0.3821,0.0088,27.16,68.45,1
0.3987,0.0166,27.08,68.44,1
0.4092,0.0105,27.01,68.43,1
0.4136,0.0044,26.96,68.43,1
0.2805,-0.1331,26.82,68.41,1
0.3456,0.0651,26.75,68.4,1
0.2393,-0.1063,26.89,68.41,0
0.2835,0.0442,26.99,68.43,0
0.1919,-0.0916,27.2,68.44,0
0.2436,0.0517,27.32,68.45,0
0.2895,0.0459,27.19,68.44,1
0.1885,-0.101,27.09,68.42,1
0.1321,-0.0564,27.19,68.43,0
0.2014,0.0693,27.31,68.44,0
0.3027,0.1013,27.15,68.43,1
0.1987,-0.104,27.07,68.41,1
0.1391,-0.0596,27.14,68.42,0
0.258,0.1189,27.21,68.43,0
0.1738,-0.0842,27.38,68.44,0
0.2541,0.0803,27.53,68.46,0
0.3282,0.0741,27.41,68.44,1
0.4035,0.0753,27.28,68.43,1
0.4167,0.0132,27.26,68.43,1
0.2806,-0.1361,27.11,68.41,1
0.3225,0.0419,26.94,68.4,1
0.2174,-0.1051,27.19,68.41,0
0.2926,0.0752,27.42,68.43,0
0.1961,-0.0966,27.57,68.44,0
0.2891,0.093,27.5,68.43,1
0.1934,-0.0956,27.32,68.41,1
0.1368,-0.0566,27.48,68.42,0
0.1014,-0.0354,27.58,68.42,0
0.1804,0.079,27.68,68.43,0
0.1134,-0.067,27.74,68.44,0
0.1934,0.08,27.76,68.45,0
0.2317,0.0382,27.88,68.46,0
0.1386,-0.0931,27.93,68.47,0
0.0884,-0.0502,27.99,68.48,0
0.0603,-0.0281,27.98,68.48,0
0.0438,-0.0165,28.12,68.48,0
0.171,0.1272,28.22,68.49,0
0.1066,-0.0644,28.09,68.5,0
0.1857,0.0791,28.19,68.51,0
0.2208,0.0351,28.23,68.52,0
0.2507,0.0299,28.32,68.53,0
0.2909,0.0401,28.06,68.51,1
0.3071,0.0162,27.85,68.5,1
0.3266,0.0195,27.82,68.48,1
0.3486,0.022,27.66,68.47,1
0.2241,-0.1246,27.77,68.48,0
0.1538,-0.0703,27.89,68.49,0
0.112,-0.0418,27.98,68.5,0
0.0856,-0.0263,27.99,68.5,0
0.0679,-0.0177,28.08,68.51,0
0.1628,0.0949,28.1,68.51,0
0.2388,0.0759,28.14,68.52,0
0.2769,0.0381,28.15,68.54,0
0.1736,-0.1032,28.1,68.55,0
0.1169,-0.0567,28.11,68.55,0
0.0843,-0.0326,28.12,68.55,0
0.0644,-0.0199,28.09,68.56,0
0.0514,-0.013,28.08,68.56,0
0.1824,0.1309,28.11,68.57,0
0.1177,-0.0647,28.18,68.57,0
0.201,0.0834,28.11,68.58,0
0.1252,-0.0758,28.16,68.58,0
0.0832,-0.042,28.29,68.59,0
0.1813,0.0981,28.33,68.59,0
0.2519,0.0705,28.35,68.6,0
0.275,0.0231,28.5,68.62,0
0.1709,-0.1041,28.46,68.62,0
0.2665,0.0956,28.58,68.63,0
0.1735,-0.093,28.64,68.64,0
0.2479,0.0744,28.73,68.65,0
0.1605,-0.0874,28.73,68.65,0
0.2182,0.0577,28.76,68.66,0
0.2657,0.0475,28.72,68.67,0
0.1673,-0.0984,28.77,68.68,0
0.1131,-0.0542,28.73,68.68,0
0.0819,-0.0312,28.62,68.68,0
0.0628,-0.0191,28.61,68.68,0
0.1728,0.11,28.7,68.68,0
0.1095,-0.0633,28.68,68.69,0
0.0744,-0.0351,28.63,68.69,0
0.1914,0.117,28.57,68.69,0
0.1213,-0.0701,28.61,68.69,0
0.0819,-0.0394,28.63,68.69,0
0.0587,-0.0232,28.66,68.69,0
0.0443,-0.0145,28.72,68.69,0
0.0347,-0.0096,28.67,68.69,0
0.1479,0.1132,28.73,68.69,0
0.2314,0.0835,28.68,68.7,0
0.2648,0.0334,28.75,68.71,0
0.2912,0.0264,28.48,68.69,1
0.3,0.0088,28.22,68.67,1
0.3198,0.0197,27.98,68.65,1
0.3581,0.0383,27.85,68.64,1
0.2336,-0.1245,27.89,68.65,0
0.2831,0.0495,28.01,68.66,0
0.187,-0.0961,28.02,68.67,0
0.132,-0.055,28.08,68.67,0
0.0988,-0.0333,28.06,68.67,0
0.2323,0.1336,28.13,68.68,0
0.1566,-0.0757,28.13,68.68,0
0.2471,0.0905,28.13,68.69,0
0.2923,0.0453,28.0,68.67,1
0.1891,-0.1032,27.77,68.65,1
0.1306,-0.0585,27.88,68.65,0
0.0957,-0.0349,27.96,68.65,0
0.0736,-0.0221,28.03,68.65,0
0.0587,-0.0149,28.09,68.65,0
0.0479,-0.0107,28.12,68.65,0
0.0399,-0.0081,28.19,68.65,0
0.1386,0.0987,28.29,68.66,0
0.2299,0.0913,28.39,68.66,0
0.3058,0.0758,28.15,68.65,1
0.1968,-0.109,27.96,68.62,1
0.1354,-0.0614,28.04,68.63,0
0.2415,0.1061,28.12,68.64,0
0.3312,0.0896,27.83,68.62,1
0.3491,0.0179,27.6,68.61,1
0.3502,0.0011,27.46,68.59,1
0.2289,-0.1213,27.51,68.6,0
0.1599,-0.0691,27.65,68.61,0
0.2209,0.061,27.75,68.62,0
0.2535,0.0327,27.78,68.63,0
0.1583,-0.0952,27.9,68.63,0
0.2485,0.0902,27.96,68.64,0
0.16,-0.0886,28.09,68.65,0
0.1099,-0.0501,28.09,68.65,0
0.185,0.0752,28.16,68.66,0
0.2266,0.0416,28.15,68.66,0
0.2681,0.0415,28.14,68.67,0
0.314,0.0459,27.98,68.66,1
0.1986,-0.1154,27.74,68.63,1
0.1343,-0.0643,27.84,68.64,0
0.0967,-0.0376,27.95,68.64,0
0.0734,-0.0233,28.04,68.64,0
0.058,-0.0154,28.08,68.64,0
0.0472,-0.0108,28.09,68.64,0
0.0391,-0.008,28.19,68.64,0
0.1579,0.1188,28.13,68.64,0
0.098,-0.06,28.21,68.65,0
0.1874,0.0895,28.36,68.65,0
0.1139,-0.0735,28.36,68.65,0
0.1862,0.0723,28.42,68.66,0
0.251,0.0648,28.41,68.67,0
0.1527,-0.0983,28.4,68.67,0
0.2088,0.0561,28.48,68.68,0
0.1259,-0.0829,28.4,68.68,0
0.1882,0.0623,28.43,68.69,0
0.111,-0.0772,28.37,68.69,0
0.0695,-0.0415,28.4,68.69,0
0.0463,-0.0232,28.48,68.69,0
0.1352,0.0889,28.42,68.69,0
0.1977,0.0625,28.44,68.7,0
0.2407,0.0431,28.5,68.71,0
0.1437,-0.097,28.51,68.71,0
0.2122,0.0685,28.56,68.72,0
0.1299,-0.0823,28.67,68.72,0
0.1979,0.068,28.68,68.72,0
0.2282,0.0303,28.77,68.73,0
0.135,-0.0933,28.69,68.73,0
0.0853,-0.0497,28.67,68.73,0
0.0579,-0.0274,28.66,68.73,0
0.0421,-0.0158,28.7,68.73,0
0.1398,0.0978,28.69,68.73,0
0.0819,-0.0579,28.67,68.73,0
0.0513,-0.0307,28.68,68.73,0
0.1444,0.0932,28.74,68.73,0
0.2103,0.0659,28.74,68.74,0
0.1236,-0.0867,28.76,68.74,0
0.0775,-0.0461,28.84,68.74,0
0.0522,-0.0254,28.76,68.74,0
0.0376,-0.0146,28.72,68.73,0
0.1312,0.0936,28.7,68.73,0
0.0748,-0.0563,28.66,68.73,0
0.1729,0.098,28.71,68.74,0
0.1016,-0.0713,28.71,68.74,0
0.1733,0.0718,28.77,68.74,0
0.1001,-0.0732,28.76,68.74,0
0.0612,-0.0389,28.75,68.74,0
0.0398,-0.0214,28.74,68.74,0
0.1326,0.0928,28.61,68.74,0
0.1971,0.0646,28.58,68.74,0
0.1135,-0.0836,28.55,68.74,0
0.1946,0.081,28.56,68.75,0
0.2383,0.0437,28.63,68.76,0
0.1433,-0.0949,28.62,68.76,0
0.0924,-0.0509,28.59,68.76,0
0.0641,-0.0283,28.62,68.76,0
0.0475,-0.0166,28.62,68.75,0
0.0371,-0.0104,28.63,68.75,0
0.0302,-0.0069,28.61,68.75,0
0.0252,-0.005,28.7,68.74,0
0.1415,0.1162,28.7,68.75,0
0.0845,-0.057,28.71,68.74,0
0.0538,-0.0306,28.69,68.74,0
0.0368,-0.0171,28.68,68.74,0
0.1592,0.1225,28.7,68.74,0
0.2379,0.0787,28.71,68.75,0
0.1479,-0.09,28.72,68.75,0
0.211,0.0631,28.76,68.76,0
0.1302,-0.0808,28.76,68.76,0
0.2085,0.0783,28.8,68.76,0
0.1287,-0.0798,28.78,68.77,0
0.0849,-0.0438,28.8,68.76,0
0.0597,-0.0252,28.85,68.76,0
0.0444,-0.0153,28.89,68.76,0
0.1495,0.1051,28.89,68.76,0
0.0897,-0.0598,28.82,68.76,0
0.0574,-0.0323,28.81,68.76,0
0.1592,0.1018,28.83,68.76,0
0.0944,-0.0647,28.79,68.76,0
0.0595,-0.0349,28.84,68.76,0
0.0399,-0.0196,28.77,68.76,0
0.0284,-0.0115,28.76,68.75,0
0.1263,0.0978,28.79,68.75,0
0.1948,0.0685,28.8,68.76,0
0.2468,0.052,28.83,68.76,0
0.1459,-0.1009,28.79,68.77,0
0.2164,0.0705,28.8,68.77,0
0.131,-0.0855,28.76,68.77,0
0.2466,0.1156,28.7,68.78,0
0.2947,0.0482,28.42,68.76,1
0.3178,0.023,28.25,68.74,1
0.3205,0.0027,28.04,68.72,1
0.3443,0.0239,27.94,68.7,1
0.2226,-0.1217,28.03,68.71,0
0.2616,0.0389,28.16,68.72,0
0.1694,-0.0922,28.27,68.72,0
0.2525,0.0831,28.28,68.73,0
0.1648,-0.0878,28.35,68.74,0
0.2647,0.1,28.5,68.74,0
0.3372,0.0724,28.31,68.73,1
0.3728,0.0356,28.1,68.71,1
0.3644,-0.0084,27.9,68.69,1
0.3653,0.0009,27.81,68.68,1
0.2418,-0.1235,27.83,68.69,0
0.2816,0.0398,27.93,68.7,0
0.3212,0.0396,27.8,68.68,1
0.3426,0.0214,27.65,68.66,1
0.3729,0.0303,27.5,68.65,1
0.3797,0.0068,27.29,68.63,1
0.397,0.0173,27.21,68.62,1
0.2698,-0.1271,27.33,68.63,0
0.1967,-0.0731,27.45,68.64,0
0.262,0.0653,27.55,68.65,0
0.1807,-0.0813,27.61,68.66,0
0.1336,-0.0471,27.75,68.66,0
0.1045,-0.0291,27.79,68.66,0
0.0851,-0.0193,27.82,68.66,0
0.1789,0.0938,27.92,68.67,0
0.117,-0.0619,27.98,68.67,0
0.2276,0.1106,28.08,68.68,0
0.2666,0.039,28.16,68.69,0
0.1689,-0.0977,28.19,68.69,0
0.2247,0.0558,28.26,68.7,0
0.2678,0.0431,28.29,68.71,0
0.1666,-0.1012,28.3,68.71,0
0.1108,-0.0558,28.37,68.72,0
0.0786,-0.0321,28.45,68.72,0
0.059,-0.0196,28.5,68.71,0
0.1863,0.1273,28.54,68.72,0
0.1195,-0.0668,28.53,68.72,0
0.0816,-0.0379,28.58,68.72,0
0.059,-0.0226,28.53,68.72,0
0.1623,0.1032,28.61,68.72,0
0.0992,-0.0631,28.63,68.72,0
0.0646,-0.0346,28.64,68.72,0
0.1697,0.1052,28.58,68.73,0
0.1028,-0.067,28.58,68.73,0
0.0661,-0.0367,28.59,68.73,0
0.1977,0.1316,28.62,68.73,0
0.1246,-0.0731,28.61,68.73,0
0.2082,0.0836,28.67,68.74,0
0.1286,-0.0796,28.66,68.74,0
0.1941,0.0655,28.69,68.74,0
0.1161,-0.078,28.76,68.75,0
0.2035,0.0874,28.68,68.75,0
0.1232,-0.0802,28.8,68.75,0
0.194,0.0707,28.86,68.76,0
0.1155,-0.0785,28.86,68.76,0
0.1877,0.0722,28.94,68.76,0
0.1104,-0.0773,28.84,68.76,0
0.2086,0.0981,28.92,68.77,0
0.2546,0.046,28.89,68.77,0
0.2907,0.0361,28.64,68.75,1
0.3164,0.0257,28.27,68.73,1
0.1981,-0.1182,28.36,68.74,0
0.307,0.1089,28.41,68.75,0
0.2033,-0.1037,28.51,68.75,0
0.2473,0.044,28.5,68.76,0
0.2763,0.029,28.58,68.77,0
0.3036,0.0273,28.39,68.75,1
0.32,0.0164,28.19,68.73,1
0.3317,0.0117,28.04,68.71,1
0.212,-0.1197,28.16,68.72,0
0.3026,0.0906,28.29,68.73,0
0.2018,-0.1008,28.36,68.74,0
0.1431,-0.0587,28.38,68.74,0
0.1069,-0.0362,28.38,68.74,0
0.2231,0.1163,28.38,68.75,0
0.297,0.0739,28.1,68.73,1
0.1959,-0.1011,27.92,68.7,1
0.2703,0.0743,27.97,68.71,0
0.1784,-0.0918,28.07,68.71,0
0.1254,-0.0531,28.11,68.72,0
0.093,-0.0324,28.16,68.72,0
0.072,-0.021,28.1,68.72,0
0.0575,-0.0145,28.17,68.71,0
0.1694,0.112,28.32,68.72,0
0.2581,0.0886,28.32,68.73,0
0.1643,-0.0938,28.39,68.73,0
0.1117,-0.0527,28.52,68.73,0
0.2381,0.1264,28.63,68.74,0
0.279,0.0409,28.64,68.75,0
0.3032,0.0242,28.36,68.73,1
0.3318,0.0286,28.07,68.71,1
0.3598,0.028,27.95,68.69,1
0.3699,0.0101,27.81,68.68,1
0.3699,0.0001,27.62,68.66,1
0.3794,0.0095,27.46,68.65,1
0.3654,-0.014,27.3,68.64,1
0.2398,-0.1256,27.4,68.64,0
0.1686,-0.0712,27.58,68.65,0
0.1259,-0.0427,27.72,68.65,0
0.2287,0.1027,27.82,68.66,0
0.2698,0.0412,27.9,68.67,0
0.1747,-0.0951,27.99,68.68,0
0.249,0.0743,28.14,68.69,0
0.3021,0.0531,28.01,68.67,1
0.197,-0.1051,27.74,68.64,1
0.1377,-0.0593,27.75,68.65,0
0.2325,0.0947,27.89,68.66,0
0.1541,-0.0784,27.94,68.66,0
0.2767,0.1225,28.06,68.67,0
0.3153,0.0387,27.84,68.65,1
0.3206,0.0053,27.61,68.64,1
0.3332,0.0126,27.54,68.62,1
0.3266,-0.0066,27.35,68.6,1
0.3762,0.0497,27.25,68.59,1
0.3886,0.0124,27.13,68.58,1
0.2588,-0.1298,27.28,68.59,0
0.3515,0.0927,27.48,68.61,0
0.2424,-0.1091,27.59,68.62,0
0.3145,0.0721,27.43,68.6,1
0.3705,0.056,27.26,68.59,1
0.2513,-0.1192,27.44,68.6,0
0.2831,0.0319,27.55,68.61,0
0.1883,-0.0948,27.64,68.62,0
0.2483,0.06,27.77,68.63,0
0.2754,0.0271,27.89,68.64,0
0.2943,0.0189,27.64,68.62,1
0.3325,0.0382,27.45,68.6,1
0.3725,0.04,27.38,68.59,1
0.3817,0.0092,27.26,68.58,1
0.2519,-0.1298,27.37,68.59,0
0.3047,0.0528,27.51,68.6,0
0.3084,0.0037,27.29,68.59,1
0.3354,0.027,27.14,68.57,1
0.2164,-0.119,27.26,68.58,0
0.2563,0.04,27.36,68.59,0
0.3001,0.0437,27.18,68.57,1
0.1919,-0.1081,27.16,68.55,1
0.2686,0.0766,27.3,68.57,0
0.175,-0.0935,27.44,68.57,0
0.2339,0.0588,27.55,68.58,0
0.2767,0.0428,27.66,68.59,0
0.3502,0.0735,27.55,68.58,1
0.2291,-0.121,27.37,68.56,1
0.297,0.0679,27.26,68.54,1
0.1972,-0.0998,27.37,68.55,0
0.1389,-0.0583,27.46,68.56,0
0.1029,-0.036,27.53,68.56,0
0.1993,0.0964,27.55,68.57,0
0.129,-0.0704,27.58,68.58,0
0.1913,0.0623,27.64,68.58,0
0.1167,-0.0746,27.7,68.59,0
0.1859,0.0692,27.75,68.6,0
0.1106,-0.0753,27.76,68.6,0
0.07,-0.0406,27.82,68.6,0
0.1923,0.1223,27.86,68.61,0
0.2492,0.0569,27.9,68.62,0
0.2762,0.027,27.93,68.63,0
0.2893,0.0131,27.66,68.61,1
0.1781,-0.1112,27.5,68.59,1
0.1172,-0.0609,27.54,68.59,0
0.0824,-0.0348,27.52,68.6,0
0.0613,-0.021,27.61,68.6,0
0.1528,0.0915,27.66,68.6,0
0.0925,-0.0603,27.69,68.6,0
0.195,0.1025,27.89,68.61,0
0.2463,0.0513,27.99,68.62,0
0.1505,-0.0958,27.98,68.63,0
0.203,0.0526,28.09,68.64,0
0.2381,0.0351,28.15,68.64,0
0.1415,-0.0966,28.19,68.65,0
0.2145,0.073,28.19,68.66,0
0.2455,0.031,28.23,68.67,0
0.2785,0.033,28.35,68.68,0
0.3146,0.036,28.07,68.66,1
0.1973,-0.1172,27.83,68.64,1
0.2471,0.0498,27.92,68.64,0
0.2904,0.0433,28.08,68.66,0
0.3055,0.0151,27.88,68.64,1
0.3473,0.0418,27.66,68.62,1
0.4023,0.055,27.64,68.61,1
0.4316,0.0293,27.43,68.6,1
0.4473,0.0157,27.27,68.59,1
0.4722,0.0249,26.77,68.54,2
0.4793,0.0072,26.36,68.5,2
0.332,-0.1473,26.4,68.48,1
0.3958,0.0638,26.4,68.47,1
0.2785,-0.1173,26.58,68.49,0
0.374,0.0955,26.73,68.51,0
0.2635,-0.1105,26.9,68.52,0
0.3327,0.0692,26.8,68.51,1
0.3942,0.0615,26.75,68.49,1
0.2714,-0.1228,26.97,68.51,0
0.3651,0.0937,27.17,68.53,0
0.2546,-0.1105,27.31,68.54,0
0.3469,0.0923,27.18,68.53,1
0.4177,0.0708,27.1,68.52,1
0.4146,-0.0031,27.02,68.51,1
0.475,0.0605,26.65,68.46,2
0.4768,0.0018,26.27,68.41,2
0.3303,-0.1465,26.2,68.4,1
0.3718,0.0414,26.15,68.39,1
0.4088,0.037,26.25,68.39,1
0.4381,0.0293,26.17,68.38,1
0.4464,0.0083,26.15,68.37,1
0.4583,0.012,25.8,68.33,2
0.4864,0.028,25.47,68.29,2
0.4737,-0.0127,25.12,68.25,2
0.4573,-0.0164,24.9,68.2,2
0.3163,-0.141,24.94,68.2,1
0.3374,0.0211,24.95,68.19,1
0.2333,-0.1041,25.27,68.21,0
0.2917,0.0584,25.51,68.23,0
0.3328,0.0411,25.46,68.22,1
0.3829,0.0502,25.47,68.21,1
0.3847,0.0018,25.59,68.21,1
0.4302,0.0455,25.54,68.21,1
0.4086,-0.0216,25.59,68.2,1
0.4655,0.0569,25.3,68.16,2
0.4464,-0.0191,25.05,68.12,2
0.4526,0.0062,24.86,68.08,2
0.3096,-0.143,24.84,68.07,1
0.337,0.0273,24.9,68.07,1
0.4214,0.0844,24.94,68.07,1
0.4386,0.0172,25.11,68.07,1
0.4419,0.0033,25.23,68.07,1
0.301,-0.1409,25.31,68.06,1
0.3543,0.0533,25.41,68.06,1
0.4178,0.0636,25.39,68.06,1
0.411,-0.0068,25.39,68.06,1
0.2785,-0.1325,25.6,68.08,0
0.37,0.0915,25.78,68.11,0
0.3938,0.0238,25.8,68.11,1
0.4182,0.0244,25.85,68.11,1
0.421,0.0028,25.95,68.1,1
0.4183,-0.0027,25.9,68.1,1
0.2828,-0.1356,25.91,68.1,1
0.2031,-0.0797,26.14,68.11,0
0.3035,0.1004,26.28,68.14,0
0.3671,0.0636,26.26,68.13,1
0.4448,0.0777,26.3,68.13,1
0.4986,0.0538,25.92,68.09,2
0.5153,0.0166,25.59,68.06,2
0.5243,0.009,25.24,68.02,2
0.5416,0.0174,24.96,67.99,2
0.5445,0.0028,24.68,67.96,2
0.3862,-0.1583,24.75,67.96,1
0.4284,0.0422,24.82,67.96,1
0.4719,0.0435,24.57,67.92,2
0.4682,-0.0038,24.39,67.89,2
0.4557,-0.0124,24.19,67.85,2
0.4534,-0.0023,24.04,67.82,2
0.4961,0.0427,23.85,67.79,2
0.4813,-0.0147,23.7,67.76,2
0.4926,0.0113,23.56,67.73,2
0.5319,0.0393,23.4,67.7,2
0.5066,-0.0253,23.34,67.67,2
0.513,0.0064,23.31,67.64,2
0.5072,-0.0058,23.2,67.61,2
0.5126,0.0053,23.15,67.59,2
0.5259,0.0134,23.06,67.56,2
0.542,0.016,23.02,67.54,2
0.4977,-0.0442,23.06,67.51,2
0.5048,0.0071,23.01,67.49,2
0.5104,0.0056,22.95,67.46,2
0.4966,-0.0139,22.93,67.44,2
0.3484,-0.1481,23.19,67.45,1
0.4013,0.0529,23.38,67.46,1
0.4598,0.0585,23.3,67.43,2
0.4488,-0.011,23.16,67.41,2
0.4391,-0.0097,23.35,67.42,1
0.4507,0.0115,23.63,67.43,1
0.4926,0.0419,23.47,67.41,2
0.4854,-0.0072,23.41,67.39,2
0.4693,-0.0161,23.42,67.36,2
0.4905,0.0212,23.33,67.34,2
0.4876,-0.003,23.24,67.32,2
0.5403,0.0527,23.2,67.3,2
0.534,-0.0063,23.03,67.28,2
0.5501,0.0161,22.95,67.26,2
0.5047,-0.0454,22.86,67.24,2
0.5225,0.0178,22.72,67.22,2
0.3678,-0.1546,22.92,67.24,1
0.3756,0.0078,23.23,67.25,1
0.3994,0.0238,23.49,67.26,1
0.3942,-0.0053,23.72,67.28,1
0.4086,0.0144,23.98,67.29,1
0.2765,-0.1321,24.32,67.33,0
0.3191,0.0426,24.64,67.37,0
0.3844,0.0653,24.75,67.38,1
0.4355,0.0511,24.93,67.4,1
0.2988,-0.1367,25.01,67.4,1
0.3643,0.0656,25.1,67.41,1
0.3948,0.0305,25.15,67.43,1
0.3876,-0.0072,25.14,67.44,1
0.4041,0.0165,25.16,67.45,1
0.4073,0.0033,25.19,67.46,1
0.4793,0.0719,25.03,67.43,2
0.5254,0.0462,24.8,67.41,2
0.5404,0.015,24.55,67.39,2
0.5658,0.0254,24.4,67.37,2
0.5426,-0.0231,24.22,67.35,2
0.5404,-0.0023,24.11,67.33,2
0.5435,0.0031,23.94,67.31,2
0.5881,0.0446,23.88,67.29,2
0.6093,0.0212,23.73,67.28,2
0.5744,-0.0349,23.56,67.26,2
0.5562,-0.0182,23.49,67.24,2
0.5646,0.0084,23.44,67.23,2
0.5747,0.0102,23.32,67.21,2
0.5509,-0.0238,23.15,67.2,2
0.553,0.002,23.01,67.18,2
0.5376,-0.0154,22.97,67.16,2
0.5361,-0.0015,22.8,67.15,2
0.5712,0.0351,22.83,67.13,2
0.598,0.0269,22.8,67.12,2
0.5945,-0.0035,22.8,67.11,2
0.5641,-0.0304,22.81,67.09,2
0.4066,-0.1576,23.06,67.11,1
0.434,0.0274,23.31,67.13,1
0.4737,0.0397,23.22,67.11,2
0.5168,0.0431,23.14,67.09,2
0.5581,0.0412,23.0,67.08,2
0.555,-0.0031,22.93,67.07,2
0.5588,0.0038,22.95,67.05,2
0.5498,-0.009,22.93,67.04,2
0.5752,0.0254,22.98,67.03,2
0.5907,0.0156,23.05,67.02,2
0.6325,0.0417,23.02,67.01,2
0.5802,-0.0523,22.9,67.0,2
0.5602,-0.02,22.95,66.99,2
0.6052,0.045,22.92,66.98,2
0.5565,-0.0487,22.92,66.96,2
0.5572,0.0007,22.97,66.95,2
0.5799,0.0227,22.97,66.94,2
0.5761,-0.0039,22.88,66.93,2
0.4106,-0.1654,23.09,66.95,1
0.4648,0.0542,23.35,66.98,1
0.4928,0.028,23.28,66.96,2
0.4984,0.0056,23.26,66.95,2
0.5059,0.0075,23.16,66.94,2
0.53,0.0241,23.15,66.92,2
0.589,0.059,23.06,66.91,2
0.586,-0.003,23.01,66.91,2
0.6245,0.0385,23.05,66.9,2
0.6156,-0.0089,22.95,66.89,2
0.6039,-0.0117,22.88,66.88,2
0.6425,0.0385,22.91,66.88,2
0.6078,-0.0347,22.95,66.87,2
0.4394,-0.1684,23.25,66.9,1
0.5208,0.0815,23.48,66.92,1
0.5124,-0.0084,23.44,66.91,2
0.5043,-0.0081,23.32,66.9,2
0.5228,0.0184,23.22,66.89,2
0.5524,0.0296,23.22,66.88,2
0.5562,0.0038,23.07,66.87,2
0.594,0.0378,23.04,66.86,2
0.6016,0.0076,23.01,66.85,2
0.6399,0.0383,23.0,66.85,2
0.5981,-0.0418,23.01,66.84,2
0.631,0.0329,23.04,66.83,2
0.6225,-0.0085,23.02,66.83,2
0.6125,-0.01,22.97,66.82,2
0.6089,-0.0036,22.98,66.82,2
0.6298,0.0208,22.96,66.81,2
0.6326,0.0029,22.93,66.81,2
0.6063,-0.0264,22.94,66.8,2
0.6098,0.0035,22.89,66.8,2
0.6085,-0.0013,22.74,66.79,2
0.5739,-0.0345,22.69,66.78,2
0.5636,-0.0103,22.65,66.78,2
0.5584,-0.0052,22.64,66.77,2
0.541,-0.0174,22.67,66.76,2
0.532,-0.009,22.66,66.75,2
0.5234,-0.0086,22.66,66.74,2
0.5523,0.0289,22.73,66.74,2
0.5327,-0.0196,22.77,66.73,2
0.5567,0.0239,22.78,66.72,2
0.5047,-0.052,22.83,66.71,2
0.4985,-0.0062,22.8,66.7,2
0.5254,0.0269,22.74,66.69,2
0.5551,0.0297,22.73,66.69,2
0.5272,-0.028,22.79,66.68,2
0.5182,-0.009,22.85,66.67,2
0.5446,0.0264,22.79,66.67,2
0.5241,-0.0206,22.74,66.66,2
0.5557,0.0317,22.73,66.65,2
0.6099,0.0542,22.72,66.65,2
0.647,0.037,22.74,66.65,2
0.6259,-0.021,22.65,66.65,2
0.6392,0.0132,22.58,66.65,2
0.6233,-0.0158,22.68,66.65,2
0.6116,-0.0118,22.74,66.64,2
0.6031,-0.0085,22.76,66.64,2
0.5984,-0.0047,22.76,66.64,2
0.6087,0.0103,22.69,66.64,2
0.6218,0.0131,22.66,66.63,2
0.6246,0.0028,22.62,66.63,2
0.61,-0.0146,22.57,66.63,2
0.5969,-0.0132,22.54,66.63,2
0.6197,0.0228,22.53,66.63,2
0.6395,0.0199,22.56,66.63,2
0.6681,0.0286,22.69,66.63,2
0.6963,0.0283,22.8,66.63,2
0.6874,-0.0089,22.88,66.63,2
0.7101,0.0226,22.85,66.63,2
0.7142,0.0042,22.82,66.64,2
0.6577,-0.0565,22.85,66.64,2
0.6601,0.0024,22.81,66.64,2
0.6596,-0.0005,22.83,66.64,2
0.6263,-0.0333,22.87,66.64,2
0.6287,0.0025,22.89,66.63,2
0.6451,0.0164,22.83,66.63,2
0.6406,-0.0045,22.91,66.63,2
0.6239,-0.0167,22.92,66.63,2
0.6566,0.0327,22.87,66.63,2
0.6505,-0.0061,22.82,66.63,2
0.6802,0.0297,22.91,66.63,2
0.6514,-0.0288,22.94,66.63,2
0.6442,-0.0072,22.91,66.63,2
0.6619,0.0177,22.92,66.63,2
0.6444,-0.0175,22.96,66.63,2
0.6251,-0.0192,22.9,66.63,2
0.6496,0.0244,22.97,66.63,2
0.674,0.0245,22.98,66.63,2
0.6849,0.0109,22.94,66.63,2
0.6968,0.0119,22.99,66.64,2
0.6744,-0.0224,23.0,66.64,2
0.6469,-0.0276,22.96,66.64,2
0.6556,0.0087,22.86,66.64,2
0.6867,0.0311,22.82,66.64,2
0.7089,0.0222,22.77,66.64,2
0.692,-0.0169,22.77,66.64,2
0.7098,0.0177,22.85,66.65,2
0.6915,-0.0183,22.91,66.65,2
0.6759,-0.0156,22.99,66.65,2
0.6598,-0.0161,22.95,66.65,2
0.6476,-0.0122,22.96,66.65,2
0.6547,0.0071,23.01,66.65,2
0.6613,0.0066,23.04,66.65,2
0.6283,-0.0329,23.08,66.65,2
0.631,0.0027,23.07,66.64,2
0.5899,-0.0411,23.05,66.64,2
0.6077,0.0178,22.96,66.64,2
0.6532,0.0455,23.06,66.64,2
0.654,0.0008,23.04,66.64,2
0.5932,-0.0608,23.18,66.64,2
0.6119,0.0188,23.04,66.63,2
0.6018,-0.0101,23.03,66.63,2
0.5915,-0.0103,23.02,66.63,2
0.5702,-0.0213,23.07,66.62,2
0.6109,0.0406,23.01,66.62,2
0.6286,0.0177,22.94,66.62,2
0.5993,-0.0293,22.9,66.62,2
0.6099,0.0105,22.84,66.62,2
0.6276,0.0177,22.88,66.62,2
0.6241,-0.0034,22.8,66.61,2
0.6578,0.0336,22.82,66.61,2
0.6278,-0.03,22.73,66.61,2
0.6074,-0.0204,22.7,66.61,2
0.6311,0.0238,22.72,66.61,2
0.6071,-0.024,22.7,66.61,2
0.6062,-0.0009,22.65,66.61,2
0.6305,0.0243,22.64,66.61,2
0.6045,-0.026,22.59,66.61,2
0.6334,0.0289,22.61,66.6,2
0.65,0.0165,22.65,66.61,2
0.6026,-0.0473,22.63,66.6,2
0.5902,-0.0124,22.63,66.6,2
0.5499,-0.0403,22.61,66.6,2
0.5666,0.0167,22.6,66.59,2
0.5819,0.0152,22.62,66.59,2
0.6106,0.0288,22.69,66.59,2
0.6352,0.0245,22.72,66.59,2
0.631,-0.0042,22.69,66.59,2
0.6371,0.0061,22.64,66.59,2
0.6593,0.0222,22.57,66.59,2
0.6345,-0.0248,22.65,66.59,2
0.6504,0.0159,22.67,66.59,2
0.7005,0.0501,22.71,66.59,2
0.7137,0.0132,22.74,66.6,2
0.7126,-0.0011,22.79,66.6,2
0.6836,-0.029,22.83,66.6,2
0.6856,0.002,22.82,66.61,2
0.6831,-0.0024,22.83,66.61,2
0.7093,0.0261,22.83,66.61,2
0.7208,0.0115,22.78,66.61,2
0.7092,-0.0116,22.75,66.62,2
0.6695,-0.0397,22.77,66.62,2
0.6543,-0.0152,22.76,66.62,2
0.6558,0.0015,22.77,66.62,2
0.6583,0.0025,22.78,66.62,2
0.648,-0.0103,22.79,66.62,2
0.6805,0.0325,22.79,66.62,2
0.7082,0.0278,22.78,66.62,2
0.7112,0.003,22.8,66.63,2
0.6994,-0.0118,22.85,66.63,2
0.6902,-0.0093,22.98,66.63,2
0.6926,0.0024,23.01,66.63,2
0.662,-0.0306,22.96,66.63,2
0.6883,0.0263,23.01,66.64,2
0.6882,-0.0001,22.91,66.64,2
0.6805,-0.0077,22.95,66.64,2
0.6584,-0.0221,22.88,66.64,2
0.6797,0.0213,22.92,66.64,2
0.6619,-0.0178,22.92,66.64,2
0.6748,0.0129,22.96,66.64,2
0.6861,0.0114,22.85,66.64,2
0.6864,0.0003,22.92,66.64,2
0.7215,0.0351,22.85,66.65,2
0.71,-0.0115,22.93,66.65,2
0.6574,-0.0526,22.85,66.65,2
0.6528,-0.0045,22.86,66.65,2
0.6463,-0.0065,22.91,66.65,2
0.6561,0.0098,22.9,66.65,2
0.6858,0.0297,22.95,66.65,2
0.655,-0.0308,22.96,66.65,2
0.6443,-0.0107,22.91,66.65,2
0.6491,0.0049,22.8,66.65,2
0.6408,-0.0083,22.76,66.65,2
0.6771,0.0363,22.75,66.65,2
0.6834,0.0063,22.8,66.65,2
0.7071,0.0237,22.77,66.65,2
0.6758,-0.0313,22.87,66.65,2
0.6942,0.0185,22.84,66.65,2
0.7167,0.0224,22.86,66.66,2
0.7224,0.0057,22.85,66.66,2
0.7123,-0.01,22.88,66.66,2
0.6474,-0.0649,22.83,66.66,2
0.6396,-0.0078,22.81,66.66,2
0.644,0.0044,22.81,66.66,2
0.6695,0.0254,22.86,66.66,2
0.6996,0.0301,22.93,66.66,2
0.6428,-0.0568,22.92,66.66,2
0.6417,-0.001,22.88,66.66,2
0.6413,-0.0005,22.92,66.66,2
0.6557,0.0144,22.95,66.66,2
0.6854,0.0297,22.9,66.66,2
0.6817,-0.0037,22.86,66.66,2
0.6622,-0.0196,22.84,66.66,2
0.6672,0.005,22.85,66.66,2
0.6933,0.0261,22.85,66.66,2
0.679,-0.0143,22.88,66.66,2
0.6618,-0.0171,22.9,66.66,2
0.6711,0.0093,22.95,66.66,2
0.6561,-0.015,22.94,66.66,2
0.6796,0.0235,22.92,66.66,2
0.7156,0.0359,22.91,66.67,2
0.7174,0.0019,22.91,66.67,2
0.732,0.0146,22.87,66.67,2
0.7438,0.0118,22.86,66.67,2
0.7073,-0.0366,22.94,66.68,2
0.6903,-0.0169,22.96,66.68,2
0.7118,0.0215,23.02,66.68,2
0.7427,0.0309,23.01,66.68,2
0.7309,-0.0119,23.11,66.69,2
0.7082,-0.0227,23.04,66.69,2
0.7237,0.0155,23.03,66.69,2
0.7053,-0.0184,23.0,66.69,2
0.6542,-0.0511,22.98,66.69,2
0.6874,0.0332,23.0,66.69,2
0.6838,-0.0036,23.0,66.69,2
0.7093,0.0255,22.96,66.69,2
0.7211,0.0118,22.96,66.7,2
0.7227,0.0016,22.95,66.7,2
0.7268,0.0041,22.96,66.7,2
0.6986,-0.0283,22.98,66.7,2
0.6579,-0.0407,22.92,66.7,2
0.6615,0.0036,22.93,66.7,2
0.6669,0.0053,22.88,66.7,2
0.6997,0.0329,22.95,66.7,2
0.6585,-0.0412,22.95,66.7,2
0.682,0.0234,22.98,66.7,2
0.6718,-0.0102,23.01,66.7,2
0.6758,0.0041,22.9,66.7,2
0.6873,0.0114,22.9,66.7,2
0.682,-0.0053,22.88,66.7,2
0.6191,-0.0629,22.88,66.7,2
0.6132,-0.006,22.93,66.69,2
0.6355,0.0223,22.87,66.69,2
0.6581,0.0226,22.91,66.69,2
0.6922,0.0341,22.91,66.69,2
0.6712,-0.021,22.9,66.69,2
0.6897,0.0185,22.8,66.69,2
0.6927,0.003,22.84,66.69,2
0.7052,0.0125,22.8,66.69,2
0.6972,-0.0079,22.82,66.69,2
0.6984,0.0012,22.81,66.69,2
0.68,-0.0185,22.85,66.69,2
0.7141,0.0341,22.93,66.7,2
0.7071,-0.007,22.93,66.7,2
0.7247,0.0175,22.99,66.7,2
0.7135,-0.0112,23.03,66.7,2
0.737,0.0235,23.08,66.7,2
0.7317,-0.0053,23.12,66.71,2
0.6861,-0.0456,23.15,66.71,2
0.7103,0.0242,23.18,66.71,2
0.6662,-0.0441,23.1,66.71,2
0.6813,0.0151,23.01,66.71,2
0.7207,0.0394,23.04,66.71,2
0.6912,-0.0295,22.96,66.71,2
0.6811,-0.0101,22.91,66.71,2
0.6581,-0.023,22.89,66.71,2
0.6818,0.0238,22.92,66.71,2
0.7119,0.03,22.94,66.71,2
0.7332,0.0213,22.91,66.71,2
0.7592,0.026,22.99,66.72,2
0.7746,0.0153,23.04,66.72,2
0.7426,-0.0319,23.04,66.72,2
0.7323,-0.0103,22.96,66.73,2
0.7281,-0.0042,22.89,66.73,2
0.737,0.0089,22.91,66.73,2
0.739,0.002,22.9,66.73,2
0.7487,0.0097,22.94,66.73,2
0.7412,-0.0075,22.96,66.74,2
0.7225,-0.0187,22.88,66.74,2
0.7304,0.0079,22.87,66.74,2
0.7553,0.0249,22.91,66.74,2
0.7438,-0.0114,22.87,66.75,2
0.7578,0.014,22.86,66.75,2
0.7714,0.0136,22.9,66.75,2
0.7658,-0.0056,22.97,66.76,2
0.7781,0.0123,22.96,66.76,2
0.7503,-0.0278,22.91,66.76,2
0.735,-0.0153,22.9,66.76,2
0.7562,0.0213,22.85,66.77,2
0.779,0.0228,22.89,66.77,2
0.7482,-0.0309,22.88,66.77,2
0.7456,-0.0026,22.87,66.77,2
0.7816,0.036,22.92,66.78,2
0.7486,-0.0331,22.86,66.78,2
0.722,-0.0266,22.87,66.78,2
0.7344,0.0124,22.88,66.78,2
0.7708,0.0364,22.87,66.78,2
0.7581,-0.0127,22.9,66.79,2
0.7362,-0.0219,22.89,66.79,2
0.7511,0.0149,22.83,66.79,2
0.7751,0.024,22.84,66.79,2
0.7825,0.0075,22.9,66.79,2
0.7867,0.0042,22.85,66.8,2
0.7898,0.0031,22.9,66.8,2
0.7568,-0.033,22.82,66.8,2
0.7614,0.0047,22.92,66.81,2
0.7182,-0.0432,22.91,66.81,2
0.7311,0.0129,22.96,66.81,2
0.7464,0.0153,22.9,66.81,2
0.7731,0.0267,22.98,66.81,2
0.7794,0.0063,22.98,66.81,2
0.7827,0.0033,23.0,66.82,2
0.7578,-0.0249,22.98,66.82,2
0.7628,0.005,22.96,66.82,2
0.7667,0.0039,23.08,66.82,2
0.7463,-0.0203,23.03,66.82,2
0.7598,0.0135,23.05,66.82,2
0.7729,0.0131,23.07,66.83,2
0.7483,-0.0246,23.11,66.83,2
0.7589,0.0106,23.11,66.83,2
0.7922,0.0332,23.17,66.83,2
0.7603,-0.0318,23.2,66.83,2
0.7491,-0.0112,23.25,66.83,2
0.7597,0.0106,23.21,66.83,2
0.7669,0.0072,23.16,66.84,2
0.7794,0.0125,23.09,66.84,2
0.7362,-0.0432,23.06,66.84,2
0.6883,-0.0479,23.01,66.84,2
0.669,-0.0193,22.9,66.83,2
0.6223,-0.0467,22.93,66.83,2
0.6095,-0.0128,22.84,66.82,2
0.6424,0.033,22.89,66.82,2
0.6766,0.0341,22.93,66.81,2
0.6918,0.0152,22.96,66.81,2
0.6691,-0.0226,22.9,66.81,2
0.6856,0.0164,22.91,66.81,2
0.6961,0.0105,22.91,66.81,2
0.7277,0.0317,22.87,66.81,2
0.7504,0.0227,22.88,66.81,2
0.6991,-0.0513,22.86,66.81,2
0.6927,-0.0064,22.85,66.81,2
0.686,-0.0067,22.84,66.8,2
0.7013,0.0153,22.83,66.8,2
0.7294,0.0281,22.79,66.8,2
0.7388,0.0094,22.8,66.8,2
0.7632,0.0243,22.72,66.81,2
0.7868,0.0236,22.82,66.81,2
0.7907,0.0039,22.83,66.81,2
0.7874,-0.0033,22.84,66.82,2
0.7585,-0.0289,22.84,66.82,2
0.7621,0.0036,22.91,66.82,2
0.7819,0.0198,22.85,66.82,2
0.7879,0.006,22.77,66.82,2
0.7892,0.0013,22.9,66.83,2
0.7984,0.0092,22.88,66.83,2
0.7971,-0.0013,22.91,66.83,2
0.7999,0.0028,22.84,66.84,2
0.7875,-0.0124,22.88,66.84,2
0.7479,-0.0397,22.99,66.84,2
0.6961,-0.0518,23.04,66.84,2
0.6853,-0.0107,23.01,66.84,2
0.7178,0.0325,23.06,66.84,2
0.6811,-0.0367,23.07,66.83,2
0.6592,-0.0219,23.1,66.83,2
0.6867,0.0276,23.1,66.83,2
0.6976,0.0109,23.09,66.83,2
0.7015,0.0039,23.05,66.82,2
0.7375,0.036,23.05,66.82,2
0.726,-0.0115,23.02,66.82,2
0.7345,0.0085,22.99,66.82,2
0.7582,0.0237,23.02,66.83,2
0.7825,0.0243,23.08,66.83,2
0.7737,-0.0088,23.03,66.83,2
0.7855,0.0118,23.09,66.83,2
0.7095,-0.076,23.08,66.83,2
0.7115,0.002,23.09,66.83,2
0.6946,-0.0168,23.1,66.83,2
0.7176,0.023,23.04,66.83,2
0.7077,-0.0099,22.97,66.83,2
0.7211,0.0134,22.94,66.83,2
0.7079,-0.0133,22.9,66.83,2
0.7043,-0.0035,22.88,66.82,2
0.7161,0.0117,22.97,66.82,2
0.7046,-0.0115,22.91,66.82,2
0.6833,-0.0213,22.87,66.82,2
0.7085,0.0253,22.9,66.82,2
0.7268,0.0182,22.94,66.82,2
0.736,0.0093,22.93,66.82,2
0.7154,-0.0207,22.91,66.82,2
0.7081,-0.0072,22.96,66.82,2
0.7232,0.015,23.01,66.82,2
0.7042,-0.019,23.02,66.82,2
0.6774,-0.0268,22.98,66.81,2
0.6212,-0.0562,22.88,66.81,2
0.6205,-0.0007,22.87,66.8,2
0.6553,0.0348,22.96,66.8,2
0.6885,0.0332,23.01,66.8,2
0.7073,0.0188,22.98,66.8,2
0.723,0.0157,22.97,66.8,2
0.7119,-0.0111,23.01,66.8,2
0.7196,0.0077,23.04,66.8,2
0.7134,-0.0062,23.05,66.8,2
0.726,0.0126,23.06,66.8,2
0.757,0.031,23.13,66.8,2
0.7756,0.0186,23.07,66.8,2
0.766,-0.0096,23.06,66.8,2
0.7943,0.0283,23.08,66.81,2
0.7418,-0.0524,23.02,66.81,2
0.7569,0.0151,23.13,66.81,2
0.7427,-0.0142,23.16,66.81,2
0.7627,0.02,23.18,66.81,2
0.7561,-0.0066,23.16,66.82,2
0.7726,0.0165,23.17,66.82,2
0.7914,0.0188,23.18,66.82,2
0.7364,-0.055,23.17,66.82,2
0.7466,0.0102,23.12,66.82,2
0.7599,0.0133,23.15,66.82,2
0.7509,-0.0091,23.17,66.82,2
0.7449,-0.006,23.14,66.83,2
0.7698,0.0249,23.03,66.83,2
0.7598,-0.0101,23.04,66.83,2
0.775,0.0153,23.0,66.83,2
0.7876,0.0126,23.03,66.83,2
0.7732,-0.0144,23.01,66.84,2
0.7794,0.0062,23.01,66.84,2
0.7751,-0.0043,22.97,66.84,2
0.7469,-0.0282,23.03,66.84,2
0.7369,-0.01,22.99,66.84,2
0.721,-0.0159,23.02,66.84,2
0.71,-0.011,23.07,66.84,2
0.699,-0.011,23.11,66.84,2
0.6711,-0.0278,23.15,66.83,2
0.6795,0.0083,23.17,66.83,2
0.6643,-0.0152,23.23,66.83,2
0.6881,0.0238,23.21,66.83,2
0.7146,0.0265,23.15,66.82,2
0.7175,0.0029,23.12,66.82,2
0.7052,-0.0123,23.1,66.82,2
0.7297,0.0245,23.17,66.82,2
0.7412,0.0115,23.12,66.82,2
0.7519,0.0107,23.04,66.82,2
0.7571,0.0052,23.04,66.83,2
0.7516,-0.0055,23.08,66.83,2
0.7426,-0.009,23.04,66.83,2
0.7667,0.0241,22.98,66.83,2
0.7385,-0.0281,22.98,66.83,2
0.7504,0.0119,22.98,66.83,2
0.7505,0.0001,22.96,66.83,2
0.764,0.0135,23.03,66.83,2
0.7841,0.0201,23.0,66.84,2
0.7666,-0.0175,22.98,66.84,2
0.7244,-0.0422,22.94,66.84,2
0.7331,0.0086,22.94,66.84,2
0.7548,0.0217,23.01,66.84,2
0.7616,0.0068,22.97,66.84,2
0.7392,-0.0224,22.93,66.84,2
0.7523,0.0131,22.94,66.84,2
0.7586,0.0063,22.93,66.84,2
0.7655,0.0068,23.02,66.84,2
0.751,-0.0145,23.06,66.84,2
0.7496,-0.0014,23.12,66.84,2
0.76,0.0105,23.24,66.85,2
0.7111,-0.049,23.22,66.84,2
0.7243,0.0132,23.17,66.84,2
0.6998,-0.0245,23.2,66.84,2
0.7236,0.0239,23.18,66.84,2
0.7389,0.0152,23.16,66.84,2
0.7413,0.0024,23.12,66.84,2
0.7127,-0.0286,23.04,66.84,2
0.7188,0.0061,22.99,66.84,2
0.7275,0.0087,22.97,66.84,2
0.7418,0.0142,22.97,66.84,2
0.7601,0.0183,22.93,66.84,2
0.7244,-0.0357,22.95,66.84,2
0.6697,-0.0546,23.06,66.84,2
0.6462,-0.0236,23.04,66.83,2
0.656,0.0099,22.97,66.83,2
0.6925,0.0365,22.86,66.83,2
0.7348,0.0422,22.79,66.83,2
0.7605,0.0258,22.9,66.83,2
0.7838,0.0233,22.97,66.83,2
0.7836,-0.0001,23.06,66.83,2
0.7782,-0.0055,23.07,66.84,2
0.7847,0.0066,23.17,66.84,2
0.77,-0.0147,23.13,66.84,2
0.7842,0.0142,23.11,66.84,2
0.8031,0.0189,23.03,66.85,2
0.7958,-0.0073,23.08,66.85,2
0.7406,-0.0552,23.11,66.85,2
0.6984,-0.0421,23.12,66.85,2
0.6838,-0.0146,23.12,66.84,2
0.6961,0.0123,23.09,66.84,2
0.7024,0.0063,23.02,66.84,2
0.7198,0.0174,22.91,66.84,2
0.6964,-0.0235,22.83,66.84,2
0.7081,0.0118,22.72,66.84,2
0.7346,0.0264,22.84,66.84,2
0.771,0.0365,22.87,66.84,2
0.7493,-0.0217,22.88,66.84,2
0.7587,0.0094,22.89,66.84,2
0.7436,-0.0151,22.89,66.84,2
0.7376,-0.006,22.88,66.84,2
0.7488,0.0112,22.87,66.84,2
0.7512,0.0024,22.88,66.84,2
0.7382,-0.013,22.94,66.84,2
0.7469,0.0087,22.91,66.84,2
0.7515,0.0046,22.92,66.84,2
0.7236,-0.0279,23.05,66.84,2
0.7091,-0.0145,23.05,66.84,2
0.7353,0.0262,23.08,66.84,2
0.745,0.0097,23.04,66.84,2
0.735,-0.01,23.07,66.84,2
0.7294,-0.0056,23.01,66.84,2
0.7532,0.0238,23.0,66.84,2
0.7548,0.0015,22.98,66.84,2
0.7467,-0.0081,22.99,66.84,2
0.72,-0.0266,22.97,66.84,2
0.7401,0.0201,22.96,66.84,2
0.7456,0.0055,22.86,66.84,2
0.7583,0.0127,22.87,66.84,2
0.7636,0.0053,22.88,66.84,2
0.7875,0.0239,22.87,66.85,2
0.7522,-0.0354,22.91,66.85,2
0.7625,0.0103,23.01,66.85,2
0.7701,0.0077,23.03,66.85,2
0.7353,-0.0349,23.06,66.85,2
0.713,-0.0223,23.05,66.85,2
0.6991,-0.0138,22.99,66.85,2
0.7217,0.0226,22.97,66.85,2
0.7511,0.0294,23.0,66.85,2
0.7431,-0.008,23.03,66.85,2
0.755,0.0119,23.04,66.85,2
0.7581,0.0031,23.03,66.85,2
0.7514,-0.0067,23.03,66.85,2
0.7363,-0.0151,22.99,66.85,2
0.6883,-0.048,22.94,66.85,2
0.684,-0.0043,22.9,66.84,2
0.691,0.007,22.88,66.84,2
0.7102,0.0193,22.91,66.84,2
0.6835,-0.0268,22.93,66.84,2
0.6885,0.0051,22.93,66.84,2
0.6552,-0.0334,22.91,66.83,2
0.675,0.0198,22.98,66.83,2
0.7148,0.0398,23.05,66.83,2
0.6792,-0.0356,23.09,66.83,2
0.6998,0.0206,23.05,66.82,2
0.7183,0.0185,22.97,66.82,2
0.728,0.0097,23.03,66.82,2
0.7368,0.0088,23.02,66.82,2
0.7427,0.0059,23.08,66.82,2
0.7507,0.008,23.09,66.83,2
0.7561,0.0054,23.1,66.83,2
0.7166,-0.0396,23.18,66.83,2
0.7217,0.0051,23.17,66.83,2
0.6827,-0.0391,23.16,66.82,2
0.6908,0.0082,23.05,66.82,2
0.6783,-0.0125,23.04,66.82,2
0.6881,0.0097,23.01,66.82,2
0.7097,0.0217,23.02,66.82,2
0.7195,0.0098,23.07,66.82,2
0.723,0.0035,23.01,66.82,2
0.7314,0.0084,23.0,66.82,2
0.7298,-0.0016,22.94,66.82,2
0.7093,-0.0205,22.9,66.81,2
0.7,-0.0093,22.84,66.81,2
0.6907,-0.0094,22.85,66.81,2
0.6794,-0.0113,22.84,66.81,2
0.6531,-0.0262,22.8,66.81,2
0.6446,-0.0085,22.74,66.8,2
0.6735,0.0288,22.75,66.8,2
0.7068,0.0333,22.8,66.8,2
0.7037,-0.003,22.8,66.8,2
0.7281,0.0244,22.82,66.8,2
0.726,-0.0021,22.93,66.8,2
0.7416,0.0157,22.93,66.8,2
0.7483,0.0067,23.04,66.8,2
0.7309,-0.0174,23.05,66.8,2
0.7235,-0.0074,23.07,66.8,2
0.6984,-0.0251,23.01,66.8,2
0.6857,-0.0127,22.98,66.8,2
0.7102,0.0245,23.08,66.8,2
0.7173,0.0071,23.09,66.8,2
0.728,0.0107,23.1,66.8,2
0.6665,-0.0614,23.03,66.8,2
0.6583,-0.0083,23.07,66.79,2
0.6943,0.0361,23.04,66.79,2
0.6783,-0.016,23.0,66.79,2
0.7103,0.0319,23.02,66.79,2
0.7246,0.0143,23.0,66.79,2
0.7247,0.0001,23.04,66.79,2
0.7397,0.015,23.06,66.79,2
0.7535,0.0137,23.11,66.79,2
0.756,0.0026,23.04,66.8,2
0.7744,0.0184,23.0,66.8,2
0.7786,0.0042,22.91,66.8,2
0.7864,0.0079,22.9,66.8,2
0.7469,-0.0395,22.93,66.81,2
0.7349,-0.012,23.01,66.81,2
0.7635,0.0286,23.11,66.81,2
0.6994,-0.0641,23.07,66.81,2
0.7049,0.0054,23.03,66.81,2
0.6756,-0.0293,23.04,66.8,2
0.6662,-0.0094,23.06,66.8,2
0.6783,0.0121,23.04,66.8,2
0.6496,-0.0287,22.89,66.8,2
0.6804,0.0308,22.92,66.79,2
0.6777,-0.0027,22.91,66.79,2
0.7101,0.0324,22.93,66.79,2
0.6775,-0.0326,22.98,66.79,2
0.69,0.0125,22.98,66.79,2
0.714,0.024,22.87,66.79,2
0.7289,0.015,22.91,66.79,2
0.7422,0.0133,22.99,66.79,2
0.7191,-0.0232,23.05,66.79,2
0.6863,-0.0327,22.96,66.79,2
0.6937,0.0074,22.92,66.79,2
0.7199,0.0262,23.03,66.79,2
0.6703,-0.0496,23.1,66.79,2
0.4884,-0.182,23.01,66.77,2
0.5716,0.0832,23.01,66.77,2
0.6376,0.0661,23.03,66.76,2
0.6407,0.0031,23.0,66.76,2
0.6379,-0.0028,23.03,66.76,2
0.6525,0.0146,22.99,66.76,2
0.611,-0.0415,22.99,66.75,2
0.5966,-0.0144,22.93,66.75,2
0.6085,0.0119,22.91,66.74,2
0.5623,-0.0462,22.88,66.73,2
0.6015,0.0392,22.84,66.73,2
0.6328,0.0312,22.96,66.73,2
0.6402,0.0074,22.92,66.72,2
0.589,-0.0512,22.97,66.72,2
0.6114,0.0223,22.93,66.72,2
0.6051,-0.0063,22.95,66.71,2
0.617,0.0119,22.78,66.71,2
0.6146,-0.0023,22.84,66.7,2
0.6283,0.0137,22.9,66.7,2
0.6744,0.0461,22.91,66.7,2
0.6737,-0.0007,22.9,66.7,2
0.6475,-0.0262,22.87,66.7,2
0.6367,-0.0108,22.78,66.7,2
0.6665,0.0298,22.78,66.7,2
0.6051,-0.0614,22.74,66.69,2
0.5679,-0.0372,22.7,66.69,2
0.5733,0.0054,22.78,66.68,2
0.5934,0.0201,22.79,66.68,2
0.6381,0.0447,22.77,66.68,2
0.6341,-0.004,22.83,66.67,2
0.6443,0.0102,22.84,66.67,2
0.6741,0.0298,22.82,66.67,2
0.6726,-0.0016,22.9,66.67,2
0.6706,-0.002,22.83,66.67,2
0.6709,0.0003,22.82,66.67,2
0.6626,-0.0083,22.78,66.67,2
0.6509,-0.0117,22.84,66.67,2
0.6302,-0.0206,22.83,66.67,2
0.6351,0.0049,22.76,66.67,2
0.6533,0.0182,22.71,66.67,2
0.632,-0.0213,22.7,66.67,2
0.6706,0.0386,22.75,66.67,2
0.6726,0.002,22.77,66.67,2
0.6766,0.004,22.69,66.67,2
0.6836,0.0069,22.7,66.67,2
0.7054,0.0218,22.7,66.67,2
0.7366,0.0312,22.72,66.67,2
0.7514,0.0148,22.71,66.68,2
0.7761,0.0247,22.72,66.68,2
0.7732,-0.0029,22.75,66.69,2
0.7694,-0.0039,22.7,66.69,2
0.733,-0.0363,22.75,66.7,2
0.7043,-0.0288,22.66,66.7,2
0.6798,-0.0244,22.65,66.7,2
0.6684,-0.0114,22.77,66.7,2
0.688,0.0196,22.82,66.7,2
0.6568,-0.0312,22.87,66.7,2
0.6702,0.0134,22.81,66.7,2
0.7084,0.0382,22.75,66.7,2
0.6871,-0.0213,22.79,66.7,2
0.6952,0.0081,22.79,66.7,2
0.7342,0.039,22.74,66.7,2
0.7098,-0.0244,22.78,66.7,2
0.6699,-0.04,22.74,66.7,2
0.6679,-0.0019,22.74,66.7,2
0.6876,0.0197,22.75,66.7,2
0.6227,-0.0648,22.73,66.7,2
0.6055,-0.0173,22.75,66.7,2
0.6019,-0.0035,22.7,66.69,2
0.6225,0.0206,22.76,66.69,2
0.5942,-0.0283,22.86,66.68,2
0.5917,-0.0025,22.8,66.68,2
0.569,-0.0227,22.77,66.68,2
0.5671,-0.0019,22.82,66.67,2
0.5688,0.0018,22.88,66.67,2
0.5687,-0.0001,22.84,66.66,2
0.5909,0.0222,22.8,66.66,2
0.5679,-0.023,22.83,66.65,2
0.5742,0.0063,22.78,66.65,2
0.5876,0.0135,22.83,66.64,2
0.6199,0.0323,22.91,66.64,2
0.6149,-0.005,22.88,66.64,2
0.647,0.0321,22.85,66.64,2
0.6173,-0.0297,22.83,66.64,2
0.6145,-0.0028,22.78,66.64,2
0.5873,-0.0272,22.73,66.63,2
0.6049,0.0176,22.78,66.63,2
0.6348,0.0299,22.78,66.63,2
0.6147,-0.0201,22.71,66.63,2
0.5986,-0.0161,22.55,66.62,2
0.6118,0.0133,22.57,66.62,2
0.659,0.0472,22.63,66.62,2
0.642,-0.017,22.61,66.62,2
0.6411,-0.0009,22.55,66.62,2
0.6286,-0.0124,22.64,66.62,2
0.5954,-0.0332,22.66,66.62,2
0.6125,0.0171,22.75,66.62,2
0.6181,0.0056,22.83,66.62,2
0.5909,-0.0273,22.77,66.61,2
0.5638,-0.0271,22.75,66.61,2
0.5428,-0.0209,22.71,66.6,2
0.5474,0.0045,22.71,66.6,2
0.5765,0.0291,22.7,66.6,2
0.595,0.0186,22.61,66.59,2
0.5906,-0.0045,22.51,66.59,2
0.5985,0.008,22.59,66.59,2
0.5795,-0.0191,22.67,66.59,2
0.5679,-0.0115,22.61,66.58,2
0.5548,-0.0131,22.54,66.58,2
0.5291,-0.0258,22.46,66.57,2
0.5451,0.016,22.46,66.57,2
0.5409,-0.0042,22.44,66.57,2
0.5767,0.0358,22.51,66.56,2
0.6039,0.0272,22.48,66.56,2
0.4334,-0.1705,22.78,66.59,1
0.501,0.0676,23.15,66.63,1
0.5132,0.0122,23.11,66.62,2
0.5519,0.0387,23.0,66.61,2
0.5374,-0.0144,23.02,66.61,2
0.561,0.0236,22.89,66.6,2
0.3987,-0.1623,23.05,66.63,1
0.48,0.0813,23.26,66.66,1
0.573,0.0931,23.16,66.66,2
0.5795,0.0064,23.15,66.65,2
0.5785,-0.001,23.14,66.65,2
0.58,0.0014,23.19,66.65,2
0.6249,0.0449,23.12,66.64,2
0.6567,0.0318,23.14,66.64,2
0.6571,0.0005,23.18,66.64,2
0.6149,-0.0423,23.12,66.64,2
0.5766,-0.0383,23.07,66.64,2
0.5643,-0.0123,23.03,66.63,2
0.597,0.0327,22.99,66.63,2
0.5957,-0.0012,22.96,66.63,2
0.5866,-0.0091,23.08,66.63,2
0.5456,-0.041,23.0,66.62,2
0.5239,-0.0217,23.03,66.61,2
0.5075,-0.0164,22.94,66.61,2
0.5089,0.0014,23.0,66.6,2
0.5266,0.0177,22.9,66.59,2
0.529,0.0024,22.9,66.59,2
0.488,-0.041,22.76,66.58,2
0.4765,-0.0115,22.77,66.57,2
0.491,0.0145,22.79,66.57,2
0.4969,0.0058,22.72,66.56,2
0.5191,0.0222,22.67,66.56,2
0.5391,0.02,22.59,66.55,2
0.5708,0.0317,22.62,66.55,2
0.56,-0.0108,22.65,66.55,2
0.5323,-0.0277,22.71,66.54,2
0.526,-0.0063,22.66,66.54,2
0.5114,-0.0146,22.57,66.53,2
0.5172,0.0059,22.59,66.53,2
0.5529,0.0357,22.61,66.52,2
0.5473,-0.0057,22.75,66.52,2
0.5557,0.0084,22.71,66.52,2
0.5539,-0.0018,22.59,66.52,2
0.5275,-0.0264,22.52,66.51,2
0.5561,0.0286,22.47,66.51,2
0.5504,-0.0057,22.45,66.51,2
0.5597,0.0093,22.46,66.5,2
0.5162,-0.0435,22.45,66.5,2
0.5432,0.027,22.44,66.5,2
0.5652,0.0221,22.4,66.5,2
0.5429,-0.0223,22.36,66.49,2
0.5159,-0.0271,22.4,66.49,2
0.5316,0.0157,22.41,66.49,2
0.5549,0.0234,22.44,66.48,2
0.5763,0.0214,22.5,66.48,2
0.6183,0.0421,22.41,66.48,2
0.6112,-0.0071,22.37,66.48,2
0.5982,-0.013,22.33,66.49,2
0.549,-0.0492,22.35,66.48,2
0.5711,0.022,22.34,66.48,2
0.5672,-0.0038,22.33,66.48,2
0.5293,-0.038,22.39,66.48,2
0.4914,-0.0378,22.46,66.47,2
0.4951,0.0037,22.47,66.47,2
0.5051,0.01,22.42,66.46,2
0.466,-0.0391,22.38,66.46,2
0.4752,0.0091,22.4,66.45,2
0.5103,0.0351,22.44,66.45,2
0.5552,0.0449,22.51,66.45,2
0.6048,0.0496,22.47,66.45,2
0.5915,-0.0133,22.44,66.45,2
0.6327,0.0412,22.43,66.45,2
0.5924,-0.0402,22.34,66.45,2
0.6025,0.0101,22.33,66.45,2
0.5812,-0.0213,22.41,66.45,2
0.5848,0.0036,22.48,66.45,2
0.5492,-0.0356,22.42,66.45,2
0.5602,0.011,22.37,66.45,2
0.5424,-0.0178,22.43,66.45,2
0.5482,0.0058,22.43,66.45,2
0.5612,0.013,22.5,66.45,2
0.5835,0.0223,22.52,66.45,2
0.5757,-0.0078,22.48,66.45,2
0.5659,-0.0098,22.48,66.45,2
0.5573,-0.0086,22.48,66.45,2
0.6075,0.0501,22.48,66.45,2
0.5947,-0.0127,22.53,66.45,2
0.5872,-0.0076,22.46,66.45,2
0.5652,-0.0219,22.47,66.45,2
0.5363,-0.029,22.41,66.45,2
0.5178,-0.0185,22.36,66.44,2
0.5196,0.0018,22.42,66.44,2
0.5204,0.0008,22.41,66.44,2
0.5288,0.0083,22.45,66.43,2
0.3769,-0.1518,22.79,66.46,1
0.4091,0.0321,23.01,66.5,1
0.4671,0.058,22.99,66.49,2
0.5104,0.0433,22.93,66.48,2
0.5347,0.0244,22.9,66.48,2
0.5067,-0.028,22.82,66.48,2
0.5054,-0.0013,22.79,66.47,2
0.5012,-0.0042,22.91,66.47,2
0.481,-0.0203,22.79,66.46,2
0.4905,0.0096,22.85,66.46,2
0.5321,0.0415,22.81,66.46,2
0.3788,-0.1533,23.0,66.49,1
0.4048,0.026,23.22,66.52,1
0.4155,0.0107,23.4,66.55,1
0.4321,0.0166,23.66,66.58,1
0.429,-0.0031,23.83,66.61,1
0.4139,-0.015,24.08,66.64,1
0.4413,0.0274,24.21,66.67,1
0.5078,0.0664,24.13,66.66,2
0.3563,-0.1515,23.89,66.64,2
0.389,0.0327,24.04,66.67,1
0.4142,0.0252,24.14,66.7,1
0.4677,0.0535,23.98,66.69,2
0.4553,-0.0124,23.81,66.67,2
0.4441,-0.0112,23.94,66.7,1
0.437,-0.0071,24.06,66.73,1
0.4455,0.0086,24.28,66.76,1
0.4694,0.0239,24.13,66.75,2
0.5114,0.0419,24.01,66.74,2
0.359,-0.1523,24.16,66.76,1
0.4111,0.0521,24.35,66.79,1
0.4655,0.0543,24.19,66.77,2
0.4982,0.0328,23.98,66.76,2
0.5354,0.0372,23.77,66.75,2
0.5626,0.0272,23.66,66.75,2
0.5697,0.0071,23.55,66.74,2
0.4069,-0.1628,23.82,66.77,1
0.4503,0.0435,23.94,66.79,1
0.324,-0.1263,24.06,66.81,1
0.2445,-0.0795,24.42,66.86,0
0.2939,0.0494,24.76,66.91,0
0.3763,0.0824,24.86,66.93,1
0.4201,0.0438,24.95,66.95,1
0.2895,-0.1307,25.0,66.97,1
0.3462,0.0567,25.07,66.98,1
0.3774,0.0313,25.17,67.0,1
0.3847,0.0073,25.27,67.02,1
0.2592,-0.1255,25.61,67.07,0
0.3261,0.0668,25.89,67.11,0
0.3843,0.0582,25.79,67.13,1
0.4507,0.0665,25.75,67.15,1
0.4437,-0.007,25.74,67.17,1
0.475,0.0313,25.4,67.15,2
0.4988,0.0238,25.18,67.13,2
0.5063,0.0075,24.9,67.11,2
0.3544,-0.1519,25.01,67.13,1
0.4043,0.0499,25.11,67.14,1
0.4403,0.036,25.16,67.16,1
0.3081,-0.1322,25.15,67.18,1
0.3727,0.0646,25.18,67.19,1
0.3687,-0.004,25.24,67.21,1
0.3915,0.0227,25.2,67.22,1
0.4083,0.0168,25.13,67.24,1
0.4327,0.0244,25.2,67.25,1
0.2947,-0.138,25.2,67.26,1
0.3181,0.0233,25.25,67.27,1
0.3592,0.0411,25.26,67.29,1
0.3833,0.0242,25.28,67.3,1
0.3666,-0.0167,25.32,67.31,1
0.3744,0.0078,25.35,67.32,1
0.2462,-0.1283,25.64,67.36,0
0.315,0.0689,25.93,67.4,0
0.3661,0.0511,25.9,67.41,1
0.3923,0.0262,25.95,67.42,1
0.3985,0.0063,25.95,67.43,1
0.4167,0.0182,25.92,67.44,1
0.4316,0.0149,25.9,67.46,1
0.4253,-0.0063,25.91,67.47,1
0.4097,-0.0156,25.93,67.48,1
0.278,-0.1317,26.09,67.51,0
0.3341,0.0561,26.31,67.55,0
0.3608,0.0268,26.21,67.56,1
0.3916,0.0308,26.2,67.57,1
0.2655,-0.1261,26.37,67.6,0
0.3043,0.0389,26.62,67.63,0
0.3424,0.038,26.53,67.64,1
0.3777,0.0353,26.45,67.64,1
0.413,0.0353,26.42,67.65,1
0.454,0.041,25.96,67.62,2
0.438,-0.0159,25.63,67.59,2
0.469,0.031,25.36,67.56,2
0.3246,-0.1444,25.4,67.57,1
0.393,0.0684,25.49,67.57,1
0.4246,0.0316,25.58,67.58,1
0.2952,-0.1295,25.65,67.59,1
0.3545,0.0594,25.66,67.59,1
0.371,0.0165,25.62,67.6,1
0.4217,0.0507,25.62,67.61,1
0.2884,-0.1333,25.66,67.61,1
0.354,0.0656,25.67,67.62,1
0.3814,0.0274,25.61,67.62,1
0.2593,-0.1221,25.87,67.65,0
0.187,-0.0723,26.03,67.68,0
0.2616,0.0746,26.32,67.71,0
0.3317,0.0701,26.17,67.71,1
0.3707,0.039,26.08,67.72,1
0.3844,0.0137,26.12,67.72,1
0.3971,0.0128,26.16,67.73,1
0.269,-0.1281,26.25,67.76,0
0.1948,-0.0742,26.43,67.78,0
0.2566,0.0619,26.59,67.81,0
0.332,0.0753,26.51,67.81,1
0.3544,0.0224,26.37,67.81,1
0.2357,-0.1187,26.56,67.84,0
0.2823,0.0466,26.76,67.86,0
0.3319,0.0496,26.58,67.86,1
0.3593,0.0274,26.47,67.86,1
0.3582,-0.0012,26.43,67.86,1
0.374,0.0159,26.34,67.86,1
0.2488,-0.1253,26.61,67.89,0
0.2872,0.0384,26.68,67.92,0
0.3298,0.0426,26.6,67.91,1
0.2184,-0.1113,26.46,67.91,1
0.2823,0.0639,26.38,67.9,1
0.3357,0.0534,26.27,67.9,1
0.3681,0.0323,26.16,67.9,1
0.4072,0.0392,26.18,67.9,1
0.3925,-0.0147,26.08,67.91,1
0.3779,-0.0147,26.13,67.91,1
0.4104,0.0325,26.1,67.91,1
0.2766,-0.1338,26.3,67.93,0
0.3236,0.047,26.52,67.96,0
0.2205,-0.1032,26.59,67.98,0
0.2647,0.0443,26.83,68.01,0
0.2954,0.0307,26.71,68.0,1
0.3264,0.031,26.77,68.0,1
0.3316,0.0052,26.74,68.0,1
0.3331,0.0015,26.6,67.99,1
0.2133,-0.1198,26.81,68.01,0
0.2589,0.0455,26.95,68.04,0
0.167,-0.0919,27.12,68.05,0
0.2229,0.0559,27.19,68.07,0
0.3422,0.1193,27.09,68.07,1
0.3705,0.0283,26.85,68.07,1
0.4104,0.0399,26.89,68.07,1
0.2775,-0.1329,27.0,68.09,0
0.3368,0.0593,27.15,68.11,0
0.3699,0.0331,26.94,68.11,1
0.2504,-0.1195,26.84,68.1,1
0.2852,0.0348,26.7,68.09,1
0.1905,-0.0947,26.85,68.11,0
0.2558,0.0652,26.92,68.13,0
0.2791,0.0234,27.15,68.15,0
0.1772,-0.1019,27.28,68.17,0
0.2654,0.0882,27.36,68.19,0
0.3359,0.0705,27.24,68.18,1
0.4051,0.0692,27.03,68.18,1
0.4386,0.0335,26.99,68.18,1
0.2988,-0.1399,26.9,68.17,1
0.2152,-0.0835,27.1,68.18,0
0.1623,-0.0529,27.26,68.2,0
0.2593,0.097,27.44,68.22,0
0.1775,-0.0817,27.58,68.23,0
0.1286,-0.049,27.66,68.24,0
0.2025,0.0739,27.78,68.26,0
0.2929,0.0904,27.64,68.25,1
0.1899,-0.103,27.53,68.23,1
0.2608,0.0709,27.59,68.25,0
0.169,-0.0918,27.72,68.26,0
0.2313,0.0623,27.91,68.28,0
0.1463,-0.0849,27.99,68.29,0
0.0984,-0.0479,27.96,68.3,0
0.0701,-0.0284,28.01,68.31,0
0.1573,0.0872,28.08,68.32,0
0.0945,-0.0628,28.13,68.33,0
0.0603,-0.0341,28.17,68.34,0
0.0411,-0.0193,28.23,68.34,0
0.1996,0.1586,28.26,68.35,0
0.1284,-0.0712,28.3,68.36,0
0.0874,-0.041,28.26,68.37,0
0.0625,-0.0249,28.33,68.38,0
0.1616,0.099,28.33,68.39,0
0.2165,0.0549,28.38,68.4,0
0.2596,0.0432,28.42,68.42,0
0.3261,0.0665,28.19,68.4,1
0.2066,-0.1195,27.96,68.39,1
0.2591,0.0525,27.99,68.4,0
0.1649,-0.0941,28.0,68.41,0
0.2315,0.0666,28.02,68.42,0
0.2642,0.0326,28.13,68.44,0
0.306,0.0419,27.98,68.43,1
0.3608,0.0548,27.76,68.41,1
0.3948,0.034,27.55,68.41,1
0.4285,0.0337,27.4,68.4,1
0.2898,-0.1386,27.31,68.39,1
0.3755,0.0857,27.15,68.38,1
0.3735,-0.002,26.97,68.37,1
0.2516,-0.1219,27.1,68.38,0
0.3148,0.0632,27.22,68.4,0
0.3355,0.0207,27.01,68.39,1
0.3515,0.016,26.86,68.38,1
0.3534,0.0018,26.82,68.37,1
0.3466,-0.0068,26.69,68.36,1
0.3868,0.0402,26.61,68.35,1
0.409,0.0222,26.64,68.35,1
0.3992,-0.0099,26.66,68.34,1
0.2661,-0.1331,26.79,68.36,0
0.1888,-0.0772,26.98,68.37,0
0.1414,-0.0474,27.13,68.38,0
0.1105,-0.031,27.14,68.39,0
0.224,0.1135,27.2,68.4,0
0.2609,0.0369,27.37,68.41,0
0.3051,0.0442,27.22,68.4,1
0.3462,0.0411,27.13,68.39,1
0.2264,-0.1198,27.26,68.4,0
0.2932,0.0668,27.36,68.42,0
0.3164,0.0231,27.25,68.41,1
0.206,-0.1104,27.07,68.39,1
0.1432,-0.0628,27.17,68.4,0
0.243,0.0998,27.27,68.41,0
0.1615,-0.0815,27.32,68.42,0
0.2317,0.0702,27.45,68.44,0
0.2646,0.033,27.7,68.45,0
0.2911,0.0264,27.55,68.44,1
0.1817,-0.1094,27.41,68.42,1
0.2362,0.0545,27.5,68.43,0
0.2872,0.0509,27.74,68.45,0
0.3072,0.02,27.65,68.43,1
0.1944,-0.1128,27.41,68.41,1
0.1316,-0.0627,27.43,68.42,0
0.2525,0.1209,27.56,68.44,0
0.1683,-0.0842,27.61,68.45,0
0.1192,-0.0492,27.62,68.45,0
0.1913,0.0721,27.69,68.46,0
0.2305,0.0393,27.74,68.48,0
0.2587,0.0282,27.87,68.49,0
0.1563,-0.1024,27.85,68.5,0
0.2309,0.0746,28.0,68.51,0
0.2827,0.0519,27.79,68.49,1
0.1776,-0.1052,27.55,68.47,1
0.119,-0.0586,27.54,68.48,0
0.1897,0.0708,27.7,68.49,0
0.1176,-0.0722,27.85,68.49,0
0.0778,-0.0397,27.96,68.5,0
0.18,0.1021,28.03,68.51,0
0.2233,0.0433,28.05,68.52,0
0.1338,-0.0895,28.12,68.52,0
0.2206,0.0868,28.19,68.53,0
0.2835,0.0629,27.98,68.52,1
0.1793,-0.1041,27.73,68.5,1
0.1211,-0.0582,27.89,68.5,0
0.087,-0.0341,27.89,68.51,0
0.1957,0.1088,28.02,68.52,0
0.1257,-0.0701,28.04,68.52,0
0.2135,0.0878,28.16,68.53,0
0.1343,-0.0792,28.16,68.54,0
0.09,-0.0444,28.28,68.54,0
0.1964,0.1064,28.26,68.55,0
0.2641,0.0677,28.38,68.56,0
0.2826,0.0184,28.14,68.55,1
0.3646,0.0821,27.92,68.53,1
0.2389,-0.1258,28.01,68.55,0
0.1663,-0.0726,28.08,68.55,0
0.1221,-0.0442,28.17,68.56,0
0.216,0.0939,28.31,68.57,0
0.2815,0.0656,28.01,68.55,1
0.3317,0.0501,27.89,68.54,1
0.3438,0.0122,27.73,68.52,1
0.356,0.0122,27.58,68.51,1
0.3645,0.0084,27.38,68.5,1
0.3774,0.013,27.2,68.49,1
0.2516,-0.1259,27.32,68.5,0
0.1798,-0.0718,27.48,68.51,0
0.1364,-0.0434,27.63,68.52,0
0.2459,0.1095,27.76,68.53,0
0.169,-0.0769,27.87,68.54,0
0.2563,0.0873,27.92,68.55,0
0.2791,0.0228,28.11,68.56,0
0.3209,0.0418,28.03,68.55,1
0.2067,-0.1142,27.83,68.52,1
0.2522,0.0455,27.8,68.54,0
0.2832,0.0309,27.9,68.55,0
0.3133,0.0301,27.72,68.53,1
0.1995,-0.1138,27.47,68.51,1
0.266,0.0665,27.62,68.53,0
0.1727,-0.0933,27.63,68.54,0
0.2272,0.0545,27.7,68.55,0
0.3098,0.0826,27.51,68.53,1
0.2005,-0.1093,27.42,68.51,1
0.138,-0.0625,27.45,68.52,0
0.2104,0.0723,27.49,68.53,0
0.2741,0.0637,27.6,68.54,0
0.2938,0.0197,27.45,68.52,1
0.2964,0.0026,27.31,68.51,1
0.1839,-0.1126,27.46,68.52,0
0.2245,0.0406,27.6,68.53,0
0.1383,-0.0861,27.74,68.53,0
0.0913,-0.0471,27.87,68.54,0
0.2019,0.1106,27.86,68.55,0
0.2788,0.0769,28.02,68.56,0
0.1801,-0.0987,28.17,68.57,0
0.232,0.0519,28.27,68.58,0
0.1476,-0.0845,28.34,68.58,0
0.1006,-0.047,28.32,68.59,0
0.2082,0.1075,28.37,68.6,0
0.1341,-0.074,28.39,68.6,0
0.1997,0.0656,28.46,68.61,0
0.1233,-0.0765,28.47,68.61,0
0.1838,0.0605,28.41,68.62,0
0.1092,-0.0746,28.46,68.62,0
0.0692,-0.04,28.42,68.62,0
0.0469,-0.0223,28.39,68.62,0
0.1364,0.0895,28.4,68.63,0
0.1931,0.0567,28.38,68.64,0
0.1096,-0.0835,28.47,68.64,0
0.0658,-0.0438,28.5,68.64,0
0.1447,0.0789,28.49,68.64,0
0.2146,0.0699,28.53,68.65,0
0.2737,0.0591,28.62,68.66,0
0.2816,0.0079,28.33,68.64,1
0.1727,-0.1088,28.18,68.62,1
0.2187,0.046,28.27,68.63,0
0.1343,-0.0844,28.37,68.63,0
0.0886,-0.0457,28.37,68.63,0
0.2152,0.1266,28.46,68.64,0
0.2754,0.0601,28.57,68.65,0
0.3182,0.0428,28.28,68.63,1
0.3459,0.0277,28.1,68.62,1
0.371,0.0252,27.95,68.61,1
0.3703,-0.0007,27.8,68.59,1
0.2452,-0.1251,27.9,68.6,0
0.314,0.0687,28.07,68.62,0
0.213,-0.1009,28.15,68.62,0
0.154,-0.059,28.26,68.63,0
0.2724,0.1184,28.34,68.64,0
0.1871,-0.0852,28.38,68.65,0
0.2713,0.0841,28.43,68.66,0
0.182,-0.0892,28.4,68.66,0
0.1297,-0.0523,28.46,68.67,0
0.0972,-0.0325,28.51,68.67,0
0.0758,-0.0214,28.58,68.67,0
0.1983,0.1225,28.63,68.68,0
0.1297,-0.0686,28.67,68.68,0
0.0903,-0.0395,28.6,68.68,0
0.0663,-0.024,28.62,68.68,0
0.1833,0.117,28.58,68.68,0
0.2678,0.0845,28.68,68.69,0
0.304,0.0363,28.48,68.68,1
0.195,-0.109,28.3,68.65,1
0.2539,0.0588,28.39,68.66,0
0.2722,0.0183,28.41,68.67,0
0.3086,0.0364,28.12,68.65,1
0.1947,-0.114,27.95,68.63,1
0.2435,0.0489,28.05,68.64,0
0.1538,-0.0898,28.08,68.65,0
0.1036,-0.0501,28.14,68.65,0
0.2093,0.1056,28.2,68.65,0
0.134,-0.0752,28.24,68.66,0
0.2089,0.0748,28.32,68.67,0
0.1299,-0.0789,28.43,68.67,0
0.2386,0.1086,28.47,68.68,0
0.1525,-0.086,28.42,68.68,0
0.2059,0.0534,28.54,68.69,0
0.1259,-0.08,28.58,68.69,0
0.1868,0.0609,28.54,68.7,0
0.1103,-0.0764,28.57,68.7,0
0.1841,0.0738,28.62,68.7,0
0.108,-0.0761,28.66,68.7,0
0.0671,-0.0409,28.67,68.7,0
0.1568,0.0897,28.75,68.71,0
0.2023,0.0456,28.75,68.71,0
0.2292,0.0269,28.67,68.72,0
0.1315,-0.0978,28.7,68.72,0
0.0799,-0.0515,28.78,68.72,0
0.052,-0.0279,28.8,68.72,0
0.0362,-0.0158,28.84,68.72,0
0.1393,0.1031,28.82,68.72,0
0.0809,-0.0585,28.8,68.72,0
0.0498,-0.031,28.79,68.72,0
0.0328,-0.017,28.68,68.72,0
0.1256,0.0928,28.72,68.72,0
0.0692,-0.0564,28.83,68.72,0
0.155,0.0858,28.83,68.72,0
0.0866,-0.0684,28.77,68.72,0
0.0508,-0.0358,28.62,68.72,0
0.0316,-0.0192,28.53,68.72,0
0.1234,0.0919,28.59,68.72,0
0.0668,-0.0567,28.55,68.72,0
0.1401,0.0733,28.54,68.72,0
0.1846,0.0445,28.58,68.72,0
0.0992,-0.0854,28.56,68.72,0
0.0553,-0.0439,28.62,68.72,0
0.0325,-0.0229,28.7,68.72,0
0.0202,-0.0122,28.66,68.72,0
0.0135,-0.0067,28.59,68.71,0
0.1246,0.1111,28.7,68.71,0
0.206,0.0814,28.74,68.72,0
0.1211,-0.0849,28.73,68.72,0
0.2157,0.0946,28.71,68.73,0
0.2488,0.0331,28.67,68.74,0
0.2701,0.0213,28.65,68.75,0
0.1632,-0.1068,28.64,68.75,0
0.1052,-0.0581,28.62,68.75,0
0.1948,0.0897,28.61,68.75,0
0.2496,0.0548,28.73,68.76,0
0.2654,0.0158,28.7,68.77,0
0.1607,-0.1047,28.7,68.77,0
0.2337,0.0731,28.73,68.78,0
0.1455,-0.0882,28.76,68.78,0
0.0965,-0.049,28.7,68.78,0
0.068,-0.0285,28.64,68.78,0
0.1655,0.0975,28.66,68.78,0
0.1011,-0.0644,28.71,68.78,0
0.0657,-0.0353,28.71,68.78,0
0.1705,0.1048,28.66,68.78,0
0.1033,-0.0672,28.68,68.78,0
0.0665,-0.0368,28.65,68.78,0
0.153,0.0865,28.65,68.78,0
0.2747,0.1217,28.66,68.79,0
0.1734,-0.1013,28.66,68.79,0
0.2408,0.0674,28.64,68.8,0
0.1515,-0.0893,28.76,68.8,0
0.2483,0.0969,28.84,68.8,0
0.3042,0.0559,28.52,68.78,1
0.1961,-0.1081,28.29,68.76,1
0.1345,-0.0616,28.25,68.76,0
0.2,0.0655,28.4,68.76,0
0.2588,0.0588,28.42,68.77,0
0.2923,0.0335,28.19,68.75,1
0.1824,-0.1098,27.94,68.73,1
0.1213,-0.0611,27.99,68.73,0
0.0857,-0.0356,28.03,68.73,0
0.1763,0.0906,28.1,68.73,0
0.1094,-0.0669,28.13,68.73,0
0.0724,-0.037,28.18,68.73,0
0.051,-0.0214,28.16,68.73,0
0.1604,0.1094,28.2,68.73,0
0.0974,-0.063,28.23,68.73,0
0.0629,-0.0345,28.25,68.73,0
0.1783,0.1153,28.3,68.73,0
0.1094,-0.0688,28.33,68.74,0
0.1738,0.0644,28.39,68.74,0
0.2205,0.0467,28.51,68.75,0
0.2685,0.048,28.55,68.75,0
0.1614,-0.1071,28.61,68.76,0
0.1029,-0.0585,28.52,68.76,0
0.1897,0.0868,28.63,68.76,0
0.2559,0.0663,28.67,68.77,0
0.2719,0.016,28.62,68.78,0
0.2802,0.0083,28.33,68.76,1
0.2911,0.0109,28.19,68.74,1
0.1797,-0.1114,28.26,68.74,0
0.1194,-0.0604,28.26,68.74,0
0.2177,0.0984,28.39,68.75,0
0.1408,-0.0769,28.34,68.75,0
0.21,0.0692,28.4,68.75,0
0.1319,-0.0781,28.44,68.76,0
0.2512,0.1193,28.45,68.76,0
0.2857,0.0345,28.27,68.74,1
0.3325,0.0469,28.02,68.72,1
0.2147,-0.1178,28.04,68.73,0
0.2576,0.0429,28.06,68.74,0
0.2887,0.0311,27.86,68.72,1
0.3154,0.0267,27.75,68.7,1
0.2007,-0.1146,27.77,68.71,0
0.2491,0.0483,27.84,68.71,0
0.2722,0.0231,27.89,68.72,0
0.2922,0.02,27.72,68.7,1
0.3372,0.045,27.52,68.69,1
0.2159,-0.1212,27.5,68.69,0
0.1475,-0.0684,27.52,68.7,0
0.1069,-0.0406,27.61,68.7,0
0.0814,-0.0256,27.69,68.7,0
0.2017,0.1204,27.79,68.7,0
0.2695,0.0678,27.84,68.71,0
0.2964,0.0269,27.68,68.69,1
0.3158,0.0194,27.51,68.68,1
0.3245,0.0087,27.37,68.66,1
0.2064,-0.118,27.54,68.67,0
0.1406,-0.0658,27.65,68.67,0
0.2571,0.1165,27.79,68.68,0
0.3089,0.0518,27.7,68.66,1
0.203,-0.1059,27.42,68.64,1
0.1422,-0.0608,27.47,68.64,0
0.2153,0.0731,27.56,68.65,0
0.1394,-0.0758,27.61,68.65,0
0.0965,-0.043,27.74,68.66,0
0.0708,-0.0256,27.77,68.66,0
0.0546,-0.0163,27.84,68.66,0
0.0436,-0.011,27.86,68.66,0
0.1507,0.1071,27.92,68.66,0
0.2389,0.0882,27.95,68.67,0
0.1491,-0.0898,28.08,68.67,0
0.2246,0.0755,28.1,68.68,0
0.2621,0.0375,28.13,68.69,0
0.1628,-0.0993,28.21,68.69,0
0.1083,-0.0545,28.21,68.7,0
0.1795,0.0712,28.27,68.7,0
0.2656,0.0861,28.26,68.71,0
0.1668,-0.0988,28.31,68.71,0
0.2291,0.0623,28.36,68.72,0
0.1433,-0.0858,28.31,68.72,0
0.0955,-0.0478,28.3,68.72,0
0.0675,-0.0279,28.4,68.72,0
0.0502,-0.0173,28.43,68.72,0
0.1539,0.1037,28.41,68.72,0
0.2259,0.0719,28.49,68.73,0
0.1376,-0.0882,28.55,68.73,0
0.2271,0.0895,28.55,68.74,0
0.1424,-0.0847,28.56,68.74,0
0.0951,-0.0473,28.64,68.74,0
0.1825,0.0873,28.6,68.75,0
0.2775,0.095,28.64,68.76,0
0.3227,0.0452,28.5,68.74,1
0.3382,0.0154,28.31,68.72,1
0.3403,0.0022,28.16,68.7,1
0.3446,0.0042,27.98,68.68,1
0.3476,0.0031,27.86,68.67,1
0.3859,0.0382,27.8,68.65,1
0.3902,0.0043,27.61,68.64,1
0.4005,0.0103,27.42,68.63,1
0.2668,-0.1336,27.5,68.64,0
0.3268,0.0599,27.65,68.65,0
0.3796,0.0529,27.54,68.64,1
0.4085,0.0289,27.43,68.63,1
0.279,-0.1295,27.6,68.64,0
0.2027,-0.0763,27.73,68.64,0
0.28,0.0773,27.81,68.66,0
0.1931,-0.0869,27.9,68.66,0
0.1415,-0.0516,27.9,68.67,0
0.229,0.0874,28.0,68.67,0
0.1531,-0.0759,28.09,68.68,0
0.2292,0.0761,28.19,68.69,0
0.2792,0.05,28.28,68.7,0
0.3101,0.031,28.09,68.68,1
0.2006,-0.1096,27.82,68.65,1
0.252,0.0515,27.89,68.66,0
0.1637,-0.0883,27.92,68.67,0
0.1143,-0.0494,27.89,68.67,0
0.1927,0.0784,27.95,68.68,0
0.2468,0.0541,28.04,68.69,0
0.1539,-0.0929,28.06,68.69,0
0.2505,0.0966,28.16,68.7,0
0.3234,0.0729,27.98,68.68,1
0.212,-0.1115,27.78,68.66,1
0.1479,-0.0641,27.84,68.66,0
0.259,0.1111,27.91,68.67,0
0.311,0.052,27.82,68.65,1
0.2053,-0.1057,27.58,68.63,1
0.2844,0.0791,27.58,68.61,1
0.1893,-0.0951,27.77,68.62,0
0.1339,-0.0554,27.83,68.62,0
0.0997,-0.0342,27.84,68.63,0
0.0773,-0.0224,27.91,68.63,0
0.1767,0.0994,28.01,68.63,0
0.2615,0.0848,28.04,68.65,0
0.2875,0.026,27.91,68.63,1
0.3196,0.0321,27.73,68.61,1
0.3427,0.0231,27.6,68.59,1
0.222,-0.1207,27.67,68.6,0
0.154,-0.068,27.68,68.61,0
0.2735,0.1196,27.64,68.62,0
0.33,0.0564,27.48,68.61,1
0.3578,0.0278,27.35,68.59,1
0.372,0.0143,27.19,68.58,1
0.3663,-0.0058,27.07,68.56,1
0.3645,-0.0018,26.94,68.55,1
0.3863,0.0217,26.84,68.54,1
0.3929,0.0066,26.86,68.53,1
0.2633,-0.1296,26.96,68.54,0
0.1886,-0.0747,27.07,68.55,0
0.1431,-0.0456,27.23,68.56,0
0.2359,0.0928,27.37,68.57,0
0.1607,-0.0751,27.46,68.57,0
0.2444,0.0837,27.66,68.58,0
0.2884,0.044,27.44,68.57,1
0.1874,-0.101,27.3,68.54,1
0.2856,0.0982,27.13,68.53,1
0.3208,0.0353,27.01,68.51,1
0.3581,0.0373,26.97,68.5,1
0.3918,0.0337,26.74,68.49,1
0.3893,-0.0025,26.66,68.48,1
0.2623,-0.127,26.89,68.49,0
0.1892,-0.0731,27.02,68.5,0
0.1445,-0.0447,27.13,68.51,0
0.1153,-0.0292,27.28,68.52,0
0.23,0.1146,27.42,68.53,0
0.1579,-0.0721,27.45,68.53,0
0.2531,0.0952,27.56,68.55,0
0.2868,0.0337,27.42,68.53,1
0.1854,-0.1014,27.24,68.51,1
0.2358,0.0504,27.36,68.52,0
0.1504,-0.0854,27.52,68.53,0
0.1028,-0.0476,27.6,68.53,0
0.0749,-0.0279,27.6,68.54,0
0.1926,0.1177,27.71,68.54,0
0.2342,0.0416,27.8,68.56,0
0.2649,0.0307,27.94,68.57,0
0.286,0.0211,27.74,68.55,1
0.1757,-0.1102,27.62,68.53,1
0.1155,-0.0603,27.78,68.53,0
0.0811,-0.0344,27.93,68.54,0
0.0604,-0.0207,28.08,68.54,0
0.1521,0.0917,28.13,68.55,0
0.2263,0.0742,28.13,68.56,0
0.2575,0.0312,28.19,68.57,0
0.3071,0.0496,27.98,68.55,1
0.1916,-0.1155,27.85,68.53,1
0.2347,0.0431,27.82,68.54,0
0.2892,0.0545,27.92,68.56,0
0.3317,0.0425,27.75,68.54,1
0.2139,-0.1178,27.61,68.52,1
0.2773,0.0633,27.75,68.53,0
0.1816,-0.0957,27.79,68.54,0
0.2291,0.0475,27.96,68.55,0
0.2613,0.0322,27.99,68.56,0
0.2921,0.0307,27.77,68.55,1
0.1817,-0.1104,27.58,68.53,1
0.1206,-0.061,27.6,68.53,0
0.2153,0.0947,27.81,68.54,0
0.2745,0.0592,27.87,68.55,0
0.3178,0.0433,27.64,68.54,1
0.3503,0.0324,27.45,68.53,1
0.3487,-0.0016,27.33,68.51,1
0.3779,0.0292,27.17,68.5,1
0.4071,0.0293,27.1,68.49,1
0.4164,0.0093,26.94,68.48,1
0.4525,0.0361,26.53,68.44,2
0.4617,0.0092,26.13,68.39,2
0.4509,-0.0108,25.81,68.35,2
0.4413,-0.0096,25.78,68.34,1
0.4479,0.0066,25.87,68.34,1
0.4696,0.0217,25.63,68.29,2
0.4745,0.0049,25.29,68.25,2
0.4643,-0.0102,25.05,68.21,2
0.4439,-0.0204,25.07,68.21,1
0.4441,0.0001,25.11,68.2,1
0.4657,0.0216,24.93,68.16,2
0.4845,0.0189,24.67,68.13,2
0.4826,-0.002,24.38,68.09,2
0.3367,-0.1459,24.46,68.08,1
0.2489,-0.0878,24.49,68.07,1
0.1927,-0.0562,24.85,68.09,0
0.3119,0.1192,25.19,68.11,0
0.3637,0.0518,25.14,68.11,1
0.3893,0.0256,25.11,68.11,1
0.4234,0.0341,25.14,68.11,1
0.4217,-0.0017,25.15,68.11,1
0.2884,-0.1333,25.1,68.1,1
0.35,0.0616,25.15,68.09,1
0.2431,-0.107,25.54,68.11,0
0.294,0.051,25.78,68.14,0
0.2002,-0.0938,26.0,68.15,0
0.1452,-0.0551,26.17,68.17,0
0.2234,0.0782,26.4,68.19,0
0.2601,0.0367,26.61,68.2,0
0.2801,0.02,26.54,68.19,1
0.1752,-0.1048,26.5,68.18,1
0.2528,0.0775,26.75,68.2,0
0.3206,0.0679,26.86,68.22,0
0.3747,0.054,26.79,68.22,1
0.2494,-0.1252,26.7,68.2,1
0.3216,0.0722,26.52,68.2,1
0.369,0.0474,26.46,68.19,1
0.3999,0.0309,26.45,68.19,1
0.4354,0.0355,26.46,68.18,1
0.4837,0.0483,26.03,68.14,2
0.3359,-0.1478,25.58,68.1,2
0.3489,0.013,25.63,68.09,1
0.3562,0.0073,25.75,68.09,1
0.3801,0.0239,25.71,68.09,1
0.378,-0.0021,25.74,68.08,1
0.3902,0.0122,25.82,68.08,1
0.378,-0.0122,25.76,68.08,1
0.2495,-0.1285,26.03,68.1,0
0.2983,0.0488,26.21,68.12,0
0.3462,0.0479,26.13,68.12,1
0.4111,0.0649,26.12,68.12,1
0.4349,0.0238,26.0,68.12,1
0.2995,-0.1354,26.04,68.11,1
0.3293,0.0298,26.02,68.1,1
0.2268,-0.1025,26.23,68.12,0
0.1662,-0.0605,26.37,68.14,0
0.2307,0.0645,26.63,68.16,0
0.2961,0.0654,26.52,68.15,1
0.3228,0.0267,26.56,68.14,1
0.3406,0.0178,26.49,68.14,1
0.3533,0.0127,26.46,68.13,1
0.3973,0.0441,26.44,68.13,1
0.2672,-0.1301,26.61,68.15,0
0.1919,-0.0753,26.72,68.17,0
0.2756,0.0838,26.96,68.19,0
0.364,0.0884,26.88,68.18,1
0.2483,-0.1157,26.79,68.17,1
0.3096,0.0612,26.67,68.16,1
0.3613,0.0517,26.64,68.16,1
0.2433,-0.118,26.77,68.17,0
0.3239,0.0806,27.0,68.2,0
0.4106,0.0866,26.93,68.19,1
0.4075,-0.0031,26.91,68.19,1
0.4029,-0.0046,26.83,68.19,1
0.3877,-0.0152,26.82,68.18,1
0.4409,0.0532,26.76,68.18,1
0.459,0.0181,26.36,68.14,2
0.4824,0.0233,25.99,68.1,2
0.4775,-0.0048,25.66,68.06,2
0.4637,-0.0139,25.39,68.03,2
0.4434,-0.0202,25.43,68.03,1
0.4586,0.0151,25.39,68.03,1
0.422,-0.0365,25.39,68.03,1
0.2878,-0.1342,25.46,68.02,1
0.2094,-0.0784,25.73,68.04,0
0.1608,-0.0486,25.93,68.06,0
0.1285,-0.0322,26.12,68.08,0
0.2157,0.0872,26.35,68.1,0
0.1467,-0.069,26.57,68.11,0
0.2593,0.1126,26.75,68.13,0
0.3483,0.089,26.68,68.13,1
0.3897,0.0414,26.64,68.12,1
0.3993,0.0096,26.57,68.12,1
0.2689,-0.1304,26.7,68.14,0
0.3301,0.0612,26.84,68.17,0
0.2252,-0.1049,26.95,68.18,0
0.2705,0.0452,27.01,68.2,0
0.1797,-0.0907,27.12,68.22,0
0.2772,0.0975,27.18,68.24,0
0.3242,0.047,27.06,68.23,1
0.3423,0.0181,26.91,68.22,1
0.3898,0.0476,26.84,68.22,1
0.2602,-0.1297,26.94,68.24,0
0.1846,-0.0756,27.05,68.25,0
0.2755,0.0909,27.17,68.27,0
0.1875,-0.088,27.31,68.28,0
0.2702,0.0827,27.41,68.3,0
0.3273,0.0571,27.31,68.29,1
0.3702,0.0429,27.15,68.28,1
0.3601,-0.0101,26.99,68.28,1
0.3941,0.034,26.86,68.27,1
0.4035,0.0094,26.75,68.26,1
0.4122,0.0087,26.72,68.26,1
0.4504,0.0382,26.27,68.22,2
0.4549,0.0045,25.9,68.18,2
0.4703,0.0155,25.61,68.14,2
0.4384,-0.032,25.72,68.14,1
0.4369,-0.0015,25.75,68.13,1
0.4521,0.0153,25.37,68.09,2
0.4515,-0.0006,25.12,68.05,2
0.4804,0.0289,24.88,68.02,2
0.4727,-0.0078,24.64,67.98,2
0.4814,0.0087,24.47,67.95,2
0.4578,-0.0235,24.28,67.91,2
0.4733,0.0155,24.1,67.88,2
0.3279,-0.1454,24.22,67.87,1
0.4406,0.1127,24.26,67.88,1
0.315,-0.1256,24.37,67.88,1
0.4037,0.0887,24.5,67.88,1
0.3993,-0.0044,24.62,67.88,1
0.4623,0.063,24.51,67.85,2
0.4802,0.0179,24.3,67.81,2
0.4723,-0.0079,24.19,67.78,2
0.4729,0.0006,23.99,67.75,2
0.4998,0.0268,23.82,67.72,2
0.5032,0.0034,23.58,67.69,2
0.5095,0.0063,23.43,67.66,2
0.4878,-0.0217,23.38,67.63,2
0.4675,-0.0202,23.33,67.6,2
0.504,0.0365,23.24,67.58,2
0.5044,0.0004,23.04,67.55,2
0.5261,0.0217,22.87,67.53,2
0.4991,-0.027,22.86,67.5,2
0.483,-0.0161,22.81,67.47,2
0.4757,-0.0073,22.81,67.45,2
0.4514,-0.0243,22.88,67.42,2
0.3124,-0.139,23.02,67.43,1
0.3476,0.0352,23.26,67.44,1
0.437,0.0894,23.46,67.45,1
0.4397,0.0027,23.66,67.46,1
0.4645,0.0247,23.53,67.44,2
0.479,0.0146,23.45,67.41,2
0.5148,0.0358,23.51,67.39,2
0.531,0.0162,23.44,67.37,2
0.5308,-0.0002,23.35,67.35,2
0.4998,-0.0309,23.29,67.33,2
0.4886,-0.0112,23.11,67.3,2
0.5101,0.0215,23.02,67.28,2
0.5623,0.0522,22.97,67.27,2
0.5507,-0.0116,23.03,67.25,2
0.566,0.0152,22.99,67.23,2
0.5597,-0.0062,22.95,67.22,2
0.4,-0.1598,23.31,67.23,1
0.4135,0.0135,23.46,67.25,1
0.4221,0.0086,23.64,67.26,1
0.4722,0.0501,23.52,67.24,2
0.4565,-0.0157,23.42,67.22,2
0.4663,0.0098,23.28,67.2,2
0.499,0.0327,23.17,67.18,2
0.4976,-0.0014,23.15,67.16,2
0.4988,0.0012,23.01,67.14,2
0.5112,0.0124,22.9,67.13,2
0.5136,0.0024,22.95,67.11,2
0.5539,0.0403,22.89,67.09,2
0.5473,-0.0065,22.92,67.08,2
0.5269,-0.0204,22.87,67.06,2
0.5164,-0.0105,22.86,67.05,2
0.5343,0.0179,22.91,67.03,2
0.519,-0.0153,22.78,67.02,2
0.5026,-0.0165,22.76,67.0,2
0.4966,-0.006,22.78,66.99,2
0.4775,-0.0191,22.79,66.97,2
0.4648,-0.0127,22.72,66.96,2
0.4935,0.0287,22.67,66.94,2
0.3454,-0.148,23.0,66.96,1
0.381,0.0355,23.22,66.98,1
0.42,0.039,23.47,67.0,1
0.4235,0.0035,23.65,67.02,1
0.4618,0.0382,23.55,67.01,2
0.4861,0.0243,23.55,66.99,2
0.533,0.0469,23.45,66.98,2
0.4933,-0.0397,23.32,66.96,2
0.5455,0.0522,23.25,66.95,2
0.517,-0.0285,23.26,66.94,2
0.5176,0.0006,23.16,66.92,2
0.5685,0.0509,23.14,66.91,2
0.5725,0.004,23.07,66.9,2
0.5283,-0.0441,22.9,66.89,2
0.5129,-0.0155,22.84,66.88,2
0.5348,0.0219,22.84,66.87,2
0.5076,-0.0272,22.87,66.86,2
0.4732,-0.0343,22.87,66.84,2
0.4558,-0.0174,22.8,66.83,2
0.4382,-0.0176,23.09,66.86,1
0.4771,0.0388,23.34,66.88,1
0.4643,-0.0128,23.36,66.87,2
0.4637,-0.0005,23.24,66.85,2
0.4509,-0.0129,23.15,66.84,2
0.4989,0.048,23.05,66.83,2
0.5068,0.0079,23.09,66.82,2
0.5104,0.0036,22.95,66.81,2
0.5525,0.0421,22.93,66.8,2
0.6058,0.0533,22.96,66.79,2
0.5978,-0.008,22.96,66.79,2
0.5704,-0.0274,22.88,66.78,2
0.5561,-0.0143,22.82,66.77,2
0.5347,-0.0214,22.89,66.76,2
0.564,0.0293,22.79,66.75,2
0.6016,0.0376,22.85,66.75,2
0.5974,-0.0042,22.74,66.74,2
0.4291,-0.1682,22.88,66.77,1
0.4759,0.0468,23.12,66.8,1
0.5461,0.0702,23.07,66.79,2
0.5429,-0.0032,23.02,66.78,2
0.5715,0.0286,22.93,66.77,2
0.5801,0.0086,22.81,66.77,2
0.5651,-0.015,22.85,66.76,2
0.5474,-0.0177,22.83,66.75,2
0.5943,0.0468,22.79,66.75,2
0.5488,-0.0454,22.81,66.74,2
0.5073,-0.0416,22.79,66.73,2
0.5344,0.0271,22.83,66.72,2
0.3748,-0.1596,23.0,66.75,1
0.4489,0.0741,23.27,66.78,1
0.5008,0.052,23.23,66.76,2
0.5193,0.0185,23.14,66.76,2
0.5526,0.0332,23.14,66.75,2
0.5852,0.0326,23.15,66.74,2
0.6078,0.0226,23.14,66.74,2
0.6221,0.0143,23.13,66.73,2
0.5911,-0.031,23.07,66.73,2
0.5967,0.0056,23.05,66.72,2
0.5811,-0.0156,23.07,66.72,2
0.5915,0.0104,22.97,66.71,2
0.5656,-0.0258,22.96,66.71,2
0.5846,0.0189,23.05,66.7,2
0.5921,0.0076,23.01,66.7,2
0.5972,0.005,23.04,66.69,2
0.5689,-0.0283,23.0,66.69,2
0.5619,-0.007,22.97,66.68,2
0.5415,-0.0203,22.99,66.68,2
0.5501,0.0086,22.93,66.67,2
0.5947,0.0446,22.85,66.67,2
0.5871,-0.0076,22.83,66.66,2
0.5813,-0.0058,22.77,66.66,2
0.6048,0.0234,22.79,66.66,2
0.6102,0.0054,22.78,66.65,2
0.619,0.0088,22.82,66.65,2
0.58,-0.039,22.76,66.65,2
0.5714,-0.0086,22.76,66.64,2
0.5726,0.0013,22.69,66.64,2
0.582,0.0093,22.68,66.63,2
0.5704,-0.0116,22.7,66.63,2
0.5895,0.0191,22.59,66.63,2
0.6248,0.0353,22.61,66.63,2
0.6041,-0.0207,22.6,66.62,2
0.6386,0.0345,22.6,66.62,2
0.6322,-0.0064,22.59,66.62,2
0.6337,0.0015,22.66,66.62,2
0.6005,-0.0332,22.7,66.62,2
0.5705,-0.03,22.73,66.62,2
0.5881,0.0175,22.74,66.61,2
0.6007,0.0126,22.71,66.61,2
0.6027,0.002,22.8,66.61,2
0.5453,-0.0574,22.87,66.6,2
0.5445,-0.0009,22.82,66.6,2
0.5868,0.0424,22.76,66.6,2
0.6241,0.0372,22.71,66.6,2
0.5994,-0.0247,22.72,66.59,2
0.624,0.0246,22.72,66.59,2
0.6217,-0.0023,22.67,66.59,2
0.6065,-0.0152,22.65,66.59,2
0.5871,-0.0194,22.59,66.59,2
0.6002,0.0132,22.61,66.59,2
0.595,-0.0052,22.56,66.58,2
0.6248,0.0298,22.61,66.58,2
0.5993,-0.0254,22.54,66.58,2
0.5997,0.0004,22.62,66.58,2
0.614,0.0143,22.54,66.58,2
0.6128,-0.0012,22.63,66.58,2
0.6236,0.0108,22.62,66.58,2
0.5817,-0.0419,22.63,66.58,2
0.5814,-0.0003,22.59,66.57,2
0.5741,-0.0073,22.54,66.57,2
0.5981,0.024,22.5,66.57,2
0.5751,-0.023,22.57,66.57,2
0.5682,-0.007,22.64,66.56,2
0.6121,0.0439,22.68,66.56,2
0.6373,0.0252,22.59,66.56,2
0.6303,-0.0071,22.68,66.56,2
0.6475,0.0173,22.79,66.56,2
0.6294,-0.0182,22.83,66.56,2
0.6142,-0.0152,22.78,66.56,2
0.6508,0.0366,22.81,66.57,2
0.6302,-0.0207,22.74,66.57,2
0.6537,0.0235,22.76,66.57,2
0.6156,-0.0381,22.73,66.57,2
0.6216,0.006,22.83,66.57,2
0.5663,-0.0553,22.82,66.56,2
0.5774,0.011,22.82,66.56,2
0.6113,0.0339,22.83,66.56,2
0.6266,0.0154,22.79,66.56,2
0.6554,0.0287,22.7,66.56,2
0.6448,-0.0106,22.67,66.56,2
0.6686,0.0238,22.68,66.57,2
0.656,-0.0127,22.72,66.57,2
0.6075,-0.0484,22.75,66.57,2
0.6408,0.0332,22.81,66.57,2
0.6831,0.0423,22.88,66.57,2
0.6561,-0.027,23.01,66.57,2
0.65,-0.006,23.08,66.57,2
0.6306,-0.0194,23.09,66.57,2
0.629,-0.0015,23.1,66.57,2
0.6469,0.0179,23.08,66.57,2
0.6685,0.0215,23.05,66.57,2
0.7126,0.0441,23.15,66.58,2
0.731,0.0184,23.22,66.58,2
0.6901,-0.0409,23.27,66.59,2
0.676,-0.0141,23.15,66.59,2
0.6648,-0.0112,23.15,66.59,2
0.6805,0.0157,23.2,66.59,2
0.6872,0.0067,23.11,66.59,2
0.6845,-0.0026,23.02,66.6,2
0.6713,-0.0132,23.03,66.6,2
0.6442,-0.0271,23.06,66.6,2
0.6536,0.0094,23.15,66.6,2
0.6775,0.0239,23.17,66.6,2
0.7054,0.0279,23.26,66.6,2
0.6814,-0.024,23.24,66.61,2
0.7147,0.0333,23.19,66.61,2
0.7004,-0.0143,23.18,66.61,2
0.7175,0.0171,23.23,66.62,2
0.6877,-0.0298,23.22,66.62,2
0.6995,0.0117,23.15,66.62,2
0.697,-0.0025,23.16,66.62,2
0.6896,-0.0074,23.15,66.63,2
0.6719,-0.0177,23.05,66.63,2
0.6872,0.0153,22.94,66.63,2
0.71,0.0228,22.97,66.63,2
0.7141,0.0041,22.92,66.63,2
0.6967,-0.0174,22.97,66.64,2
0.6511,-0.0456,22.92,66.64,2
0.6134,-0.0377,22.97,66.63,2
0.6154,0.002,22.93,66.63,2
0.6278,0.0124,22.86,66.63,2
0.6467,0.0189,22.87,66.63,2
0.6745,0.0277,22.81,66.63,2
0.6717,-0.0028,22.8,66.63,2
0.6455,-0.0262,22.76,66.63,2
0.6631,0.0176,22.78,66.63,2
0.6789,0.0158,22.78,66.63,2
0.7065,0.0276,22.79,66.64,2
0.7311,0.0247,22.9,66.64,2
0.6866,-0.0445,22.88,66.64,2
0.6683,-0.0183,22.84,66.64,2
0.6361,-0.0322,22.85,66.64,2
0.6433,0.0072,22.88,66.64,2
0.6422,-0.0011,22.93,66.64,2
0.6514,0.0092,22.88,66.64,2
0.6761,0.0248,22.92,66.64,2
0.693,0.0169,22.86,66.64,2
0.6881,-0.0049,22.84,66.64,2
0.6809,-0.0073,22.83,66.65,2
0.6911,0.0102,22.8,66.65,2
0.6689,-0.0222,22.8,66.65,2
0.6403,-0.0286,22.82,66.65,2
0.639,-0.0013,22.82,66.65,2
0.6571,0.0181,22.85,66.65,2
0.6385,-0.0185,22.81,66.65,2
0.6269,-0.0117,22.74,66.64,2
0.5974,-0.0295,22.71,66.64,2
0.6014,0.004,22.7,66.64,2
0.6149,0.0135,22.69,66.64,2
0.6463,0.0313,22.68,66.64,2
0.674,0.0278,22.66,66.64,2
0.6939,0.0199,22.65,66.64,2
0.7189,0.025,22.71,66.64,2
0.7373,0.0184,22.8,66.65,2
0.7438,0.0065,22.79,66.65,2
0.7107,-0.0331,22.85,66.65,2
0.7325,0.0218,22.96,66.66,2
0.7637,0.0313,22.92,66.66,2
0.7702,0.0064,22.94,66.67,2
0.763,-0.0071,22.97,66.67,2
0.7482,-0.0148,23.11,66.68,2
0.7028,-0.0454,23.13,66.68,2
0.6975,-0.0054,23.04,66.68,2
0.7229,0.0255,23.02,66.68,2
0.677,-0.046,22.98,66.68,2
0.6591,-0.0178,22.96,66.68,2
0.6592,0.0001,22.91,66.68,2
0.6619,0.0027,22.88,66.68,2
0.6142,-0.0477,22.91,66.68,2
0.6093,-0.0049,22.84,66.67,2
0.6367,0.0274,22.78,66.67,2
0.6637,0.027,22.79,66.67,2
0.6827,0.019,22.84,66.67,2
0.6654,-0.0173,22.82,66.67,2
0.6605,-0.0049,22.79,66.67,2
0.682,0.0215,22.82,66.67,2
0.6977,0.0157,22.81,66.67,2
0.7035,0.0059,22.82,66.68,2
0.6759,-0.0276,22.75,66.68,2
0.6618,-0.0142,22.88,66.68,2
0.6666,0.0049,22.9,66.67,2
0.6929,0.0263,22.96,66.68,2
0.7268,0.0339,22.99,66.68,2
0.7185,-0.0084,23.07,66.68,2
0.7103,-0.0082,22.98,66.68,2
0.7237,0.0134,22.96,66.69,2
0.7359,0.0123,22.97,66.69,2
0.7384,0.0025,22.98,66.69,2
0.7238,-0.0147,22.99,66.69,2
0.7355,0.0117,23.01,66.7,2
0.7247,-0.0108,23.03,66.7,2
0.7205,-0.0042,23.02,66.7,2
0.7287,0.0082,23.0,66.7,2
0.757,0.0284,23.01,66.71,2
0.7784,0.0213,22.9,66.71,2
0.785,0.0066,22.97,66.72,2
0.7399,-0.045,22.91,66.72,2
0.7464,0.0065,22.93,66.72,2
0.704,-0.0424,22.91,66.72,2
0.7277,0.0237,22.91,66.73,2
0.7239,-0.0038,22.88,66.73,2
0.7361,0.0121,22.81,66.73,2
0.7111,-0.025,22.77,66.73,2
0.7131,0.002,22.85,66.73,2
0.7295,0.0164,22.8,66.73,2
0.7065,-0.023,22.86,66.73,2
0.6837,-0.0228,22.8,66.73,2
0.6802,-0.0035,22.81,66.73,2
0.7063,0.0261,22.78,66.73,2
0.6961,-0.0101,22.78,66.73,2
0.702,0.0059,22.8,66.73,2
0.7228,0.0207,22.77,66.74,2
0.7437,0.0209,22.77,66.74,2
0.761,0.0174,22.86,66.74,2
0.683,-0.0781,22.81,66.74,2
0.6596,-0.0234,22.78,66.74,2
0.6722,0.0126,22.72,66.74,2
0.6518,-0.0204,22.76,66.74,2
0.688,0.0362,22.74,66.74,2
0.6805,-0.0075,22.76,66.73,2
0.6526,-0.0279,22.78,66.73,2
0.6626,0.0099,22.74,66.73,2
0.684,0.0214,22.66,66.73,2
0.6924,0.0084,22.61,66.73,2
0.7276,0.0352,22.7,66.73,2
0.7479,0.0203,22.77,66.74,2
0.7587,0.0107,22.82,66.74,2
0.7658,0.0071,22.79,66.74,2
0.7965,0.0307,22.82,66.75,2
0.766,-0.0305,22.83,66.75,2
0.7575,-0.0086,22.79,66.75,2
0.7475,-0.01,22.87,66.76,2
0.7415,-0.0059,22.81,66.76,2
0.6985,-0.0431,22.91,66.76,2
0.6822,-0.0163,22.87,66.76,2
0.6722,-0.01,22.82,66.75,2
0.6665,-0.0057,22.83,66.75,2
0.6676,0.0011,22.88,66.75,2
0.6951,0.0274,22.79,66.75,2
0.6989,0.0038,22.86,66.75,2
0.7093,0.0104,22.9,66.75,2
0.7349,0.0256,22.88,66.75,2
0.7056,-0.0293,22.94,66.75,2
0.694,-0.0116,23.01,66.75,2
0.7099,0.0159,23.1,66.75,2
0.7147,0.0048,23.07,66.75,2
0.7432,0.0285,23.1,66.76,2
0.7598,0.0167,23.04,66.76,2
0.7624,0.0026,23.1,66.76,2
0.7734,0.011,23.09,66.77,2
0.778,0.0047,23.21,66.77,2
0.7892,0.0111,23.25,66.77,2
0.7668,-0.0224,23.23,66.78,2
0.7528,-0.014,23.21,66.78,2
0.7427,-0.0101,23.2,66.78,2
0.7135,-0.0293,23.22,66.78,2
0.706,-0.0075,23.22,66.78,2
0.7252,0.0193,23.29,66.78,2
0.7397,0.0144,23.24,66.78,2
0.7281,-0.0116,23.19,66.78,2
0.7286,0.0005,23.14,66.78,2
0.725,-0.0036,23.18,66.78,2
0.6898,-0.0353,23.13,66.78,2
0.7141,0.0244,23.2,66.78,2
0.7363,0.0222,23.12,66.78,2
0.7123,-0.024,23.1,66.78,2
0.7197,0.0074,23.12,66.78,2
0.7405,0.0208,23.05,66.79,2
0.7081,-0.0324,23.07,66.78,2
0.7288,0.0208,23.02,66.79,2
0.7371,0.0082,22.97,66.79,2
0.6691,-0.068,22.98,66.78,2
0.6761,0.007,23.03,66.78,2
0.6461,-0.03,23.08,66.78,2
0.6461,0.0001,23.15,66.78,2
0.6303,-0.0158,23.07,66.77,2
0.6573,0.027,23.12,66.77,2
0.6689,0.0116,23.06,66.77,2
0.6898,0.0209,23.06,66.77,2
0.7162,0.0264,23.03,66.77,2
0.711,-0.0052,23.17,66.77,2
0.6732,-0.0377,23.24,66.77,2
0.6762,0.003,23.18,66.76,2
0.6833,0.0071,23.18,66.76,2
0.7074,0.0241,23.11,66.76,2
0.7397,0.0323,23.05,66.76,2
0.7162,-0.0235,22.98,66.77,2
0.7368,0.0206,23.07,66.77,2
0.7078,-0.029,23.08,66.77,2
0.7086,0.0009,23.01,66.77,2
0.7479,0.0392,22.99,66.77,2
0.701,-0.0469,22.98,66.77,2
0.6749,-0.0261,23.0,66.77,2
0.6416,-0.0333,23.04,66.76,2
0.6653,0.0237,23.07,66.76,2
0.6929,0.0276,23.08,66.76,2
0.6791,-0.0138,23.17,66.76,2
0.6426,-0.0365,23.12,66.76,2
0.6375,-0.0051,23.17,66.75,2
0.6186,-0.0188,23.16,66.75,2
0.6474,0.0288,23.11,66.75,2
0.6587,0.0112,23.07,66.74,2
0.6527,-0.006,23.02,66.74,2
0.6728,0.0201,23.03,66.74,2
0.6627,-0.0101,23.05,66.74,2
0.6545,-0.0082,22.98,66.74,2
0.667,0.0125,22.95,66.74,2
0.6804,0.0134,23.01,66.74,2
0.6959,0.0155,23.03,66.74,2
0.6932,-0.0027,22.98,66.74,2
0.7116,0.0184,23.07,66.74,2
0.7225,0.0109,23.03,66.74,2
0.6941,-0.0284,23.02,66.74,2
0.7022,0.0081,23.13,66.74,2
0.7062,0.0039,23.05,66.74,2
0.7051,-0.001,23.03,66.74,2
0.7295,0.0243,22.96,66.74,2
0.7095,-0.02,22.99,66.74,2
0.7079,-0.0016,23.01,66.74,2
0.7209,0.0131,23.08,66.74,2
0.7436,0.0226,23.12,66.75,2
0.7341,-0.0095,23.15,66.75,2
0.756,0.0219,23.12,66.75,2
0.7307,-0.0253,23.12,66.75,2
0.7089,-0.0217,23.06,66.75,2
0.7363,0.0274,23.07,66.75,2
0.7484,0.0121,23.15,66.76,2
0.7579,0.0095,23.13,66.76,2
0.7612,0.0033,23.14,66.76,2
0.7666,0.0054,23.2,66.77,2
0.7846,0.018,23.2,66.77,2
0.7935,0.0089,23.19,66.77,2
0.7611,-0.0324,23.21,66.78,2
0.7604,-0.0007,23.18,66.78,2
0.7527,-0.0077,23.16,66.78,2
0.7614,0.0087,23.11,66.78,2
0.7491,-0.0123,23.01,66.78,2
0.7647,0.0157,23.04,66.79,2
0.7763,0.0116,23.09,66.79,2
0.7985,0.0222,23.04,66.79,2
0.7791,-0.0194,22.95,66.8,2
0.8004,0.0213,23.02,66.8,2
0.8027,0.0024,23.11,66.81,2
0.8029,0.0002,23.08,66.81,2
0.7684,-0.0346,23.11,66.81,2
0.7838,0.0154,23.12,66.81,2
0.7786,-0.0052,23.07,66.82,2
0.7795,0.0009,23.2,66.82,2
0.7947,0.0151,23.26,66.82,2
0.7621,-0.0326,23.3,66.83,2
0.7665,0.0044,23.27,66.83,2
0.7692,0.0027,23.31,66.83,2
0.7757,0.0065,23.35,66.83,2
0.7448,-0.031,23.35,66.83,2
0.7521,0.0074,23.27,66.83,2
0.7614,0.0093,23.26,66.83,2
0.7807,0.0193,23.23,66.84,2
0.7487,-0.0321,23.23,66.84,2
0.7176,-0.0311,23.24,66.84,2
0.7169,-0.0006,23.31,66.84,2
0.736,0.0191,23.36,66.84,2
0.7695,0.0335,23.36,66.84,2
0.7866,0.0171,23.38,66.84,2
0.8038,0.0172,23.31,66.84,2
0.8152,0.0114,23.3,66.85,2
0.7843,-0.0309,23.22,66.85,2
0.7985,0.0141,23.32,66.85,2
0.8046,0.0061,23.36,66.86,2
0.8177,0.0131,23.31,66.86,2
0.8368,0.0191,23.33,66.86,2
0.8281,-0.0087,23.24,66.87,2
0.8243,-0.0038,23.18,66.87,2
0.814,-0.0103,23.13,66.88,2
0.7605,-0.0534,23.11,66.88,2
0.7697,0.0091,23.09,66.88,2
0.7533,-0.0164,23.01,66.88,2
0.7607,0.0074,23.03,66.88,2
0.7757,0.015,23.11,66.88,2
0.7745,-0.0011,23.11,66.88,2
0.7491,-0.0254,23.15,66.88,2
0.7109,-0.0382,23.11,66.88,2
0.7264,0.0156,23.11,66.88,2
0.707,-0.0194,23.07,66.87,2
0.6948,-0.0122,23.05,66.87,2
0.7195,0.0246,23.06,66.87,2
0.7304,0.0109,23.14,66.87,2
0.7206,-0.0098,23.07,66.87,2
0.7354,0.0149,23.13,66.87,2
0.736,0.0006,23.12,66.87,2
0.6921,-0.0439,23.07,66.86,2
0.6845,-0.0075,22.99,66.86,2
0.6761,-0.0084,22.89,66.86,2
0.6627,-0.0134,22.83,66.85,2
0.6653,0.0026,22.77,66.85,2
0.6712,0.0059,22.77,66.85,2
0.6533,-0.0179,22.7,66.84,2
0.6431,-0.0102,22.69,66.84,2
0.6552,0.012,22.64,66.83,2
0.6904,0.0353,22.66,66.83,2
0.6772,-0.0133,22.74,66.83,2
0.6947,0.0176,22.86,66.83,2
0.7257,0.031,22.92,66.83,2
0.7301,0.0044,22.99,66.83,2
0.732,0.002,23.02,66.83,2
0.7309,-0.0011,23.06,66.83,2
0.7573,0.0264,23.0,66.83,2
0.7476,-0.0098,22.97,66.83,2
0.7543,0.0067,22.99,66.83,2
0.7437,-0.0106,23.1,66.83,2
0.7098,-0.0339,23.06,66.83,2
0.7219,0.0121,23.08,66.83,2
0.7428,0.0209,23.07,66.83,2
0.7615,0.0188,23.06,66.83,2
0.769,0.0075,23.05,66.83,2
0.7454,-0.0236,23.03,66.83,2
0.7649,0.0195,23.03,66.83,2
0.7824,0.0175,22.99,66.84,2
0.7856,0.0033,23.04,66.84,2
0.7412,-0.0444,23.06,66.84,2
0.7506,0.0093,22.98,66.84,2
0.7419,-0.0087,22.98,66.84,2
0.7334,-0.0084,22.96,66.84,2
0.7246,-0.0089,23.0,66.84,2
0.7274,0.0029,22.93,66.84,2
0.7309,0.0035,22.97,66.84,2
0.7509,0.02,22.96,66.84,2
0.7713,0.0204,22.98,66.84,2
0.7801,0.0088,22.91,66.84,2
0.7801,-0.0,22.97,66.85,2
0.7939,0.0138,22.96,66.85,2
0.7709,-0.023,23.05,66.85,2
0.7737,0.0028,23.02,66.85,2
0.7559,-0.0179,22.98,66.85,2
0.6958,-0.0601,22.94,66.85,2
0.7164,0.0207,22.86,66.85,2
0.7104,-0.006,22.86,66.85,2
0.736,0.0256,22.91,66.85,2
0.7635,0.0275,22.87,66.85,2
0.7836,0.02,22.95,66.85,2
0.7886,0.005,22.97,66.85,2
0.7937,0.0051,23.02,66.86,2
0.7907,-0.003,22.95,66.86,2
0.775,-0.0157,22.88,66.86,2
0.7602,-0.0148,22.91,66.86,2
0.7541,-0.006,22.87,66.86,2
0.7762,0.0221,22.86,66.86,2
0.7523,-0.0239,22.84,66.86,2
0.7652,0.0129,22.81,66.86,2
0.785,0.0197,22.85,66.87,2
0.7293,-0.0556,22.67,66.87,2
0.7093,-0.0201,22.75,66.86,2
0.7258,0.0166,22.78,66.86,2
0.6971,-0.0288,22.85,66.86,2
0.7027,0.0056,22.79,66.86,2
0.7231,0.0205,22.76,66.86,2
0.7335,0.0103,22.8,66.86,2
0.7535,0.02,22.82,66.86,2
0.7699,0.0165,22.87,66.86,2
0.7539,-0.0161,22.85,66.86,2
0.7367,-0.0172,22.88,66.86,2
0.7346,-0.002,22.85,66.86,2
0.7491,0.0145,22.78,66.86,2
0.7238,-0.0253,22.86,66.86,2
0.7433,0.0195,22.86,66.86,2
0.7343,-0.0091,22.88,66.86,2
0.7539,0.0196,22.93,66.86,2
0.7363,-0.0176,22.96,66.86,2
0.763,0.0267,22.94,66.86,2
0.7707,0.0077,22.89,66.86,2
0.7749,0.0042,22.88,66.86,2
0.7684,-0.0065,22.88,66.86,2
0.7746,0.0061,22.96,66.86,2
0.774,-0.0005,23.04,66.87,2
0.7928,0.0187,23.08,66.87,2
0.7929,0.0001,23.09,66.87,2
0.8008,0.008,23.08,66.87,2
0.8014,0.0006,23.12,66.88,2
0.7459,-0.0556,23.13,66.88,2
0.704,-0.0419,23.03,66.87,2
0.6787,-0.0253,23.1,66.87,2
0.6927,0.014,23.09,66.87,2
0.6505,-0.0422,23.14,66.86,2
0.6433,-0.0071,23.26,66.86,2
0.6299,-0.0135,23.26,66.85,2
0.6418,0.0119,23.23,66.85,2
0.6804,0.0386,23.27,66.84,2
0.7031,0.0226,23.23,66.84,2
0.7159,0.0129,23.23,66.84,2
0.6995,-0.0165,23.21,66.84,2
0.7208,0.0213,23.26,66.84,2
0.6913,-0.0295,23.29,66.84,2
0.7075,0.0161,23.26,66.83,2
0.7417,0.0342,23.23,66.83,2
0.7661,0.0245,23.14,66.84,2
0.7648,-0.0014,23.15,66.84,2
0.7882,0.0234,23.11,66.84,2
0.761,-0.0272,23.03,66.84,2
0.7381,-0.0229,22.94,66.84,2
0.7494,0.0113,22.97,66.84,2
0.76,0.0106,22.96,66.84,2
0.7828,0.0228,23.0,66.85,2
0.7684,-0.0144,23.02,66.85,2
0.7381,-0.0303,22.98,66.85,2
0.7582,0.0202,23.01,66.85,2
0.7455,-0.0127,22.92,66.85,2
0.7533,0.0078,22.92,66.85,2
0.7456,-0.0077,22.91,66.85,2
0.7328,-0.0128,22.9,66.85,2
0.7263,-0.0065,22.88,66.85,2
0.7437,0.0174,22.95,66.85,2
0.7506,0.0068,22.98,66.85,2
0.7455,-0.005,23.03,66.85,2
0.7289,-0.0166,23.1,66.85,2
0.7502,0.0213,23.15,66.85,2
0.7433,-0.0069,23.24,66.85,2
0.7665,0.0231,23.26,66.85,2
0.7794,0.0129,23.28,66.85,2
0.7942,0.0148,23.3,66.86,2
0.7984,0.0042,23.36,66.86,2
0.7572,-0.0411,23.39,66.86,2
0.748,-0.0093,23.36,66.86,2
0.7687,0.0207,23.4,66.86,2
0.7458,-0.023,23.42,66.86,2
0.7305,-0.0153,23.43,66.86,2
0.748,0.0175,23.43,66.86,2
0.7296,-0.0184,23.4,66.86,2
0.7388,0.0092,23.35,66.86,2
0.6902,-0.0486,23.32,66.86,2
0.6608,-0.0293,23.28,66.85,2
0.6822,0.0213,23.19,66.85,2
0.6433,-0.0389,23.24,66.84,2
0.6502,0.0069,23.2,66.84,2
0.647,-0.0032,23.13,66.84,2
0.655,0.008,23.14,66.83,2
0.6516,-0.0034,23.13,66.83,2
0.6272,-0.0244,23.02,66.82,2
0.6073,-0.0199,23.02,66.82,2
0.6319,0.0246,22.94,66.81,2
0.6185,-0.0134,22.97,66.81,2
0.6006,-0.0179,22.92,66.8,2
0.5991,-0.0016,22.91,66.79,2
0.6141,0.015,22.96,66.79,2
0.6453,0.0313,22.88,66.79,2
0.6292,-0.0161,22.87,66.78,2
0.6486,0.0194,22.87,66.78,2
0.6712,0.0226,22.87,66.78,2
0.6945,0.0232,22.9,66.78,2
0.6772,-0.0173,22.91,66.77,2
0.7005,0.0233,22.96,66.77,2
0.7352,0.0347,23.0,66.77,2
0.673,-0.0622,22.9,66.77,2
0.6925,0.0196,22.83,66.77,2
0.7187,0.0261,22.82,66.77,2
0.7419,0.0232,22.84,66.77,2
0.7618,0.02,22.85,66.78,2
0.7535,-0.0083,22.93,66.78,2
0.7261,-0.0274,23.03,66.78,2
0.7301,0.004,23.13,66.78,2
0.7483,0.0181,23.17,66.78,2
0.7592,0.0109,23.16,66.78,2
0.7891,0.0299,23.2,66.79,2
0.7659,-0.0232,23.17,66.79,2
0.7439,-0.022,23.15,66.79,2
0.7496,0.0057,23.24,66.79,2
0.7645,0.0149,23.28,66.8,2
0.7947,0.0302,23.18,66.8,2
0.802,0.0073,23.16,66.8,2
0.8227,0.0207,23.09,66.81,2
0.8275,0.0049,23.08,66.81,2
0.7463,-0.0813,23.06,66.82,2
0.736,-0.0102,23.08,66.82,2
0.7024,-0.0336,23.08,66.81,2
0.6916,-0.0109,23.03,66.81,2
0.6885,-0.0031,23.03,66.81,2
0.7166,0.0281,22.99,66.81,2
0.7006,-0.0161,22.98,66.81,2
0.6612,-0.0394,23.01,66.81,2
0.6623,0.0011,23.04,66.8,2
0.6902,0.0279,23.04,66.8,2
0.709,0.0188,23.03,66.8,2
0.7002,-0.0087,23.08,66.8,2
0.7096,0.0094,23.07,66.8,2
0.7313,0.0217,22.97,66.8,2
0.7628,0.0314,23.01,66.8,2
0.7521,-0.0107,23.03,66.8,2
0.7569,0.0048,22.98,66.81,2
0.773,0.0161,22.91,66.81,2
0.7923,0.0193,22.95,66.81,2
0.8051,0.0128,22.95,66.82,2
0.7556,-0.0495,23.04,66.82,2
0.5616,-0.194,23.06,66.81,2
0.6097,0.0481,23.02,66.8,2
0.6214,0.0117,22.98,66.8,2
0.6214,-0.0,22.99,66.79,2
0.6635,0.0421,22.9,66.79,2
0.671,0.0075,22.88,66.79,2
0.6455,-0.0255,22.85,66.78,2
0.6649,0.0194,22.94,66.78,2
0.6514,-0.0135,22.92,66.78,2
0.636,-0.0154,22.97,66.78,2
0.6572,0.0212,23.07,66.77,2
0.6661,0.0088,23.1,66.77,2
0.6511,-0.0149,23.07,66.77,2
0.6509,-0.0002,23.04,66.77,2
0.6688,0.018,23.1,66.76,2
0.6612,-0.0076,23.1,66.76,2
0.6904,0.0292,22.98,66.76,2
0.7142,0.0238,23.06,66.76,2
0.7077,-0.0065,23.12,66.76,2
0.7263,0.0186,23.12,66.76,2
0.7281,0.0018,23.05,66.76,2
0.729,0.0009,23.05,66.76,2
0.7373,0.0082,23.08,66.77,2
0.7466,0.0093,23.07,66.77,2
0.715,-0.0315,23.09,66.77,2
0.7291,0.0141,23.05,66.77,2
0.7176,-0.0116,23.01,66.77,2
0.7036,-0.0139,22.96,66.77,2
0.7013,-0.0023,22.99,66.77,2
0.7206,0.0193,23.0,66.77,2
0.6719,-0.0487,22.94,66.77,2
0.6433,-0.0285,22.84,66.77,2
0.6313,-0.012,22.83,66.76,2
0.671,0.0397,22.92,66.76,2
0.713,0.042,22.87,66.76,2
0.6913,-0.0217,22.93,66.76,2
0.6888,-0.0025,22.93,66.76,2
0.6649,-0.0239,22.92,66.76,2
0.6366,-0.0283,22.83,66.75,2
0.6345,-0.0021,22.83,66.75,2
0.6747,0.0402,22.87,66.75,2
0.6749,0.0002,22.83,66.75,2
0.7126,0.0378,22.88,66.75,2
0.7186,0.0059,22.91,66.75,2
0.6841,-0.0345,22.86,66.75,2
0.6932,0.0091,22.91,66.75,2
0.6451,-0.0481,22.91,66.75,2
0.6675,0.0224,22.89,66.74,2
0.6499,-0.0176,22.94,66.74,2
0.6344,-0.0156,23.0,66.74,2
0.6096,-0.0248,22.95,66.73,2
0.626,0.0164,22.87,66.73,2
0.6045,-0.0215,22.76,66.73,2
0.5997,-0.0048,22.74,66.72,2
0.6321,0.0324,22.82,66.72,2
0.6791,0.0469,22.92,66.72,2
0.7169,0.0378,23.0,66.72,2
0.7048,-0.0121,22.99,66.72,2
0.6455,-0.0592,23.02,66.72,2
0.631,-0.0145,22.97,66.72,2
0.6122,-0.0188,22.94,66.71,2
0.6313,0.019,22.95,66.71,2
0.6017,-0.0296,22.9,66.71,2
0.5855,-0.0162,22.96,66.7,2
0.6077,0.0221,22.91,66.7,2
0.5912,-0.0164,22.91,66.69,2
0.6302,0.039,22.82,66.69,2
0.6059,-0.0243,22.86,66.69,2
0.5518,-0.0541,22.76,66.68,2
0.5665,0.0147,22.67,66.68,2
0.5473,-0.0192,22.64,66.67,2
0.5761,0.0288,22.65,66.66,2
0.6037,0.0276,22.7,66.66,2
0.6357,0.0319,22.66,66.66,2
0.648,0.0123,22.65,66.66,2
0.672,0.024,22.67,66.66,2
0.6622,-0.0098,22.67,66.66,2
0.6534,-0.0088,22.68,66.66,2
0.6674,0.014,22.72,66.66,2
0.6894,0.0221,22.69,66.66,2
0.6741,-0.0153,22.68,66.66,2
0.6776,0.0035,22.75,66.66,2
0.6815,0.0039,22.71,66.66,2
0.6852,0.0037,22.74,66.66,2
0.6701,-0.0151,22.78,66.66,2
0.6707,0.0006,22.83,66.66,2
0.6619,-0.0089,22.8,66.66,2
0.642,-0.0199,22.82,66.66,2
0.6394,-0.0026,22.89,66.66,2
0.6271,-0.0123,22.85,66.66,2
0.6565,0.0294,22.75,66.66,2
0.654,-0.0025,22.7,66.66,2
0.6484,-0.0056,22.78,66.66,2
0.687,0.0386,22.74,66.66,2
0.7123,0.0253,22.77,66.66,2
0.7124,0.0001,22.75,66.66,2
0.6819,-0.0304,22.89,66.66,2
0.6698,-0.0121,22.91,66.66,2
0.6625,-0.0073,22.92,66.66,2
0.6635,0.0011,22.89,66.66,2
0.6304,-0.0331,22.86,66.66,2
0.6013,-0.0291,22.91,66.66,2
0.6162,0.0149,22.86,66.66,2
0.5871,-0.0291,22.91,66.65,2
0.5799,-0.0071,22.88,66.65,2
0.6034,0.0235,22.86,66.65,2
0.5932,-0.0103,22.83,66.64,2
0.604,0.0108,22.79,66.64,2
0.6276,0.0236,22.81,66.64,2
0.5859,-0.0417,22.88,66.64,2
0.5691,-0.0168,22.9,66.63,2
0.5999,0.0308,22.97,66.63,2
0.5672,-0.0327,22.96,66.62,2
0.5551,-0.0121,22.94,66.62,2
0.5608,0.0057,22.89,66.62,2
0.5638,0.003,22.83,66.61,2
0.5784,0.0147,22.68,66.61,2
0.5506,-0.0278,22.67,66.6,2
0.3939,-0.1567,22.82,66.63,1
0.4946,0.1008,23.05,66.66,1
0.5599,0.0653,22.95,66.66,2
0.5938,0.0338,22.99,66.65,2
0.6462,0.0524,22.99,66.65,2
0.4709,-0.1753,22.92,66.64,2
0.5386,0.0676,22.9,66.64,2
0.6048,0.0662,22.89,66.64,2
0.6076,0.0029,22.91,66.63,2
0.5809,-0.0267,22.81,66.63,2
0.6053,0.0244,22.8,66.63,2
0.6315,0.0262,22.81,66.63,2
0.6318,0.0004,22.83,66.63,2
0.6487,0.0168,22.84,66.63,2
0.6408,-0.0079,22.8,66.62,2
0.6486,0.0078,22.82,66.62,2
0.6766,0.0281,22.77,66.63,2
0.6597,-0.017,22.77,66.63,2
0.6586,-0.0011,22.74,66.63,2
0.6594,0.0009,22.81,66.63,2
0.61,-0.0494,22.7,66.63,2
0.601,-0.009,22.77,66.62,2
0.5771,-0.0238,22.84,66.62,2
0.5772,0.0001,22.78,66.62,2
0.6215,0.0442,22.76,66.61,2
0.6124,-0.009,22.83,66.61,2
0.6156,0.0031,22.82,66.61,2
0.6074,-0.0082,22.8,66.61,2
0.6308,0.0234,22.81,66.61,2
0.6116,-0.0192,22.75,66.61,2
0.6192,0.0077,22.74,66.61,2
0.606,-0.0133,22.69,66.6,2
0.5961,-0.0099,22.73,66.6,2
0.59,-0.0061,22.7,66.6,2
0.5573,-0.0327,22.74,66.6,2
0.5263,-0.031,22.73,66.59,2
0.5233,-0.003,22.61,66.58,2
0.5506,0.0272,22.58,66.58,2
0.5278,-0.0227,22.61,66.57,2
0.5445,0.0167,22.59,66.57,2
0.5347,-0.0098,22.65,66.57,2
0.5329,-0.0017,22.72,66.56,2
0.4997,-0.0332,22.62,66.55,2
0.5031,0.0034,22.5,66.55,2
0.5095,0.0064,22.59,66.54,2
0.5602,0.0506,22.61,66.54,2
0.5224,-0.0378,22.6,66.54,2
0.5053,-0.0171,22.61,66.53,2
0.4995,-0.0058,22.53,66.52,2
0.5013,0.0018,22.62,66.52,2
0.481,-0.0203,22.6,66.51,2
0.522,0.041,22.65,66.51,2
0.5289,0.0069,22.66,66.51,2
0.5328,0.0039,22.65,66.5,2
0.5525,0.0197,22.66,66.5,2
0.5474,-0.0051,22.68,66.5,2
0.5264,-0.021,22.64,66.49,2
0.5582,0.0319,22.58,66.49,2
0.5991,0.0409,22.58,66.49,2
0.5916,-0.0076,22.62,66.49,2
0.6041,0.0125,22.61,66.49,2
0.5897,-0.0144,22.62,66.49,2
0.5729,-0.0168,22.64,66.49,2
0.5484,-0.0245,22.6,66.49,2
0.5322,-0.0162,22.6,66.48,2
0.5831,0.0509,22.6,66.48,2
0.5459,-0.0372,22.6,66.48,2
0.5115,-0.0344,22.61,66.48,2
0.5065,-0.005,22.53,66.47,2
0.4842,-0.0223,22.51,66.47,2
0.4673,-0.0169,22.43,66.46,2
0.4475,-0.0197,22.65,66.5,1
0.3083,-0.1392,22.89,66.52,1
0.3584,0.0501,23.14,66.55,1
0.2501,-0.1083,23.56,66.6,0
0.2976,0.0475,23.98,66.65,0
0.2036,-0.094,24.31,66.7,0
0.1483,-0.0553,24.57,66.74,0
0.2588,0.1105,24.9,66.79,0
0.3353,0.0765,24.97,66.81,1
0.4136,0.0783,25.03,66.84,1
0.4585,0.0449,24.83,66.82,2
0.4697,0.0112,24.63,66.81,2
0.4846,0.015,24.52,66.8,2
0.4808,-0.0038,24.3,66.79,2
0.3343,-0.1465,24.38,66.81,1
0.4284,0.0942,24.6,66.83,1
0.4347,0.0063,24.74,66.86,1
0.4818,0.0471,24.63,66.84,2
0.4887,0.0069,24.46,66.83,2
0.5141,0.0254,24.3,66.82,2
0.517,0.0029,24.09,66.81,2
0.5067,-0.0103,23.96,66.8,2
0.5189,0.0122,23.9,66.79,2
0.5464,0.0275,23.83,66.78,2
0.5105,-0.0359,23.69,66.77,2
0.4855,-0.025,23.65,66.76,2
0.4692,-0.0163,23.58,66.75,2
0.4858,0.0166,23.45,66.74,2
0.4794,-0.0064,23.36,66.73,2
0.4579,-0.0215,23.29,66.71,2
0.461,0.0031,23.26,66.7,2
0.4793,0.0183,23.29,66.69,2
0.4825,0.0032,23.24,66.68,2
0.471,-0.0115,23.16,66.67,2
0.4793,0.0083,23.14,66.66,2
0.3337,-0.1456,23.27,66.69,1
0.2462,-0.0875,23.46,66.71,1
0.3652,0.1191,23.63,66.73,1
0.4371,0.0719,23.77,66.76,1
0.4495,0.0123,24.01,66.78,1
0.4464,-0.0031,24.21,66.81,1
0.4417,-0.0047,24.4,66.84,1
0.4464,0.0047,24.52,66.86,1
0.4536,0.0072,24.34,66.85,2
0.4925,0.0389,24.17,66.84,2
0.5069,0.0144,24.06,66.82,2
0.4813,-0.0256,23.98,66.81,2
0.3355,-0.1458,24.14,66.83,1
0.4053,0.0698,24.34,66.86,1
0.463,0.0577,24.1,66.84,2
0.5084,0.0454,24.07,66.83,2
0.4751,-0.0333,23.96,66.82,2
0.4956,0.0206,23.89,66.81,2
0.4945,-0.0012,23.76,66.8,2
0.4914,-0.0031,23.61,66.78,2
0.526,0.0346,23.51,66.77,2
0.5268,0.0008,23.43,66.77,2
0.5359,0.009,23.34,66.76,2
0.5359,0.0001,23.3,66.75,2
0.5865,0.0506,23.24,66.74,2
0.4204,-0.1661,23.41,66.77,1
0.4288,0.0085,23.68,66.79,1
0.4442,0.0154,23.9,66.82,1
0.4349,-0.0093,24.08,66.85,1
0.4371,0.0022,24.19,66.87,1
0.4378,0.0007,24.39,66.9,1
0.3041,-0.1337,24.5,66.91,1
0.3828,0.0788,24.59,66.93,1
0.4345,0.0516,24.67,66.96,1
0.4686,0.0341,24.43,66.94,2
0.5066,0.0381,24.2,66.93,2
0.5127,0.0061,24.11,66.92,2
0.3646,-0.1481,24.23,66.93,1
0.4418,0.0772,24.38,66.96,1
0.4946,0.0528,24.18,66.94,2
0.4771,-0.0175,24.02,66.93,2
0.4678,-0.0093,23.98,66.91,2
0.4881,0.0202,23.79,66.9,2
0.5037,0.0156,23.77,66.89,2
0.5267,0.023,23.63,66.88,2
0.5234,-0.0033,23.5,66.86,2
0.5215,-0.0019,23.47,66.85,2
0.3699,-0.1516,23.67,66.87,1
0.4023,0.0324,23.84,66.9,1
0.4166,0.0143,23.98,66.92,1
0.4296,0.013,24.2,66.94,1
0.4347,0.0051,24.3,66.97,1
0.4503,0.0156,24.29,66.95,2
0.4689,0.0186,24.11,66.93,2
0.4686,-0.0004,24.01,66.92,2
0.4519,-0.0166,23.86,66.9,2
0.3135,-0.1384,24.02,66.92,1
0.3466,0.033,24.24,66.94,1
0.4089,0.0623,24.27,66.96,1
0.4159,0.007,24.43,66.98,1
0.4266,0.0107,24.62,67.0,1
0.4579,0.0313,24.39,66.99,2
0.4477,-0.0103,24.27,66.97,2
0.4564,0.0088,24.04,66.95,2
0.4324,-0.024,24.19,66.98,1
0.4517,0.0193,24.45,67.0,1
0.4769,0.0252,24.25,66.98,2
0.5077,0.0308,24.06,66.97,2
0.4817,-0.026,23.97,66.95,2
0.3358,-0.146,24.15,66.97,1
0.2479,-0.0878,24.23,66.98,1
0.3317,0.0838,24.37,67.0,1
0.3701,0.0384,24.48,67.02,1
0.4124,0.0423,24.69,67.04,1
0.4695,0.0571,24.5,67.02,2
0.4969,0.0274,24.24,67.01,2
0.4841,-0.0128,24.05,66.99,2
0.4716,-0.0125,23.84,66.97,2
0.4643,-0.0074,23.78,66.96,2
0.4453,-0.0189,23.97,66.98,1
0.3079,-0.1374,24.17,67.0,1
0.3393,0.0314,24.35,67.01,1
0.3902,0.0509,24.46,67.03,1
0.4096,0.0194,24.64,67.05,1
0.3943,-0.0153,24.81,67.07,1
0.4135,0.0192,24.91,67.09,1
0.4064,-0.0071,24.96,67.11,1
0.4221,0.0157,25.07,67.13,1
0.4524,0.0302,24.93,67.11,2
0.4382,-0.0142,24.76,67.09,2
0.4387,0.0005,24.83,67.11,1
0.4508,0.0122,25.05,67.13,1
0.3102,-0.1406,25.03,67.14,1
0.2268,-0.0834,25.27,67.18,0
0.2967,0.0699,25.53,67.22,0
0.3485,0.0517,25.53,67.23,1
0.3948,0.0463,25.48,67.25,1
0.4251,0.0303,25.39,67.27,1
0.2915,-0.1335,25.39,67.27,1
0.3274,0.0359,25.42,67.29,1
0.3522,0.0248,25.51,67.3,1
0.3721,0.0199,25.61,67.31,1
0.381,0.0089,25.65,67.32,1
0.3903,0.0093,25.64,67.34,1
0.3711,-0.0192,25.7,67.35,1
0.3638,-0.0073,25.79,67.36,1
0.3665,0.0027,25.7,67.37,1
0.3733,0.0068,25.68,67.38,1
0.3707,-0.0026,25.61,67.39,1
0.2469,-0.1238,25.83,67.43,0
0.3143,0.0674,26.0,67.46,0
0.2148,-0.0995,26.24,67.5,0
0.1568,-0.058,26.43,67.52,0
0.241,0.0841,26.56,67.56,0
0.3054,0.0644,26.48,67.56,1
0.2022,-0.1032,26.44,67.56,1
0.2554,0.0533,26.72,67.59,0
0.167,-0.0884,26.89,67.62,0
0.1168,-0.0502,26.92,67.64,0
0.0867,-0.0301,27.03,67.66,0
0.2324,0.1458,27.12,67.69,0
0.1563,-0.0761,27.22,67.71,0
0.229,0.0726,27.3,67.74,0
0.2696,0.0406,27.43,67.77,0
0.2961,0.0265,27.22,67.77,1
0.3343,0.0382,27.08,67.77,1
0.3562,0.0219,26.89,67.77,1
0.3677,0.0116,26.85,67.78,1
0.3972,0.0295,26.8,67.78,1
0.4199,0.0227,26.74,67.79,1
0.2857,-0.1342,26.48,67.78,1
0.3373,0.0516,26.31,67.79,1
0.3988,0.0615,26.31,67.79,1
0.4349,0.0361,26.36,67.8,1
0.4273,-0.0076,26.26,67.8,1
0.2938,-0.1335,26.26,67.8,1
0.3726,0.0788,26.26,67.8,1
0.2617,-0.1109,26.49,67.83,0
0.1945,-0.0672,26.72,67.85,0
0.2911,0.0966,26.6,67.85,1
0.336,0.0449,26.5,67.85,1
0.3607,0.0248,26.48,67.85,1
0.3823,0.0215,26.4,67.85,1
0.4243,0.042,26.38,67.86,1
0.2891,-0.1352,26.31,67.85,1
0.3169,0.0278,26.18,67.85,1
0.3459,0.029,26.13,67.85,1
0.3596,0.0137,26.02,67.85,1
0.2404,-0.1192,26.23,67.88,0
0.1722,-0.0682,26.41,67.9,0
0.1309,-0.0413,26.65,67.92,0
0.2192,0.0883,26.81,67.94,0
0.2897,0.0705,26.79,67.94,1
0.3228,0.0331,26.66,67.93,1
0.3394,0.0165,26.54,67.93,1
0.3599,0.0205,26.48,67.93,1
0.3875,0.0276,26.45,67.93,1
0.385,-0.0025,26.31,67.93,1
0.3826,-0.0024,26.22,67.93,1
0.387,0.0044,26.2,67.93,1
0.2592,-0.1278,26.46,67.96,0
0.3509,0.0917,26.64,67.99,0
0.356,0.005,26.57,67.99,1
0.3758,0.0198,26.56,67.98,1
0.4055,0.0297,26.52,67.98,1
0.273,-0.1325,26.68,68.01,0
0.1953,-0.0776,26.79,68.03,0
0.3247,0.1293,26.72,68.02,1
0.2273,-0.0973,26.63,68.01,1
0.3301,0.1028,26.59,68.01,1
0.2287,-0.1014,26.78,68.03,0
0.2919,0.0632,26.98,68.06,0
0.3494,0.0575,26.89,68.05,1
0.4188,0.0694,26.82,68.05,1
0.4194,0.0006,26.78,68.05,1
0.4021,-0.0173,26.71,68.05,1
0.4029,0.0008,26.73,68.05,1
0.4194,0.0165,26.73,68.05,1
0.284,-0.1354,26.67,68.04,1
0.3322,0.0482,26.59,68.04,1
0.3465,0.0142,26.47,68.04,1
0.343,-0.0035,26.42,68.03,1
0.3419,-0.001,26.34,68.03,1
0.3557,0.0138,26.31,68.03,1
0.3617,0.006,26.2,68.02,1
0.3709,0.0092,26.09,68.02,1
0.3663,-0.0046,25.95,68.02,1
0.3747,0.0083,25.87,68.02,1
0.3812,0.0065,25.86,68.02,1
0.2552,-0.1259,26.18,68.04,0
0.3135,0.0582,26.28,68.06,0
0.3367,0.0232,26.25,68.06,1
0.2251,-0.1116,26.16,68.05,1
0.1613,-0.0638,26.41,68.07,0
0.2376,0.0763,26.55,68.09,0
0.1595,-0.0781,26.72,68.1,0
0.1147,-0.0448,26.95,68.12,0
0.22,0.1053,27.1,68.14,0
0.2947,0.0746,26.98,68.13,1
0.35,0.0553,26.81,68.12,1
0.3616,0.0116,26.77,68.12,1
0.369,0.0075,26.73,68.11,1
0.2458,-0.1233,27.02,68.13,0
0.1755,-0.0703,27.14,68.15,0
0.268,0.0925,27.3,68.17,0
0.1836,-0.0844,27.34,68.19,0
0.1341,-0.0495,27.38,68.2,0
0.2457,0.1116,27.54,68.22,0
0.1667,-0.0791,27.7,68.23,0
0.2378,0.0711,27.72,68.25,0
0.2929,0.0551,27.48,68.24,1
0.1899,-0.1029,27.31,68.22,1
0.1317,-0.0582,27.34,68.24,0
0.2271,0.0953,27.5,68.25,0
0.2592,0.0321,27.61,68.27,0
0.1633,-0.0959,27.69,68.28,0
0.2352,0.0719,27.74,68.3,0
0.2669,0.0317,27.82,68.32,0
0.1667,-0.1002,27.9,68.33,0
0.2166,0.0499,28.03,68.34,0
0.2806,0.064,27.83,68.33,1
0.1763,-0.1043,27.71,68.31,1
0.2257,0.0494,27.85,68.33,0
0.2752,0.0494,27.87,68.34,0
0.3036,0.0284,27.81,68.33,1
0.3211,0.0175,27.67,68.32,1
0.2039,-0.1172,27.84,68.34,0
0.2586,0.0547,28.03,68.35,0
0.3074,0.0488,27.95,68.34,1
0.3359,0.0285,27.71,68.33,1
0.3628,0.0269,27.62,68.32,1
0.2404,-0.1224,27.67,68.34,0
0.2807,0.0403,27.88,68.35,0
0.3499,0.0692,27.69,68.35,1
0.2337,-0.1162,27.47,68.33,1
0.1663,-0.0674,27.57,68.34,0
0.1249,-0.0414,27.66,68.35,0
0.0978,-0.0271,27.75,68.36,0
0.189,0.0912,27.78,68.37,0
0.1231,-0.0658,27.92,68.38,0
0.2134,0.0903,27.96,68.39,0
0.2497,0.0362,27.94,68.41,0
0.1543,-0.0954,27.98,68.42,0
0.1021,-0.0522,28.03,68.42,0
0.1748,0.0727,28.04,68.43,0
0.1063,-0.0685,28.09,68.44,0
0.0693,-0.037,28.2,68.45,0
0.0484,-0.0208,28.3,68.45,0
0.1911,0.1427,28.33,68.46,0
0.2324,0.0413,28.45,68.47,0
0.1418,-0.0906,28.43,68.48,0
0.2172,0.0754,28.44,68.49,0
0.1338,-0.0833,28.54,68.5,0
0.1928,0.0589,28.61,68.51,0
0.2324,0.0396,28.62,68.52,0
0.2475,0.0151,28.72,68.53,0
0.264,0.0165,28.74,68.54,0
0.2851,0.0211,28.48,68.53,1
0.2925,0.0074,28.3,68.51,1
0.1804,-0.1121,28.26,68.52,0
0.2424,0.0619,28.26,68.53,0
0.3049,0.0625,28.0,68.52,1
0.3632,0.0583,27.9,68.5,1
0.242,-0.1212,27.92,68.52,0
0.1725,-0.0696,27.99,68.52,0
0.1301,-0.0423,28.02,68.53,0
0.2077,0.0776,28.21,68.54,0
0.2821,0.0744,28.0,68.52,1
0.1839,-0.0982,27.83,68.5,1
0.1283,-0.0557,27.9,68.51,0
0.2,0.0717,28.03,68.52,0
0.2588,0.0589,28.13,68.53,0
0.1625,-0.0963,28.21,68.54,0
0.1091,-0.0534,28.32,68.54,0
0.078,-0.0311,28.36,68.55,0
0.1689,0.0909,28.34,68.55,0
0.1044,-0.0646,28.33,68.56,0
0.069,-0.0354,28.35,68.56,0
0.0487,-0.0202,28.38,68.56,0
0.0365,-0.0123,28.34,68.56,0
0.0286,-0.0079,28.34,68.56,0
0.0231,-0.0054,28.28,68.56,0
0.1367,0.1135,28.29,68.57,0
0.0801,-0.0565,28.34,68.57,0
0.0499,-0.0302,28.42,68.57,0
0.1882,0.1383,28.48,68.58,0
0.1176,-0.0707,28.5,68.58,0
0.0779,-0.0397,28.45,68.59,0
0.1595,0.0816,28.56,68.59,0
0.0939,-0.0656,28.5,68.59,0
0.0585,-0.0354,28.6,68.6,0
0.1612,0.1027,28.56,68.6,0
0.2462,0.0849,28.54,68.61,0
0.1508,-0.0954,28.49,68.62,0
0.0979,-0.0528,28.54,68.62,0
0.0673,-0.0306,28.64,68.62,0
0.0487,-0.0186,28.64,68.62,0
0.0366,-0.012,28.61,68.62,0
0.1534,0.1168,28.73,68.63,0
0.2234,0.0699,28.72,68.63,0
0.1356,-0.0877,28.73,68.64,0
0.0879,-0.0477,28.85,68.64,0
0.2383,0.1504,28.78,68.65,0
0.1567,-0.0817,28.8,68.65,0
0.109,-0.0477,28.81,68.66,0
0.0796,-0.0294,28.84,68.66,0
0.0605,-0.0192,28.78,68.66,0
0.0473,-0.0132,28.72,68.66,0
0.1477,0.1004,28.68,68.66,0
0.2315,0.0838,28.7,68.67,0
0.1413,-0.0902,28.76,68.67,0
0.1941,0.0528,28.76,68.68,0
0.2324,0.0383,28.79,68.69,0
0.1374,-0.0949,28.76,68.69,0
0.2191,0.0817,28.72,68.7,0
0.1344,-0.0847,28.76,68.7,0
0.2078,0.0734,28.87,68.71,0
0.2493,0.0414,28.89,68.71,0
0.1516,-0.0977,28.95,68.72,0
0.0984,-0.0532,28.93,68.72,0
0.1782,0.0798,29.0,68.72,0
0.1081,-0.0701,29.02,68.72,0
0.07,-0.0381,29.01,68.72,0
0.1559,0.0859,28.94,68.73,0
0.0915,-0.0644,28.94,68.73,0
0.1797,0.0881,28.91,68.73,0
0.2369,0.0572,28.87,68.74,0
0.1433,-0.0936,28.87,68.74,0
0.2102,0.0669,28.95,68.75,0
0.1283,-0.0819,28.95,68.75,0
0.2037,0.0754,28.93,68.75,0
0.2531,0.0494,29.02,68.76,0
0.1552,-0.098,29.02,68.76,0
0.2166,0.0615,29.07,68.77,0
0.1331,-0.0835,29.09,68.77,0
0.2223,0.0892,29.11,68.78,0
0.2941,0.0718,28.9,68.75,1
0.3102,0.0161,28.64,68.74,1
0.1986,-0.1116,28.74,68.74,0
0.1363,-0.0623,28.77,68.74,0
0.2147,0.0785,28.81,68.75,0
0.1389,-0.0758,28.83,68.75,0
0.0963,-0.0426,28.76,68.75,0
0.1836,0.0873,28.67,68.75,0
0.1152,-0.0684,28.73,68.76,0
0.0776,-0.0377,28.71,68.75,0
0.0558,-0.0218,28.76,68.75,0
0.145,0.0892,28.77,68.75,0
0.0857,-0.0592,28.82,68.75,0
0.1792,0.0935,28.78,68.76,0
0.1069,-0.0723,28.68,68.76,0
0.0679,-0.039,28.71,68.76,0
0.0461,-0.0218,28.7,68.75,0
0.1458,0.0997,28.73,68.75,0
0.2114,0.0656,28.76,68.76,0
0.2733,0.0618,28.81,68.77,0
0.3132,0.0399,28.54,68.75,1
0.1994,-0.1138,28.25,68.72,1
0.2461,0.0467,28.36,68.73,0
0.1571,-0.089,28.45,68.74,0
0.1076,-0.0496,28.51,68.74,0
0.0786,-0.029,28.47,68.73,0
0.0605,-0.018,28.42,68.73,0
0.156,0.0955,28.51,68.74,0
0.096,-0.06,28.61,68.74,0
0.171,0.0749,28.63,68.74,0
0.101,-0.0699,28.67,68.74,0
0.0638,-0.0372,28.76,68.74,0
0.1607,0.097,28.72,68.74,0
0.0954,-0.0654,28.84,68.74,0
0.0603,-0.0351,28.83,68.74,0
0.1608,0.1005,28.91,68.74,0
0.0954,-0.0654,28.89,68.74,0
0.0602,-0.0353,28.79,68.74,0
0.0404,-0.0197,28.7,68.74,0
0.1414,0.1009,28.81,68.74,0
0.0817,-0.0597,28.77,68.74,0
0.1624,0.0807,28.77,68.74,0
0.0925,-0.0699,28.88,68.74,0
0.0555,-0.037,28.79,68.74,0
0.1379,0.0824,28.79,68.74,0
0.076,-0.0619,28.8,68.74,0
0.1588,0.0828,28.82,68.75,0
0.0887,-0.0701,28.74,68.74,0
0.1669,0.0782,28.76,68.75,0
0.0942,-0.0728,28.73,68.75,0
0.1807,0.0866,28.83,68.75,0
0.2608,0.08,28.74,68.76,0
0.1599,-0.1008,28.73,68.76,0
0.1041,-0.0558,28.72,68.76,0
0.0719,-0.0323,28.69,68.76,0
0.1972,0.1253,28.81,68.77,0
0.1255,-0.0717,28.83,68.77,0
0.0846,-0.0409,28.86,68.77,0
0.1651,0.0805,28.86,68.77,0
0.0985,-0.0665,28.72,68.77,0
0.0623,-0.0362,28.68,68.77,0
0.1493,0.087,28.72,68.77,0
0.0856,-0.0637,28.7,68.77,0
0.1743,0.0886,28.67,68.77,0
0.1012,-0.0731,28.6,68.77,0
0.062,-0.0392,28.52,68.77,0
0.0403,-0.0218,28.55,68.76,0
0.1427,0.1024,28.58,68.77,0
0.082,-0.0607,28.54,68.77,0
0.1871,0.1051,28.55,68.77,0
0.249,0.0619,28.61,68.78,0
0.2668,0.0178,28.64,68.78,0
0.2932,0.0264,28.35,68.76,1
0.3039,0.0107,28.06,68.74,1
0.3293,0.0254,27.91,68.72,1
0.2101,-0.1192,28.03,68.73,0
0.2589,0.0487,28.17,68.74,0
0.2996,0.0408,27.99,68.72,1
0.326,0.0264,27.78,68.7,1
0.3355,0.0095,27.62,68.68,1
0.2178,-0.1177,27.73,68.69,0
0.282,0.0641,27.93,68.7,0
0.3528,0.0709,27.84,68.68,1
0.2368,-0.116,27.69,68.66,1
0.1694,-0.0674,27.79,68.67,0
0.2305,0.0611,27.91,68.68,0
0.284,0.0535,27.71,68.66,1
0.1835,-0.1005,27.58,68.63,1
0.2993,0.1158,27.33,68.62,1
0.2011,-0.0982,27.53,68.62,0
0.1432,-0.0579,27.6,68.63,0
0.107,-0.0361,27.68,68.63,0
0.0831,-0.024,27.73,68.63,0
0.0663,-0.0168,27.74,68.63,0
0.0539,-0.0124,27.73,68.63,0
0.0444,-0.0095,27.79,68.63,0
0.142,0.0976,27.82,68.64,0
0.085,-0.057,27.85,68.64,0
0.0544,-0.0306,27.91,68.64,0
0.1522,0.0979,28.02,68.64,0
0.0892,-0.0631,28.05,68.64,0
0.1755,0.0863,28.06,68.65,0
0.1029,-0.0726,28.08,68.65,0
0.174,0.071,28.16,68.66,0
0.1003,-0.0736,28.17,68.66,0
0.0611,-0.0392,28.16,68.66,0
0.1621,0.101,28.29,68.67,0
0.0953,-0.0668,28.38,68.67,0
0.0593,-0.036,28.43,68.67,0
0.0391,-0.0201,28.39,68.66,0
0.1348,0.0957,28.4,68.67,0
0.0761,-0.0588,28.39,68.67,0
0.0451,-0.031,28.33,68.67,0
0.0283,-0.0168,28.31,68.67,0
0.0189,-0.0094,28.36,68.66,0
0.0133,-0.0056,28.41,68.66,0
0.1299,0.1165,28.44,68.66,0
0.2087,0.0788,28.42,68.67,0
0.1231,-0.0856,28.45,68.67,0
0.0772,-0.046,28.47,68.67,0
0.0516,-0.0256,28.51,68.67,0
0.0367,-0.0149,28.47,68.67,0
0.1574,0.1208,28.57,68.68,0
0.2277,0.0703,28.65,68.68,0
0.259,0.0313,28.7,68.69,0
0.1578,-0.1012,28.66,68.7,0
0.103,-0.0548,28.64,68.7,0
0.072,-0.031,28.69,68.7,0
0.1786,0.1065,28.74,68.7,0
0.2393,0.0607,28.78,68.71,0
0.284,0.0447,28.55,68.69,1
0.1776,-0.1064,28.22,68.67,1
0.1188,-0.0588,28.36,68.67,0
0.2048,0.086,28.43,68.68,0
0.1299,-0.0749,28.45,68.68,0
0.1956,0.0657,28.43,68.68,0
0.2483,0.0527,28.42,68.69,0
0.1537,-0.0946,28.45,68.7,0
0.2298,0.0761,28.44,68.7,0
0.2983,0.0685,28.27,68.69,1
0.3188,0.0205,28.14,68.67,1
0.2044,-0.1144,28.21,68.67,0
0.2751,0.0708,28.33,68.68,0
0.3377,0.0626,28.11,68.67,1
0.2248,-0.1129,27.81,68.65,1
0.2948,0.07,27.65,68.63,1
0.343,0.0482,27.45,68.61,1
0.2292,-0.1138,27.56,68.62,0
0.2732,0.0441,27.71,68.63,0
0.1808,-0.0924,27.88,68.64,0
0.2328,0.052,27.98,68.65,0
0.1496,-0.0832,28.03,68.65,0
0.2106,0.0609,28.1,68.66,0
0.2548,0.0442,28.12,68.67,0
0.2782,0.0234,28.24,68.68,0
0.172,-0.1062,28.26,68.69,0
0.2365,0.0646,28.24,68.69,0
0.1491,-0.0875,28.31,68.7,0
0.1006,-0.0485,28.23,68.7,0
0.2175,0.1169,28.26,68.7,0
0.1411,-0.0763,28.28,68.71,0
0.0976,-0.0436,28.24,68.71,0
0.2288,0.1313,28.28,68.72,0
0.1505,-0.0783,28.29,68.72,0
0.2224,0.0719,28.32,68.73,0
0.1409,-0.0815,28.35,68.73,0
0.2173,0.0764,28.46,68.73,0
0.1354,-0.0819,28.45,68.74,0
0.2047,0.0692,28.5,68.74,0
0.2658,0.0611,28.51,68.75,0
0.3023,0.0365,28.29,68.73,1
0.1929,-0.1094,28.17,68.71,1
0.2772,0.0844,28.19,68.72,0
0.1829,-0.0943,28.24,68.72,0
0.2313,0.0484,28.3,68.73,0
0.2804,0.049,28.12,68.71,1
0.3206,0.0403,27.98,68.69,1
0.3562,0.0356,27.87,68.67,1
0.3665,0.0103,27.78,68.66,1
0.243,-0.1236,27.9,68.67,0
0.2902,0.0472,27.95,68.68,0
0.1943,-0.0958,28.06,68.68,0
0.2468,0.0525,28.12,68.69,0
0.1619,-0.0849,28.12,68.7,0
0.234,0.0721,28.12,68.7,0
0.1514,-0.0826,28.17,68.71,0
0.2201,0.0687,28.21,68.72,0
0.1397,-0.0804,28.23,68.72,0
0.21,0.0703,28.39,68.72,0
0.131,-0.079,28.46,68.73,0
0.2099,0.079,28.55,68.73,0
0.1304,-0.0796,28.59,68.73,0
0.229,0.0986,28.69,68.74,0
0.284,0.055,28.49,68.72,1
0.32,0.0361,28.21,68.7,1
0.3284,0.0084,28.05,68.68,1
0.3722,0.0438,27.83,68.67,1
0.3609,-0.0113,27.65,68.65,1
0.2339,-0.127,27.84,68.66,0
0.1615,-0.0724,28.01,68.67,0
0.2256,0.064,28.1,68.67,0
0.3009,0.0753,27.84,68.66,1
0.1955,-0.1054,27.6,68.63,1
0.2426,0.0472,27.69,68.64,0
0.1547,-0.0879,27.78,68.65,0
0.2127,0.058,27.89,68.66,0
0.2774,0.0648,28.02,68.67,0
0.2823,0.0049,27.83,68.65,1
0.3013,0.019,27.64,68.63,1
0.1864,-0.1149,27.74,68.64,0
0.233,0.0466,27.89,68.64,0
0.2789,0.0459,27.91,68.66,0
0.1737,-0.1051,27.98,68.66,0
0.2429,0.0692,28.05,68.67,0
0.1536,-0.0893,28.09,68.67,0
0.1034,-0.0502,28.17,68.68,0
0.0738,-0.0296,28.15,68.68,0
0.1653,0.0915,28.27,68.68,0
0.1011,-0.0643,28.31,68.68,0
0.1984,0.0973,28.34,68.69,0
0.2296,0.0312,28.36,68.7,0
0.274,0.0444,28.37,68.71,0
0.3249,0.051,28.22,68.69,1
0.2045,-0.1204,27.96,68.66,1
0.2416,0.0371,28.02,68.67,0
0.1504,-0.0912,28.05,68.68,0
0.237,0.0866,28.08,68.69,0
0.1497,-0.0873,28.01,68.69,0
0.1003,-0.0494,28.08,68.69,0
0.1934,0.0931,27.98,68.7,0
0.1205,-0.073,27.96,68.7,0
0.0796,-0.0409,28.02,68.7,0
0.1781,0.0985,28.07,68.7,0
0.1087,-0.0694,28.09,68.71,0
0.0703,-0.0384,28.13,68.7,0
0.0482,-0.0222,28.18,68.7,0
0.1422,0.094,28.2,68.71,0
0.082,-0.0602,28.18,68.71,0
0.1924,0.1104,28.22,68.71,0
0.2493,0.0569,28.28,68.72,0
0.283,0.0337,28.11,68.7,1
0.1757,-0.1073,27.91,68.67,1
0.2242,0.0485,28.03,68.68,0
0.1388,-0.0854,28.03,68.69,0
0.2195,0.0807,28.02,68.69,0
0.2874,0.0679,27.75,68.67,1
0.318,0.0306,27.54,68.66,1
0.2034,-0.1147,27.6,68.66,0
0.2563,0.053,27.63,68.67,0
0.1646,-0.0917,27.73,68.68,0
0.2253,0.0607,27.91,68.68,0
0.142,-0.0833,27.95,68.69,0
0.2456,0.1036,28.1,68.7,0
0.3522,0.1066,27.91,68.68,1
0.2358,-0.1164,27.65,68.66,1
0.3173,0.0815,27.48,68.64,1
0.3692,0.0519,27.36,68.63,1
0.3772,0.008,27.2,68.61,1
0.252,-0.1252,27.42,68.62,0
0.2965,0.0445,27.6,68.64,0
0.3452,0.0487,27.47,68.62,1
0.3671,0.0218,27.44,68.61,1
0.2439,-0.1231,27.56,68.62,0
0.2978,0.0539,27.53,68.63,0
0.1993,-0.0985,27.58,68.64,0
0.2945,0.0952,27.43,68.62,1
0.1987,-0.0958,27.19,68.6,1
0.1422,-0.0565,27.27,68.6,0
0.1068,-0.0354,27.39,68.6,0
0.2108,0.104,27.51,68.61,0
0.2468,0.036,27.67,68.62,0
0.1539,-0.0929,27.7,68.63,0
0.1024,-0.0515,27.77,68.63,0
0.2026,0.1002,27.88,68.64,0
0.2486,0.046,27.83,68.65,0
0.3025,0.0539,27.67,68.63,1
0.3183,0.0158,27.53,68.61,1
0.201,-0.1172,27.55,68.62,0
0.2479,0.0469,27.65,68.63,0
0.2957,0.0478,27.48,68.61,1
0.2967,0.001,27.29,68.6,1
0.1841,-0.1126,27.33,68.6,0
0.2818,0.0977,27.5,68.62,0
0.1837,-0.0981,27.63,68.62,0
0.252,0.0683,27.77,68.63,0
0.1624,-0.0896,27.9,68.64,0
0.1111,-0.0513,27.95,68.64,0
0.2351,0.124,28.04,68.65,0
0.2921,0.057,27.83,68.63,1
0.3351,0.043,27.66,68.62,1
0.3664,0.0313,27.55,68.6,1
0.3731,0.0067,27.44,68.59,1
0.3828,0.0097,27.27,68.58,1
0.3949,0.0122,27.01,68.56,1
0.4065,0.0115,26.95,68.55,1
0.4314,0.0249,26.81,68.54,1
0.293,-0.1384,26.64,68.53,1
0.3315,0.0385,26.5,68.51,1
0.3691,0.0376,26.42,68.5,1
0.384,0.0149,26.32,68.49,1
0.2593,-0.1247,26.46,68.5,0
0.3368,0.0775,26.61,68.52,0
0.396,0.0592,26.52,68.51,1
0.4011,0.0051,26.48,68.5,1
0.2726,-0.1284,26.7,68.51,0
0.1971,-0.0755,26.82,68.52,0
0.31,0.1129,26.84,68.51,1
0.3443,0.0343,26.81,68.49,1
0.376,0.0317,26.76,68.48,1
0.3678,-0.0082,26.66,68.47,1
0.3744,0.0066,26.54,68.46,1
0.4061,0.0317,26.51,68.45,1
0.4075,0.0014,26.52,68.44,1
0.4235,0.016,26.41,68.44,1
0.4064,-0.0171,26.36,68.43,1
0.3849,-0.0215,26.22,68.42,1
0.2552,-0.1296,26.35,68.43,0
0.1808,-0.0744,26.58,68.44,0
0.2906,0.1098,26.54,68.43,1
0.3598,0.0692,26.46,68.42,1
0.4108,0.0511,26.31,68.41,1
0.4009,-0.0099,26.29,68.4,1
0.4175,0.0166,26.26,68.4,1
0.427,0.0095,26.29,68.39,1
0.4475,0.0205,26.24,68.38,1
0.425,-0.0225,26.26,68.38,1
0.4137,-0.0113,26.29,68.37,1
0.4291,0.0154,26.21,68.36,1
0.4475,0.0184,26.08,68.36,1
0.4661,0.0186,25.75,68.32,2
0.3229,-0.1432,25.39,68.27,2
0.3473,0.0244,25.49,68.26,1
0.241,-0.1064,25.49,68.24,1
0.305,0.0641,25.5,68.23,1
0.3377,0.0326,25.54,68.23,1
0.3661,0.0285,25.61,68.22,1
0.3621,-0.004,25.73,68.21,1
0.2391,-0.123,25.99,68.23,0
0.2788,0.0397,26.25,68.25,0
0.2954,0.0166,26.21,68.24,1
0.3203,0.0249,26.19,68.23,1
0.2061,-0.1142,26.41,68.25,0
0.2747,0.0686,26.59,68.27,0
0.3412,0.0666,26.46,68.26,1
0.2264,-0.1148,26.44,68.24,1
0.2825,0.0561,26.45,68.23,1
0.293,0.0105,26.4,68.22,1
0.3451,0.0521,26.39,68.22,1
0.3706,0.0254,26.28,68.21,1
0.3732,0.0027,26.26,68.21,1
0.4094,0.0361,26.22,68.2,1
0.4253,0.016,26.17,68.2,1
0.4288,0.0034,26.12,68.2,1
0.4636,0.0348,25.77,68.16,2
0.469,0.0054,25.59,68.12,2
0.4577,-0.0112,25.35,68.08,2
0.4786,0.0208,25.06,68.04,2
0.5044,0.0259,24.81,68.0,2
0.4944,-0.0101,24.53,67.97,2
0.4812,-0.0132,24.34,67.93,2
0.3344,-0.1467,24.43,67.93,1
0.3911,0.0567,24.5,67.93,1
0.4305,0.0393,24.58,67.93,1
0.461,0.0305,24.46,67.9,2
0.322,-0.1389,24.23,67.86,2
0.2381,-0.084,24.57,67.88,0
0.1841,-0.054,24.78,67.9,0
0.2972,0.1131,24.8,67.9,1
0.381,0.0839,24.87,67.9,1
0.4033,0.0222,24.96,67.9,1
0.4354,0.0322,25.06,67.91,1
0.446,0.0106,25.05,67.91,1
0.414,-0.0321,25.16,67.91,1
0.3927,-0.0213,25.18,67.91,1
0.4063,0.0136,25.22,67.92,1
0.4469,0.0406,25.28,67.92,1
0.4647,0.0178,25.01,67.89,2
0.4511,-0.0136,24.78,67.85,2
0.4521,0.001,24.56,67.82,2
0.4697,0.0176,24.38,67.78,2
0.4705,0.0008,24.2,67.75,2
0.4594,-0.0111,24.09,67.72,2
0.316,-0.1434,24.27,67.72,1
0.3855,0.0694,24.35,67.73,1
0.428,0.0426,24.45,67.73,1
0.4602,0.0322,24.25,67.7,2
0.32,-0.1403,24.0,67.66,2
0.3775,0.0576,24.07,67.67,1
0.4434,0.0659,24.17,67.68,1
0.4565,0.0131,23.99,67.65,2
0.4902,0.0338,23.81,67.62,2
0.4622,-0.028,23.64,67.59,2
0.4933,0.0311,23.62,67.56,2
0.4711,-0.0222,23.55,67.53,2
0.4508,-0.0203,23.46,67.51,2
0.4685,0.0177,23.33,67.48,2
0.4826,0.014,23.2,67.45,2
0.455,-0.0276,23.13,67.43,2
0.4485,-0.0064,23.35,67.44,1
0.4557,0.0072,23.49,67.46,1
0.3142,-0.1416,23.63,67.46,1
0.3475,0.0333,23.81,67.47,1
0.3621,0.0146,23.99,67.48,1
0.4032,0.0412,24.12,67.49,1
0.4074,0.0042,24.23,67.5,1
0.3909,-0.0165,24.38,67.51,1
0.4088,0.0179,24.51,67.52,1
0.4485,0.0396,24.61,67.53,1
0.4698,0.0213,24.38,67.5,2
0.4863,0.0165,24.18,67.48,2
0.4789,-0.0074,24.03,67.45,2
0.4765,-0.0024,23.82,67.43,2
0.489,0.0125,23.78,67.4,2
0.3441,-0.1449,23.97,67.41,1
0.4169,0.0728,24.1,67.43,1
0.4425,0.0256,24.31,67.44,1
0.5149,0.0725,24.14,67.42,2
0.5609,0.0459,24.07,67.4,2
0.5338,-0.0271,23.96,67.37,2
0.5563,0.0226,23.82,67.35,2
0.5759,0.0196,23.55,67.34,2
0.5824,0.0065,23.42,67.32,2
0.4186,-0.1638,23.63,67.33,1
0.5062,0.0877,23.82,67.35,1
0.5142,0.0079,23.69,67.33,2
0.5237,0.0095,23.52,67.31,2
0.5521,0.0284,23.53,67.29,2
0.5028,-0.0493,23.46,67.27,2
0.4969,-0.0059,23.34,67.25,2
0.4915,-0.0055,23.25,67.23,2
0.4881,-0.0033,23.25,67.21,2
0.4998,0.0117,23.18,67.19,2
0.4888,-0.011,23.13,67.17,2
0.4693,-0.0195,23.14,67.15,2
0.5133,0.044,23.1,67.13,2
0.361,-0.1523,23.25,67.15,1
0.4406,0.0796,23.5,67.17,1
0.4807,0.0401,23.45,67.15,2
0.4853,0.0045,23.3,67.13,2
0.4827,-0.0025,23.09,67.11,2
0.5089,0.0262,23.12,67.1,2
0.5155,0.0065,23.06,67.08,2
0.5297,0.0143,22.96,67.06,2
0.5637,0.0339,22.86,67.05,2
0.5763,0.0126,22.85,67.04,2
0.5562,-0.0201,22.83,67.03,2
0.5452,-0.011,22.83,67.01,2
0.3905,-0.1546,23.03,67.03,1
0.4054,0.0148,23.32,67.05,1
0.4318,0.0265,23.65,67.07,1
0.4904,0.0586,23.55,67.05,2
0.4876,-0.0028,23.43,67.04,2
0.5258,0.0382,23.3,67.02,2
0.5084,-0.0173,23.21,67.01,2
0.4856,-0.0228,23.08,66.99,2
0.4776,-0.0081,22.97,66.98,2
0.4742,-0.0034,22.85,66.96,2
0.5024,0.0282,22.7,66.95,2
0.5324,0.03,22.65,66.93,2
0.506,-0.0264,22.65,66.92,2
0.4985,-0.0075,22.63,66.91,2
0.5109,0.0123,22.59,66.9,2
0.5184,0.0075,22.67,66.88,2
0.496,-0.0223,22.67,66.87,2
