OCI,delta_OCI,temp_indoor,humi_indoor,ac_mode_class
0.14,0.14,27.78,60.15,1
0.2233,0.0833,27.69,60.3,1
0.134,-0.0893,27.83,60.47,0
0.2076,0.0735,27.9,60.64,0
0.3133,0.1058,27.81,60.78,1
0.4309,0.1176,27.71,60.93,1
0.2932,-0.1377,27.62,61.06,1
0.3753,0.0821,27.48,61.2,1
0.4599,0.0846,27.09,61.3,2
0.3198,-0.1401,26.59,61.39,2
0.3708,0.051,26.45,61.52,1
0.3779,0.0071,26.32,61.65,1
0.3842,0.0063,26.28,61.77,1
0.4109,0.0268,26.18,61.9,1
0.4098,-0.0011,26.09,62.02,1
0.4248,0.015,25.99,62.14,1
0.4563,0.0315,25.7,62.22,2
0.4557,-0.0006,25.42,62.3,2
0.4613,0.0056,25.14,62.38,2
0.472,0.0106,24.9,62.45,2
0.5312,0.0593,24.69,62.53,2
0.5222,-0.0091,24.48,62.61,2
0.551,0.0288,24.3,62.68,2
0.5685,0.0175,24.12,62.76,2
0.5807,0.0122,23.91,62.83,2
0.5998,0.0191,23.86,62.9,2
0.6003,0.0005,23.76,62.98,2
0.6218,0.0215,23.63,63.05,2
0.6054,-0.0164,23.49,63.12,2
0.5508,-0.0545,23.44,63.18,2
0.3908,-0.16,23.65,63.28,1
0.4418,0.051,23.9,63.37,1
0.5016,0.0598,23.79,63.43,2
0.5488,0.0472,23.83,63.49,2
0.5651,0.0163,23.68,63.55,2
0.5996,0.0344,23.65,63.61,2
0.6054,0.0059,23.49,63.67,2
0.5706,-0.0348,23.42,63.72,2
0.5333,-0.0373,23.26,63.77,2
0.5036,-0.0296,23.19,63.82,2
0.5158,0.0122,23.16,63.87,2
0.5286,0.0128,23.07,63.92,2
0.5505,0.0218,23.05,63.97,2
0.5817,0.0312,23.04,64.02,2
0.6173,0.0357,22.94,64.07,2
0.5681,-0.0492,22.94,64.12,2
0.5572,-0.0109,22.93,64.16,2
0.539,-0.0182,22.98,64.21,2
0.5529,0.0139,22.94,64.25,2
0.5514,-0.0016,22.82,64.29,2
0.6126,0.0612,22.87,64.34,2
0.6071,-0.0055,22.84,64.38,2
0.5708,-0.0363,22.89,64.42,2
0.6027,0.0319,22.9,64.46,2
0.6446,0.0419,22.94,64.51,2
0.6793,0.0348,22.88,64.55,2
0.6655,-0.0138,22.89,64.59,2
0.6434,-0.0222,22.87,64.63,2
0.5837,-0.0596,22.83,64.67,2
0.5912,0.0075,22.87,64.71,2
0.5539,-0.0373,22.89,64.74,2
0.5206,-0.0333,22.91,64.77,2
0.5175,-0.0031,22.87,64.8,2
0.5609,0.0434,22.88,64.83,2
0.5383,-0.0226,22.87,64.86,2
0.5657,0.0274,22.84,64.89,2
0.5732,0.0075,22.91,64.93,2
0.5834,0.0102,22.85,64.96,2
0.5941,0.0107,22.9,64.99,2
0.615,0.0209,22.82,65.02,2
0.633,0.018,22.85,65.05,2
0.6413,0.0083,22.84,65.08,2
0.6398,-0.0015,22.83,65.11,2
0.6544,0.0147,22.87,65.14,2
0.6476,-0.0068,22.92,65.17,2
0.6299,-0.0177,22.92,65.2,2
0.6653,0.0353,22.95,65.23,2
0.6664,0.0011,22.89,65.26,2
0.6561,-0.0103,22.9,65.28,2
0.676,0.0199,22.86,65.31,2
0.7054,0.0294,22.92,65.34,2
0.6815,-0.0238,22.83,65.37,2
0.6629,-0.0186,22.88,65.39,2
0.6583,-0.0046,22.79,65.42,2
0.665,0.0068,22.8,65.44,2
0.6918,0.0268,22.83,65.47,2
0.6539,-0.0379,22.87,65.49,2
0.6361,-0.0178,22.82,65.52,2
0.6299,-0.0061,22.85,65.54,2
0.6396,0.0096,22.88,65.56,2
0.6778,0.0382,22.93,65.58,2
0.6571,-0.0207,22.94,65.6,2
0.6427,-0.0144,22.96,65.62,2
0.4679,-0.1748,22.91,65.63,2
0.4817,0.0138,22.83,65.64,2
0.5279,0.0462,22.88,65.66,2
0.562,0.0341,22.81,65.67,2
0.5935,0.0316,22.73,65.69,2
0.5991,0.0056,22.83,65.71,2
0.638,0.0389,22.74,65.72,2
0.692,0.054,22.78,65.74,2
0.683,-0.0091,22.78,65.76,2
0.6726,-0.0104,22.88,65.78,2
0.6809,0.0083,22.85,65.8,2
0.6618,-0.0191,22.86,65.82,2
0.6546,-0.0072,22.94,65.83,2
0.6914,0.0368,22.98,65.85,2
0.6647,-0.0267,22.94,65.87,2
0.6371,-0.0276,22.95,65.88,2
0.597,-0.0401,22.95,65.89,2
0.5837,-0.0133,22.96,65.9,2
0.6244,0.0406,22.93,65.92,2
0.6104,-0.014,22.89,65.93,2
0.6073,-0.0031,22.88,65.94,2
0.592,-0.0153,22.85,65.95,2
0.6209,0.0289,22.73,65.96,2
0.6335,0.0126,22.7,65.98,2
0.6059,-0.0275,22.68,65.99,2
0.58,-0.0259,22.65,66.0,2
0.5505,-0.0295,22.62,66.0,2
0.5129,-0.0376,22.6,66.01,2
0.5205,0.0076,22.57,66.02,2
0.5575,0.037,22.58,66.02,2
0.5536,-0.0039,22.7,66.03,2
0.5674,0.0138,22.67,66.04,2
0.5723,0.0049,22.74,66.05,2
0.5224,-0.0499,22.77,66.05,2
0.5279,0.0055,22.75,66.06,2
0.5605,0.0326,22.69,66.06,2
0.5556,-0.0049,22.7,66.07,2
0.5775,0.0219,22.77,66.08,2
0.6303,0.0528,22.77,66.09,2
0.6022,-0.0281,22.72,66.1,2
0.6291,0.0269,22.8,66.11,2
0.6423,0.0133,22.76,66.12,2
0.6694,0.0271,22.77,66.13,2
0.6908,0.0214,22.78,66.14,2
0.7264,0.0356,22.77,66.15,2
0.7021,-0.0242,22.74,66.16,2
0.7238,0.0216,22.75,66.18,2
0.715,-0.0088,22.74,66.19,2
0.6946,-0.0204,22.74,66.2,2
0.674,-0.0206,22.72,66.21,2
0.6655,-0.0084,22.75,66.22,2
0.6742,0.0087,22.77,66.23,2
0.678,0.0038,22.83,66.24,2
0.6494,-0.0286,22.85,66.25,2
0.6395,-0.0099,22.86,66.25,2
0.6532,0.0137,22.95,66.26,2
0.6445,-0.0088,22.98,66.27,2
0.634,-0.0104,23.03,66.27,2
0.6489,0.0149,22.91,66.28,2
0.6587,0.0098,22.82,66.29,2
0.6531,-0.0056,22.81,66.29,2
0.6303,-0.0228,22.9,66.3,2
0.6124,-0.0179,22.87,66.31,2
0.582,-0.0304,22.86,66.31,2
0.621,0.039,22.84,66.31,2
0.4491,-0.1719,23.09,66.35,1
0.4878,0.0387,23.37,66.39,1
0.5154,0.0276,23.21,66.38,2
0.4951,-0.0203,23.11,66.38,2
0.514,0.0188,23.02,66.38,2
0.535,0.021,22.9,66.38,2
0.5557,0.0207,22.85,66.38,2
0.5519,-0.0037,22.74,66.38,2
0.5653,0.0133,22.7,66.38,2
0.6067,0.0414,22.67,66.38,2
0.6462,0.0395,22.63,66.39,2
0.6548,0.0086,22.66,66.39,2
0.6185,-0.0364,22.68,66.4,2
0.6388,0.0203,22.73,66.4,2
0.6331,-0.0057,22.7,66.4,2
0.6625,0.0294,22.77,66.41,2
0.6793,0.0168,22.82,66.41,2
0.6621,-0.0173,22.94,66.42,2
0.6591,-0.003,22.89,66.42,2
0.6522,-0.0069,22.85,66.43,2
0.6092,-0.0429,22.88,66.43,2
0.6364,0.0272,22.89,66.43,2
0.6346,-0.0018,22.82,66.44,2
0.59,-0.0446,22.85,66.44,2
0.6087,0.0187,22.84,66.44,2
0.635,0.0263,22.83,66.44,2
0.668,0.0329,22.82,66.45,2
0.6683,0.0004,22.92,66.45,2
0.6665,-0.0018,22.92,66.45,2
0.6505,-0.016,22.85,66.46,2
0.6265,-0.024,22.79,66.46,2
0.6572,0.0308,22.8,66.46,2
0.6549,-0.0024,22.71,66.47,2
0.6464,-0.0085,22.67,66.47,2
0.6302,-0.0162,22.68,66.47,2
0.6602,0.03,22.66,66.48,2
0.6482,-0.012,22.62,66.48,2
0.6504,0.0022,22.69,66.48,2
0.626,-0.0244,22.68,66.48,2
0.6129,-0.013,22.59,66.48,2
0.6523,0.0394,22.59,66.49,2
0.6627,0.0104,22.65,66.49,2
0.6841,0.0214,22.68,66.5,2
0.6933,0.0092,22.76,66.5,2
0.715,0.0217,22.71,66.51,2
0.7149,-0.0002,22.78,66.51,2
0.6893,-0.0256,22.79,66.52,2
0.6951,0.0058,22.8,66.52,2
0.6611,-0.0339,22.87,66.52,2
0.6497,-0.0115,22.96,66.52,2
0.6727,0.023,22.98,66.53,2
0.6495,-0.0232,23.01,66.53,2
0.6748,0.0253,23.06,66.53,2
0.6993,0.0246,23.07,66.54,2
0.6751,-0.0243,23.03,66.54,2
0.6401,-0.035,22.99,66.54,2
0.6376,-0.0025,23.02,66.54,2
0.651,0.0135,23.01,66.54,2
0.6855,0.0345,22.96,66.55,2
0.6958,0.0103,23.05,66.55,2
0.6554,-0.0404,23.07,66.55,2
0.649,-0.0063,22.92,66.55,2
0.6728,0.0238,22.9,66.56,2
0.6966,0.0238,22.95,66.56,2
0.6907,-0.0059,22.86,66.56,2
0.6859,-0.0048,22.74,66.57,2
0.6628,-0.0231,22.68,66.57,2
0.6975,0.0347,22.71,66.57,2
0.6857,-0.0118,22.75,66.58,2
0.6977,0.0121,22.72,66.58,2
0.7016,0.0038,22.71,66.58,2
0.6476,-0.054,22.7,66.58,2
0.6356,-0.0119,22.67,66.58,2
0.6396,0.0039,22.68,66.58,2
0.6579,0.0184,22.73,66.58,2
0.6575,-0.0005,22.72,66.59,2
0.6995,0.042,22.69,66.59,2
0.7139,0.0145,22.76,66.59,2
0.7194,0.0055,22.88,66.6,2
0.7347,0.0153,22.93,66.6,2
0.7171,-0.0177,22.94,66.61,2
0.7317,0.0146,23.01,66.61,2
0.7247,-0.007,23.04,66.61,2
0.6925,-0.0322,23.03,66.62,2
0.7074,0.0149,22.95,66.62,2
0.7335,0.0261,22.95,66.62,2
0.7593,0.0258,22.93,66.63,2
0.7208,-0.0385,22.9,66.63,2
0.7207,-0.0001,22.93,66.64,2
0.6713,-0.0495,22.89,66.64,2
0.6945,0.0232,22.87,66.64,2
0.7111,0.0166,22.81,66.64,2
0.73,0.019,22.8,66.65,2
0.7298,-0.0003,22.85,66.65,2
0.7406,0.0108,22.77,66.65,2
0.6841,-0.0565,22.81,66.65,2
0.7043,0.0202,22.81,66.66,2
0.7124,0.0081,22.85,66.66,2
0.7127,0.0003,22.82,66.66,2
0.7228,0.0101,22.94,66.66,2
0.6776,-0.0452,22.92,66.66,2
0.6385,-0.0391,22.84,66.66,2
0.5961,-0.0423,22.84,66.66,2
0.6005,0.0043,22.78,66.66,2
0.6492,0.0487,22.72,66.66,2
0.6475,-0.0017,22.74,66.66,2
0.6469,-0.0006,22.73,66.65,2
0.6825,0.0355,22.73,66.66,2
0.6922,0.0097,22.7,66.66,2
0.729,0.0368,22.7,66.66,2
0.7096,-0.0194,22.72,66.66,2
0.7159,0.0063,22.78,66.67,2
0.6842,-0.0316,22.73,66.67,2
0.6783,-0.0059,22.86,66.67,2
0.7097,0.0314,22.9,66.67,2
0.6869,-0.0228,22.9,66.67,2
0.7017,0.0148,22.91,66.67,2
0.6834,-0.0183,22.92,66.67,2
0.6854,0.002,22.88,66.67,2
0.7006,0.0152,22.9,66.67,2
0.7152,0.0146,22.86,66.68,2
0.7188,0.0037,22.83,66.68,2
0.7446,0.0258,22.77,66.68,2
0.7581,0.0134,22.83,66.69,2
0.7525,-0.0056,22.84,66.69,2
0.7581,0.0056,22.86,66.7,2
0.7343,-0.0238,22.93,66.7,2
0.7496,0.0152,22.88,66.7,2
0.7565,0.0069,22.93,66.71,2
0.761,0.0046,22.95,66.71,2
0.7106,-0.0504,22.96,66.71,2
0.6917,-0.0189,22.97,66.71,2
0.6245,-0.0672,22.91,66.71,2
0.6443,0.0198,22.83,66.71,2
0.6335,-0.0108,22.79,66.7,2
0.6739,0.0404,22.89,66.7,2
0.7031,0.0292,22.94,66.7,2
0.7023,-0.0007,22.93,66.71,2
0.6845,-0.0178,22.89,66.71,2
0.6657,-0.0188,22.86,66.7,2
0.6655,-0.0002,22.85,66.7,2
0.6179,-0.0476,22.8,66.7,2
0.608,-0.0099,22.79,66.7,2
0.6205,0.0125,22.72,66.69,2
0.6634,0.0429,22.67,66.69,2
0.6658,0.0024,22.62,66.69,2
0.6766,0.0108,22.62,66.69,2
0.665,-0.0116,22.66,66.69,2
0.6803,0.0153,22.72,66.69,2
0.6876,0.0073,22.79,66.69,2
0.6717,-0.0158,22.82,66.69,2
0.6958,0.024,22.92,66.69,2
0.7317,0.036,22.93,66.7,2
0.7449,0.0132,22.93,66.7,2
0.7666,0.0217,22.85,66.7,2
0.765,-0.0017,22.82,66.71,2
0.7443,-0.0207,22.81,66.71,2
0.7071,-0.0372,22.69,66.71,2
0.7077,0.0007,22.78,66.71,2
0.6715,-0.0362,22.84,66.71,2
0.6994,0.0279,22.93,66.71,2
0.6611,-0.0384,22.9,66.71,2
0.6652,0.0041,22.85,66.71,2
0.703,0.0378,22.87,66.71,2
0.7083,0.0053,22.82,66.71,2
0.6998,-0.0085,22.83,66.71,2
0.7083,0.0084,22.83,66.72,2
0.6894,-0.0188,22.75,66.72,2
0.69,0.0005,22.8,66.72,2
0.6876,-0.0024,22.83,66.72,2
0.6699,-0.0177,22.72,66.71,2
0.6524,-0.0175,22.62,66.71,2
0.667,0.0147,22.55,66.71,2
0.6841,0.0171,22.54,66.71,2
0.6837,-0.0005,22.58,66.71,2
0.7166,0.033,22.61,66.71,2
0.7385,0.0219,22.6,66.72,2
0.7603,0.0218,22.65,66.72,2
0.74,-0.0204,22.64,66.72,2
0.7518,0.0118,22.61,66.73,2
0.7012,-0.0505,22.59,66.73,2
0.6767,-0.0245,22.61,66.73,2
0.6921,0.0154,22.62,66.73,2
0.6872,-0.0049,22.64,66.73,2
0.7117,0.0245,22.62,66.73,2
0.7247,0.013,22.66,66.73,2
0.7559,0.0312,22.62,66.73,2
0.728,-0.0279,22.55,66.73,2
0.7386,0.0106,22.56,66.74,2
0.7379,-0.0008,22.69,66.74,2
0.7498,0.0119,22.78,66.74,2
0.711,-0.0388,22.83,66.74,2
0.7254,0.0144,22.88,66.74,2
0.7137,-0.0117,22.8,66.74,2
0.7323,0.0186,22.81,66.75,2
0.7492,0.0169,22.85,66.75,2
0.7808,0.0317,22.92,66.75,2
0.794,0.0132,22.89,66.76,2
0.794,-0.0,22.96,66.76,2
0.7629,-0.0311,22.95,66.76,2
0.7058,-0.0571,22.86,66.76,2
0.718,0.0122,22.86,66.76,2
0.7479,0.0299,22.88,66.77,2
0.7684,0.0205,22.89,66.77,2
0.7573,-0.0112,22.91,66.77,2
0.7663,0.0091,22.98,66.78,2
0.7599,-0.0064,22.99,66.78,2
0.7581,-0.0018,23.05,66.78,2
0.756,-0.0022,23.04,66.78,2
0.7167,-0.0392,23.06,66.78,2
0.6977,-0.019,23.07,66.78,2
0.7191,0.0214,23.08,66.78,2
0.7246,0.0055,23.18,66.78,2
0.7169,-0.0077,23.14,66.78,2
0.7347,0.0178,23.09,66.78,2
0.7371,0.0023,23.14,66.79,2
0.7601,0.023,23.23,66.79,2
0.7732,0.0131,23.13,66.79,2
0.7337,-0.0395,23.06,66.79,2
0.7001,-0.0336,22.98,66.79,2
0.7182,0.0181,22.86,66.79,2
0.6894,-0.0289,22.92,66.79,2
0.7115,0.0222,22.98,66.79,2
0.7241,0.0125,23.12,66.79,2
0.7309,0.0068,23.12,66.79,2
0.7478,0.0168,23.13,66.79,2
0.7622,0.0144,23.22,66.79,2
0.7295,-0.0327,23.12,66.79,2
0.7415,0.012,23.06,66.8,2
0.7228,-0.0187,23.05,66.8,2
0.7393,0.0165,23.02,66.8,2
0.7192,-0.02,23.03,66.8,2
0.7354,0.0162,23.06,66.8,2
0.7364,0.0009,23.02,66.8,2
0.7096,-0.0268,23.09,66.8,2
0.6919,-0.0177,23.08,66.8,2
0.7054,0.0135,23.08,66.8,2
0.721,0.0156,23.0,66.8,2
0.7107,-0.0103,23.02,66.8,2
0.6769,-0.0337,22.96,66.79,2
0.6993,0.0224,22.93,66.79,2
0.7278,0.0285,23.01,66.79,2
0.709,-0.0188,23.01,66.79,2
0.6783,-0.0307,22.91,66.79,2
0.6776,-0.0007,22.93,66.79,2
0.704,0.0264,23.07,66.79,2
0.6947,-0.0093,23.07,66.79,2
0.6743,-0.0204,23.08,66.79,2
0.6899,0.0155,23.03,66.78,2
0.7238,0.034,23.07,66.78,2
0.72,-0.0038,23.08,66.79,2
0.7138,-0.0063,23.06,66.79,2
0.7333,0.0196,22.96,66.79,2
0.7606,0.0273,22.94,66.79,2
0.7799,0.0193,22.9,66.79,2
0.7678,-0.0121,22.77,66.79,2
0.7748,0.007,22.8,66.8,2
0.7692,-0.0056,22.82,66.8,2
0.768,-0.0011,22.93,66.8,2
0.7739,0.0058,23.0,66.8,2
0.7889,0.015,22.99,66.81,2
0.8033,0.0144,23.01,66.81,2
0.8109,0.0076,23.0,66.82,2
0.8248,0.0138,23.09,66.82,2
0.8397,0.015,23.17,66.83,2
0.8269,-0.0129,23.19,66.83,2
0.8279,0.001,23.2,66.84,2
0.7912,-0.0366,23.17,66.84,2
0.7914,0.0002,23.16,66.84,2
0.7968,0.0054,23.2,66.84,2
0.7954,-0.0014,23.12,66.85,2
0.8035,0.0081,23.24,66.85,2
0.7726,-0.0308,23.18,66.85,2
0.7543,-0.0184,23.2,66.85,2
0.7438,-0.0105,23.1,66.85,2
0.7545,0.0108,23.14,66.85,2
0.7355,-0.019,23.11,66.85,2
0.7425,0.007,23.04,66.85,2
0.7763,0.0338,23.01,66.86,2
0.776,-0.0003,22.96,66.86,2
0.7876,0.0116,22.97,66.86,2
0.7591,-0.0285,22.96,66.86,2
0.7083,-0.0508,22.98,66.86,2
0.687,-0.0213,22.98,66.86,2
0.7041,0.0171,22.88,66.85,2
0.7357,0.0316,22.87,66.85,2
0.732,-0.0037,22.92,66.85,2
0.7215,-0.0105,22.95,66.85,2
0.721,-0.0004,22.92,66.85,2
0.7346,0.0135,22.89,66.85,2
0.7421,0.0075,22.92,66.85,2
0.7622,0.0201,23.02,66.85,2
0.7766,0.0144,23.04,66.85,2
0.7447,-0.0319,23.06,66.85,2
0.7521,0.0074,23.05,66.85,2
0.7596,0.0075,22.97,66.86,2
0.7381,-0.0215,23.0,66.86,2
0.7491,0.011,22.96,66.86,2
0.7171,-0.032,22.93,66.85,2
0.7317,0.0147,22.89,66.85,2
0.7259,-0.0059,22.87,66.85,2
0.7001,-0.0257,22.86,66.85,2
0.6975,-0.0026,22.92,66.85,2
0.7267,0.0292,22.87,66.85,2
0.7447,0.018,22.82,66.85,2
0.7404,-0.0044,22.77,66.85,2
0.752,0.0116,22.77,66.85,2
0.7187,-0.0333,22.79,66.85,2
0.731,0.0123,22.84,66.85,2
0.74,0.009,22.8,66.85,2
0.766,0.026,22.88,66.85,2
0.7693,0.0033,22.91,66.85,2
0.7522,-0.017,22.92,66.85,2
0.7701,0.0178,22.89,66.85,2
0.7839,0.0138,22.95,66.85,2
0.7522,-0.0317,23.03,66.86,2
0.7691,0.0169,23.08,66.86,2
0.7604,-0.0087,23.1,66.86,2
0.7512,-0.0092,23.15,66.86,2
0.7206,-0.0305,23.11,66.86,2
0.7252,0.0046,23.16,66.86,2
0.7064,-0.0188,23.23,66.85,2
0.6672,-0.0392,23.29,66.85,2
0.681,0.0138,23.27,66.85,2
0.7041,0.0231,23.35,66.85,2
0.7299,0.0258,23.19,66.85,2
0.7318,0.0019,23.08,66.84,2
0.707,-0.0248,23.05,66.84,2
0.7038,-0.0032,23.01,66.84,2
0.7267,0.0229,22.95,66.84,2
0.7146,-0.0121,22.98,66.84,2
0.7046,-0.01,22.95,66.84,2
0.7233,0.0187,22.93,66.84,2
0.7091,-0.0142,22.84,66.84,2
0.7167,0.0076,22.86,66.84,2
0.6868,-0.0299,22.81,66.83,2
0.7096,0.0228,22.8,66.83,2
0.7157,0.0061,22.84,66.83,2
0.6874,-0.0283,22.77,66.83,2
0.713,0.0256,22.83,66.83,2
0.713,0.0,22.83,66.83,2
0.6828,-0.0303,22.9,66.82,2
0.675,-0.0078,22.93,66.82,2
0.655,-0.02,22.94,66.82,2
0.6648,0.0098,22.89,66.82,2
0.6854,0.0206,22.89,66.81,2
0.6854,-0.0,22.94,66.81,2
0.6812,-0.0041,23.04,66.81,2
0.7014,0.0202,22.98,66.81,2
0.6929,-0.0086,23.06,66.81,2
0.6915,-0.0014,23.08,66.8,2
0.7121,0.0206,23.07,66.8,2
0.6984,-0.0138,22.99,66.8,2
0.6963,-0.002,22.95,66.8,2
0.7162,0.0198,22.87,66.8,2
0.7122,-0.004,22.86,66.8,2
0.7318,0.0196,22.77,66.8,2
0.7609,0.029,22.69,66.8,2
0.7538,-0.007,22.72,66.81,2
0.7402,-0.0136,22.74,66.81,2
0.6849,-0.0554,22.84,66.8,2
0.6685,-0.0164,22.85,66.8,2
0.696,0.0275,22.84,66.8,2
0.6685,-0.0275,22.81,66.8,2
0.672,0.0035,22.75,66.8,2
0.6455,-0.0265,22.76,66.79,2
0.6658,0.0202,22.74,66.79,2
0.6972,0.0314,22.73,66.79,2
0.7222,0.025,22.81,66.79,2
0.7476,0.0254,22.85,66.79,2
0.7674,0.0198,22.92,66.79,2
0.7824,0.015,22.98,66.8,2
0.7916,0.0091,23.11,66.8,2
0.7886,-0.003,23.07,66.8,2
0.7788,-0.0098,23.05,66.81,2
0.7245,-0.0543,23.01,66.81,2
0.7196,-0.0049,23.12,66.81,2
0.7296,0.0099,23.21,66.81,2
0.7413,0.0117,23.2,66.81,2
0.7182,-0.0231,23.24,66.81,2
0.7311,0.0129,23.17,66.81,2
0.7388,0.0077,23.18,66.81,2
0.7567,0.0179,23.18,66.81,2
0.7542,-0.0025,23.23,66.81,2
0.7504,-0.0038,23.18,66.81,2
0.7675,0.0171,23.19,66.82,2
0.7718,0.0043,23.26,66.82,2
0.7894,0.0176,23.18,66.82,2
0.7585,-0.0309,23.19,66.82,2
0.7347,-0.0239,23.2,66.82,2
0.735,0.0003,23.13,66.82,2
0.7368,0.0019,23.12,66.82,2
0.7375,0.0006,23.03,66.82,2
0.7206,-0.0169,22.95,66.82,2
0.7258,0.0053,22.99,66.82,2
0.7478,0.022,22.96,66.82,2
0.7518,0.0039,22.98,66.82,2
0.7616,0.0098,22.91,66.83,2
0.7455,-0.0161,22.92,66.83,2
0.7623,0.0168,22.92,66.83,2
0.7721,0.0098,22.95,66.83,2
0.7567,-0.0154,22.91,66.83,2
0.6954,-0.0613,22.82,66.83,2
0.7185,0.0231,22.71,66.83,2
0.7057,-0.0128,22.71,66.83,2
0.7026,-0.0032,22.75,66.83,2
0.7062,0.0036,22.82,66.83,2
0.7039,-0.0023,22.76,66.82,2
0.7178,0.0139,22.81,66.82,2
0.7371,0.0193,22.81,66.82,2
0.7506,0.0135,22.89,66.82,2
0.7594,0.0089,22.92,66.83,2
0.7566,-0.0029,23.0,66.83,2
0.7141,-0.0425,23.04,66.83,2
0.7121,-0.002,23.03,66.83,2
0.7032,-0.0089,22.96,66.82,2
0.6857,-0.0175,23.01,66.82,2
0.6878,0.0021,22.98,66.82,2
0.7047,0.0169,22.91,66.82,2
0.7005,-0.0042,22.95,66.82,2
0.724,0.0235,22.87,66.82,2
0.7437,0.0198,22.84,66.82,2
0.6683,-0.0754,22.91,66.82,2
0.6817,0.0134,22.91,66.81,2
0.6764,-0.0053,22.87,66.81,2
0.6904,0.014,22.88,66.81,2
0.7039,0.0135,22.84,66.81,2
0.7021,-0.0018,22.84,66.81,2
0.6736,-0.0285,22.8,66.8,2
0.6668,-0.0068,22.78,66.8,2
0.6928,0.026,22.78,66.8,2
0.6682,-0.0246,22.88,66.8,2
0.6701,0.0019,22.82,66.8,2
0.6548,-0.0153,22.85,66.79,2
0.6677,0.013,22.85,66.79,2
0.6784,0.0107,22.83,66.79,2
0.6988,0.0204,22.85,66.79,2
0.6909,-0.0079,22.87,66.79,2
0.712,0.021,22.9,66.79,2
0.7343,0.0223,22.98,66.79,2
0.7281,-0.0062,22.95,66.79,2
0.738,0.01,23.07,66.79,2
0.7507,0.0126,23.03,66.79,2
0.7635,0.0129,23.04,66.79,2
0.7622,-0.0014,23.03,66.8,2
0.7738,0.0116,23.0,66.8,2
0.757,-0.0167,23.02,66.8,2
0.7166,-0.0404,23.07,66.8,2
0.7016,-0.015,23.04,66.8,2
0.7013,-0.0003,23.05,66.8,2
0.6946,-0.0067,23.03,66.8,2
0.6639,-0.0306,23.12,66.79,2
0.6547,-0.0093,23.08,66.79,2
0.6273,-0.0274,23.09,66.79,2
0.6396,0.0123,23.1,66.78,2
0.6412,0.0016,23.11,66.78,2
0.6577,0.0166,23.06,66.78,2
0.665,0.0073,23.06,66.77,2
0.6639,-0.0011,22.99,66.77,2
0.6928,0.0289,23.0,66.77,2
0.6872,-0.0057,22.88,66.77,2
0.7066,0.0194,22.95,66.77,2
0.7096,0.003,22.97,66.77,2
0.6911,-0.0185,23.01,66.77,2
0.7098,0.0187,23.06,66.77,2
0.7257,0.0159,23.05,66.77,2
0.6934,-0.0323,23.04,66.77,2
0.665,-0.0284,23.04,66.77,2
0.6764,0.0114,22.95,66.77,2
0.6792,0.0028,22.93,66.76,2
0.666,-0.0131,22.92,66.76,2
0.649,-0.0171,22.86,66.76,2
0.6829,0.0339,22.84,66.76,2
0.7231,0.0402,22.8,66.76,2
0.7523,0.0292,22.83,66.76,2
0.723,-0.0293,22.79,66.76,2
0.7116,-0.0114,22.8,66.76,2
0.7293,0.0177,22.77,66.76,2
0.7392,0.0099,22.8,66.77,2
0.7361,-0.0031,22.81,66.77,2
0.7148,-0.0213,22.84,66.77,2
0.6573,-0.0576,22.77,66.77,2
0.6632,0.0059,22.83,66.76,2
0.672,0.0088,22.86,66.76,2
0.6903,0.0183,22.84,66.76,2
0.6893,-0.001,22.83,66.76,2
0.6512,-0.0382,22.84,66.76,2
0.656,0.0048,22.93,66.76,2
0.6816,0.0256,22.84,66.75,2
0.6492,-0.0324,22.87,66.75,2
0.6277,-0.0215,22.84,66.75,2
0.6086,-0.0192,22.83,66.74,2
0.5946,-0.0139,22.86,66.74,2
0.6186,0.024,22.93,66.73,2
0.6358,0.0171,22.96,66.73,2
0.6508,0.0151,22.95,66.73,2
0.6723,0.0215,22.86,66.73,2
0.6864,0.0141,22.88,66.73,2
0.6779,-0.0085,22.93,66.73,2
0.7049,0.0269,23.03,66.73,2
0.7177,0.0129,23.08,66.73,2
0.6966,-0.0212,23.2,66.73,2
0.7194,0.0229,23.19,66.73,2
0.7013,-0.0181,23.19,66.73,2
0.6806,-0.0207,23.16,66.73,2
0.718,0.0375,23.13,66.73,2
0.7216,0.0036,23.14,66.73,2
0.7372,0.0156,23.15,66.74,2
0.7545,0.0174,23.2,66.74,2
0.7102,-0.0443,23.21,66.74,2
0.707,-0.0032,23.26,66.74,2
0.6517,-0.0553,23.21,66.74,2
0.6247,-0.027,23.12,66.73,2
0.6252,0.0005,23.01,66.73,2
0.6426,0.0174,22.99,66.73,2
0.6733,0.0307,23.06,66.73,2
0.6595,-0.0138,22.98,66.73,2
0.643,-0.0165,22.99,66.72,2
0.6641,0.0211,23.05,66.72,2
0.6452,-0.0188,22.98,66.72,2
0.6718,0.0266,22.91,66.72,2
0.6812,0.0094,22.92,66.72,2
0.6389,-0.0423,22.86,66.72,2
0.5833,-0.0557,22.84,66.71,2
0.5548,-0.0284,22.86,66.7,2
0.5714,0.0166,22.8,66.7,2
0.5783,0.0069,22.79,66.69,2
0.5798,0.0015,22.69,66.69,2
0.6125,0.0326,22.64,66.69,2
0.6138,0.0013,22.74,66.68,2
0.6231,0.0093,22.75,66.68,2
0.6061,-0.017,22.67,66.68,2
0.5853,-0.0208,22.71,66.67,2
0.6055,0.0202,22.65,66.67,2
0.643,0.0375,22.65,66.67,2
0.6165,-0.0265,22.6,66.67,2
0.6463,0.0299,22.71,66.67,2
0.6372,-0.0091,22.67,66.66,2
0.6151,-0.0221,22.74,66.66,2
0.594,-0.0211,22.7,66.66,2
0.6309,0.0369,22.73,66.66,2
0.6007,-0.0302,22.73,66.65,2
0.6184,0.0178,22.67,66.65,2
0.6587,0.0403,22.67,66.65,2
0.6105,-0.0482,22.74,66.65,2
0.6294,0.0189,22.71,66.65,2
0.6404,0.011,22.66,66.65,2
0.6423,0.0019,22.69,66.65,2
0.6409,-0.0014,22.6,66.64,2
0.6558,0.0149,22.63,66.64,2
0.6837,0.0279,22.6,66.65,2
0.6604,-0.0233,22.59,66.65,2
0.6671,0.0067,22.69,66.65,2
0.6932,0.0261,22.66,66.65,2
0.6564,-0.0368,22.62,66.65,2
0.6418,-0.0146,22.61,66.65,2
0.6471,0.0053,22.55,66.65,2
0.6252,-0.0219,22.55,66.64,2
0.6099,-0.0154,22.63,66.64,2
0.6284,0.0186,22.66,66.64,2
0.6047,-0.0238,22.74,66.64,2
0.6022,-0.0025,22.82,66.64,2
0.5781,-0.0241,22.8,66.63,2
0.5744,-0.0037,22.7,66.63,2
0.5858,0.0114,22.73,66.62,2
0.5995,0.0137,22.71,66.62,2
0.626,0.0264,22.73,66.62,2
0.6027,-0.0233,22.73,66.62,2
0.5669,-0.0358,22.69,66.61,2
0.5881,0.0212,22.67,66.61,2
0.6044,0.0163,22.67,66.61,2
0.6467,0.0423,22.58,66.61,2
0.6336,-0.0131,22.62,66.61,2
0.6175,-0.0161,22.65,66.61,2
0.6248,0.0073,22.69,66.61,2
0.6336,0.0089,22.76,66.61,2
0.6602,0.0266,22.75,66.61,2
0.6562,-0.0041,22.77,66.61,2
0.6764,0.0202,22.77,66.61,2
0.6502,-0.0261,22.8,66.61,2
0.6746,0.0244,22.8,66.61,2
0.7241,0.0495,22.84,66.62,2
0.708,-0.0161,22.89,66.62,2
0.7015,-0.0065,22.89,66.62,2
0.7208,0.0193,22.91,66.62,2
0.6896,-0.0311,22.81,66.63,2
0.6684,-0.0212,22.79,66.63,2
0.6565,-0.0119,22.79,66.63,2
0.6261,-0.0303,22.84,66.63,2
0.6427,0.0166,22.88,66.63,2
0.614,-0.0288,22.9,66.62,2
0.6048,-0.0092,22.97,66.62,2
0.5968,-0.008,22.89,66.62,2
0.578,-0.0188,22.85,66.62,2
0.5732,-0.0048,22.91,66.61,2
0.6131,0.0399,23.02,66.61,2
0.5998,-0.0133,23.02,66.61,2
0.6155,0.0157,22.96,66.61,2
0.6319,0.0164,22.99,66.61,2
0.6115,-0.0204,22.91,66.61,2
0.5601,-0.0514,22.89,66.6,2
0.5497,-0.0104,22.88,66.6,2
0.5899,0.0402,22.82,66.59,2
0.5953,0.0055,22.81,66.59,2
0.6005,0.0051,22.75,66.59,2
0.5976,-0.0029,22.71,66.59,2
0.5814,-0.0161,22.66,66.59,2
0.5478,-0.0336,22.72,66.58,2
0.5569,0.0091,22.73,66.58,2
0.5859,0.029,22.68,66.58,2
0.5749,-0.011,22.6,66.57,2
0.6019,0.027,22.61,66.57,2
0.6114,0.0095,22.64,66.57,2
0.6468,0.0354,22.66,66.57,2
0.5866,-0.0602,22.53,66.57,2
0.6095,0.023,22.6,66.57,2
0.5702,-0.0393,22.68,66.57,2
0.5657,-0.0045,22.65,66.56,2
0.551,-0.0148,22.68,66.56,2
0.5345,-0.0165,22.69,66.55,2
0.5527,0.0182,22.62,66.55,2
0.5541,0.0014,22.63,66.55,2
0.5305,-0.0236,22.69,66.54,2
0.5051,-0.0254,22.67,66.54,2
0.5411,0.036,22.71,66.53,2
0.5418,0.0007,22.76,66.53,2
0.5341,-0.0077,22.63,66.53,2
0.5599,0.0258,22.59,66.52,2
0.5977,0.0378,22.63,66.52,2
0.5887,-0.009,22.6,66.52,2
0.5827,-0.006,22.58,66.52,2
0.5749,-0.0078,22.6,66.52,2
0.5981,0.0231,22.65,66.52,2
0.6512,0.0532,22.65,66.52,2
0.651,-0.0002,22.74,66.52,2
0.6134,-0.0376,22.71,66.52,2
0.6079,-0.0055,22.75,66.52,2
0.6293,0.0214,22.73,66.52,2
0.6011,-0.0283,22.76,66.52,2
0.5947,-0.0064,22.79,66.52,2
0.5846,-0.0101,22.87,66.52,2
0.5852,0.0006,22.9,66.52,2
0.5843,-0.0009,22.93,66.52,2
0.553,-0.0313,22.97,66.52,2
0.5603,0.0073,22.9,66.51,2
0.5832,0.0229,22.89,66.51,2
0.5838,0.0006,22.92,66.51,2
0.5579,-0.0259,22.94,66.51,2
0.5524,-0.0054,22.99,66.51,2
0.5705,0.018,22.98,66.51,2
0.546,-0.0245,22.9,66.5,2
0.5504,0.0045,22.79,66.5,2
0.538,-0.0124,22.71,66.5,2
0.5632,0.0252,22.68,66.5,2
0.5209,-0.0422,22.65,66.49,2
0.5605,0.0396,22.63,66.49,2
0.5425,-0.018,22.68,66.49,2
0.5406,-0.0019,22.64,66.48,2
0.5276,-0.0131,22.53,66.48,2
0.5194,-0.0081,22.56,66.48,2
0.5347,0.0153,22.61,66.47,2
0.5501,0.0154,22.63,66.47,2
0.5449,-0.0052,22.62,66.47,2
0.5466,0.0016,22.56,66.47,2
0.5699,0.0234,22.59,66.47,2
0.5862,0.0163,22.69,66.47,2
0.5677,-0.0186,22.64,66.47,2
0.5325,-0.0352,22.63,66.46,2
0.5376,0.0051,22.7,66.46,2
0.526,-0.0116,22.68,66.46,2
0.5525,0.0265,22.64,66.46,2
0.5775,0.025,22.67,66.46,2
0.525,-0.0524,22.65,66.45,2
0.5575,0.0325,22.62,66.45,2
0.5742,0.0167,22.64,66.45,2
0.4123,-0.1618,22.96,66.48,1
0.4466,0.0342,23.26,66.52,1
0.4884,0.0418,23.17,66.51,2
0.5334,0.0451,23.17,66.51,2
0.5564,0.023,23.23,66.5,2
0.5405,-0.016,23.21,66.5,2
0.5579,0.0174,23.14,66.5,2
0.5721,0.0142,23.19,66.5,2
0.5572,-0.0148,23.17,66.5,2
0.5246,-0.0326,23.22,66.49,2
0.5726,0.048,23.29,66.49,2
0.5759,0.0033,23.25,66.49,2
0.5679,-0.008,23.26,66.49,2
0.5937,0.0258,23.2,66.49,2
0.5923,-0.0013,23.18,66.49,2
0.4264,-0.166,23.44,66.52,1
0.4699,0.0435,23.6,66.55,1
0.5207,0.0509,23.51,66.55,2
0.5577,0.037,23.44,66.54,2
0.5738,0.0161,23.3,66.54,2
0.5294,-0.0444,23.22,66.54,2
0.5266,-0.0028,23.21,66.53,2
0.532,0.0054,23.14,66.53,2
0.56,0.028,23.09,66.53,2
0.3994,-0.1606,23.25,66.56,1
0.2998,-0.0997,23.52,66.58,1
0.339,0.0392,23.7,66.61,1
0.4151,0.0761,23.92,66.63,1
0.4734,0.0583,23.71,66.63,2
0.5049,0.0315,23.66,66.62,2
0.4865,-0.0184,23.55,66.61,2
0.488,0.0014,23.52,66.6,2
0.4865,-0.0014,23.39,66.59,2
0.5386,0.0521,23.31,66.59,2
0.5886,0.05,23.19,66.59,2
0.5287,-0.0599,23.16,66.58,2
0.3726,-0.1561,23.37,66.61,1
0.3892,0.0166,23.55,66.64,1
0.4123,0.0231,23.69,66.66,1
0.423,0.0107,23.88,66.69,1
0.4371,0.0141,24.05,66.72,1
0.3004,-0.1367,24.2,66.74,1
0.4167,0.1163,24.32,66.77,1
0.4229,0.0062,24.53,66.79,1
0.4367,0.0138,24.63,66.82,1
0.3006,-0.1361,24.8,66.84,1
0.339,0.0384,24.82,66.86,1
0.3946,0.0556,25.0,66.88,1
0.4094,0.0148,25.08,66.9,1
0.437,0.0276,25.16,66.93,1
0.4801,0.0431,24.84,66.91,2
0.4666,-0.0135,24.6,66.9,2
0.323,-0.1436,24.66,66.92,1
0.3719,0.0489,24.86,66.94,1
0.3892,0.0172,24.94,66.96,1
0.2678,-0.1214,25.37,67.0,0
0.196,-0.0718,25.64,67.04,0
0.2734,0.0774,25.8,67.08,0
0.3684,0.095,25.91,67.1,1
0.3603,-0.0081,25.83,67.12,1
0.3495,-0.0108,25.8,67.13,1
0.2287,-0.1208,25.97,67.17,0
0.29,0.0613,26.17,67.21,0
0.3332,0.0431,26.07,67.22,1
0.3981,0.0649,26.05,67.24,1
0.4259,0.0278,26.09,67.26,1
0.44,0.0141,26.08,67.27,1
0.4381,-0.0019,26.1,67.29,1
0.4759,0.0378,25.83,67.27,2
0.329,-0.1469,25.44,67.24,2
0.2405,-0.0885,25.69,67.28,0
0.3239,0.0834,25.95,67.32,0
0.3646,0.0407,25.99,67.33,1
0.4068,0.0422,26.0,67.34,1
0.4421,0.0353,25.96,67.36,1
0.5094,0.0673,25.6,67.34,2
0.3569,-0.1525,25.3,67.31,2
0.366,0.009,25.36,67.32,1
0.3935,0.0275,25.44,67.33,1
0.4162,0.0227,25.39,67.35,1
0.2849,-0.1313,25.39,67.35,1
0.3571,0.0722,25.41,67.36,1
0.4147,0.0576,25.38,67.38,1
0.4463,0.0316,25.51,67.39,1
0.4821,0.0358,25.2,67.37,2
0.477,-0.0052,25.01,67.35,2
0.505,0.028,24.75,67.32,2
0.4894,-0.0156,24.59,67.3,2
0.4857,-0.0036,24.4,67.28,2
0.4966,0.0108,24.09,67.26,2
0.3481,-0.1484,24.31,67.27,1
0.2583,-0.0899,24.46,67.28,1
0.3429,0.0846,24.52,67.29,1
0.3708,0.0279,24.63,67.3,1
0.3964,0.0256,24.71,67.32,1
0.432,0.0356,24.81,67.33,1
0.4492,0.0172,24.96,67.35,1
0.4445,-0.0048,25.1,67.36,1
0.4474,0.0029,25.12,67.38,1
0.308,-0.1394,25.17,67.39,1
0.3454,0.0374,25.11,67.4,1
0.3712,0.0258,25.18,67.41,1
0.3995,0.0284,25.27,67.42,1
0.4192,0.0196,25.42,67.43,1
0.4148,-0.0044,25.46,67.44,1
0.4259,0.0111,25.52,67.46,1
0.3967,-0.0292,25.6,67.47,1
0.4172,0.0205,25.64,67.48,1
0.2818,-0.1354,25.66,67.48,1
0.2026,-0.0792,25.95,67.51,0
0.3235,0.1209,26.26,67.55,0
0.3696,0.0461,26.22,67.56,1
0.4055,0.0358,26.18,67.57,1
0.4337,0.0282,26.21,67.58,1
0.4593,0.0256,25.74,67.55,2
0.4737,0.0144,25.43,67.52,2
0.4651,-0.0086,25.09,67.49,2
0.321,-0.1441,25.22,67.5,1
0.3447,0.0237,25.37,67.51,1
0.2378,-0.1069,25.69,67.54,0
0.2815,0.0437,26.01,67.57,0
0.3515,0.07,25.99,67.58,1
0.3901,0.0386,25.96,67.59,1
0.4002,0.0101,25.94,67.59,1
0.3967,-0.0035,25.94,67.6,1
0.4384,0.0418,25.95,67.61,1
0.4388,0.0004,26.03,67.62,1
0.3004,-0.1384,25.96,67.62,1
0.2187,-0.0818,26.21,67.65,0
0.2899,0.0712,26.52,67.68,0
0.3604,0.0706,26.48,67.69,1
0.3857,0.0253,26.42,67.69,1
0.4054,0.0196,26.39,67.7,1
0.4213,0.0159,26.29,67.71,1
0.2871,-0.1342,26.25,67.71,1
0.3232,0.0361,26.15,67.71,1
0.3505,0.0274,26.14,67.71,1
0.3625,0.012,26.12,67.72,1
0.3838,0.0212,26.1,67.72,1
0.2588,-0.125,26.31,67.75,0
0.1869,-0.0719,26.47,67.77,0
0.298,0.1111,26.47,67.77,1
0.3608,0.0628,26.37,67.78,1
0.4031,0.0422,26.3,67.78,1
0.2775,-0.1255,26.42,67.81,0
0.3408,0.0633,26.56,67.84,0
0.4027,0.0619,26.58,67.84,1
0.4119,0.0091,26.56,67.85,1
0.2819,-0.1299,26.51,67.84,1
0.3501,0.0682,26.46,67.84,1
0.3657,0.0155,26.38,67.85,1
0.3884,0.0228,26.29,67.85,1
0.3874,-0.001,26.23,67.85,1
0.2595,-0.1279,26.53,67.88,0
0.313,0.0534,26.73,67.91,0
0.3503,0.0374,26.6,67.9,1
0.2354,-0.1149,26.51,67.9,1
0.3213,0.0859,26.42,67.9,1
0.22,-0.1014,26.65,67.92,0
0.3073,0.0874,26.79,67.95,0
0.3416,0.0343,26.68,67.94,1
0.3648,0.0232,26.71,67.94,1
0.3773,0.0124,26.63,67.94,1
0.3941,0.0169,26.57,67.94,1
0.2631,-0.131,26.66,67.97,0
0.2996,0.0364,26.8,67.99,0
0.2003,-0.0992,26.96,68.01,0
0.2727,0.0724,27.19,68.04,0
0.1814,-0.0914,27.33,68.06,0
0.1284,-0.0529,27.37,68.07,0
0.096,-0.0325,27.41,68.08,0
0.2173,0.1213,27.54,68.1,0
0.2768,0.0596,27.68,68.13,0
0.3082,0.0314,27.56,68.12,1
0.1983,-0.11,27.38,68.11,1
0.2539,0.0556,27.57,68.13,0
0.3029,0.0491,27.68,68.15,0
0.3313,0.0284,27.59,68.14,1
0.3498,0.0185,27.44,68.14,1
0.4013,0.0514,27.25,68.13,1
0.4036,0.0024,27.19,68.13,1
0.3809,-0.0227,27.02,68.13,1
0.3879,0.007,26.95,68.13,1
0.2559,-0.132,27.11,68.15,0
0.1798,-0.0762,27.24,68.16,0
0.2433,0.0635,27.36,68.18,0
0.2665,0.0232,27.48,68.2,0
0.306,0.0395,27.36,68.19,1
0.3262,0.0202,27.23,68.18,1
0.399,0.0728,27.17,68.18,1
0.3771,-0.0218,27.04,68.18,1
0.3632,-0.0139,26.94,68.17,1
0.2357,-0.1275,27.1,68.19,0
0.283,0.0473,27.31,68.21,0
0.318,0.035,27.17,68.2,1
0.2066,-0.1113,26.97,68.19,1
0.1433,-0.0633,27.13,68.2,0
0.2179,0.0745,27.25,68.22,0
0.1412,-0.0767,27.32,68.23,0
0.2403,0.0991,27.47,68.25,0
0.3157,0.0754,27.27,68.24,1
0.3636,0.048,27.14,68.23,1
0.3963,0.0327,27.0,68.23,1
0.3842,-0.0122,26.88,68.22,1
0.2533,-0.1308,27.06,68.24,0
0.1775,-0.0758,27.23,68.25,0
0.2461,0.0686,27.38,68.27,0
0.3017,0.0555,27.29,68.26,1
0.1974,-0.1043,27.13,68.25,1
0.2678,0.0704,27.23,68.26,0
0.3697,0.1019,27.36,68.29,0
0.2492,-0.1205,27.5,68.3,0
0.1779,-0.0713,27.61,68.32,0
0.2483,0.0703,27.7,68.33,0
0.3156,0.0674,27.51,68.32,1
0.3442,0.0285,27.33,68.31,1
0.2259,-0.1183,27.49,68.33,0
0.1578,-0.0681,27.6,68.34,0
0.249,0.0912,27.75,68.35,0
0.2948,0.0459,27.61,68.34,1
0.3181,0.0233,27.44,68.33,1
0.3358,0.0177,27.37,68.32,1
0.2165,-0.1193,27.4,68.34,0
0.1491,-0.0674,27.59,68.35,0
0.2191,0.0699,27.71,68.36,0
0.2876,0.0685,27.57,68.35,1
0.3726,0.085,27.39,68.34,1
0.4258,0.0532,27.42,68.33,1
0.2886,-0.1372,27.21,68.32,1
0.2069,-0.0817,27.38,68.34,0
0.1554,-0.0515,27.57,68.35,0
0.2534,0.098,27.68,68.36,0
0.1725,-0.0809,27.79,68.37,0
0.1243,-0.0483,27.89,68.38,0
0.2137,0.0895,27.86,68.4,0
0.2837,0.07,27.75,68.38,1
0.1825,-0.1012,27.5,68.36,1
0.1249,-0.0577,27.58,68.37,0
0.2078,0.0829,27.72,68.39,0
0.1322,-0.0755,27.85,68.39,0
0.2321,0.0998,27.98,68.41,0
0.1483,-0.0838,27.94,68.42,0
0.278,0.1298,28.07,68.43,0
0.3286,0.0506,27.8,68.42,1
0.3511,0.0225,27.67,68.41,1
0.2318,-0.1194,27.74,68.42,0
0.1632,-0.0686,27.84,68.43,0
0.224,0.0608,27.9,68.45,0
0.1466,-0.0774,27.92,68.45,0
0.2201,0.0736,28.02,68.47,0
0.2624,0.0423,28.06,68.48,0
0.2894,0.0269,27.86,68.46,1
0.1819,-0.1075,27.69,68.44,1
0.1228,-0.0591,27.75,68.45,0
0.2212,0.0984,27.84,68.46,0
0.1439,-0.0773,27.94,68.47,0
0.2101,0.0662,28.06,68.48,0
0.2598,0.0497,28.17,68.5,0
0.1613,-0.0985,28.16,68.5,0
0.107,-0.0543,28.24,68.51,0
0.2081,0.1012,28.29,68.52,0
0.2558,0.0476,28.31,68.53,0
0.296,0.0402,28.17,68.52,1
0.3293,0.0333,27.95,68.5,1
0.3371,0.0079,27.76,68.49,1
0.3527,0.0156,27.6,68.48,1
0.2313,-0.1214,27.64,68.49,0
0.163,-0.0683,27.73,68.5,0
0.1225,-0.0406,27.88,68.5,0
0.0967,-0.0257,27.96,68.51,0
0.1992,0.1025,28.1,68.52,0
0.1325,-0.0667,28.14,68.52,0
0.0945,-0.0379,28.19,68.53,0
0.1967,0.1022,28.26,68.54,0
0.2636,0.0668,28.32,68.55,0
0.2866,0.0231,28.08,68.53,1
0.1816,-0.1051,27.83,68.51,1
0.1237,-0.0579,27.83,68.52,0
0.0903,-0.0334,27.87,68.52,0
0.1772,0.087,27.9,68.53,0
0.2351,0.0578,27.96,68.54,0
0.2853,0.0503,27.84,68.53,1
0.1815,-0.1039,27.76,68.5,1
0.2369,0.0554,27.91,68.52,0
0.1515,-0.0854,28.03,68.52,0
0.1043,-0.0472,28.07,68.53,0
0.1869,0.0826,28.09,68.54,0
0.118,-0.0689,28.09,68.54,0
0.0801,-0.0378,28.08,68.54,0
0.1884,0.1082,28.04,68.55,0
0.2783,0.0899,28.14,68.57,0
0.3345,0.0562,27.92,68.55,1
0.2192,-0.1153,27.75,68.53,1
0.2583,0.0391,27.86,68.54,0
0.3456,0.0873,27.98,68.56,0
0.3649,0.0193,27.73,68.55,1
0.3649,0.0,27.64,68.53,1
0.2406,-0.1242,27.71,68.55,0
0.2995,0.0589,27.83,68.56,0
0.3358,0.0362,27.65,68.55,1
0.222,-0.1138,27.52,68.53,1
0.2691,0.047,27.64,68.54,0
0.2995,0.0304,27.72,68.55,0
0.1939,-0.1055,27.79,68.56,0
0.2522,0.0582,27.86,68.57,0
0.1636,-0.0886,28.01,68.58,0
0.1137,-0.0499,28.17,68.58,0
0.0841,-0.0296,28.22,68.59,0
0.0654,-0.0187,28.15,68.59,0
0.0528,-0.0126,28.09,68.59,0
0.0437,-0.0091,28.17,68.59,0
0.0368,-0.0069,28.17,68.59,0
0.1489,0.1121,28.22,68.59,0
0.2041,0.0552,28.28,68.6,0
0.242,0.0379,28.37,68.61,0
0.266,0.024,28.46,68.62,0
0.1602,-0.1058,28.37,68.63,0
0.2233,0.0631,28.44,68.64,0
0.2728,0.0495,28.53,68.65,0
0.2957,0.023,28.29,68.63,1
0.3252,0.0294,28.07,68.61,1
0.208,-0.1172,28.11,68.62,0
0.2477,0.0397,28.14,68.63,0
0.2765,0.0289,28.23,68.64,0
0.2861,0.0096,28.02,68.63,1
0.3047,0.0186,27.86,68.61,1
0.3048,0.0001,27.66,68.59,1
0.3012,-0.0035,27.54,68.57,1
0.3133,0.012,27.47,68.56,1
0.3322,0.0189,27.43,68.54,1
0.2132,-0.119,27.55,68.55,0
0.1471,-0.066,27.63,68.56,0
0.1086,-0.0385,27.69,68.56,0
0.2547,0.1461,27.71,68.58,0
0.3343,0.0796,27.57,68.56,1
0.3607,0.0264,27.41,68.55,1
0.2422,-0.1185,27.57,68.56,0
0.3085,0.0662,27.7,68.57,0
0.3517,0.0433,27.56,68.56,1
0.379,0.0273,27.42,68.55,1
0.3994,0.0204,27.28,68.54,1
0.2688,-0.1306,27.45,68.55,0
0.1926,-0.0762,27.55,68.56,0
0.2629,0.0703,27.65,68.57,0
0.1783,-0.0846,27.74,68.58,0
0.2488,0.0704,27.8,68.59,0
0.3154,0.0667,27.55,68.57,1
0.2072,-0.1083,27.41,68.55,1
0.2599,0.0528,27.57,68.56,0
0.2898,0.0298,27.73,68.58,0
0.1842,-0.1056,27.82,68.58,0
0.2625,0.0783,27.98,68.6,0
0.1701,-0.0924,28.01,68.6,0
0.2447,0.0747,28.12,68.61,0
0.1574,-0.0873,28.18,68.62,0
0.2477,0.0903,28.27,68.63,0
0.1599,-0.0878,28.36,68.63,0
0.242,0.0821,28.34,68.64,0
0.1551,-0.0869,28.36,68.65,0
0.1055,-0.0497,28.4,68.65,0
0.2256,0.1201,28.49,68.66,0
0.1466,-0.079,28.55,68.66,0
0.1008,-0.0458,28.49,68.66,0
0.0728,-0.028,28.59,68.66,0
0.0547,-0.0181,28.55,68.66,0
0.1573,0.1026,28.54,68.67,0
0.2395,0.0822,28.62,68.68,0
0.1486,-0.0909,28.63,68.68,0
0.2458,0.0973,28.67,68.69,0
0.1573,-0.0885,28.69,68.69,0
0.232,0.0747,28.68,68.7,0
0.1469,-0.0851,28.77,68.7,0
0.2288,0.0819,28.83,68.71,0
0.2811,0.0523,28.54,68.69,1
0.2993,0.0182,28.3,68.67,1
0.1892,-0.1101,28.3,68.68,0
0.2506,0.0614,28.38,68.69,0
0.3097,0.0591,28.2,68.67,1
0.2015,-0.1082,27.98,68.65,1
0.1403,-0.0612,28.03,68.65,0
0.2164,0.076,28.12,68.66,0
0.1407,-0.0757,28.17,68.66,0
0.098,-0.0427,28.25,68.66,0
0.1901,0.0921,28.25,68.67,0
0.263,0.0729,28.35,68.68,0
0.1688,-0.0942,28.35,68.68,0
0.1165,-0.0523,28.31,68.69,0
0.086,-0.0305,28.3,68.69,0
0.0671,-0.019,28.25,68.69,0
0.1594,0.0924,28.32,68.69,0
0.2396,0.0801,28.42,68.7,0
0.2931,0.0535,28.14,68.68,1
0.3212,0.0281,27.96,68.66,1
0.3533,0.0321,27.82,68.65,1
0.3788,0.0255,27.67,68.63,1
0.2515,-0.1273,27.87,68.64,0
0.1785,-0.073,27.81,68.65,0
0.1341,-0.0443,27.93,68.65,0
0.1054,-0.0287,27.95,68.65,0
0.0856,-0.0198,28.02,68.66,0
0.0711,-0.0145,28.04,68.66,0
0.06,-0.0111,28.04,68.66,0
0.0512,-0.0088,28.02,68.66,0
0.044,-0.0072,28.15,68.65,0
0.153,0.109,28.26,68.66,0
0.2375,0.0845,28.39,68.67,0
0.1503,-0.0871,28.42,68.67,0
0.2451,0.0948,28.44,68.68,0
0.1592,-0.0859,28.44,68.69,0
0.2181,0.059,28.45,68.69,0
0.1377,-0.0804,28.41,68.7,0
0.0932,-0.0445,28.35,68.7,0
0.0673,-0.0259,28.4,68.7,0
0.1639,0.0966,28.44,68.7,0
0.2234,0.0595,28.5,68.71,0
0.2535,0.0301,28.58,68.72,0
0.1537,-0.0999,28.63,68.72,0
0.0999,-0.0537,28.59,68.72,0
0.1799,0.0799,28.6,68.72,0
0.1102,-0.0697,28.68,68.73,0
0.1899,0.0798,28.7,68.73,0
0.2439,0.054,28.69,68.74,0
0.1478,-0.0961,28.79,68.74,0
0.0955,-0.0523,28.85,68.74,0
0.2108,0.1153,28.85,68.75,0
0.1341,-0.0767,28.86,68.75,0
0.2106,0.0766,28.92,68.75,0
0.1308,-0.0799,28.99,68.76,0
0.0863,-0.0445,28.94,68.75,0
0.1728,0.0866,28.93,68.76,0
0.1044,-0.0685,28.92,68.76,0
0.0669,-0.0374,28.9,68.76,0
0.1531,0.0862,28.88,68.76,0
0.2365,0.0834,28.87,68.77,0
0.2882,0.0516,28.72,68.74,1
0.1797,-0.1084,28.46,68.72,1
0.1195,-0.0602,28.51,68.72,0
0.2145,0.095,28.49,68.73,0
0.2744,0.0599,28.57,68.74,0
0.2851,0.0107,28.34,68.72,1
0.3056,0.0206,28.06,68.7,1
0.1919,-0.1137,28.14,68.7,0
0.129,-0.0629,28.18,68.7,0
0.2001,0.0711,28.3,68.71,0
0.1262,-0.0739,28.4,68.71,0
0.2078,0.0816,28.5,68.72,0
0.2938,0.086,28.25,68.7,1
0.3111,0.0173,27.95,68.68,1
0.1976,-0.1135,27.96,68.69,0
0.2614,0.0638,28.02,68.7,0
0.2854,0.0241,27.86,68.68,1
0.3237,0.0383,27.7,68.66,1
0.3203,-0.0034,27.52,68.64,1
0.3375,0.0172,27.41,68.63,1
0.3462,0.0087,27.29,68.61,1
0.2245,-0.1217,27.43,68.62,0
0.1562,-0.0683,27.57,68.62,0
0.2183,0.0621,27.76,68.63,0
0.2541,0.0358,27.99,68.64,0
0.3108,0.0567,27.77,68.63,1
0.3469,0.036,27.6,68.61,1
0.3851,0.0382,27.46,68.6,1
0.4088,0.0238,27.4,68.59,1
0.4038,-0.0051,27.3,68.57,1
0.2719,-0.1319,27.45,68.59,0
0.3153,0.0435,27.48,68.6,0
0.2142,-0.1011,27.64,68.61,0
0.1551,-0.0591,27.69,68.62,0
0.1184,-0.0367,27.74,68.62,0
0.0942,-0.0243,27.79,68.62,0
0.1945,0.1004,27.83,68.63,0
0.2533,0.0588,27.93,68.64,0
0.3023,0.0489,27.7,68.62,1
0.1948,-0.1075,27.48,68.6,1
0.1346,-0.0602,27.65,68.6,0
0.2092,0.0746,27.73,68.61,0
0.2824,0.0732,27.51,68.59,1
0.3258,0.0434,27.36,68.58,1
0.2107,-0.115,27.49,68.59,0
0.1453,-0.0654,27.58,68.59,0
0.2162,0.0708,27.61,68.6,0
0.2781,0.062,27.67,68.61,0
0.3144,0.0363,27.52,68.6,1
0.2015,-0.113,27.28,68.57,1
0.2628,0.0613,27.39,68.59,0
0.17,-0.0928,27.47,68.59,0
0.2197,0.0497,27.57,68.6,0
0.1376,-0.0821,27.66,68.61,0
0.1946,0.057,27.69,68.61,0
0.1176,-0.0769,27.77,68.62,0
0.231,0.1133,27.87,68.63,0
0.2917,0.0608,27.67,68.61,1
0.1862,-0.1055,27.51,68.59,1
0.1266,-0.0597,27.57,68.59,0
0.0911,-0.0355,27.55,68.59,0
0.1712,0.0801,27.63,68.6,0
0.1057,-0.0655,27.79,68.6,0
0.1947,0.089,27.85,68.61,0
0.2418,0.0471,28.0,68.62,0
0.2587,0.0169,28.07,68.63,0
0.1558,-0.1029,28.12,68.64,0
0.1004,-0.0554,28.18,68.64,0
0.0694,-0.031,28.25,68.64,0
0.1787,0.1093,28.27,68.65,0
0.2597,0.081,28.32,68.66,0
0.1641,-0.0956,28.43,68.66,0
0.2382,0.0741,28.48,68.67,0
0.3216,0.0834,28.24,68.65,1
0.2115,-0.1102,28.05,68.63,1
0.1482,-0.0632,28.04,68.64,0
0.1099,-0.0383,28.12,68.64,0
0.0852,-0.0247,28.19,68.64,0
0.0683,-0.0169,28.24,68.64,0
0.056,-0.0123,28.22,68.64,0
0.1717,0.1157,28.27,68.65,0
0.1093,-0.0623,28.32,68.65,0
0.1819,0.0726,28.47,68.65,0
0.246,0.0641,28.54,68.66,0
0.1498,-0.0961,28.6,68.67,0
0.2071,0.0573,28.56,68.67,0
0.125,-0.0821,28.58,68.68,0
0.2103,0.0852,28.51,68.68,0
0.2818,0.0716,28.27,68.66,1
0.1788,-0.103,28.07,68.64,1
0.1212,-0.0576,28.09,68.64,0
0.0874,-0.0339,28.24,68.65,0
0.0663,-0.0211,28.34,68.65,0
0.0523,-0.014,28.46,68.65,0
0.1649,0.1126,28.49,68.65,0
0.1031,-0.0618,28.57,68.65,0
0.1888,0.0857,28.59,68.66,0
0.2555,0.0667,28.66,68.67,0
0.1585,-0.097,28.58,68.67,0
0.2126,0.054,28.66,68.68,0
0.1303,-0.0823,28.66,68.68,0
0.1928,0.0625,28.66,68.69,0
0.1156,-0.0772,28.71,68.69,0
0.189,0.0734,28.79,68.7,0
0.2337,0.0447,28.74,68.7,0
0.2615,0.0278,28.79,68.71,0
0.1576,-0.1039,28.82,68.72,0
0.2192,0.0616,28.75,68.72,0
0.2687,0.0495,28.78,68.73,0
0.3089,0.0402,28.55,68.71,1
0.3378,0.0289,28.29,68.7,1
0.3423,0.0044,27.98,68.68,1
0.3497,0.0074,27.77,68.66,1
0.3491,-0.0006,27.61,68.65,1
0.3432,-0.0059,27.42,68.63,1
0.3353,-0.0079,27.36,68.62,1
0.3552,0.0199,27.34,68.6,1
0.233,-0.1222,27.53,68.61,0
0.1644,-0.0686,27.57,68.62,0
0.1237,-0.0407,27.63,68.62,0
0.0979,-0.0258,27.67,68.62,0
0.1829,0.085,27.74,68.63,0
0.1197,-0.0632,27.8,68.63,0
0.2095,0.0898,27.91,68.64,0
0.2689,0.0594,27.98,68.65,0
0.3003,0.0314,27.79,68.63,1
0.3346,0.0343,27.66,68.62,1
0.2191,-0.1154,27.82,68.63,0
0.2645,0.0454,27.84,68.64,0
0.2821,0.0176,27.66,68.62,1
0.2957,0.0136,27.66,68.6,1
0.3138,0.0181,27.53,68.58,1
0.2,-0.1138,27.61,68.59,0
0.3122,0.1123,27.72,68.61,0
0.3381,0.0259,27.59,68.59,1
0.3633,0.0252,27.49,68.58,1
0.3736,0.0104,27.35,68.56,1
0.4071,0.0335,27.25,68.55,1
0.2748,-0.1323,27.37,68.57,0
0.1976,-0.0772,27.43,68.58,0
0.1499,-0.0477,27.52,68.58,0
0.1185,-0.0314,27.59,68.59,0
0.2164,0.0979,27.71,68.59,0
0.2819,0.0654,27.61,68.58,1
0.1847,-0.0972,27.42,68.55,1
0.1294,-0.0553,27.53,68.56,0
0.0962,-0.0332,27.63,68.56,0
0.2,0.1038,27.74,68.57,0
0.2685,0.0685,27.88,68.58,0
0.3067,0.0382,27.68,68.57,1
0.3396,0.0329,27.53,68.55,1
0.3669,0.0273,27.46,68.54,1
0.3915,0.0246,27.3,68.53,1
0.3874,-0.004,27.17,68.52,1
0.4115,0.0241,27.04,68.51,1
0.4186,0.0071,26.99,68.5,1
0.2865,-0.1321,26.89,68.48,1
0.2096,-0.0769,27.01,68.49,0
0.162,-0.0476,27.11,68.5,0
0.2855,0.1235,26.99,68.49,1
0.3379,0.0524,26.83,68.47,1
0.3501,0.0122,26.75,68.46,1
0.3767,0.0266,26.69,68.45,1
0.3883,0.0115,26.71,68.44,1
0.2596,-0.1287,26.86,68.46,0
0.2951,0.0355,27.11,68.47,0
0.3297,0.0347,27.04,68.46,1
0.3364,0.0067,26.91,68.45,1
0.2208,-0.1156,27.04,68.46,0
0.1556,-0.0652,27.19,68.47,0
0.1168,-0.0388,27.23,68.47,0
0.2121,0.0953,27.32,68.48,0
0.2668,0.0547,27.36,68.5,0
0.3096,0.0428,27.17,68.48,1
0.3354,0.0258,26.99,68.47,1
0.3473,0.0119,26.94,68.46,1
0.2275,-0.1198,27.12,68.47,0
0.2775,0.05,27.24,68.49,0
0.3395,0.062,27.17,68.47,1
0.2255,-0.1141,27.02,68.45,1
0.3023,0.0768,26.82,68.44,1
0.341,0.0387,26.75,68.43,1
0.3647,0.0237,26.7,68.42,1
0.2419,-0.1228,26.85,68.43,0
0.2835,0.0416,26.97,68.45,0
0.1876,-0.0958,27.07,68.46,0
0.2599,0.0723,27.17,68.47,0
0.2966,0.0367,27.0,68.46,1
0.3012,0.0046,26.96,68.44,1
0.3585,0.0573,26.93,68.43,1
0.377,0.0184,26.85,68.42,1
0.3861,0.0091,26.75,68.41,1
0.2548,-0.1312,26.94,68.43,0
0.294,0.0392,27.15,68.44,0
0.3322,0.0382,27.02,68.43,1
0.219,-0.1132,26.9,68.41,1
0.3116,0.0926,26.8,68.4,1
0.3668,0.0552,26.68,68.39,1
0.3941,0.0273,26.62,68.38,1
0.3782,-0.0159,26.64,68.37,1
0.2516,-0.1266,26.75,68.39,0
0.2835,0.032,26.91,68.41,0
0.313,0.0295,26.79,68.39,1
0.2038,-0.1093,26.67,68.38,1
0.2569,0.0531,26.81,68.39,0
0.167,-0.0899,26.98,68.4,0
0.1161,-0.0509,27.09,68.41,0
0.0857,-0.0303,27.21,68.42,0
0.2165,0.1307,27.34,68.43,0
0.259,0.0425,27.44,68.44,0
0.1643,-0.0947,27.51,68.45,0
0.2139,0.0496,27.52,68.46,0
0.2569,0.0431,27.55,68.48,0
0.1575,-0.0994,27.64,68.49,0
0.1031,-0.0544,27.62,68.49,0
0.237,0.1339,27.76,68.5,0
0.1552,-0.0817,27.8,68.51,0
0.2303,0.0751,27.95,68.52,0
0.2777,0.0474,28.11,68.54,0
0.3201,0.0425,27.94,68.52,1
0.3162,-0.0039,27.85,68.51,1
0.3451,0.0289,27.74,68.49,1
0.3754,0.0303,27.65,68.48,1
0.3709,-0.0045,27.46,68.47,1
0.4219,0.0511,27.33,68.46,1
0.4236,0.0017,27.23,68.45,1
0.417,-0.0066,27.02,68.45,1
0.2819,-0.1351,26.87,68.43,1
0.2029,-0.0789,26.99,68.44,0
0.2565,0.0536,27.16,68.46,0
0.3037,0.0472,27.11,68.44,1
0.3632,0.0595,27.02,68.43,1
0.3647,0.0016,26.94,68.42,1
0.3715,0.0068,26.86,68.41,1
0.3713,-0.0002,26.82,68.4,1
0.3759,0.0046,26.74,68.39,1
0.443,0.0671,26.68,68.39,1
0.3019,-0.1411,26.63,68.37,1
0.3781,0.0763,26.54,68.37,1
0.3956,0.0174,26.49,68.36,1
0.3902,-0.0054,26.48,68.35,1
0.4131,0.023,26.52,68.34,1
0.4263,0.0131,26.51,68.34,1
0.4546,0.0283,26.23,68.3,2
0.4997,0.0451,25.95,68.25,2
0.4621,-0.0375,25.69,68.21,2
0.4664,0.0043,25.34,68.17,2
0.463,-0.0034,25.08,68.13,2
0.476,0.013,24.8,68.09,2
0.4877,0.0117,24.61,68.05,2
0.3379,-0.1498,24.65,68.05,1
0.2473,-0.0906,24.72,68.04,1
0.3291,0.0818,24.71,68.04,1
0.3849,0.0558,24.81,68.04,1
0.4078,0.023,24.81,68.04,1
0.2805,-0.1274,24.86,68.03,1
0.2049,-0.0756,25.15,68.05,0
0.2747,0.0699,25.37,68.07,0
0.1892,-0.0855,25.65,68.09,0
0.2586,0.0694,25.85,68.11,0
0.301,0.0424,25.86,68.1,1
0.3301,0.0292,25.79,68.1,1
0.3384,0.0083,25.79,68.09,1
0.345,0.0065,25.79,68.09,1
0.2235,-0.1215,26.0,68.11,0
0.2701,0.0466,26.27,68.13,0
0.3103,0.0403,26.19,68.12,1
0.3252,0.0149,26.16,68.12,1
0.3553,0.0301,26.15,68.11,1
0.3462,-0.0091,26.05,68.11,1
0.2239,-0.1224,26.15,68.13,0
0.1549,-0.069,26.32,68.14,0
0.114,-0.0409,26.56,68.15,0
0.2431,0.1291,26.7,68.17,0
0.1647,-0.0784,26.91,68.19,0
0.1184,-0.0463,27.04,68.2,0
0.2169,0.0985,27.2,68.22,0
0.2919,0.075,27.02,68.21,1
0.3474,0.0555,26.85,68.2,1
0.365,0.0176,26.81,68.19,1
0.2398,-0.1252,27.04,68.21,0
0.1676,-0.0722,27.14,68.23,0
0.1236,-0.044,27.29,68.24,0
0.2027,0.079,27.38,68.25,0
0.2764,0.0737,27.52,68.27,0
0.3625,0.0861,27.46,68.26,1
0.3711,0.0086,27.36,68.26,1
0.2452,-0.1259,27.52,68.28,0
0.2823,0.0371,27.66,68.29,0
0.3163,0.034,27.55,68.28,1
0.3396,0.0233,27.44,68.28,1
0.2199,-0.1197,27.59,68.29,0
0.1517,-0.0682,27.63,68.3,0
0.2983,0.1466,27.53,68.29,1
0.3304,0.0321,27.31,68.28,1
0.3547,0.0243,27.1,68.27,1
0.4,0.0453,27.07,68.27,1
0.4002,0.0002,27.07,68.26,1
0.4016,0.0014,26.98,68.26,1
0.4051,0.0035,26.9,68.25,1
0.4162,0.0112,26.82,68.25,1
0.2809,-0.1353,26.69,68.24,1
0.2018,-0.0791,26.84,68.25,0
0.3078,0.106,26.98,68.27,0
0.3955,0.0877,26.89,68.27,1
0.4352,0.0397,26.86,68.26,1
0.4378,0.0026,26.77,68.26,1
0.4374,-0.0003,26.73,68.26,1
0.4656,0.0281,26.31,68.22,2
0.4792,0.0136,25.87,68.18,2
0.4828,0.0036,25.53,68.14,2
0.4628,-0.02,25.22,68.1,2
0.4494,-0.0134,25.33,68.1,1
0.4277,-0.0216,25.38,68.1,1
0.421,-0.0068,25.37,68.1,1
0.2868,-0.1342,25.5,68.09,1
0.2084,-0.0784,25.73,68.11,0
0.2848,0.0764,25.97,68.13,0
0.3334,0.0486,26.04,68.12,1
0.3732,0.0397,26.06,68.12,1
0.4391,0.0659,26.14,68.12,1
0.4901,0.051,25.83,68.08,2
0.4921,0.002,25.48,68.04,2
0.4888,-0.0034,25.21,68.01,2
0.4842,-0.0046,25.01,67.97,2
0.5232,0.039,24.73,67.94,2
0.5471,0.0239,24.56,67.91,2
0.5682,0.0211,24.34,67.88,2
0.5804,0.0122,24.22,67.85,2
0.6015,0.0211,24.1,67.82,2
0.5983,-0.0032,23.93,67.79,2
0.6009,0.0025,23.81,67.77,2
0.5891,-0.0118,23.72,67.74,2
0.56,-0.0291,23.65,67.72,2
0.5433,-0.0167,23.5,67.69,2
0.5135,-0.0298,23.46,67.66,2
0.3643,-0.1492,23.63,67.67,1
0.4186,0.0543,23.82,67.67,1
0.4441,0.0255,23.96,67.68,1
0.4626,0.0185,23.83,67.65,2
0.5109,0.0483,23.77,67.62,2
0.4864,-0.0245,23.63,67.6,2
0.4671,-0.0193,23.52,67.57,2
0.4615,-0.0056,23.44,67.54,2
0.4714,0.0099,23.4,67.51,2
0.4718,0.0003,23.34,67.49,2
0.3314,-0.1403,23.58,67.49,1
0.4203,0.0888,23.79,67.5,1
0.4401,0.0199,23.94,67.52,1
0.4346,-0.0055,24.13,67.53,1
0.4558,0.0212,24.0,67.5,2
0.4797,0.0239,23.87,67.47,2
0.4885,0.0088,23.72,67.45,2
0.4958,0.0073,23.6,67.42,2
0.5257,0.0298,23.48,67.4,2
0.546,0.0203,23.36,67.38,2
0.5472,0.0013,23.36,67.36,2
0.5803,0.033,23.29,67.34,2
0.4176,-0.1626,23.55,67.36,1
0.4737,0.056,23.64,67.37,1
0.5105,0.0368,23.51,67.35,2
0.53,0.0195,23.39,67.33,2
0.4985,-0.0315,23.24,67.31,2
0.5036,0.0051,23.06,67.29,2
0.4837,-0.0198,23.01,67.27,2
0.4778,-0.0059,23.08,67.24,2
0.3332,-0.1447,23.35,67.26,1
0.4112,0.0781,23.5,67.27,1
0.4516,0.0404,23.41,67.25,2
0.4995,0.0478,23.29,67.23,2
0.5103,0.0109,23.23,67.21,2
0.5272,0.0168,23.15,67.19,2
0.5053,-0.0219,23.09,67.17,2
0.4975,-0.0078,23.01,67.16,2
0.4945,-0.003,22.98,67.14,2
0.5183,0.0238,22.87,67.12,2
0.5158,-0.0025,22.87,67.1,2
0.5374,0.0216,22.89,67.09,2
0.5364,-0.001,22.89,67.07,2
0.5465,0.0101,22.79,67.06,2
0.5724,0.0259,22.72,67.05,2
0.6298,0.0574,22.76,67.04,2
0.6228,-0.0069,22.72,67.03,2
0.6123,-0.0105,22.72,67.02,2
0.614,0.0016,22.62,67.01,2
0.5805,-0.0335,22.56,67.0,2
0.5795,-0.001,22.63,66.99,2
0.56,-0.0194,22.56,66.97,2
0.5446,-0.0155,22.62,66.96,2
0.3897,-0.1549,22.99,66.98,1
0.4419,0.0522,23.26,67.0,1
0.3198,-0.122,23.52,67.02,1
0.3711,0.0513,23.73,67.04,1
0.4458,0.0747,23.89,67.06,1
0.4884,0.0426,23.77,67.04,2
0.5073,0.019,23.78,67.03,2
0.5596,0.0522,23.73,67.02,2
0.5674,0.0079,23.6,67.0,2
0.5507,-0.0167,23.56,66.99,2
0.5459,-0.0048,23.54,66.98,2
0.5063,-0.0396,23.44,66.96,2
0.5172,0.0109,23.35,66.95,2
0.5668,0.0496,23.35,66.94,2
0.4051,-0.1617,23.59,66.96,1
0.4821,0.077,23.83,66.99,1
0.4777,-0.0043,23.66,66.97,2
0.5159,0.0381,23.59,66.96,2
0.5183,0.0025,23.44,66.94,2
0.5501,0.0318,23.32,66.93,2
0.5697,0.0196,23.2,66.92,2
0.6165,0.0468,23.22,66.91,2
0.5868,-0.0297,23.09,66.91,2
0.5733,-0.0134,23.15,66.9,2
0.5338,-0.0396,23.1,66.88,2
0.5104,-0.0234,23.06,66.87,2
0.5208,0.0104,23.0,66.86,2
0.3669,-0.1539,23.28,66.88,1
0.4053,0.0384,23.56,66.9,1
0.458,0.0528,23.54,66.89,2
0.4556,-0.0025,23.43,66.87,2
0.4678,0.0123,23.3,66.86,2
0.4621,-0.0057,23.25,66.85,2
0.4943,0.0322,23.15,66.83,2
0.5067,0.0124,23.04,66.82,2
0.5483,0.0416,23.07,66.81,2
0.543,-0.0053,22.92,66.8,2
0.5351,-0.0079,22.95,66.8,2
0.5149,-0.0202,22.98,66.79,2
0.496,-0.0189,22.91,66.77,2
0.5452,0.0492,22.93,66.77,2
0.5039,-0.0413,22.89,66.76,2
0.5303,0.0264,22.84,66.75,2
0.5042,-0.0261,22.8,66.74,2
0.5002,-0.004,22.78,66.73,2
0.5055,0.0052,22.82,66.72,2
0.5413,0.0359,22.82,66.71,2
0.5439,0.0025,22.86,66.7,2
0.544,0.0001,22.84,66.7,2
0.5471,0.003,22.77,66.69,2
0.5959,0.0488,22.73,66.69,2
0.6268,0.0309,22.73,66.68,2
0.5875,-0.0393,22.68,66.68,2
0.5427,-0.0448,22.66,66.67,2
0.517,-0.0257,22.66,66.67,2
0.5333,0.0164,22.63,66.66,2
0.563,0.0297,22.55,66.65,2
0.587,0.0239,22.51,66.65,2
0.5591,-0.0278,22.53,66.65,2
0.563,0.0038,22.56,66.64,2
0.6048,0.0418,22.58,66.64,2
0.435,-0.1698,22.84,66.67,1
0.4555,0.0206,23.17,66.7,1
0.4883,0.0328,23.14,66.69,2
0.4974,0.0091,23.05,66.68,2
0.5069,0.0095,23.01,66.67,2
0.5512,0.0444,23.03,66.66,2
0.5433,-0.0079,22.95,66.66,2
0.5233,-0.02,23.03,66.65,2
0.5618,0.0385,23.0,66.65,2
0.5703,0.0085,22.92,66.64,2
0.5905,0.0202,22.92,66.64,2
0.6244,0.0339,22.88,66.64,2
0.6099,-0.0145,22.83,66.63,2
0.5859,-0.0241,22.76,66.63,2
0.5783,-0.0076,22.77,66.63,2
0.5556,-0.0227,22.73,66.62,2
0.5656,0.01,22.72,66.62,2
0.5738,0.0082,22.74,66.61,2
0.5684,-0.0053,22.79,66.61,2
0.5582,-0.0102,22.81,66.61,2
0.5393,-0.0189,22.71,66.6,2
0.5487,0.0093,22.77,66.6,2
0.5447,-0.0039,22.83,66.59,2
0.5571,0.0124,22.73,66.59,2
0.5695,0.0125,22.67,66.58,2
0.5759,0.0063,22.64,66.58,2
0.6015,0.0256,22.6,66.58,2
0.643,0.0416,22.64,66.58,2
0.6465,0.0035,22.69,66.58,2
0.6054,-0.0411,22.73,66.58,2
0.6164,0.0109,22.78,66.58,2
0.6469,0.0305,22.74,66.58,2
0.666,0.0191,22.71,66.58,2
0.6258,-0.0402,22.76,66.58,2
0.6423,0.0165,22.77,66.58,2
0.6324,-0.0099,22.72,66.58,2
0.6525,0.0202,22.68,66.58,2
0.5896,-0.0629,22.68,66.58,2
0.5684,-0.0212,22.68,66.58,2
0.5725,0.0041,22.69,66.57,2
0.5401,-0.0325,22.71,66.57,2
0.5799,0.0399,22.79,66.57,2
0.5703,-0.0096,22.85,66.57,2
0.5609,-0.0094,22.83,66.56,2
0.5504,-0.0105,22.83,66.56,2
0.5468,-0.0036,22.82,66.55,2
0.5112,-0.0356,22.86,66.55,2
0.5306,0.0194,22.76,66.54,2
0.5817,0.0511,22.86,66.54,2
0.5995,0.0178,22.8,66.54,2
0.6232,0.0237,22.82,66.54,2
0.6085,-0.0147,22.83,66.54,2
0.5783,-0.0301,22.83,66.54,2
0.5685,-0.0099,22.81,66.54,2
0.5922,0.0237,22.76,66.54,2
0.6152,0.023,22.77,66.54,2
0.6348,0.0196,22.76,66.54,2
0.6033,-0.0315,22.78,66.54,2
0.6011,-0.0022,22.8,66.54,2
0.6225,0.0214,22.76,66.54,2
0.607,-0.0155,22.81,66.54,2
0.6167,0.0097,22.74,66.54,2
0.5819,-0.0349,22.77,66.53,2
0.5396,-0.0422,22.75,66.53,2
0.5514,0.0118,22.72,66.53,2
0.5987,0.0473,22.71,66.53,2
0.6507,0.052,22.73,66.53,2
0.4724,-0.1783,22.64,66.52,2
0.5136,0.0412,22.66,66.52,2
0.5133,-0.0003,22.63,66.51,2
0.5151,0.0018,22.7,66.51,2
0.5542,0.0391,22.67,66.51,2
0.6235,0.0693,22.69,66.51,2
0.5742,-0.0493,22.68,66.51,2
0.5634,-0.0108,22.64,66.5,2
0.577,0.0135,22.62,66.5,2
0.5982,0.0212,22.6,66.5,2
0.6424,0.0442,22.65,66.5,2
0.5975,-0.0449,22.76,66.5,2
0.5958,-0.0017,22.7,66.5,2
0.6471,0.0513,22.79,66.51,2
0.6144,-0.0327,22.79,66.51,2
0.632,0.0176,22.73,66.51,2
0.6438,0.0117,22.72,66.51,2
0.6681,0.0243,22.78,66.51,2
0.633,-0.0352,22.87,66.51,2
0.6174,-0.0155,22.79,66.52,2
0.6145,-0.0029,22.87,66.52,2
0.6138,-0.0007,22.89,66.52,2
0.5851,-0.0286,22.83,66.51,2
0.5758,-0.0094,22.81,66.51,2
0.5807,0.0049,22.77,66.51,2
0.6277,0.047,22.78,66.51,2
0.6267,-0.0009,22.79,66.51,2
0.6224,-0.0043,22.68,66.52,2
0.6316,0.0092,22.71,66.52,2
0.6616,0.03,22.74,66.52,2
0.7005,0.0389,22.72,66.52,2
0.6819,-0.0186,22.77,66.53,2
0.6904,0.0086,22.72,66.53,2
0.6872,-0.0032,22.73,66.54,2
0.6824,-0.0048,22.7,66.54,2
0.7067,0.0243,22.71,66.54,2
0.699,-0.0077,22.69,66.55,2
0.7154,0.0164,22.78,66.55,2
0.702,-0.0134,22.77,66.56,2
0.7101,0.0081,22.85,66.56,2
0.6753,-0.0348,22.85,66.56,2
0.7021,0.0268,22.89,66.57,2
0.7275,0.0254,22.89,66.57,2
0.7394,0.0119,22.87,66.58,2
0.7213,-0.0181,22.96,66.58,2
0.6605,-0.0608,22.92,66.58,2
0.6448,-0.0157,22.91,66.58,2
0.6417,-0.0031,22.88,66.58,2
0.6465,0.0047,23.03,66.59,2
0.682,0.0356,22.95,66.59,2
0.7167,0.0346,23.01,66.59,2
0.675,-0.0417,23.03,66.59,2
0.678,0.003,23.1,66.6,2
0.7127,0.0347,23.09,66.6,2
0.7246,0.012,23.11,66.6,2
0.7293,0.0047,23.08,66.61,2
0.7502,0.0209,23.16,66.61,2
0.7322,-0.018,23.11,66.62,2
0.666,-0.0663,23.08,66.62,2
0.6485,-0.0175,23.05,66.62,2
0.6667,0.0182,22.99,66.62,2
0.7145,0.0478,23.13,66.62,2
0.6754,-0.0391,23.1,66.62,2
0.7039,0.0285,23.06,66.63,2
0.7212,0.0173,23.05,66.63,2
0.6992,-0.022,23.08,66.63,2
0.7063,0.0071,23.08,66.64,2
0.696,-0.0103,23.05,66.64,2
0.7184,0.0223,23.04,66.64,2
0.7027,-0.0156,23.07,66.64,2
0.6953,-0.0074,22.99,66.64,2
0.7245,0.0291,23.01,66.65,2
0.6952,-0.0292,23.0,66.65,2
0.6774,-0.0179,23.05,66.65,2
0.6607,-0.0166,23.05,66.65,2
0.6937,0.033,23.03,66.65,2
0.6378,-0.0559,23.04,66.65,2
0.6374,-0.0004,22.98,66.65,2
0.6629,0.0255,22.95,66.65,2
0.6173,-0.0456,22.98,66.65,2
0.6023,-0.0149,22.94,66.65,2
0.6129,0.0106,22.92,66.64,2
0.6496,0.0366,22.94,66.64,2
0.6369,-0.0126,22.91,66.64,2
0.6244,-0.0125,22.74,66.64,2
0.6563,0.0319,22.71,66.64,2
0.6322,-0.0241,22.77,66.64,2
0.6211,-0.0111,22.79,66.64,2
0.6394,0.0184,22.78,66.64,2
0.6537,0.0142,22.72,66.64,2
0.6775,0.0238,22.65,66.64,2
0.6644,-0.0131,22.68,66.64,2
0.6715,0.0071,22.62,66.64,2
0.6656,-0.0059,22.68,66.64,2
0.682,0.0163,22.73,66.64,2
0.6682,-0.0138,22.78,66.64,2
0.6612,-0.007,22.8,66.64,2
0.6831,0.0219,22.8,66.64,2
0.7175,0.0344,22.84,66.65,2
0.7225,0.0049,22.91,66.65,2
0.6974,-0.0251,22.83,66.65,2
0.6475,-0.0499,22.86,66.65,2
0.6754,0.0279,22.9,66.65,2
0.6792,0.0038,22.84,66.65,2
0.6793,0.0002,22.75,66.65,2
0.7044,0.025,22.76,66.66,2
0.7014,-0.003,22.71,66.66,2
0.7244,0.023,22.74,66.66,2
0.6671,-0.0572,22.84,66.66,2
0.6685,0.0014,22.86,66.66,2
0.6944,0.0259,22.8,66.66,2
0.7158,0.0214,22.79,66.66,2
0.6884,-0.0274,22.76,66.67,2
0.6811,-0.0072,22.76,66.67,2
0.6809,-0.0002,22.76,66.67,2
0.6478,-0.0331,22.76,66.67,2
0.6484,0.0006,22.8,66.67,2
0.6393,-0.0091,22.72,66.66,2
0.6871,0.0478,22.84,66.67,2
0.7083,0.0212,22.89,66.67,2
0.6981,-0.0102,22.89,66.67,2
0.7231,0.025,22.87,66.67,2
0.7374,0.0143,22.95,66.67,2
0.7343,-0.0031,22.97,66.68,2
0.6773,-0.057,23.03,66.68,2
0.6844,0.0071,23.01,66.68,2
0.6978,0.0134,23.03,66.68,2
0.7129,0.0151,23.12,66.68,2
0.6674,-0.0455,23.14,66.68,2
0.6611,-0.0064,23.08,66.68,2
0.6425,-0.0185,23.05,66.68,2
0.6534,0.0109,23.11,66.68,2
0.6826,0.0291,23.14,66.68,2
0.6448,-0.0378,23.1,66.68,2
0.6579,0.0131,23.12,66.68,2
0.6893,0.0314,23.12,66.68,2
0.713,0.0237,23.24,66.68,2
0.726,0.013,23.25,66.68,2
0.6911,-0.0349,23.18,66.68,2
0.6542,-0.0369,23.04,66.68,2
0.6695,0.0153,23.01,66.68,2
0.6228,-0.0468,23.02,66.68,2
0.6092,-0.0136,23.04,66.68,2
0.6119,0.0027,23.03,66.67,2
0.6366,0.0247,22.98,66.67,2
0.6344,-0.0022,22.93,66.67,2
0.6803,0.0459,22.87,66.67,2
0.7044,0.0241,22.85,66.67,2
0.6897,-0.0146,22.91,66.67,2
0.7122,0.0225,22.89,66.68,2
0.7296,0.0174,22.85,66.68,2
0.7503,0.0207,22.85,66.68,2
0.7449,-0.0053,22.87,66.69,2
0.7466,0.0017,22.97,66.69,2
0.7325,-0.0142,23.0,66.69,2
0.7466,0.0142,23.03,66.7,2
0.7267,-0.02,23.07,66.7,2
0.7541,0.0275,23.04,66.7,2
0.7672,0.0131,23.16,66.71,2
0.7934,0.0261,23.16,66.71,2
0.7754,-0.018,23.08,66.72,2
0.7338,-0.0416,23.02,66.72,2
0.7475,0.0137,23.02,66.72,2
0.751,0.0036,22.99,66.73,2
0.7282,-0.0228,23.0,66.73,2
0.7352,0.007,23.09,66.73,2
0.7534,0.0182,23.11,66.73,2
0.7663,0.0129,23.14,66.74,2
0.7598,-0.0066,23.2,66.74,2
0.7438,-0.0159,23.21,66.74,2
0.7142,-0.0296,23.15,66.74,2
0.7304,0.0162,23.2,66.74,2
0.7291,-0.0013,23.17,66.75,2
0.7078,-0.0213,23.22,66.75,2
0.6993,-0.0085,23.22,66.75,2
0.7318,0.0325,23.26,66.75,2
0.7403,0.0085,23.28,66.75,2
0.7147,-0.0256,23.31,66.75,2
0.7142,-0.0005,23.33,66.75,2
0.7288,0.0146,23.27,66.75,2
0.743,0.0142,23.28,66.76,2
0.7479,0.005,23.33,66.76,2
0.7135,-0.0344,23.38,66.76,2
0.731,0.0175,23.48,66.76,2
0.7351,0.004,23.47,66.76,2
0.695,-0.0401,23.34,66.76,2
0.6733,-0.0217,23.24,66.76,2
0.6622,-0.0111,23.23,66.76,2
0.6798,0.0176,23.23,66.76,2
0.6937,0.0139,23.25,66.76,2
0.7209,0.0273,23.29,66.76,2
0.7547,0.0337,23.27,66.76,2
0.7822,0.0275,23.16,66.76,2
0.7425,-0.0397,23.23,66.76,2
0.7444,0.0019,23.21,66.77,2
0.7499,0.0054,23.28,66.77,2
0.7556,0.0057,23.23,66.77,2
0.7629,0.0073,23.19,66.77,2
0.7789,0.016,23.14,66.78,2
0.7903,0.0114,23.15,66.78,2
0.7828,-0.0075,23.17,66.78,2
0.7751,-0.0076,23.17,66.79,2
0.7749,-0.0002,23.1,66.79,2
0.7627,-0.0122,23.09,66.79,2
0.7411,-0.0216,23.1,66.79,2
0.7429,0.0017,23.06,66.8,2
0.7561,0.0132,23.02,66.8,2
0.7786,0.0225,23.04,66.8,2
0.7849,0.0062,22.94,66.8,2
0.7874,0.0026,22.99,66.81,2
0.7676,-0.0198,23.11,66.81,2
0.7478,-0.0198,23.15,66.81,2
0.7402,-0.0077,23.15,66.81,2
0.7427,0.0025,23.14,66.81,2
0.759,0.0163,23.16,66.81,2
0.7663,0.0073,23.22,66.82,2
0.7888,0.0225,23.28,66.82,2
0.7761,-0.0126,23.24,66.82,2
0.78,0.0039,23.27,66.82,2
0.7514,-0.0286,23.21,66.83,2
0.7707,0.0193,23.23,66.83,2
0.7735,0.0028,23.18,66.83,2
0.7651,-0.0084,23.28,66.83,2
0.7766,0.0115,23.24,66.83,2
0.7864,0.0098,23.23,66.84,2
0.8028,0.0164,23.25,66.84,2
0.8167,0.0139,23.28,66.84,2
0.7767,-0.04,23.24,66.85,2
0.7733,-0.0033,23.22,66.85,2
0.7613,-0.012,23.22,66.85,2
0.7444,-0.017,23.17,66.85,2
0.6925,-0.0519,23.18,66.85,2
0.7109,0.0185,23.25,66.84,2
0.7193,0.0084,23.22,66.84,2
0.6911,-0.0282,23.15,66.84,2
0.6805,-0.0106,23.09,66.84,2
0.6802,-0.0003,23.18,66.84,2
0.7137,0.0335,23.17,66.83,2
0.6565,-0.0572,23.19,66.83,2
0.6531,-0.0034,23.13,66.83,2
0.6788,0.0256,23.13,66.82,2
0.6986,0.0198,23.08,66.82,2
0.7334,0.0348,23.15,66.82,2
0.7057,-0.0277,23.13,66.82,2
0.691,-0.0147,23.16,66.82,2
0.7122,0.0213,23.15,66.82,2
0.7041,-0.0081,23.1,66.82,2
0.7101,0.006,23.07,66.82,2
0.7215,0.0113,23.11,66.82,2
0.7267,0.0052,23.13,66.82,2
0.7364,0.0098,23.16,66.82,2
0.7609,0.0244,23.11,66.82,2
0.7635,0.0026,23.1,66.82,2
0.7856,0.0222,23.02,66.82,2
0.7295,-0.0561,23.06,66.82,2
0.6754,-0.054,23.02,66.82,2
0.6922,0.0167,22.95,66.82,2
0.6449,-0.0473,22.92,66.82,2
0.6537,0.0088,22.87,66.81,2
0.7016,0.0479,22.86,66.81,2
0.6974,-0.0042,22.97,66.81,2
0.7131,0.0158,22.9,66.81,2
0.7189,0.0057,22.88,66.81,2
0.6953,-0.0236,22.92,66.81,2
0.714,0.0187,22.91,66.81,2
0.6953,-0.0187,22.92,66.81,2
0.693,-0.0023,22.88,66.8,2
0.7098,0.0169,22.82,66.8,2
0.7331,0.0233,22.82,66.8,2
0.6815,-0.0516,22.89,66.8,2
0.7019,0.0205,22.93,66.8,2
0.7415,0.0396,22.95,66.8,2
0.7308,-0.0107,22.93,66.8,2
0.7226,-0.0081,22.88,66.8,2
0.7204,-0.0022,22.88,66.8,2
0.7459,0.0255,22.87,66.8,2
0.7603,0.0144,22.83,66.81,2
0.7924,0.0321,22.86,66.81,2
0.723,-0.0693,22.78,66.81,2
0.7372,0.0142,22.82,66.81,2
0.7424,0.0052,22.88,66.81,2
0.7545,0.0121,22.87,66.81,2
0.7153,-0.0392,22.89,66.81,2
0.7328,0.0175,22.89,66.81,2
0.7547,0.0218,22.95,66.81,2
0.7694,0.0147,22.93,66.82,2
0.7776,0.0082,22.98,66.82,2
0.775,-0.0026,22.98,66.82,2
0.7282,-0.0468,22.91,66.82,2
0.7198,-0.0084,22.88,66.82,2
0.6909,-0.0289,22.84,66.82,2
0.7171,0.0262,22.8,66.82,2
0.7267,0.0096,22.82,66.82,2
0.7257,-0.001,22.86,66.82,2
0.741,0.0153,22.89,66.82,2
0.7492,0.0082,22.93,66.82,2
0.763,0.0138,22.91,66.82,2
0.7742,0.0111,22.91,66.82,2
0.7882,0.014,22.92,66.83,2
0.779,-0.0092,22.94,66.83,2
0.7897,0.0107,23.08,66.83,2
0.8087,0.0189,23.04,66.84,2
0.791,-0.0177,22.93,66.84,2
0.7893,-0.0017,22.93,66.84,2
0.7646,-0.0247,23.0,66.84,2
0.7653,0.0007,22.91,66.84,2
0.7367,-0.0286,22.94,66.84,2
0.7534,0.0168,22.94,66.84,2
0.7598,0.0063,22.89,66.85,2
0.727,-0.0328,22.85,66.85,2
0.7262,-0.0008,22.83,66.84,2
0.7405,0.0143,22.79,66.84,2
0.7341,-0.0064,22.79,66.84,2
0.7442,0.0101,22.88,66.84,2
0.7275,-0.0167,22.9,66.84,2
0.7044,-0.0231,22.92,66.84,2
0.7141,0.0097,22.92,66.84,2
0.7251,0.011,22.95,66.84,2
0.723,-0.0021,22.98,66.84,2
0.7388,0.0158,23.05,66.84,2
0.7527,0.0139,23.02,66.84,2
0.7448,-0.0079,23.07,66.84,2
0.7632,0.0184,23.05,66.84,2
0.7748,0.0116,23.17,66.84,2
0.778,0.0032,23.23,66.85,2
0.7594,-0.0185,23.28,66.85,2
0.7634,0.004,23.21,66.85,2
0.7551,-0.0084,23.22,66.85,2
0.7375,-0.0176,23.15,66.85,2
0.765,0.0275,23.15,66.85,2
0.7267,-0.0383,23.16,66.85,2
0.7279,0.0012,23.11,66.85,2
0.7241,-0.0038,23.03,66.85,2
0.7149,-0.0092,22.95,66.85,2
0.7293,0.0145,23.01,66.85,2
0.7344,0.0051,22.9,66.85,2
0.6854,-0.049,22.89,66.84,2
0.7062,0.0208,22.83,66.84,2
0.7275,0.0213,22.81,66.84,2
0.7114,-0.0161,22.79,66.84,2
0.7219,0.0105,22.73,66.84,2
0.7312,0.0093,22.76,66.84,2
0.7617,0.0305,22.78,66.84,2
0.7561,-0.0055,22.82,66.84,2
0.7482,-0.0079,22.87,66.84,2
0.7597,0.0115,22.92,66.84,2
0.7559,-0.0038,22.97,66.84,2
0.7344,-0.0215,22.96,66.84,2
0.7246,-0.0099,22.98,66.84,2
0.7412,0.0166,22.92,66.84,2
0.6989,-0.0423,22.93,66.84,2
0.6773,-0.0215,22.95,66.84,2
0.71,0.0327,22.92,66.84,2
0.7061,-0.0039,22.92,66.84,2
0.7269,0.0208,23.06,66.84,2
0.7302,0.0033,23.01,66.84,2
0.752,0.0219,22.97,66.84,2
0.738,-0.014,23.07,66.84,2
0.7323,-0.0057,23.2,66.84,2
0.7537,0.0214,23.18,66.84,2
0.7865,0.0327,23.22,66.84,2
0.7879,0.0014,23.23,66.84,2
0.762,-0.0259,23.24,66.84,2
0.7641,0.0021,23.27,66.85,2
0.7739,0.0098,23.36,66.85,2
0.7911,0.0172,23.45,66.85,2
0.7555,-0.0356,23.39,66.85,2
0.7545,-0.001,23.34,66.85,2
0.7701,0.0156,23.33,66.85,2
0.7748,0.0047,23.3,66.85,2
0.7927,0.0179,23.35,66.86,2
0.7376,-0.0551,23.45,66.86,2
0.7116,-0.026,23.37,66.86,2
0.7121,0.0004,23.33,66.85,2
0.7217,0.0096,23.33,66.85,2
0.7289,0.0072,23.21,66.85,2
0.7427,0.0138,23.26,66.85,2
0.7547,0.012,23.25,66.85,2
0.7463,-0.0084,23.22,66.85,2
0.734,-0.0122,23.17,66.85,2
0.7257,-0.0084,23.08,66.85,2
0.7032,-0.0225,23.08,66.85,2
0.6896,-0.0136,23.02,66.85,2
0.6998,0.0102,23.0,66.85,2
0.7204,0.0206,23.1,66.84,2
0.6924,-0.028,23.1,66.84,2
0.6941,0.0017,23.06,66.84,2
0.6987,0.0046,23.07,66.84,2
0.7119,0.0132,23.06,66.84,2
0.6896,-0.0223,23.02,66.84,2
0.7135,0.0239,23.04,66.83,2
0.7452,0.0317,23.03,66.83,2
0.7626,0.0174,23.05,66.84,2
0.76,-0.0026,23.04,66.84,2
0.7614,0.0014,23.05,66.84,2
0.7371,-0.0242,23.06,66.84,2
0.6742,-0.0629,23.03,66.84,2
0.6938,0.0196,22.99,66.83,2
0.6805,-0.0133,22.91,66.83,2
0.6249,-0.0556,22.9,66.83,2
0.6467,0.0218,22.88,66.82,2
0.6791,0.0324,22.92,66.82,2
0.6466,-0.0325,22.85,66.81,2
0.638,-0.0086,22.8,66.81,2
0.6357,-0.0023,22.76,66.81,2
0.623,-0.0127,22.76,66.8,2
0.6176,-0.0054,22.76,66.8,2
0.6441,0.0265,22.77,66.79,2
0.6522,0.0081,22.85,66.79,2
0.6679,0.0157,22.88,66.79,2
0.4867,-0.1812,22.88,66.78,2
0.518,0.0313,22.79,66.77,2
0.5498,0.0318,22.68,66.76,2
0.5358,-0.0139,22.77,66.75,2
0.5444,0.0085,22.8,66.74,2
0.5937,0.0493,22.78,66.74,2
0.6474,0.0537,22.77,66.73,2
0.644,-0.0034,22.78,66.73,2
0.6763,0.0323,22.8,66.73,2
0.6859,0.0096,22.85,66.73,2
0.6907,0.0048,22.95,66.73,2
0.7164,0.0257,22.95,66.73,2
0.7323,0.0159,22.98,66.73,2
0.7426,0.0103,22.97,66.74,2
0.7562,0.0136,22.95,66.74,2
0.7609,0.0047,23.01,66.74,2
0.7383,-0.0226,23.06,66.74,2
0.725,-0.0133,23.01,66.75,2
0.7357,0.0107,23.0,66.75,2
0.6904,-0.0452,22.95,66.75,2
0.7066,0.0162,22.92,66.75,2
0.7405,0.0339,22.99,66.75,2
0.71,-0.0305,22.99,66.75,2
0.7255,0.0155,22.97,66.75,2
0.7338,0.0082,23.08,66.75,2
0.7384,0.0046,23.08,66.76,2
0.7167,-0.0217,23.08,66.76,2
0.6829,-0.0337,23.0,66.75,2
0.6962,0.0133,23.0,66.75,2
0.6886,-0.0076,22.93,66.75,2
0.6781,-0.0106,22.95,66.75,2
0.6666,-0.0115,22.95,66.75,2
0.6324,-0.0342,22.94,66.75,2
0.624,-0.0084,22.93,66.74,2
0.656,0.0321,22.93,66.74,2
0.6957,0.0396,22.91,66.74,2
0.7046,0.0089,22.86,66.74,2
0.6884,-0.0162,22.83,66.74,2
0.7065,0.0181,22.9,66.74,2
0.7081,0.0016,22.9,66.74,2
0.6947,-0.0134,22.8,66.74,2
0.7097,0.015,22.86,66.74,2
0.7352,0.0255,22.86,66.75,2
0.7605,0.0253,22.98,66.75,2
0.7689,0.0084,23.05,66.75,2
0.7798,0.0109,23.03,66.76,2
0.7414,-0.0384,23.06,66.76,2
0.7425,0.0011,22.95,66.76,2
0.735,-0.0075,22.98,66.76,2
0.7105,-0.0245,22.93,66.76,2
0.6861,-0.0244,22.9,66.76,2
0.6791,-0.007,22.94,66.76,2
0.6572,-0.0219,22.81,66.76,2
0.6771,0.0199,22.78,66.76,2
0.7064,0.0292,22.85,66.76,2
0.6661,-0.0403,22.97,66.75,2
0.6564,-0.0097,23.07,66.75,2
0.6417,-0.0147,23.08,66.75,2
0.6544,0.0127,22.96,66.75,2
0.6449,-0.0095,23.04,66.74,2
0.6598,0.0149,22.93,66.74,2
0.671,0.0112,22.87,66.74,2
0.698,0.0269,22.73,66.74,2
0.6986,0.0006,22.73,66.74,2
0.7047,0.0061,22.78,66.74,2
0.7254,0.0206,22.83,66.74,2
0.6518,-0.0735,22.82,66.74,2
0.6771,0.0253,22.77,66.74,2
0.6649,-0.0123,22.78,66.74,2
0.6891,0.0242,22.84,66.74,2
0.6604,-0.0287,22.81,66.74,2
0.5901,-0.0702,22.84,66.73,2
0.5651,-0.0251,22.83,66.72,2
0.6172,0.0521,22.87,66.72,2
0.6641,0.047,22.9,66.72,2
0.6984,0.0343,22.92,66.72,2
0.7254,0.027,22.94,66.72,2
0.6898,-0.0356,23.01,66.72,2
0.6313,-0.0585,23.07,66.72,2
0.6543,0.023,23.09,66.72,2
0.6416,-0.0127,23.11,66.72,2
0.6283,-0.0133,23.05,66.71,2
0.6263,-0.002,23.02,66.71,2
0.6637,0.0374,23.07,66.71,2
0.6805,0.0168,23.09,66.71,2
0.668,-0.0125,23.11,66.71,2
0.6834,0.0154,22.98,66.71,2
0.7211,0.0376,22.97,66.71,2
0.6901,-0.031,22.97,66.71,2
0.7083,0.0182,22.9,66.71,2
0.6934,-0.0148,22.88,66.71,2
0.7246,0.0312,22.88,66.71,2
0.7262,0.0016,22.82,66.72,2
0.7342,0.008,22.85,66.72,2
0.7315,-0.0027,22.88,66.72,2
0.7686,0.037,22.89,66.72,2
0.7229,-0.0457,22.86,66.73,2
0.7361,0.0132,22.87,66.73,2
0.7063,-0.0298,22.82,66.73,2
0.7079,0.0016,22.92,66.73,2
0.6875,-0.0204,22.97,66.73,2
0.658,-0.0295,22.99,66.73,2
0.6479,-0.0101,22.97,66.73,2
0.6895,0.0416,23.06,66.73,2
0.6942,0.0047,23.04,66.73,2
0.7032,0.0091,23.01,66.73,2
0.7183,0.015,23.09,66.73,2
0.7252,0.0069,23.11,66.73,2
0.7422,0.017,23.05,66.73,2
0.7122,-0.03,23.11,66.73,2
0.7148,0.0026,23.13,66.73,2
0.7095,-0.0053,23.11,66.73,2
0.6955,-0.014,23.12,66.73,2
0.6675,-0.028,23.04,66.73,2
0.6386,-0.0289,23.01,66.73,2
0.6719,0.0333,22.9,66.73,2
0.6453,-0.0266,22.81,66.73,2
0.6486,0.0033,22.86,66.73,2
0.6555,0.0069,22.84,66.72,2
0.6881,0.0326,22.86,66.72,2
0.7321,0.0439,22.89,66.73,2
0.6984,-0.0336,22.94,66.73,2
0.6838,-0.0146,22.97,66.73,2
0.6616,-0.0222,22.98,66.72,2
0.6361,-0.0255,22.88,66.72,2
0.6427,0.0065,22.95,66.72,2
0.6605,0.0178,22.94,66.72,2
0.6526,-0.0079,22.91,66.72,2
0.686,0.0333,22.88,66.72,2
0.6858,-0.0001,22.83,66.72,2
0.6944,0.0086,22.83,66.72,2
0.6852,-0.0093,22.74,66.72,2
0.6577,-0.0275,22.78,66.72,2
0.6953,0.0376,22.74,66.72,2
0.716,0.0207,22.7,66.72,2
0.5291,-0.1869,22.63,66.71,2
0.523,-0.0061,22.57,66.7,2
0.5775,0.0545,22.58,66.7,2
0.573,-0.0045,22.56,66.69,2
0.5851,0.0121,22.58,66.69,2
0.5963,0.0112,22.65,66.68,2
0.6118,0.0155,22.63,66.68,2
0.5779,-0.0339,22.7,66.67,2
0.6019,0.024,22.6,66.67,2
0.5921,-0.0098,22.53,66.67,2
0.5681,-0.024,22.51,66.66,2
0.5993,0.0312,22.5,66.66,2
0.601,0.0016,22.5,66.66,2
0.632,0.0311,22.57,66.65,2
0.6405,0.0085,22.61,66.65,2
0.6523,0.0118,22.55,66.65,2
0.4754,-0.177,22.51,66.64,2
0.4975,0.0221,22.51,66.64,2
0.5713,0.0738,22.57,66.63,2
0.6308,0.0596,22.58,66.63,2
0.6411,0.0103,22.64,66.63,2
0.6252,-0.0159,22.59,66.63,2
0.6485,0.0233,22.67,66.63,2
0.6757,0.0272,22.66,66.63,2
0.7008,0.0251,22.78,66.63,2
0.7279,0.027,22.84,66.64,2
0.7549,0.027,22.88,66.64,2
0.7435,-0.0114,22.89,66.65,2
0.7099,-0.0335,22.88,66.65,2
0.7027,-0.0072,22.89,66.65,2
0.731,0.0283,22.96,66.65,2
0.704,-0.027,22.96,66.66,2
0.7008,-0.0032,23.0,66.66,2
0.693,-0.0078,23.01,66.66,2
0.7024,0.0094,22.97,66.66,2
0.7257,0.0233,23.06,66.66,2
0.7091,-0.0166,23.01,66.67,2
0.6873,-0.0218,22.99,66.67,2
0.6852,-0.0021,22.97,66.67,2
0.7084,0.0232,22.84,66.67,2
0.7137,0.0052,22.88,66.67,2
0.7309,0.0172,23.01,66.68,2
0.7448,0.0139,23.04,66.68,2
0.7156,-0.0292,23.0,66.68,2
0.6688,-0.0469,22.99,66.68,2
0.6763,0.0076,22.94,66.68,2
0.7059,0.0296,22.98,66.68,2
0.6521,-0.0538,22.89,66.68,2
0.6341,-0.018,22.85,66.68,2
0.6213,-0.0128,22.82,66.68,2
0.6253,0.004,22.73,66.68,2
0.6287,0.0034,22.73,66.67,2
0.6454,0.0167,22.59,66.67,2
0.6791,0.0337,22.63,66.67,2
0.6923,0.0132,22.69,66.67,2
0.6641,-0.0282,22.75,66.67,2
0.65,-0.0141,22.76,66.67,2
0.6409,-0.0091,22.81,66.67,2
0.6699,0.0291,22.76,66.67,2
0.6062,-0.0638,22.74,66.67,2
0.5926,-0.0136,22.75,66.66,2
0.6034,0.0108,22.69,66.66,2
0.6476,0.0442,22.74,66.66,2
0.6016,-0.046,22.69,66.66,2
0.5717,-0.0299,22.74,66.65,2
0.5849,0.0132,22.7,66.65,2
0.6181,0.0333,22.62,66.65,2
0.6605,0.0424,22.69,66.65,2
0.6525,-0.008,22.66,66.65,2
0.6809,0.0284,22.7,66.65,2
0.6886,0.0077,22.73,66.65,2
0.7093,0.0207,22.74,66.65,2
0.6809,-0.0284,22.65,66.65,2
0.6931,0.0123,22.58,66.65,2
0.702,0.0089,22.53,66.66,2
0.7378,0.0357,22.67,66.66,2
0.7487,0.0109,22.76,66.66,2
0.739,-0.0097,22.84,66.67,2
0.7178,-0.0212,22.79,66.67,2
0.7432,0.0254,22.76,66.67,2
0.726,-0.0172,22.73,66.68,2
0.7408,0.0148,22.74,66.68,2
0.7339,-0.0069,22.78,66.68,2
0.7135,-0.0204,22.89,66.69,2
0.681,-0.0325,22.84,66.69,2
0.6782,-0.0028,22.81,66.69,2
0.6828,0.0046,22.79,66.69,2
0.6864,0.0035,22.76,66.69,2
0.669,-0.0174,22.76,66.69,2
0.6359,-0.0332,22.71,66.68,2
0.6255,-0.0103,22.7,66.68,2
0.6114,-0.0141,22.68,66.68,2
0.5814,-0.0299,22.64,66.67,2
0.607,0.0256,22.67,66.67,2
0.6042,-0.0028,22.66,66.67,2
0.6178,0.0136,22.76,66.67,2
0.6304,0.0126,22.74,66.66,2
0.6262,-0.0042,22.72,66.66,2
0.6364,0.0102,22.65,66.66,2
0.6311,-0.0053,22.63,66.66,2
0.6342,0.0031,22.63,66.66,2
0.6291,-0.0051,22.64,66.66,2
0.6108,-0.0182,22.59,66.65,2
0.6112,0.0004,22.53,66.65,2
0.6098,-0.0014,22.53,66.65,2
0.6377,0.0279,22.55,66.65,2
0.6383,0.0006,22.59,66.65,2
0.6311,-0.0072,22.58,66.64,2
0.646,0.0149,22.55,66.64,2
0.6206,-0.0255,22.56,66.64,2
0.6441,0.0235,22.7,66.64,2
0.641,-0.0031,22.79,66.64,2
0.6753,0.0343,22.77,66.64,2
0.6692,-0.0061,22.72,66.64,2
0.645,-0.0241,22.69,66.64,2
0.6031,-0.0419,22.64,66.64,2
0.6118,0.0087,22.64,66.64,2
0.592,-0.0198,22.77,66.63,2
0.6065,0.0145,22.78,66.63,2
0.4377,-0.1688,23.06,66.66,1
0.4789,0.0412,23.34,66.69,1
0.5059,0.027,23.28,66.68,2
0.5046,-0.0013,23.18,66.67,2
0.517,0.0123,23.13,66.67,2
0.5104,-0.0066,23.16,66.66,2
0.5364,0.0261,23.08,66.65,2
0.5471,0.0107,23.06,66.65,2
0.5152,-0.0319,23.08,66.64,2
0.534,0.0188,23.01,66.63,2
0.487,-0.047,22.93,66.63,2
0.5397,0.0527,22.85,66.62,2
0.5555,0.0157,22.77,66.62,2
0.5958,0.0403,22.82,66.61,2
0.5866,-0.0092,22.74,66.61,2
0.6038,0.0172,22.75,66.61,2
0.6247,0.0209,22.73,66.61,2
0.5792,-0.0454,22.76,66.6,2
0.5984,0.0192,22.76,66.6,2
0.5966,-0.0018,22.74,66.6,2
0.5852,-0.0114,22.84,66.6,2
0.5965,0.0113,22.88,66.59,2
0.592,-0.0044,22.84,66.59,2
0.5906,-0.0014,22.8,66.59,2
0.5869,-0.0038,22.73,66.59,2
0.5786,-0.0082,22.66,66.58,2
0.5847,0.0061,22.67,66.58,2
0.5593,-0.0254,22.66,66.58,2
0.5396,-0.0198,22.58,66.57,2
0.5707,0.0311,22.58,66.57,2
0.5594,-0.0113,22.58,66.57,2
0.5925,0.0331,22.67,66.57,2
0.6033,0.0108,22.65,66.56,2
0.6168,0.0135,22.63,66.56,2
0.5714,-0.0454,22.62,66.56,2
0.573,0.0015,22.65,66.56,2
0.6115,0.0386,22.58,66.56,2
0.6231,0.0116,22.61,66.56,2
0.5673,-0.0559,22.62,66.56,2
0.5485,-0.0187,22.53,66.55,2
0.5545,0.0059,22.52,66.55,2
0.5552,0.0008,22.5,66.55,2
0.5882,0.0329,22.55,66.54,2
0.6054,0.0173,22.59,66.54,2
0.6278,0.0224,22.55,66.54,2
0.6563,0.0286,22.57,66.55,2
0.6331,-0.0232,22.47,66.55,2
0.6614,0.0283,22.5,66.55,2
0.6777,0.0163,22.39,66.55,2
0.4953,-0.1824,22.48,66.55,2
0.5231,0.0278,22.5,66.54,2
0.5103,-0.0128,22.5,66.54,2
0.5697,0.0594,22.47,66.53,2
0.601,0.0313,22.48,66.53,2
0.5827,-0.0183,22.48,66.53,2
0.4194,-0.1633,22.8,66.56,1
0.4571,0.0377,23.05,66.59,1
0.4622,0.0051,22.88,66.58,2
0.4534,-0.0088,22.83,66.58,2
0.478,0.0246,22.8,66.57,2
0.4958,0.0178,22.79,66.56,2
0.4791,-0.0167,22.72,66.55,2
0.5046,0.0254,22.74,66.55,2
0.5296,0.0251,22.76,66.54,2
0.5061,-0.0235,22.79,66.54,2
0.5318,0.0256,22.77,66.53,2
0.5747,0.0429,22.87,66.53,2
0.5872,0.0126,22.88,66.53,2
0.4232,-0.164,23.1,66.56,1
0.4332,0.0099,23.32,66.59,1
0.3124,-0.1208,23.63,66.62,1
0.4247,0.1123,23.81,66.64,1
0.461,0.0363,23.71,66.63,2
0.4384,-0.0226,23.53,66.62,2
0.4612,0.0228,23.41,66.61,2
0.4974,0.0362,23.32,66.61,2
0.4968,-0.0006,23.23,66.6,2
0.5041,0.0073,23.22,66.59,2
0.3543,-0.1498,23.47,66.62,1
0.2633,-0.091,23.63,66.64,1
0.3394,0.0761,23.71,66.66,1
0.406,0.0666,23.98,66.69,1
0.4158,0.0097,24.17,66.72,1
0.4558,0.04,23.96,66.71,2
0.4885,0.0327,23.89,66.7,2
0.4785,-0.0099,23.62,66.69,2
0.5064,0.0278,23.49,66.68,2
0.3557,-0.1507,23.67,66.7,1
0.4314,0.0757,23.78,66.73,1
0.4712,0.0398,23.73,66.72,2
0.4931,0.0219,23.57,66.71,2
0.4793,-0.0138,23.46,66.7,2
0.4639,-0.0154,23.34,66.69,2
0.4797,0.0158,23.31,66.68,2
0.4697,-0.0099,23.27,66.67,2
0.3252,-0.1445,23.52,66.69,1
0.3861,0.0608,23.71,66.72,1
0.4523,0.0662,23.58,66.7,2
0.5014,0.0491,23.46,66.7,2
0.5137,0.0123,23.33,66.69,2
0.5452,0.0316,23.25,66.68,2
0.5582,0.0129,23.25,66.68,2
0.5815,0.0233,23.16,66.67,2
0.603,0.0215,23.11,66.67,2
0.5909,-0.012,23.11,66.66,2
0.5569,-0.034,23.13,66.66,2
0.5594,0.0025,23.07,66.65,2
0.5329,-0.0265,23.03,66.65,2
0.5086,-0.0243,23.04,66.64,2
0.5093,0.0007,22.97,66.63,2
0.4917,-0.0176,23.0,66.62,2
0.4822,-0.0094,22.99,66.62,2
0.3384,-0.1439,23.16,66.64,1
0.3995,0.0611,23.44,66.67,1
0.3953,-0.0042,23.68,66.69,1
0.3994,0.0041,23.9,66.72,1
0.4307,0.0314,23.94,66.75,1
0.46,0.0293,23.77,66.73,2
0.4686,0.0085,23.6,66.72,2
0.4514,-0.0171,23.44,66.71,2
0.3128,-0.1386,23.59,66.73,1
0.3506,0.0378,23.73,66.76,1
0.3852,0.0346,24.0,66.78,1
0.4306,0.0454,24.25,66.81,1
0.4164,-0.0142,24.42,66.83,1
0.4414,0.0251,24.57,66.86,1
0.4555,0.014,24.31,66.84,2
0.4595,0.004,24.18,66.83,2
0.4706,0.0111,24.08,66.81,2
0.3265,-0.144,24.21,66.84,1
0.3528,0.0262,24.4,66.86,1
0.4286,0.0758,24.52,66.88,1
0.4686,0.04,24.26,66.87,2
0.4561,-0.0125,24.01,66.85,2
0.4425,-0.0135,24.22,66.88,1
0.4659,0.0234,24.39,66.9,1
0.3206,-0.1453,24.55,66.92,1
0.3709,0.0503,24.6,66.94,1
0.3973,0.0264,24.69,66.96,1
0.4133,0.016,24.76,66.98,1
0.3967,-0.0166,24.82,67.0,1
0.4104,0.0137,24.94,67.02,1
0.2754,-0.135,25.13,67.07,0
0.3663,0.0909,25.38,67.11,0
0.4367,0.0704,25.46,67.13,1
0.4984,0.0617,25.4,67.16,1
0.3493,-0.1491,25.42,67.17,1
0.3774,0.0281,25.42,67.19,1
0.3941,0.0167,25.45,67.2,1
0.3929,-0.0013,25.49,67.22,1
0.265,-0.1279,25.77,67.26,0
0.345,0.08,25.94,67.3,0
0.2374,-0.1076,26.18,67.33,0
0.3103,0.0729,26.21,67.34,1
0.3472,0.0368,26.23,67.35,1
0.3563,0.0091,26.09,67.36,1
0.3727,0.0164,26.05,67.38,1
0.2467,-0.126,26.28,67.41,0
0.2991,0.0524,26.6,67.45,0
0.3399,0.0408,26.5,67.46,1
0.3635,0.0236,26.49,67.46,1
0.2416,-0.1219,26.65,67.5,0
0.1714,-0.0702,26.78,67.53,0
0.2837,0.1123,26.74,67.53,1
0.3896,0.1059,26.73,67.54,1
0.4203,0.0307,26.69,67.55,1
0.4159,-0.0043,26.6,67.56,1
0.4108,-0.0052,26.58,67.57,1
0.2803,-0.1305,26.57,67.57,1
0.3316,0.0514,26.46,67.58,1
0.229,-0.1027,26.62,67.61,0
0.3183,0.0893,26.81,67.64,0
0.3746,0.0564,26.76,67.65,1
0.2564,-0.1183,26.72,67.65,1
0.2938,0.0374,26.66,67.65,1
0.3151,0.0213,26.55,67.65,1
0.3679,0.0527,26.53,67.66,1
0.4042,0.0363,26.46,67.66,1
0.441,0.0367,26.52,67.67,1
0.4452,0.0042,26.49,67.68,1
0.4295,-0.0157,26.42,67.69,1
0.4314,0.0019,26.42,67.7,1
0.4467,0.0153,26.42,67.7,1
0.4742,0.0275,26.03,67.67,2
0.4946,0.0204,25.7,67.64,2
0.4942,-0.0004,25.38,67.62,2
0.4981,0.004,25.17,67.59,2
0.5454,0.0472,24.91,67.56,2
0.5695,0.0241,24.69,67.54,2
0.5572,-0.0123,24.43,67.52,2
0.5606,0.0034,24.31,67.5,2
0.4002,-0.1604,24.41,67.51,1
0.3008,-0.0995,24.56,67.51,1
0.3551,0.0544,24.7,67.52,1
0.3904,0.0353,24.72,67.53,1
0.434,0.0435,24.74,67.54,1
0.4389,0.0049,24.92,67.55,1
0.4114,-0.0275,24.97,67.56,1
0.4047,-0.0067,24.99,67.57,1
0.4084,0.0037,25.1,67.58,1
0.4267,0.0183,25.13,67.59,1
0.468,0.0414,24.85,67.56,2
0.4999,0.0318,24.67,67.53,2
0.5,0.0001,24.39,67.51,2
0.3524,-0.1476,24.6,67.52,1
0.3906,0.0382,24.67,67.52,1
0.3978,0.0073,24.73,67.53,1
0.4229,0.0251,24.79,67.54,1
0.4308,0.0079,24.78,67.55,1
0.432,0.0011,24.82,67.57,1
0.42,-0.0119,24.85,67.58,1
0.3965,-0.0235,25.0,67.58,1
0.2693,-0.1272,25.23,67.62,0
0.1963,-0.0731,25.48,67.64,0
0.2642,0.0679,25.7,67.67,0
0.1825,-0.0817,25.89,67.7,0
0.2751,0.0925,26.15,67.73,0
0.3244,0.0493,26.2,67.73,1
0.3392,0.0148,26.17,67.73,1
0.2259,-0.1133,26.37,67.76,0
0.3018,0.0759,26.64,67.79,0
0.3711,0.0693,26.55,67.79,1
0.3829,0.0118,26.5,67.8,1
0.3931,0.0102,26.42,67.8,1
0.3907,-0.0024,26.45,67.8,1
0.2638,-0.1269,26.64,67.83,0
0.3208,0.057,26.76,67.86,0
0.359,0.0383,26.69,67.86,1
0.384,0.025,26.62,67.86,1
0.2592,-0.1248,26.86,67.89,0
0.3317,0.0724,27.0,67.92,0
0.3679,0.0363,26.98,67.92,1
0.2513,-0.1166,26.91,67.91,1
0.1831,-0.0682,27.08,67.93,0
0.1407,-0.0424,27.31,67.95,0
0.2401,0.0994,27.49,67.97,0
0.3077,0.0675,27.24,67.97,1
0.3523,0.0446,27.11,67.97,1
0.3872,0.0349,26.94,67.97,1
0.3995,0.0123,26.88,67.97,1
0.2715,-0.128,27.14,67.99,0
0.3023,0.0308,27.31,68.02,0
0.3284,0.0261,27.21,68.01,1
0.2187,-0.1097,27.06,68.0,1
0.2862,0.0676,26.98,68.0,1
0.3287,0.0425,26.95,67.99,1
0.2191,-0.1096,27.1,68.02,0
0.2813,0.0623,27.26,68.04,0
0.3239,0.0426,27.2,68.04,1
0.3457,0.0218,27.1,68.03,1
0.2272,-0.1185,27.24,68.05,0
0.2621,0.0349,27.4,68.07,0
0.311,0.0489,27.28,68.07,1
0.3356,0.0246,27.21,68.06,1
0.3611,0.0254,27.1,68.06,1
0.3623,0.0012,27.11,68.06,1
0.3757,0.0134,27.01,68.06,1
0.2494,-0.1263,27.08,68.08,0
0.3322,0.0829,27.22,68.1,0
0.2277,-0.1046,27.3,68.12,0
0.1658,-0.0619,27.42,68.14,0
0.2444,0.0786,27.55,68.16,0
0.1648,-0.0796,27.66,68.17,0
0.261,0.0962,27.73,68.19,0
0.3053,0.0444,27.55,68.18,1
0.3211,0.0158,27.43,68.17,1
0.2079,-0.1133,27.57,68.19,0
0.259,0.0512,27.74,68.21,0
0.2998,0.0408,27.56,68.2,1
0.1933,-0.1065,27.36,68.19,1
0.2585,0.0652,27.5,68.21,0
0.1682,-0.0904,27.56,68.22,0
0.1169,-0.0512,27.59,68.23,0
0.1913,0.0744,27.74,68.25,0
0.1208,-0.0705,27.77,68.26,0
0.0818,-0.039,27.85,68.27,0
0.0591,-0.0227,27.84,68.27,0
0.1576,0.0985,27.81,68.29,0
0.096,-0.0617,27.87,68.3,0
0.2,0.1041,27.93,68.31,0
0.2676,0.0676,28.08,68.33,0
0.2967,0.029,27.88,68.32,1
0.3362,0.0395,27.63,68.31,1
0.3518,0.0157,27.43,68.3,1
0.3707,0.0189,27.42,68.29,1
0.2441,-0.1266,27.52,68.31,0
0.3193,0.0752,27.64,68.33,0
0.3256,0.0064,27.5,68.32,1
0.2138,-0.1119,27.39,68.3,1
0.3024,0.0887,27.21,68.29,1
0.3213,0.0189,27.1,68.28,1
0.2109,-0.1104,27.17,68.29,0
0.1478,-0.0631,27.3,68.31,0
0.1098,-0.0381,27.36,68.32,0
0.0853,-0.0244,27.39,68.32,0
0.2086,0.1233,27.5,68.34,0
0.286,0.0774,27.39,68.33,1
0.3262,0.0402,27.27,68.32,1
0.3501,0.0239,27.15,68.31,1
0.3663,0.0161,27.06,68.3,1
0.4026,0.0363,26.99,68.29,1
0.2709,-0.1316,27.16,68.31,0
0.3019,0.031,27.31,68.33,0
0.2032,-0.0987,27.4,68.34,0
0.251,0.0478,27.55,68.36,0
0.2994,0.0483,27.39,68.35,1
0.3263,0.027,27.26,68.34,1
0.3568,0.0305,27.16,68.33,1
0.3437,-0.0131,27.08,68.32,1
0.373,0.0293,26.96,68.31,1
0.4033,0.0303,26.82,68.3,1
0.4072,0.0038,26.77,68.3,1
0.2718,-0.1353,26.93,68.32,0
0.3254,0.0536,27.01,68.34,0
0.2202,-0.1052,27.14,68.35,0
0.2755,0.0553,27.29,68.37,0
0.3069,0.0314,27.22,68.35,1
0.3199,0.013,27.17,68.34,1
0.206,-0.1139,27.27,68.36,0
0.277,0.071,27.54,68.37,0
0.3043,0.0273,27.39,68.36,1
0.3321,0.0278,27.24,68.35,1
0.2148,-0.1173,27.37,68.36,0
0.2809,0.0661,27.48,68.38,0
0.1848,-0.0961,27.59,68.39,0
0.262,0.0772,27.65,68.41,0
0.3119,0.0499,27.42,68.4,1
0.205,-0.1069,27.25,68.38,1
0.2966,0.0916,27.24,68.37,1
0.1995,-0.0971,27.31,68.38,0
0.1427,-0.0569,27.46,68.39,0
0.1074,-0.0353,27.56,68.4,0
0.0841,-0.0233,27.69,68.4,0
0.2078,0.1237,27.79,68.41,0
0.3004,0.0926,27.6,68.4,1
0.3493,0.0488,27.51,68.39,1
0.3785,0.0292,27.29,68.38,1
0.2543,-0.1242,27.38,68.4,0
0.1823,-0.072,27.46,68.41,0
0.1381,-0.0442,27.53,68.42,0
0.2592,0.1211,27.73,68.43,0
0.179,-0.0802,27.83,68.44,0
0.1311,-0.0479,27.86,68.45,0
0.2282,0.0971,27.93,68.46,0
0.1522,-0.0761,27.95,68.47,0
0.2355,0.0834,28.06,68.48,0
0.1529,-0.0826,28.16,68.49,0
0.2583,0.1054,28.31,68.5,0
0.3171,0.0588,28.14,68.49,1
0.3292,0.0121,27.94,68.48,1
0.2136,-0.1156,27.95,68.49,0
0.148,-0.0656,27.99,68.49,0
0.1088,-0.0392,28.08,68.5,0
0.2364,0.1276,28.11,68.51,0
0.1591,-0.0774,28.21,68.52,0
0.2536,0.0945,28.27,68.53,0
0.296,0.0425,28.19,68.52,1
0.3371,0.0411,28.04,68.5,1
0.3352,-0.0019,27.87,68.49,1
0.3328,-0.0024,27.73,68.48,1
0.212,-0.1208,27.81,68.49,0
0.2468,0.0348,27.97,68.5,0
0.2875,0.0407,27.84,68.48,1
0.181,-0.1065,27.61,68.46,1
0.1217,-0.0594,27.71,68.47,0
0.212,0.0903,27.76,68.48,0
0.1355,-0.0765,27.85,68.49,0
0.2173,0.0818,27.87,68.5,0
0.1367,-0.0806,27.91,68.51,0
0.0916,-0.0451,28.01,68.51,0
0.1976,0.106,28.12,68.52,0
0.1246,-0.073,28.23,68.53,0
0.0835,-0.0411,28.35,68.53,0
0.0593,-0.0243,28.29,68.53,0
0.1566,0.0973,28.28,68.54,0
0.094,-0.0626,28.28,68.54,0
0.06,-0.034,28.3,68.55,0
0.1782,0.1182,28.37,68.55,0
0.2219,0.0437,28.34,68.56,0
0.1314,-0.0905,28.33,68.57,0
0.0824,-0.049,28.37,68.57,0
0.0549,-0.0275,28.49,68.57,0
0.0387,-0.0162,28.51,68.57,0
0.1561,0.1174,28.52,68.58,0
0.2252,0.0691,28.55,68.59,0
0.2787,0.0534,28.61,68.6,0
0.292,0.0133,28.23,68.58,1
0.1817,-0.1103,28.06,68.56,1
0.1212,-0.0605,28.12,68.57,0
0.0866,-0.0347,28.17,68.57,0
0.0655,-0.0211,28.17,68.57,0
0.2119,0.1464,28.18,68.58,0
0.1404,-0.0715,28.19,68.59,0
0.2089,0.0685,28.32,68.59,0
0.1313,-0.0775,28.39,68.6,0
0.088,-0.0433,28.37,68.6,0
0.0627,-0.0253,28.41,68.6,0
0.047,-0.0157,28.41,68.6,0
0.0367,-0.0103,28.47,68.6,0
0.0294,-0.0072,28.41,68.6,0
0.0241,-0.0053,28.47,68.6,0
0.02,-0.0041,28.51,68.6,0
0.1193,0.0993,28.62,68.6,0
0.0662,-0.0531,28.6,68.61,0
0.0387,-0.0275,28.6,68.61,0
0.0241,-0.0146,28.6,68.6,0
0.0161,-0.008,28.66,68.6,0
0.1516,0.1354,28.65,68.61,0
0.0908,-0.0608,28.68,68.61,0
0.0576,-0.0332,28.67,68.61,0
0.1663,0.1086,28.78,68.62,0
0.0995,-0.0668,28.8,68.62,0
0.063,-0.0365,28.75,68.62,0
0.0422,-0.0208,28.76,68.62,0
0.1698,0.1276,28.73,68.63,0
0.104,-0.0658,28.85,68.63,0
0.0673,-0.0366,28.79,68.63,0
0.1485,0.0812,28.84,68.64,0
0.085,-0.0635,28.89,68.64,0
0.1661,0.0812,28.92,68.64,0
0.2557,0.0895,28.95,68.65,0
0.156,-0.0996,28.87,68.66,0
0.2134,0.0573,28.9,68.66,0
0.129,-0.0844,28.95,68.67,0
0.0826,-0.0464,29.01,68.67,0
0.1685,0.0859,29.01,68.67,0
0.2446,0.0761,29.0,68.68,0
0.2725,0.0279,29.11,68.69,0
0.1665,-0.106,29.05,68.7,0
0.2133,0.0469,29.07,68.7,0
0.2566,0.0433,29.05,68.71,0
0.157,-0.0996,29.06,68.72,0
0.1028,-0.0542,29.0,68.72,0
0.0721,-0.0307,28.99,68.72,0
0.1937,0.1216,29.0,68.72,0
0.2587,0.065,29.05,68.73,0
0.2958,0.0371,28.78,68.71,1
0.1887,-0.1071,28.45,68.69,1
0.2792,0.0905,28.45,68.7,0
0.3337,0.0545,28.55,68.71,0
0.3482,0.0145,28.37,68.69,1
0.3736,0.0254,28.23,68.68,1
0.2493,-0.1243,28.3,68.69,0
0.2879,0.0387,28.33,68.7,0
0.1926,-0.0953,28.43,68.7,0
0.2554,0.0628,28.41,68.71,0
0.3115,0.0562,28.12,68.69,1
0.2059,-0.1057,27.98,68.67,1
0.1459,-0.06,28.06,68.67,0
0.1099,-0.036,28.0,68.67,0
0.0868,-0.0231,27.99,68.68,0
0.071,-0.0158,28.1,68.68,0
0.1895,0.1185,28.17,68.68,0
0.2521,0.0626,28.28,68.69,0
0.2753,0.0232,28.33,68.7,0
0.2907,0.0154,28.13,68.68,1
0.1807,-0.1101,27.98,68.66,1
0.1203,-0.0603,28.0,68.66,0
0.0857,-0.0346,28.07,68.66,0
0.0648,-0.021,28.11,68.66,0
0.1662,0.1014,28.16,68.67,0
0.1038,-0.0624,28.22,68.67,0
0.0695,-0.0343,28.22,68.67,0
0.0498,-0.0197,28.22,68.67,0
0.0377,-0.012,28.31,68.66,0
0.1474,0.1097,28.35,68.67,0
0.225,0.0776,28.46,68.68,0
0.1388,-0.0862,28.44,68.68,0
0.2071,0.0684,28.5,68.69,0
0.1278,-0.0793,28.47,68.69,0
0.0847,-0.0431,28.45,68.69,0
0.1827,0.098,28.48,68.7,0
0.1135,-0.0692,28.57,68.7,0
0.0755,-0.038,28.54,68.7,0
0.1662,0.0907,28.53,68.7,0
0.1004,-0.0658,28.56,68.7,0
0.1798,0.0794,28.54,68.71,0
0.1067,-0.0731,28.55,68.71,0
0.0674,-0.0393,28.59,68.71,0
0.1555,0.0881,28.63,68.71,0
0.2242,0.0687,28.68,68.72,0
0.133,-0.0912,28.61,68.72,0
0.0837,-0.0493,28.65,68.72,0
0.056,-0.0277,28.66,68.72,0
0.0396,-0.0163,28.64,68.72,0
0.1344,0.0948,28.64,68.72,0
0.0767,-0.0577,28.64,68.72,0
0.1637,0.087,28.64,68.72,0
0.0936,-0.0701,28.65,68.72,0
0.0564,-0.0372,28.61,68.72,0
0.1386,0.0822,28.5,68.72,0
0.2054,0.0668,28.58,68.73,0
0.1174,-0.088,28.65,68.73,0
0.1882,0.0708,28.76,68.74,0
0.2576,0.0694,28.76,68.74,0
0.1563,-0.1012,28.82,68.75,0
0.2182,0.0618,28.92,68.75,0
0.2765,0.0583,28.98,68.76,0
0.1716,-0.1049,29.01,68.76,0
0.1132,-0.0584,28.86,68.76,0
0.0791,-0.0341,28.8,68.76,0
0.0581,-0.021,28.79,68.76,0
0.0444,-0.0137,28.8,68.76,0
0.1525,0.108,28.83,68.76,0
0.0921,-0.0604,28.84,68.76,0
0.0591,-0.033,28.84,68.76,0
0.1853,0.1262,28.97,68.76,0
0.1151,-0.0702,28.98,68.76,0
0.0758,-0.0393,28.9,68.76,0
0.1852,0.1094,28.83,68.76,0
0.1144,-0.0708,28.9,68.77,0
0.1799,0.0654,28.87,68.77,0
0.1057,-0.0741,28.81,68.77,0
0.0657,-0.0401,28.76,68.77,0
0.1507,0.0851,28.85,68.77,0
0.086,-0.0647,28.75,68.77,0
0.1792,0.0931,28.76,68.77,0
0.1049,-0.0743,28.83,68.77,0
0.0648,-0.0401,28.8,68.77,0
0.0423,-0.0224,28.84,68.77,0
0.1442,0.1019,28.81,68.77,0
0.2182,0.074,28.8,68.77,0
0.2583,0.0401,28.76,68.78,0
0.2821,0.0238,28.5,68.76,1
0.1725,-0.1096,28.16,68.73,1
0.1128,-0.0597,28.17,68.73,0
0.1814,0.0686,28.2,68.74,0
0.2292,0.0478,28.28,68.74,0
0.1374,-0.0918,28.27,68.75,0
0.088,-0.0494,28.35,68.75,0
0.1679,0.0799,28.45,68.75,0
0.2374,0.0695,28.46,68.76,0
0.146,-0.0913,28.41,68.76,0
0.0966,-0.0495,28.48,68.76,0
0.1711,0.0746,28.48,68.76,0
0.104,-0.0672,28.53,68.76,0
0.1879,0.0839,28.53,68.77,0
0.1138,-0.0741,28.59,68.77,0
0.0738,-0.04,28.61,68.76,0
0.1738,0.1,28.61,68.77,0
0.2605,0.0868,28.6,68.78,0
0.1641,-0.0965,28.66,68.78,0
0.2203,0.0562,28.71,68.78,0
0.2656,0.0453,28.79,68.79,0
0.1644,-0.1012,28.85,68.79,0
0.1086,-0.0558,28.8,68.79,0
0.0765,-0.0321,28.77,68.79,0
0.0569,-0.0196,28.7,68.79,0
0.0442,-0.0127,28.63,68.78,0
0.0355,-0.0087,28.57,68.78,0
0.1491,0.1136,28.6,68.78,0
0.242,0.0929,28.72,68.79,0
0.2711,0.0291,28.74,68.8,0
0.3013,0.0303,28.57,68.78,1
0.3159,0.0146,28.35,68.76,1
0.2011,-0.1148,28.47,68.76,0
0.2602,0.0591,28.46,68.77,0
0.2995,0.0393,28.23,68.75,1
0.1944,-0.1051,28.09,68.72,1
0.1358,-0.0586,28.09,68.73,0
0.1013,-0.0345,28.18,68.73,0
0.1897,0.0884,28.28,68.73,0
0.1231,-0.0666,28.33,68.73,0
0.086,-0.0371,28.33,68.73,0
0.1743,0.0882,28.41,68.74,0
0.2655,0.0912,28.38,68.75,0
0.1686,-0.0969,28.32,68.75,0
0.1142,-0.0543,28.31,68.75,0
0.1947,0.0805,28.29,68.75,0
0.1222,-0.0725,28.33,68.76,0
0.227,0.1047,28.42,68.76,0
0.1445,-0.0825,28.53,68.76,0
0.0978,-0.0467,28.56,68.76,0
0.1901,0.0922,28.61,68.77,0
0.1186,-0.0715,28.59,68.77,0
0.1812,0.0626,28.65,68.77,0
0.1074,-0.0738,28.7,68.77,0
0.0675,-0.0398,28.7,68.77,0
0.2203,0.1527,28.75,68.77,0
0.1422,-0.0781,28.73,68.78,0
0.2096,0.0674,28.78,68.78,0
0.1296,-0.08,28.8,68.78,0
0.2174,0.0878,28.82,68.79,0
0.1348,-0.0826,28.81,68.79,0
0.246,0.1112,28.84,68.8,0
0.1573,-0.0887,28.86,68.8,0
0.2213,0.064,28.8,68.8,0
0.1374,-0.0839,28.89,68.8,0
0.1952,0.0578,28.89,68.81,0
0.1165,-0.0788,28.92,68.81,0
0.0735,-0.043,28.84,68.8,0
0.049,-0.0245,28.76,68.8,0
0.1619,0.1129,28.71,68.8,0
0.0972,-0.0647,28.75,68.8,0
0.0617,-0.0355,28.74,68.8,0
0.1639,0.1022,28.71,68.8,0
0.2659,0.102,28.64,68.81,0
0.1664,-0.0995,28.59,68.81,0
0.1103,-0.0561,28.67,68.81,0
0.1896,0.0793,28.71,68.81,0
0.2314,0.0418,28.76,68.82,0
0.1381,-0.0932,28.79,68.82,0
0.2049,0.0668,28.82,68.82,0
0.1228,-0.0822,28.88,68.82,0
0.0779,-0.0448,28.88,68.82,0
0.0525,-0.0254,28.92,68.82,0
0.1548,0.1023,28.94,68.82,0
0.0918,-0.0631,28.8,68.82,0
0.0576,-0.0342,28.82,68.81,0
0.1408,0.0833,28.85,68.81,0
0.2374,0.0966,28.78,68.82,0
0.1434,-0.0941,28.75,68.82,0
0.2041,0.0607,28.76,68.82,0
0.2436,0.0396,28.76,68.83,0
0.146,-0.0976,28.72,68.83,0
0.0932,-0.0528,28.81,68.83,0
0.0634,-0.0297,28.83,68.82,0
0.1734,0.1099,28.8,68.83,0
0.2681,0.0948,28.78,68.83,0
0.2939,0.0258,28.51,68.81,1
0.184,-0.1099,28.3,68.78,1
0.2525,0.0685,28.37,68.79,0
0.1604,-0.0921,28.46,68.79,0
0.2307,0.0703,28.54,68.8,0
0.3078,0.077,28.4,68.78,1
0.1991,-0.1087,28.19,68.75,1
0.2645,0.0654,28.3,68.76,0
0.1717,-0.0928,28.35,68.76,0
0.2209,0.0493,28.43,68.77,0
0.1382,-0.0827,28.52,68.77,0
0.2022,0.064,28.51,68.78,0
0.1233,-0.0789,28.47,68.78,0
0.0802,-0.0432,28.47,68.78,0
0.213,0.1328,28.48,68.78,0
0.2542,0.0412,28.57,68.79,0
0.2973,0.0432,28.24,68.77,1
0.1864,-0.1109,28.08,68.74,1
0.2344,0.0479,28.17,68.75,0
0.1459,-0.0884,28.31,68.75,0
0.2167,0.0708,28.39,68.76,0
0.2869,0.0702,28.18,68.74,1
0.3153,0.0284,28.05,68.72,1
0.3371,0.0218,27.87,68.7,1
0.355,0.018,27.66,68.68,1
0.2309,-0.1241,27.76,68.69,0
0.1604,-0.0705,27.83,68.69,0
0.1183,-0.0422,27.86,68.7,0
0.0914,-0.0269,27.99,68.7,0
0.0732,-0.0182,28.07,68.7,0
0.1626,0.0894,28.14,68.7,0
0.1022,-0.0604,28.15,68.7,0
0.069,-0.0332,28.19,68.7,0
0.0499,-0.0191,28.22,68.7,0
0.1508,0.1009,28.23,68.7,0
0.0907,-0.0601,28.28,68.7,0
0.0584,-0.0323,28.37,68.7,0
0.0403,-0.018,28.35,68.7,0
0.1647,0.1244,28.37,68.71,0
0.2325,0.0678,28.49,68.71,0
0.2965,0.064,28.22,68.69,1
0.3134,0.0169,28.08,68.67,1
0.3282,0.0148,27.78,68.66,1
0.2088,-0.1194,27.88,68.67,0
0.1419,-0.0669,28.01,68.67,0
0.2251,0.0832,28.1,68.68,0
0.2739,0.0488,28.16,68.69,0
0.3188,0.045,27.94,68.67,1
0.2041,-0.1147,27.76,68.65,1
0.2616,0.0575,27.91,68.66,0
0.3074,0.0458,28.03,68.67,0
0.1987,-0.1087,28.11,68.67,0
0.2397,0.041,28.16,68.68,0
0.3018,0.0621,27.9,68.66,1
0.1935,-0.1083,27.72,68.64,1
0.2923,0.0987,27.55,68.62,1
0.1938,-0.0985,27.59,68.63,0
0.3062,0.1124,27.69,68.64,0
0.3131,0.0069,27.57,68.63,1
0.2026,-0.1105,27.41,68.6,1
0.2566,0.054,27.62,68.61,0
0.2825,0.0259,27.7,68.63,0
0.1778,-0.1047,27.8,68.63,0
0.1193,-0.0584,27.85,68.64,0
0.2127,0.0933,27.93,68.64,0
0.136,-0.0767,28.05,68.65,0
0.0926,-0.0434,28.08,68.65,0
0.2368,0.1442,28.1,68.66,0
0.3333,0.0965,27.89,68.64,1
0.222,-0.1113,27.77,68.62,1
0.2963,0.0743,27.62,68.6,1
0.326,0.0296,27.37,68.59,1
0.2139,-0.1121,27.47,68.6,0
0.1493,-0.0646,27.61,68.6,0
0.2675,0.1182,27.7,68.61,0
0.3153,0.0478,27.46,68.6,1
0.2082,-0.1071,27.26,68.57,1
0.2612,0.053,27.44,68.59,0
0.1702,-0.0909,27.46,68.59,0
0.2432,0.0729,27.63,68.6,0
0.3107,0.0675,27.55,68.59,1
0.3329,0.0222,27.39,68.57,1
0.3375,0.0047,27.21,68.56,1
0.3503,0.0128,27.11,68.54,1
0.3532,0.0029,26.96,68.53,1
0.3625,0.0093,26.89,68.52,1
0.2364,-0.1261,27.11,68.53,0
0.2998,0.0634,27.22,68.54,0
0.3422,0.0424,27.07,68.53,1
0.3871,0.0449,26.96,68.52,1
0.4193,0.0323,26.89,68.51,1
0.3975,-0.0218,26.79,68.5,1
0.392,-0.0055,26.71,68.49,1
0.3776,-0.0144,26.61,68.48,1
0.3639,-0.0137,26.52,68.47,1
0.3879,0.024,26.46,68.46,1
0.4543,0.0664,26.16,68.41,2
0.4441,-0.0101,25.79,68.36,2
0.4313,-0.0128,25.79,68.36,1
0.2935,-0.1378,25.84,68.35,1
0.3424,0.0489,25.84,68.34,1
0.3937,0.0513,25.86,68.33,1
0.4373,0.0436,25.83,68.32,1
0.4602,0.0229,25.47,68.28,2
0.5067,0.0465,25.19,68.24,2
0.5248,0.0182,24.88,68.2,2
0.544,0.0192,24.66,68.16,2
0.5328,-0.0112,24.48,68.13,2
0.3778,-0.155,24.52,68.12,1
0.4075,0.0298,24.59,68.12,1
0.4302,0.0227,24.73,68.12,1
0.3025,-0.1277,24.81,68.11,1
0.2254,-0.077,25.09,68.13,0
0.3335,0.108,25.42,68.16,0
0.3617,0.0282,25.41,68.15,1
0.4087,0.047,25.4,68.15,1
0.4243,0.0156,25.36,68.15,1
0.4517,0.0274,25.11,68.11,2
0.4547,0.003,24.91,68.07,2
0.3146,-0.1401,24.99,68.06,1
0.3737,0.0591,25.03,68.06,1
0.2623,-0.1113,25.35,68.08,0
0.3123,0.05,25.65,68.11,0
0.3499,0.0376,25.62,68.1,1
0.2378,-0.1121,25.61,68.09,1
0.1725,-0.0653,25.84,68.11,0
0.2847,0.1122,26.02,68.13,0
0.1976,-0.0871,26.3,68.15,0
0.1454,-0.0521,26.45,68.16,0
0.2898,0.1443,26.4,68.15,1
0.3842,0.0945,26.32,68.15,1
0.4256,0.0413,26.26,68.15,1
0.453,0.0274,25.86,68.11,2
0.4723,0.0193,25.52,68.07,2
0.4608,-0.0116,25.23,68.03,2
0.4545,-0.0063,24.95,67.99,2
0.4356,-0.0189,25.06,67.99,1
0.4798,0.0441,25.09,68.0,1
0.3353,-0.1445,25.1,67.99,1
0.391,0.0557,25.15,67.99,1
0.4472,0.0562,25.14,68.0,1
0.428,-0.0192,25.23,68.0,1
0.4151,-0.013,25.3,68.0,1
0.4096,-0.0055,25.38,68.0,1
0.2792,-0.1304,25.65,68.02,0
0.3358,0.0566,25.87,68.05,0
0.3632,0.0274,25.86,68.05,1
0.4163,0.053,25.9,68.05,1
0.2857,-0.1306,25.97,68.04,1
0.336,0.0503,25.97,68.04,1
0.3669,0.0309,25.98,68.03,1
0.3729,0.006,25.94,68.03,1
0.4083,0.0354,25.95,68.03,1
0.2769,-0.1315,26.02,68.06,0
0.1999,-0.077,26.28,68.07,0
0.2845,0.0847,26.2,68.07,1
0.3454,0.0608,26.19,68.06,1
0.4015,0.0561,26.12,68.06,1
0.4397,0.0382,26.1,68.06,1
0.3037,-0.136,26.04,68.06,1
0.2226,-0.0811,26.22,68.08,0
0.2837,0.0611,26.53,68.1,0
0.3489,0.0652,26.41,68.09,1
0.4075,0.0586,26.33,68.09,1
0.3977,-0.0098,26.26,68.09,1
0.4016,0.0039,26.19,68.09,1
0.2687,-0.1329,26.35,68.11,0
0.3085,0.0399,26.61,68.13,0
0.339,0.0305,26.51,68.13,1
0.3948,0.0558,26.47,68.13,1
0.2655,-0.1293,26.64,68.15,0
0.1895,-0.076,26.81,68.16,0
0.1422,-0.0473,26.99,68.18,0
0.2185,0.0762,27.12,68.19,0
0.284,0.0655,27.08,68.18,1
0.3255,0.0415,26.91,68.18,1
0.2132,-0.1122,27.04,68.19,0
0.267,0.0538,27.23,68.21,0
0.2915,0.0244,27.1,68.2,1
0.3392,0.0478,27.0,68.2,1
0.2205,-0.1188,27.18,68.21,0
0.3154,0.0949,27.35,68.24,0
0.3732,0.0578,27.21,68.23,1
0.3849,0.0117,27.18,68.22,1
0.4172,0.0323,27.13,68.22,1
0.4681,0.051,26.7,68.18,2
0.4649,-0.0033,26.26,68.14,2
0.4698,0.0049,25.92,68.1,2
0.4611,-0.0087,25.58,68.06,2
0.318,-0.1431,25.59,68.06,1
0.3476,0.0295,25.68,68.05,1
0.4054,0.0578,25.67,68.05,1
0.4146,0.0092,25.69,68.05,1
0.423,0.0084,25.76,68.05,1
0.4417,0.0187,25.7,68.05,1
0.3021,-0.1396,25.71,68.05,1
0.2191,-0.0829,26.01,68.07,0
0.2819,0.0627,26.27,68.09,0
0.3575,0.0757,26.17,68.08,1
0.3912,0.0336,26.17,68.08,1
0.4183,0.0271,26.23,68.08,1
0.2849,-0.1334,26.14,68.07,1
0.331,0.0461,26.13,68.07,1
0.3882,0.0572,26.12,68.07,1
0.4383,0.0501,26.11,68.07,1
0.4561,0.0177,25.75,68.03,2
0.4474,-0.0086,25.4,67.99,2
0.4984,0.0509,25.18,67.96,2
0.484,-0.0143,24.83,67.92,2
0.4576,-0.0264,24.59,67.89,2
0.4585,0.0009,24.31,67.85,2
0.3142,-0.1443,24.45,67.85,1
0.2281,-0.0862,24.48,67.84,1
0.3434,0.1154,24.64,67.84,1
0.3606,0.0172,24.73,67.85,1
0.379,0.0184,24.79,67.85,1
0.412,0.0329,24.88,67.85,1
0.4418,0.0298,24.97,67.86,1
0.471,0.0292,24.72,67.82,2
0.4584,-0.0126,24.44,67.79,2
0.4734,0.015,24.3,67.76,2
0.4563,-0.0171,24.11,67.72,2
0.4467,-0.0096,24.34,67.73,1
0.4449,-0.0017,24.56,67.74,1
0.4734,0.0285,24.45,67.71,2
0.4678,-0.0056,24.27,67.68,2
0.4482,-0.0196,24.39,67.69,1
0.4488,0.0006,24.49,67.7,1
0.4476,-0.0012,24.59,67.7,1
0.445,-0.0026,24.69,67.71,1
0.4481,0.003,24.74,67.72,1
0.4289,-0.0192,24.87,67.73,1
0.2951,-0.1338,24.92,67.73,1
0.3643,0.0692,24.97,67.73,1
0.4051,0.0408,25.01,67.74,1
0.428,0.0228,25.05,67.74,1
0.4381,0.0102,25.15,67.75,1
0.4517,0.0136,24.92,67.72,2
0.4554,0.0037,24.71,67.69,2
0.445,-0.0104,24.74,67.7,1
0.4746,0.0296,24.79,67.71,1
0.5122,0.0376,24.58,67.68,2
0.5113,-0.0009,24.36,67.65,2
0.5072,-0.0041,24.18,67.62,2
0.5062,-0.001,23.91,67.59,2
0.5317,0.0255,23.78,67.57,2
0.5144,-0.0173,23.48,67.54,2
0.5155,0.0011,23.44,67.52,2
0.5169,0.0015,23.3,67.49,2
0.5397,0.0228,23.29,67.47,2
0.5472,0.0075,23.25,67.45,2
0.5776,0.0304,23.26,67.43,2
0.553,-0.0247,23.18,67.41,2
0.5446,-0.0084,23.17,67.39,2
0.5427,-0.002,23.14,67.37,2
0.5372,-0.0054,23.09,67.35,2
0.5157,-0.0215,23.0,67.32,2
0.5487,0.033,23.06,67.31,2
0.5348,-0.0139,23.0,67.29,2
0.5238,-0.011,22.88,67.27,2
0.5283,0.0045,22.83,67.25,2
0.5464,0.0181,22.86,67.23,2
0.531,-0.0154,22.82,67.21,2
0.529,-0.002,22.84,67.19,2
0.5311,0.0021,22.84,67.18,2
0.5514,0.0203,22.83,67.16,2
0.5681,0.0167,22.73,67.15,2
0.5705,0.0025,22.7,67.13,2
0.5957,0.0252,22.74,67.12,2
0.6023,0.0066,22.68,67.11,2
0.5824,-0.0199,22.67,67.09,2
0.5882,0.0058,22.66,67.08,2
0.5757,-0.0125,22.67,67.07,2
0.5722,-0.0035,22.65,67.06,2
0.5576,-0.0146,22.63,67.04,2
0.5114,-0.0462,22.65,67.03,2
0.5476,0.0361,22.66,67.01,2
0.5698,0.0222,22.69,67.0,2
0.5755,0.0058,22.61,66.99,2
0.5384,-0.0371,22.68,66.98,2
0.5526,0.0142,22.69,66.97,2
0.5763,0.0237,22.72,66.96,2
0.5628,-0.0135,22.64,66.94,2
0.5825,0.0198,22.72,66.93,2
0.5785,-0.004,22.65,66.92,2
0.6196,0.041,22.68,66.92,2
0.6673,0.0477,22.73,66.91,2
0.6881,0.0208,22.72,66.91,2
0.6812,-0.0069,22.71,66.9,2
0.6676,-0.0136,22.7,66.9,2
0.6003,-0.0673,22.78,66.89,2
0.6149,0.0146,22.67,66.88,2
0.6382,0.0233,22.71,66.88,2
0.6099,-0.0284,22.76,66.87,2
0.5895,-0.0203,22.75,66.86,2
0.5802,-0.0094,22.77,66.86,2
0.603,0.0228,22.78,66.85,2
0.623,0.0201,22.76,66.84,2
0.6576,0.0346,22.8,66.84,2
0.6303,-0.0273,22.74,66.83,2
0.6457,0.0154,22.69,66.83,2
0.642,-0.0037,22.59,66.82,2
0.6286,-0.0134,22.59,66.82,2
0.636,0.0074,22.6,66.82,2
0.6134,-0.0225,22.71,66.81,2
0.6359,0.0225,22.75,66.8,2
0.604,-0.0319,22.75,66.8,2
0.5822,-0.0218,22.74,66.79,2
0.5746,-0.0076,22.71,66.79,2
0.5645,-0.01,22.74,66.78,2
0.5585,-0.006,22.64,66.77,2
0.5932,0.0346,22.67,66.76,2
0.6276,0.0344,22.72,66.76,2
0.64,0.0124,22.74,66.76,2
0.6381,-0.0019,22.81,66.75,2
0.5791,-0.059,22.89,66.75,2
0.5681,-0.011,22.91,66.74,2
0.5859,0.0178,22.79,66.74,2
0.6217,0.0358,22.84,66.73,2
0.6445,0.0228,22.86,66.73,2
0.6643,0.0197,22.89,66.73,2
0.6763,0.012,22.98,66.73,2
0.6879,0.0116,22.97,66.73,2
0.6532,-0.0347,22.97,66.73,2
0.6319,-0.0213,22.86,66.72,2
0.6192,-0.0127,22.84,66.72,2
0.5826,-0.0366,22.72,66.71,2
0.6072,0.0246,22.72,66.71,2
0.5919,-0.0153,22.68,66.71,2
0.5876,-0.0043,22.65,66.7,2
0.6257,0.0381,22.69,66.7,2
0.588,-0.0377,22.61,66.69,2
0.6268,0.0388,22.73,66.69,2
0.6159,-0.0109,22.7,66.69,2
0.6173,0.0014,22.65,66.68,2
0.5881,-0.0292,22.61,66.68,2
0.5768,-0.0113,22.62,66.68,2
0.5719,-0.0049,22.57,66.67,2
0.5973,0.0254,22.59,66.67,2
0.6068,0.0095,22.66,66.66,2
0.6067,-0.0001,22.59,66.66,2
0.6435,0.0368,22.68,66.66,2
0.5993,-0.0443,22.68,66.66,2
0.5942,-0.005,22.72,66.65,2
0.5721,-0.0221,22.73,66.65,2
0.5739,0.0018,22.7,66.64,2
0.6198,0.0459,22.68,66.64,2
0.6586,0.0388,22.7,66.64,2
0.6887,0.0301,22.77,66.64,2
0.701,0.0123,22.68,66.65,2
0.7049,0.0039,22.75,66.65,2
0.7066,0.0017,22.76,66.65,2
0.5194,-0.1872,22.72,66.64,2
0.5733,0.0539,22.72,66.64,2
0.6219,0.0487,22.69,66.64,2
0.6289,0.007,22.62,66.64,2
0.6526,0.0236,22.61,66.64,2
0.6818,0.0293,22.61,66.64,2
0.6797,-0.0021,22.57,66.64,2
0.668,-0.0117,22.58,66.64,2
0.6697,0.0017,22.49,66.64,2
0.6552,-0.0145,22.53,66.64,2
0.668,0.0128,22.54,66.64,2
0.668,0.0,22.66,66.64,2
0.6552,-0.0129,22.69,66.64,2
0.6653,0.0102,22.7,66.64,2
0.7027,0.0374,22.77,66.64,2
0.6776,-0.0251,22.74,66.65,2
0.6391,-0.0385,22.77,66.64,2
0.6506,0.0116,22.79,66.64,2
0.6544,0.0037,22.86,66.64,2
0.6542,-0.0002,22.84,66.64,2
0.644,-0.0102,22.86,66.64,2
0.6423,-0.0017,22.83,66.64,2
0.6748,0.0324,22.8,66.64,2
0.7042,0.0295,22.82,66.65,2
0.7006,-0.0036,22.89,66.65,2
0.693,-0.0076,22.89,66.65,2
0.7112,0.0182,22.94,66.65,2
0.713,0.0018,22.91,66.65,2
0.6968,-0.0163,22.9,66.66,2
0.6741,-0.0226,22.92,66.66,2
0.6559,-0.0182,22.91,66.66,2
0.6514,-0.0045,22.91,66.66,2
0.6486,-0.0028,22.87,66.66,2
0.6529,0.0043,22.83,66.65,2
0.6519,-0.001,22.77,66.65,2
0.6438,-0.0081,22.81,66.65,2
0.6571,0.0133,22.88,66.65,2
0.6546,-0.0025,22.84,66.65,2
0.661,0.0064,22.9,66.65,2
0.6808,0.0198,22.9,66.65,2
0.6646,-0.0161,22.92,66.65,2
0.6169,-0.0477,22.85,66.65,2
0.6059,-0.011,22.81,66.65,2
0.6526,0.0467,22.81,66.65,2
0.6671,0.0145,22.85,66.65,2
0.6935,0.0264,22.88,66.65,2
0.7193,0.0258,22.78,66.65,2
0.7021,-0.0172,22.79,66.66,2
0.7379,0.0358,22.83,66.66,2
0.7545,0.0165,22.87,66.66,2
0.754,-0.0005,22.92,66.67,2
0.7631,0.0091,22.95,66.67,2
0.7658,0.0027,22.94,66.68,2
0.7344,-0.0313,23.04,66.68,2
0.7166,-0.0178,22.93,66.68,2
0.6964,-0.0202,23.01,66.68,2
0.6838,-0.0127,22.92,66.69,2
0.6951,0.0113,22.91,66.69,2
0.6777,-0.0174,22.92,66.69,2
0.702,0.0244,22.94,66.69,2
0.6412,-0.0608,22.96,66.69,2
0.6636,0.0223,22.92,66.69,2
0.671,0.0074,22.98,66.69,2
0.6942,0.0233,22.97,66.69,2
0.652,-0.0423,22.91,66.69,2
0.6762,0.0242,22.89,66.69,2
0.6563,-0.0198,22.95,66.68,2
0.6364,-0.02,23.02,66.68,2
0.6151,-0.0213,23.06,66.68,2
0.6308,0.0158,23.07,66.68,2
0.607,-0.0238,23.05,66.67,2
0.6329,0.0259,23.0,66.67,2
0.6231,-0.0097,22.94,66.67,2
0.6016,-0.0216,22.97,66.67,2
0.6026,0.001,22.95,66.66,2
0.631,0.0284,22.96,66.66,2
0.6504,0.0193,22.95,66.66,2
0.6447,-0.0056,22.89,66.66,2
0.6057,-0.039,22.83,66.66,2
0.6271,0.0214,22.85,66.66,2
0.6641,0.0371,22.84,66.66,2
0.706,0.0419,22.8,66.66,2
0.6918,-0.0142,22.81,66.66,2
0.6718,-0.0201,22.88,66.66,2
0.6636,-0.0081,22.86,66.66,2
0.6108,-0.0528,22.86,66.66,2
0.5716,-0.0392,22.79,66.65,2
0.566,-0.0056,22.76,66.65,2
0.5544,-0.0116,22.8,66.64,2
0.5612,0.0069,22.77,66.64,2
0.5791,0.0179,22.71,66.63,2
0.6349,0.0558,22.75,66.63,2
0.6613,0.0264,22.81,66.63,2
0.6597,-0.0016,22.77,66.63,2
0.6764,0.0167,22.83,66.63,2
0.7034,0.027,22.88,66.64,2
0.7189,0.0155,22.92,66.64,2
0.711,-0.0079,22.85,66.64,2
0.7171,0.0061,22.84,66.65,2
0.7032,-0.0138,22.88,66.65,2
0.6855,-0.0177,22.9,66.65,2
0.6826,-0.0029,22.92,66.65,2
0.674,-0.0086,22.91,66.65,2
0.6825,0.0085,22.86,66.65,2
0.6961,0.0136,22.91,66.65,2
0.7169,0.0208,23.06,66.66,2
0.6656,-0.0513,23.09,66.66,2
0.6797,0.0142,23.04,66.66,2
0.6912,0.0115,23.08,66.66,2
0.702,0.0108,23.14,66.66,2
0.7032,0.0012,23.04,66.66,2
0.6795,-0.0237,22.93,66.66,2
0.6909,0.0113,22.95,66.67,2
0.7105,0.0197,22.94,66.67,2
0.7,-0.0105,22.95,66.67,2
0.73,0.03,22.94,66.67,2
0.7405,0.0105,23.01,66.68,2
0.6774,-0.0631,22.97,66.68,2
0.6582,-0.0192,22.86,66.68,2
0.6683,0.0101,22.8,66.68,2
0.6781,0.0099,22.9,66.68,2
0.6889,0.0108,23.02,66.68,2
0.7079,0.0189,22.93,66.68,2
0.6779,-0.0299,22.95,66.68,2
0.6883,0.0104,23.0,66.68,2
0.7101,0.0217,23.01,66.68,2
0.7295,0.0194,23.05,66.68,2
0.7079,-0.0216,23.03,66.69,2
0.7274,0.0195,23.03,66.69,2
0.6638,-0.0636,23.06,66.69,2
0.6671,0.0034,23.05,66.69,2
0.6726,0.0055,22.93,66.69,2
0.6451,-0.0275,22.96,66.69,2
0.6404,-0.0046,22.89,66.68,2
0.6052,-0.0353,22.88,66.68,2
0.6135,0.0083,22.94,66.68,2
0.6211,0.0076,22.91,66.68,2
0.643,0.0219,22.95,66.67,2
0.6583,0.0153,23.03,66.67,2
0.6397,-0.0186,22.97,66.67,2
0.6363,-0.0035,22.97,66.67,2
0.6527,0.0165,22.94,66.67,2
0.4757,-0.1771,22.84,66.66,2
0.5626,0.087,22.78,66.66,2
0.6172,0.0546,22.8,66.65,2
0.6637,0.0464,22.78,66.65,2
0.684,0.0203,22.82,66.65,2
0.686,0.002,22.81,66.66,2
0.6534,-0.0327,22.8,66.66,2
0.6327,-0.0207,22.81,66.65,2
0.6621,0.0294,22.81,66.65,2
0.6591,-0.003,22.8,66.65,2
0.6576,-0.0016,22.8,66.65,2
0.6639,0.0063,22.76,66.65,2
0.6979,0.034,22.81,66.66,2
0.6782,-0.0197,22.88,66.66,2
0.6802,0.002,23.0,66.66,2
0.689,0.0088,22.94,66.66,2
0.7129,0.0239,23.0,66.66,2
0.7049,-0.008,23.07,66.66,2
0.6872,-0.0178,23.02,66.66,2
0.7008,0.0136,23.04,66.67,2
0.7178,0.0171,22.98,66.67,2
0.7489,0.0311,22.99,66.67,2
0.7242,-0.0248,22.97,66.68,2
0.7302,0.006,22.95,66.68,2
0.7031,-0.027,22.99,66.68,2
0.71,0.0069,23.06,66.68,2
0.7412,0.0312,23.02,66.68,2
0.7046,-0.0366,23.02,66.69,2
0.7228,0.0182,23.0,66.69,2
0.7101,-0.0127,22.91,66.69,2
0.7187,0.0086,22.94,66.69,2
0.68,-0.0388,22.98,66.69,2
0.7023,0.0223,23.0,66.69,2
0.7042,0.002,22.96,66.7,2
0.6803,-0.0239,22.93,66.7,2
0.681,0.0007,22.94,66.7,2
0.6326,-0.0484,22.86,66.69,2
0.6471,0.0145,22.77,66.69,2
0.6469,-0.0001,22.72,66.69,2
0.668,0.0211,22.69,66.69,2
0.708,0.0399,22.79,66.69,2
0.6711,-0.0368,22.88,66.69,2
0.679,0.0079,22.91,66.69,2
0.7088,0.0298,22.92,66.69,2
0.7363,0.0274,22.94,66.7,2
0.7234,-0.0128,22.9,66.7,2
0.7417,0.0183,22.89,66.7,2
0.7477,0.0059,22.82,66.7,2
0.7458,-0.0018,22.89,66.71,2
0.6893,-0.0566,22.97,66.71,2
0.6791,-0.0102,23.01,66.71,2
0.713,0.0339,23.04,66.71,2
0.7494,0.0364,23.05,66.71,2
0.7277,-0.0217,23.02,66.71,2
0.726,-0.0017,23.06,66.72,2
0.6902,-0.0358,23.04,66.72,2
0.7145,0.0243,23.01,66.72,2
0.7113,-0.0032,23.02,66.72,2
0.7166,0.0053,22.96,66.72,2
0.707,-0.0096,22.88,66.72,2
0.7049,-0.0021,22.92,66.72,2
0.7304,0.0255,22.79,66.72,2
0.735,0.0047,22.83,66.73,2
0.7444,0.0094,22.86,66.73,2
0.7604,0.016,22.92,66.73,2
0.7695,0.0092,22.94,66.74,2
0.7552,-0.0143,22.99,66.74,2
0.7486,-0.0066,22.95,66.74,2
0.734,-0.0146,22.97,66.74,2
0.7136,-0.0204,23.05,66.75,2
0.7104,-0.0032,22.94,66.75,2
0.7136,0.0032,22.99,66.75,2
0.6917,-0.0219,22.85,66.75,2
0.6667,-0.025,22.87,66.74,2
0.6905,0.0237,22.97,66.74,2
0.6922,0.0017,22.9,66.74,2
0.7284,0.0362,22.95,66.75,2
0.7338,0.0054,22.97,66.75,2
0.7508,0.017,22.99,66.75,2
0.732,-0.0188,23.04,66.75,2
0.7355,0.0035,22.99,66.75,2
0.7266,-0.0089,23.0,66.75,2
0.7449,0.0182,23.02,66.76,2
0.7243,-0.0206,22.94,66.76,2
0.7342,0.0099,22.87,66.76,2
0.7403,0.0061,22.86,66.76,2
0.7662,0.0259,22.86,66.76,2
0.7719,0.0057,22.92,66.77,2
0.7597,-0.0122,23.02,66.77,2
0.7466,-0.013,23.05,66.77,2
0.7762,0.0295,23.05,66.78,2
0.6957,-0.0804,23.13,66.77,2
0.7166,0.0209,23.17,66.78,2
0.6913,-0.0253,23.17,66.77,2
0.7022,0.0109,23.04,66.77,2
0.7253,0.0231,23.07,66.77,2
0.7402,0.0149,23.09,66.78,2
0.719,-0.0212,23.06,66.78,2
0.7331,0.0141,23.17,66.78,2
0.7635,0.0304,23.15,66.78,2
0.7703,0.0068,23.14,66.78,2
0.7963,0.026,23.11,66.79,2
0.7836,-0.0127,23.11,66.79,2
0.7501,-0.0335,23.06,66.79,2
0.7277,-0.0224,23.01,66.79,2
0.714,-0.0136,23.02,66.79,2
0.75,0.036,22.98,66.79,2
0.7489,-0.0011,22.95,66.8,2
0.765,0.016,22.91,66.8,2
0.781,0.0161,22.92,66.8,2
0.7856,0.0045,22.87,66.8,2
0.7603,-0.0253,22.91,66.81,2
0.7331,-0.0272,22.93,66.81,2
0.7319,-0.0012,22.96,66.81,2
0.7309,-0.001,22.89,66.81,2
0.6994,-0.0315,22.94,66.81,2
0.7262,0.0268,22.95,66.81,2
0.737,0.0108,22.87,66.81,2
0.7533,0.0163,22.91,66.81,2
0.7547,0.0015,23.0,66.81,2
0.7626,0.0078,23.0,66.81,2
0.7089,-0.0536,22.9,66.81,2
0.7325,0.0236,22.97,66.81,2
0.7071,-0.0254,22.96,66.81,2
0.7077,0.0006,22.92,66.81,2
0.669,-0.0387,22.99,66.81,2
0.6633,-0.0057,23.08,66.8,2
0.6554,-0.0078,23.11,66.8,2
0.6881,0.0327,23.05,66.8,2
0.72,0.0319,23.01,66.8,2
0.7425,0.0226,23.06,66.8,2
0.7304,-0.0122,22.98,66.8,2
0.7562,0.0258,23.02,66.8,2
0.7414,-0.0148,23.02,66.8,2
0.7307,-0.0107,22.98,66.8,2
0.7455,0.0148,23.02,66.81,2
0.7413,-0.0042,23.0,66.81,2
0.7519,0.0105,23.0,66.81,2
0.7668,0.0149,23.06,66.81,2
0.7808,0.014,23.06,66.81,2
0.7812,0.0004,23.05,66.82,2
0.8067,0.0255,23.04,66.82,2
0.8264,0.0197,23.0,66.83,2
0.8295,0.003,23.02,66.83,2
0.83,0.0005,23.05,66.83,2
0.8013,-0.0287,23.09,66.84,2
0.7945,-0.0068,23.01,66.84,2
0.7813,-0.0133,22.97,66.84,2
0.8007,0.0194,22.99,66.85,2
0.7513,-0.0494,22.93,66.85,2
0.7354,-0.0158,22.94,66.85,2
0.7381,0.0027,22.98,66.85,2
0.7311,-0.007,22.98,66.85,2
0.7518,0.0207,23.01,66.85,2
0.7762,0.0243,22.91,66.85,2
0.777,0.0008,22.95,66.85,2
0.7515,-0.0255,22.93,66.85,2
0.7647,0.0131,22.92,66.85,2
0.7394,-0.0253,22.86,66.85,2
0.7332,-0.0062,22.82,66.85,2
0.7143,-0.019,22.73,66.85,2
0.7134,-0.0009,22.78,66.85,2
0.7499,0.0365,22.8,66.85,2
0.7207,-0.0292,22.67,66.85,2
0.7339,0.0132,22.73,66.85,2
0.6982,-0.0357,22.82,66.85,2
0.6807,-0.0175,22.77,66.84,2
0.7121,0.0314,22.9,66.84,2
0.6981,-0.0141,22.89,66.84,2
0.6826,-0.0155,22.92,66.84,2
0.7021,0.0195,22.86,66.84,2
0.7168,0.0147,22.81,66.84,2
0.7139,-0.0028,22.9,66.83,2
0.7378,0.0239,22.88,66.83,2
0.7271,-0.0108,22.9,66.83,2
0.7484,0.0213,22.89,66.84,2
0.7239,-0.0245,22.88,66.83,2
0.7382,0.0142,22.78,66.83,2
0.7407,0.0025,22.78,66.84,2
0.7101,-0.0306,22.82,66.83,2
0.7207,0.0106,22.89,66.83,2
0.7486,0.0279,22.88,66.83,2
0.6867,-0.062,22.86,66.83,2
0.6647,-0.022,22.83,66.83,2
0.6717,0.007,22.91,66.83,2
0.7075,0.0358,23.02,66.82,2
0.7237,0.0161,23.06,66.82,2
0.7212,-0.0025,22.98,66.82,2
0.7368,0.0156,22.91,66.82,2
0.7229,-0.0139,23.03,66.82,2
0.7431,0.0202,23.09,66.82,2
0.7573,0.0141,23.07,66.83,2
0.7725,0.0152,23.15,66.83,2
0.7697,-0.0027,23.15,66.83,2
0.7536,-0.0161,23.2,66.83,2
0.7483,-0.0054,23.17,66.83,2
0.7734,0.0251,23.14,66.83,2
0.7837,0.0104,23.15,66.84,2
0.7872,0.0034,23.15,66.84,2
0.7557,-0.0314,23.16,66.84,2
0.7635,0.0078,23.17,66.84,2
0.7269,-0.0367,23.17,66.84,2
0.7416,0.0147,23.18,66.84,2
0.7262,-0.0154,23.18,66.84,2
0.7195,-0.0067,23.13,66.84,2
0.6723,-0.0472,23.15,66.84,2
0.6726,0.0003,23.15,66.83,2
0.7106,0.038,23.17,66.83,2
0.706,-0.0046,23.12,66.83,2
0.7143,0.0084,23.15,66.83,2
0.7467,0.0324,23.16,66.83,2
0.7555,0.0088,23.15,66.83,2
0.7348,-0.0208,23.11,66.83,2
0.7056,-0.0292,23.04,66.83,2
0.7163,0.0107,22.99,66.83,2
0.7307,0.0144,23.01,66.83,2
0.7665,0.0358,23.07,66.83,2
0.7835,0.017,23.1,66.83,2
0.7997,0.0162,23.11,66.84,2
0.7766,-0.0231,23.15,66.84,2
0.7668,-0.0098,23.07,66.84,2
0.7359,-0.0309,22.99,66.84,2
0.6938,-0.0421,22.98,66.84,2
0.702,0.0081,22.97,66.84,2
0.7014,-0.0006,22.97,66.84,2
0.6861,-0.0153,22.94,66.83,2
0.7133,0.0271,22.99,66.83,2
0.7162,0.0029,22.94,66.83,2
0.6892,-0.027,22.9,66.83,2
0.7174,0.0281,22.81,66.83,2
0.7314,0.014,22.82,66.83,2
0.7562,0.0248,22.79,66.83,2
0.7774,0.0211,22.71,66.83,2
0.7624,-0.015,22.71,66.83,2
0.7575,-0.0048,22.7,66.83,2
0.7632,0.0056,22.73,66.84,2
0.7667,0.0035,22.85,66.84,2
0.7251,-0.0416,22.77,66.84,2
0.7373,0.0122,22.81,66.84,2
0.7506,0.0133,22.84,66.84,2
0.7601,0.0094,22.86,66.84,2
0.7679,0.0079,22.89,66.84,2
0.7738,0.0058,22.82,66.84,2
0.7538,-0.02,22.79,66.84,2
0.7408,-0.013,22.81,66.84,2
0.7289,-0.0119,22.8,66.84,2
0.7227,-0.0063,22.8,66.84,2
0.6993,-0.0234,22.81,66.84,2
0.7183,0.019,22.82,66.84,2
0.7044,-0.0139,22.82,66.84,2
0.7234,0.019,22.83,66.84,2
0.7127,-0.0107,22.85,66.84,2
0.7064,-0.0062,23.02,66.84,2
0.6956,-0.0108,22.97,66.83,2
0.6973,0.0017,22.94,66.83,2
0.7213,0.024,22.93,66.83,2
0.7284,0.0071,22.81,66.83,2
0.7444,0.0159,22.84,66.83,2
0.698,-0.0464,22.92,66.83,2
0.6823,-0.0158,22.96,66.83,2
0.635,-0.0473,22.93,66.82,2
0.6649,0.0299,22.94,66.82,2
0.6207,-0.0442,22.81,66.81,2
0.6511,0.0305,22.73,66.81,2
0.6607,0.0096,22.72,66.81,2
0.6937,0.033,22.74,66.81,2
0.7195,0.0259,22.77,66.81,2
0.674,-0.0455,22.8,66.8,2
0.6711,-0.0029,22.72,66.8,2
0.654,-0.0171,22.78,66.8,2
0.6655,0.0115,22.79,66.79,2
0.7005,0.0351,22.69,66.79,2
0.7148,0.0143,22.72,66.79,2
0.7445,0.0297,22.77,66.79,2
0.7727,0.0281,22.82,66.8,2
0.7768,0.0041,22.85,66.8,2
0.7651,-0.0117,22.82,66.8,2
0.7343,-0.0308,22.75,66.8,2
0.7329,-0.0014,22.8,66.8,2
0.7418,0.0089,22.8,66.8,2
0.7587,0.0169,22.72,66.81,2
0.7527,-0.006,22.82,66.81,2
0.7614,0.0087,22.82,66.81,2
0.7653,0.0039,22.82,66.81,2
0.7799,0.0146,22.84,66.81,2
0.7408,-0.0391,22.9,66.82,2
0.7429,0.0021,22.93,66.82,2
0.7384,-0.0045,22.91,66.82,2
0.7367,-0.0017,22.96,66.82,2
0.7457,0.009,22.94,66.82,2
0.7142,-0.0315,22.87,66.82,2
0.735,0.0209,22.84,66.82,2
0.7404,0.0054,22.82,66.82,2
0.7663,0.0258,22.87,66.82,2
0.723,-0.0433,22.9,66.82,2
0.7024,-0.0206,22.93,66.82,2
0.7217,0.0194,22.9,66.82,2
0.7311,0.0093,22.9,66.82,2
0.729,-0.0021,22.88,66.82,2
0.7161,-0.0129,22.87,66.82,2
0.7048,-0.0113,22.91,66.82,2
0.7302,0.0254,22.95,66.82,2
0.7255,-0.0047,22.96,66.82,2
0.7144,-0.0111,23.0,66.82,2
0.7374,0.023,23.01,66.82,2
0.7262,-0.0112,22.97,66.82,2
0.7424,0.0162,22.9,66.82,2
0.7709,0.0285,22.99,66.82,2
0.778,0.0071,23.01,66.82,2
0.7453,-0.0327,22.98,66.82,2
0.7202,-0.0252,23.02,66.82,2
0.7247,0.0045,23.01,66.82,2
0.7603,0.0356,22.97,66.82,2
0.7497,-0.0106,22.99,66.83,2
0.7419,-0.0077,22.96,66.83,2
0.7156,-0.0263,22.92,66.83,2
0.6932,-0.0224,22.92,66.82,2
0.7082,0.0149,22.93,66.82,2
0.7266,0.0184,22.93,66.82,2
0.7089,-0.0177,22.96,66.82,2
0.7069,-0.002,22.92,66.82,2
0.7385,0.0317,22.93,66.82,2
0.7665,0.028,22.97,66.82,2
0.77,0.0036,22.95,66.82,2
0.7477,-0.0223,22.96,66.83,2
0.7279,-0.0198,22.89,66.83,2
0.7352,0.0074,22.91,66.83,2
0.7414,0.0062,22.96,66.83,2
0.7568,0.0154,22.95,66.83,2
0.7176,-0.0392,22.99,66.83,2
0.7231,0.0055,22.96,66.83,2
0.6879,-0.0352,22.97,66.82,2
0.6827,-0.0051,22.94,66.82,2
0.699,0.0162,23.0,66.82,2
0.678,-0.021,23.04,66.82,2
0.6899,0.0119,22.99,66.82,2
0.7009,0.011,23.02,66.81,2
0.6996,-0.0013,23.02,66.81,2
0.7143,0.0147,23.0,66.81,2
0.7451,0.0308,23.04,66.81,2
0.5524,-0.1927,22.99,66.81,2
0.6191,0.0667,22.99,66.8,2
0.6135,-0.0055,22.97,66.79,2
0.6343,0.0208,22.96,66.79,2
0.6663,0.032,23.07,66.79,2
0.6562,-0.01,23.11,66.79,2
0.6714,0.0151,23.04,66.78,2
0.6755,0.0041,23.07,66.78,2
0.7015,0.026,23.05,66.78,2
0.6999,-0.0016,23.09,66.78,2
0.7265,0.0265,22.99,66.78,2
0.707,-0.0195,22.96,66.78,2
0.7287,0.0217,22.95,66.78,2
0.7441,0.0154,22.91,66.78,2
0.7343,-0.0098,22.86,66.78,2
0.7465,0.0122,22.96,66.79,2
0.7251,-0.0214,22.99,66.79,2
0.7393,0.0141,22.92,66.79,2
0.7542,0.015,22.97,66.79,2
0.735,-0.0192,23.03,66.79,2
0.7071,-0.0279,22.97,66.79,2
0.7195,0.0124,22.95,66.79,2
0.6871,-0.0324,22.91,66.79,2
0.693,0.0059,22.84,66.79,2
0.6655,-0.0276,22.82,66.79,2
0.6507,-0.0148,22.91,66.78,2
0.6751,0.0245,22.88,66.78,2
0.6664,-0.0087,22.89,66.78,2
0.6792,0.0128,22.85,66.78,2
0.7134,0.0342,22.92,66.78,2
0.7206,0.0072,22.95,66.78,2
0.7344,0.0138,23.0,66.78,2
0.6955,-0.0389,22.98,66.78,2
0.7148,0.0193,23.02,66.78,2
0.7428,0.028,23.05,66.78,2
0.7488,0.006,22.99,66.78,2
0.7037,-0.0451,22.95,66.78,2
0.6893,-0.0144,22.99,66.78,2
0.6928,0.0035,23.02,66.78,2
0.6925,-0.0004,23.0,66.78,2
0.7142,0.0217,23.07,66.78,2
0.7185,0.0043,23.16,66.78,2
0.7304,0.0119,23.12,66.78,2
0.7319,0.0016,23.17,66.78,2
0.7544,0.0225,23.19,66.78,2
0.7431,-0.0114,23.18,66.78,2
0.7218,-0.0213,23.1,66.78,2
0.6541,-0.0677,23.04,66.78,2
0.6352,-0.0189,23.11,66.78,2
0.6212,-0.014,23.06,66.77,2
0.6146,-0.0066,23.03,66.77,2
0.635,0.0204,22.99,66.76,2
0.687,0.052,22.94,66.76,2
0.7046,0.0176,22.93,66.76,2
0.6939,-0.0107,22.83,66.76,2
0.687,-0.0069,22.86,66.76,2
0.7008,0.0139,22.86,66.76,2
0.6954,-0.0055,22.87,66.76,2
0.6741,-0.0213,22.99,66.76,2
0.6845,0.0104,23.04,66.76,2
0.6585,-0.026,22.89,66.76,2
0.6719,0.0134,22.93,66.75,2
0.7035,0.0316,22.92,66.75,2
0.7091,0.0056,22.9,66.76,2
0.7334,0.0243,22.94,66.76,2
0.7508,0.0173,22.93,66.76,2
0.7768,0.026,23.02,66.76,2
0.7445,-0.0322,23.04,66.76,2
0.7568,0.0123,22.99,66.77,2
0.7257,-0.0312,22.95,66.77,2
0.6956,-0.0301,23.0,66.77,2
0.7084,0.0128,22.99,66.77,2
0.7215,0.0131,22.94,66.77,2
0.7241,0.0027,22.99,66.77,2
0.709,-0.0152,22.97,66.77,2
0.6912,-0.0178,23.01,66.77,2
0.6635,-0.0277,22.94,66.77,2
0.6693,0.0058,22.95,66.76,2
0.6947,0.0254,22.88,66.76,2
0.6489,-0.0458,22.88,66.76,2
0.6738,0.0249,22.87,66.76,2
0.6689,-0.005,22.94,66.76,2
0.6821,0.0133,23.02,66.76,2
0.6518,-0.0304,23.02,66.75,2
0.6606,0.0088,23.02,66.75,2
0.6843,0.0237,23.07,66.75,2
0.7002,0.0159,23.02,66.75,2
0.7184,0.0182,23.0,66.75,2
0.6822,-0.0362,23.03,66.75,2
0.6917,0.0095,23.09,66.75,2
0.7131,0.0214,23.06,66.75,2
0.6776,-0.0355,22.99,66.75,2
0.6824,0.0048,23.02,66.75,2
0.6994,0.017,23.0,66.75,2
0.7066,0.0072,23.03,66.75,2
0.7257,0.0191,23.0,66.75,2
0.6624,-0.0633,22.97,66.75,2
0.6621,-0.0002,23.01,66.75,2
0.6613,-0.0008,22.95,66.75,2
0.6362,-0.0251,22.93,66.74,2
0.6306,-0.0056,22.91,66.74,2
0.6629,0.0323,22.92,66.74,2
0.6774,0.0145,22.87,66.74,2
0.6759,-0.0015,22.87,66.74,2
0.663,-0.0129,22.91,66.73,2
0.6673,0.0043,22.91,66.73,2
0.6541,-0.0132,22.91,66.73,2
0.6617,0.0076,22.88,66.73,2
0.6895,0.0278,22.87,66.73,2
0.7358,0.0463,22.78,66.73,2
0.7744,0.0386,22.88,66.74,2
0.7455,-0.0288,22.93,66.74,2
0.7384,-0.0071,22.99,66.74,2
0.7497,0.0113,23.0,66.74,2
0.7463,-0.0035,23.1,66.75,2
0.7442,-0.002,22.98,66.75,2
0.7722,0.0279,22.99,66.75,2
0.7994,0.0272,23.02,66.76,2
0.787,-0.0124,23.03,66.76,2
0.7959,0.009,23.05,66.77,2
0.7613,-0.0346,23.07,66.77,2
0.757,-0.0043,23.06,66.77,2
0.7578,0.0009,23.17,66.77,2
0.7631,0.0053,23.2,66.78,2
0.7196,-0.0436,23.2,66.78,2
0.6714,-0.0481,23.16,66.77,2
0.6476,-0.0238,23.07,66.77,2
0.6485,0.0009,23.07,66.77,2
0.6439,-0.0047,23.13,66.76,2
0.6667,0.0228,23.14,66.76,2
0.6453,-0.0215,23.05,66.76,2
0.6237,-0.0216,23.01,66.76,2
0.6409,0.0172,23.03,66.75,2
0.6603,0.0194,23.07,66.75,2
0.6075,-0.0528,23.07,66.75,2
0.6064,-0.0011,23.01,66.74,2
0.5912,-0.0152,22.87,66.74,2
0.6237,0.0325,22.93,66.73,2
0.6085,-0.0152,22.89,66.73,2
0.6055,-0.0029,22.88,66.72,2
0.5701,-0.0354,22.82,66.72,2
0.5667,-0.0034,22.74,66.71,2
0.5616,-0.0051,22.76,66.71,2
0.5663,0.0047,22.75,66.7,2
0.5856,0.0192,22.76,66.7,2
0.6066,0.021,22.88,66.69,2
0.6182,0.0116,22.87,66.69,2
0.6478,0.0296,22.89,66.69,2
0.6799,0.0321,22.89,66.69,2
0.6777,-0.0022,22.86,66.69,2
0.6426,-0.0351,22.85,66.69,2
0.6618,0.0192,22.9,66.69,2
0.6881,0.0264,22.92,66.69,2
0.7149,0.0268,22.9,66.69,2
0.7415,0.0266,22.92,66.69,2
0.7313,-0.0102,23.05,66.69,2
0.7418,0.0105,23.08,66.7,2
0.6944,-0.0474,23.1,66.7,2
0.7202,0.0258,23.03,66.7,2
0.6751,-0.0451,23.02,66.7,2
0.6402,-0.0349,22.98,66.7,2
0.6248,-0.0154,23.05,66.7,2
0.6442,0.0195,23.1,66.69,2
0.6517,0.0075,23.1,66.69,2
0.6656,0.0138,23.13,66.69,2
0.6411,-0.0245,23.1,66.69,2
0.6491,0.0079,23.11,66.69,2
0.6482,-0.0008,23.09,66.69,2
0.681,0.0328,23.07,66.69,2
0.6856,0.0045,23.01,66.69,2
0.6659,-0.0196,22.93,66.69,2
0.6624,-0.0036,22.9,66.69,2
0.6553,-0.007,22.87,66.69,2
0.6708,0.0155,22.86,66.69,2
0.6275,-0.0434,22.73,66.68,2
0.6381,0.0106,22.78,66.68,2
0.6674,0.0293,22.82,66.68,2
0.6302,-0.0372,22.89,66.68,2
0.6529,0.0227,22.89,66.68,2
0.6134,-0.0395,22.83,66.68,2
0.6252,0.0118,22.82,66.67,2
0.6561,0.0309,22.87,66.67,2
0.6157,-0.0404,22.8,66.67,2
0.6085,-0.0071,22.71,66.67,2
0.6255,0.017,22.72,66.66,2
0.6407,0.0151,22.71,66.66,2
0.6223,-0.0183,22.68,66.66,2
0.6138,-0.0085,22.77,66.66,2
0.6135,-0.0003,22.74,66.66,2
0.6088,-0.0047,22.7,66.65,2
0.6206,0.0118,22.69,66.65,2
0.6262,0.0056,22.6,66.65,2
0.6372,0.011,22.66,66.65,2
0.6614,0.0242,22.7,66.65,2
0.6692,0.0078,22.72,66.65,2
0.6982,0.029,22.68,66.65,2
0.6734,-0.0248,22.71,66.65,2
0.621,-0.0524,22.75,66.65,2
0.6028,-0.0182,22.72,66.65,2
0.4345,-0.1683,23.04,66.68,1
0.4937,0.0591,23.3,66.71,1
0.5414,0.0478,23.17,66.7,2
0.5815,0.0401,23.16,66.7,2
0.5487,-0.0328,23.06,66.69,2
0.5671,0.0184,22.96,66.68,2
0.6023,0.0352,22.98,66.68,2
0.4339,-0.1684,23.21,66.71,1
0.4878,0.0539,23.53,66.74,1
0.4848,-0.0029,23.5,66.73,2
0.4721,-0.0128,23.37,66.72,2
0.4862,0.0142,23.32,66.71,2
0.4668,-0.0194,23.26,66.7,2
0.4559,-0.0109,23.27,66.68,2
0.4644,0.0085,23.25,66.67,2
0.4859,0.0215,23.19,66.66,2
0.4951,0.0093,23.07,66.66,2
0.5255,0.0304,22.92,66.65,2
0.5762,0.0507,22.91,66.65,2
0.5376,-0.0386,22.83,66.64,2
0.5506,0.013,22.87,66.63,2
0.5716,0.0209,22.8,66.63,2
0.6136,0.042,22.87,66.63,2
0.5966,-0.0169,22.88,66.63,2
0.5925,-0.0041,22.89,66.62,2
0.6032,0.0107,22.82,66.62,2
0.62,0.0168,22.82,66.62,2
0.6087,-0.0114,22.78,66.62,2
0.5712,-0.0375,22.72,66.61,2
0.5516,-0.0195,22.65,66.61,2
0.5792,0.0276,22.62,66.61,2
0.6006,0.0214,22.54,66.6,2
0.6034,0.0028,22.52,66.6,2
0.6349,0.0315,22.52,66.6,2
0.6272,-0.0077,22.47,66.6,2
0.5939,-0.0332,22.45,66.6,2
0.5919,-0.002,22.51,66.6,2
0.5585,-0.0334,22.47,66.59,2
0.6028,0.0444,22.51,66.59,2
0.5838,-0.019,22.62,66.59,2
0.6183,0.0345,22.63,66.59,2
0.5877,-0.0306,22.61,66.58,2
0.5779,-0.0099,22.69,66.58,2
0.5779,0.0,22.67,66.58,2
0.5895,0.0116,22.61,66.58,2
0.5988,0.0093,22.64,66.57,2
0.5957,-0.0031,22.62,66.57,2
0.5553,-0.0404,22.63,66.57,2
0.5539,-0.0014,22.59,66.57,2
0.5244,-0.0295,22.59,66.56,2
0.5323,0.0079,22.6,66.56,2
0.5661,0.0338,22.56,66.55,2
0.5712,0.0051,22.53,66.55,2
0.412,-0.1593,22.77,66.58,1
0.3131,-0.0989,23.0,66.6,1
0.4201,0.107,23.21,66.63,1
0.504,0.0839,23.17,66.63,2
0.5207,0.0167,23.06,66.62,2
0.5006,-0.0201,23.1,66.61,2
0.5348,0.0342,22.98,66.61,2
0.5444,0.0095,22.94,66.6,2
0.5588,0.0145,22.88,66.6,2
0.5606,0.0017,22.83,66.59,2
0.57,0.0094,22.8,66.59,2
0.563,-0.007,22.88,66.59,2
0.5252,-0.0378,22.78,66.58,2
0.487,-0.0382,22.76,66.57,2
0.4811,-0.0059,22.6,66.57,2
0.508,0.0269,22.66,66.56,2
0.5306,0.0226,22.7,66.56,2
0.5698,0.0392,22.69,66.55,2
0.5825,0.0127,22.74,66.55,2
0.5273,-0.0552,22.67,66.55,2
0.5194,-0.0079,22.67,66.54,2
0.4922,-0.0272,22.57,66.54,2
0.5076,0.0154,22.58,66.53,2
0.5004,-0.0072,22.56,66.52,2
0.4805,-0.0199,22.53,66.52,2
0.477,-0.0034,22.55,66.51,2
0.4488,-0.0282,22.81,66.54,1
0.4906,0.0417,23.17,66.58,1
0.3401,-0.1504,23.42,66.6,1
0.379,0.0389,23.66,66.63,1
0.2644,-0.1146,24.06,66.68,0
0.3771,0.1127,24.41,66.74,0
0.3965,0.0194,24.51,66.76,1
0.4688,0.0723,24.67,66.79,1
0.482,0.0132,24.46,66.78,2
0.4836,0.0017,24.3,66.77,2
0.495,0.0114,24.17,66.76,2
0.4841,-0.011,23.99,66.74,2
0.4898,0.0057,23.87,66.73,2
0.5484,0.0586,23.65,66.73,2
0.5858,0.0375,23.66,66.72,2
0.5777,-0.0081,23.58,66.72,2
0.5671,-0.0106,23.52,66.71,2
0.5395,-0.0277,23.46,66.7,2
0.5439,0.0044,23.35,66.7,2
0.5103,-0.0337,23.22,66.69,2
0.547,0.0367,23.14,66.68,2
0.5381,-0.0089,23.02,66.67,2
0.5013,-0.0368,22.94,66.67,2
0.3512,-0.1501,23.13,66.69,1
0.4251,0.0739,23.34,66.72,1
0.4661,0.041,23.26,66.71,2
0.4585,-0.0075,23.14,66.7,2
0.459,0.0005,23.01,66.68,2
0.4608,0.0018,22.85,66.67,2
0.4838,0.023,22.84,66.66,2
0.4485,-0.0353,23.1,66.69,1
0.4874,0.0389,23.31,66.72,1
0.5318,0.0444,23.26,66.72,2
0.5768,0.045,23.25,66.71,2
0.563,-0.0138,23.23,66.7,2
0.5444,-0.0186,23.14,66.7,2
0.5331,-0.0113,23.11,66.69,2
0.521,-0.0121,23.1,66.68,2
0.5256,0.0046,23.01,66.68,2
0.5485,0.0229,23.01,66.67,2
0.5203,-0.0282,22.98,66.66,2
0.5177,-0.0026,22.9,66.65,2
0.4809,-0.0368,22.87,66.65,2
0.4984,0.0174,22.85,66.64,2
0.537,0.0387,22.83,66.63,2
0.5389,0.0019,22.86,66.63,2
0.5608,0.0219,22.82,66.62,2
0.6014,0.0407,22.81,66.62,2
0.5882,-0.0133,22.75,66.62,2
0.5506,-0.0376,22.73,66.61,2
0.5158,-0.0348,22.66,66.6,2
0.5243,0.0085,22.68,66.6,2
0.5169,-0.0074,22.63,66.59,2
0.4963,-0.0206,22.57,66.59,2
0.4875,-0.0088,22.55,66.58,2
0.5018,0.0143,22.49,66.57,2
0.4628,-0.0391,22.47,66.56,2
0.4543,-0.0084,22.43,66.56,2
0.3131,-0.1413,22.66,66.58,1
0.2291,-0.084,22.91,66.6,1
0.341,0.112,23.04,66.62,1
0.3948,0.0538,23.16,66.65,1
0.2756,-0.1192,23.57,66.7,0
0.3463,0.0707,23.92,66.76,0
0.3701,0.0238,24.16,66.78,1
0.3773,0.0072,24.26,66.8,1
0.4022,0.0249,24.4,66.83,1
0.4276,0.0255,24.56,66.85,1
0.4613,0.0337,24.36,66.84,2
0.459,-0.0023,24.2,66.82,2
0.4655,0.0066,24.06,66.81,2
0.4727,0.0071,23.96,66.8,2
0.5097,0.0371,23.81,66.79,2
0.3586,-0.1511,23.96,66.81,1
0.4067,0.048,24.01,66.83,1
0.4679,0.0612,23.9,66.82,2
0.3311,-0.1368,23.76,66.8,2
0.247,-0.0841,24.11,66.85,0
0.3044,0.0575,24.43,66.9,0
0.3481,0.0437,24.52,66.91,1
0.3623,0.0142,24.69,66.93,1
0.388,0.0257,24.75,66.96,1
0.398,0.01,24.84,66.98,1
0.4119,0.0138,24.87,67.0,1
0.4042,-0.0077,25.03,67.02,1
0.4037,-0.0005,25.18,67.04,1
0.2719,-0.1318,25.46,67.08,0
0.333,0.0611,25.72,67.13,0
0.3521,0.0192,25.65,67.14,1
0.4094,0.0573,25.73,67.16,1
0.4517,0.0422,25.39,67.14,2
0.4367,-0.0149,25.14,67.12,2
0.4386,0.0019,25.25,67.14,1
0.4578,0.0192,25.29,67.16,1
0.4624,0.0047,25.08,67.14,2
0.3212,-0.1412,24.79,67.11,2
0.3421,0.0209,24.86,67.12,1
0.3761,0.034,24.91,67.14,1
0.3981,0.022,25.04,67.16,1
0.4029,0.0048,25.13,67.17,1
0.4182,0.0152,25.17,67.19,1
0.4221,0.004,25.21,67.21,1
0.4353,0.0132,25.23,67.23,1
0.4249,-0.0104,25.2,67.24,1
0.4305,0.0056,25.23,67.26,1
0.4733,0.0428,24.97,67.24,2
0.4643,-0.009,24.71,67.22,2
0.4555,-0.0088,24.49,67.2,2
0.3159,-0.1396,24.64,67.21,1
0.348,0.0321,24.69,67.22,1
0.4153,0.0673,24.78,67.24,1
0.4386,0.0233,24.79,67.25,1
0.419,-0.0196,24.85,67.27,1
0.4159,-0.0032,24.91,67.29,1
0.4172,0.0013,25.03,67.3,1
0.4419,0.0247,25.12,67.32,1
0.4232,-0.0186,25.22,67.33,1
0.4424,0.0192,25.24,67.35,1
0.4871,0.0446,24.94,67.32,2
0.3405,-0.1465,24.68,67.3,2
0.3797,0.0392,24.87,67.31,1
0.2676,-0.1121,24.91,67.32,1
0.327,0.0594,25.05,67.33,1
0.2275,-0.0995,25.33,67.36,0
0.2853,0.0578,25.61,67.4,0
0.1937,-0.0916,25.72,67.43,0
0.27,0.0763,25.96,67.46,0
0.3292,0.0592,25.92,67.47,1
0.374,0.0448,25.88,67.48,1
0.4165,0.0425,25.8,67.49,1
0.4079,-0.0086,25.88,67.5,1
0.2782,-0.1297,26.1,67.54,0
0.3227,0.0445,26.4,67.57,0
0.3618,0.0391,26.38,67.58,1
0.2473,-0.1145,26.31,67.58,1
0.3333,0.0861,26.23,67.58,1
0.3526,0.0193,26.2,67.59,1
0.3967,0.0441,26.16,67.6,1
0.2698,-0.127,26.35,67.63,0
0.1952,-0.0745,26.46,67.66,0
0.2663,0.0711,26.67,67.69,0
0.182,-0.0843,26.9,67.71,0
0.265,0.0829,27.05,67.74,0
0.321,0.0561,26.98,67.74,1
0.3617,0.0407,26.91,67.75,1
0.3615,-0.0002,26.8,67.75,1
0.3912,0.0298,26.78,67.75,1
0.4162,0.025,26.65,67.76,1
0.2832,-0.133,26.52,67.76,1
0.2055,-0.0777,26.64,67.78,0
0.3048,0.0993,26.77,67.81,0
0.3675,0.0627,26.75,67.82,1
0.253,-0.1145,26.66,67.81,1
0.3024,0.0495,26.6,67.81,1
0.206,-0.0964,26.79,67.83,0
0.2818,0.0758,27.02,67.86,0
0.19,-0.0919,27.15,67.88,0
0.1362,-0.0537,27.28,67.9,0
0.2429,0.1067,27.41,67.93,0
0.3157,0.0727,27.2,67.92,1
0.3531,0.0374,27.06,67.92,1
0.4079,0.0548,27.0,67.93,1
0.4162,0.0083,27.01,67.93,1
0.4388,0.0227,26.92,67.93,1
0.3,-0.1388,26.78,67.93,1
0.3453,0.0453,26.72,67.93,1
0.3835,0.0382,26.68,67.93,1
0.2612,-0.1223,26.8,67.95,0
0.3113,0.0502,26.99,67.98,0
0.3687,0.0574,26.9,67.98,1
0.3714,0.0026,26.83,67.98,1
0.3684,-0.0029,26.73,67.97,1
0.3659,-0.0025,26.61,67.97,1
0.3835,0.0176,26.52,67.97,1
0.3764,-0.0071,26.42,67.97,1
0.3657,-0.0107,26.36,67.97,1
0.4004,0.0347,26.32,67.97,1
0.4768,0.0764,25.92,67.94,2
0.4714,-0.0054,25.52,67.9,2
0.4708,-0.0006,25.22,67.87,2
0.3256,-0.1452,25.27,67.87,1
0.3636,0.038,25.31,67.87,1
0.3902,0.0266,25.36,67.87,1
0.2667,-0.1235,25.55,67.89,0
0.3059,0.0392,25.79,67.92,0
0.3233,0.0174,25.75,67.92,1
0.3381,0.0148,25.83,67.92,1
0.3528,0.0147,25.82,67.92,1
0.2303,-0.1226,26.06,67.94,0
0.2956,0.0653,26.24,67.97,0
0.3317,0.0362,26.26,67.96,1
0.2204,-0.1113,26.15,67.96,1
0.2893,0.0689,26.15,67.95,1
0.3411,0.0518,26.09,67.95,1
0.366,0.0249,26.02,67.95,1
0.3745,0.0085,25.89,67.95,1
0.2474,-0.1271,26.13,67.97,0
0.3141,0.0667,26.37,68.0,0
0.3916,0.0775,26.37,68.0,1
0.3847,-0.0069,26.37,68.0,1
0.3934,0.0086,26.33,68.0,1
0.2628,-0.1305,26.55,68.02,0
0.2893,0.0265,26.76,68.04,0
0.192,-0.0974,26.99,68.06,0
0.1358,-0.0561,27.14,68.08,0
0.1016,-0.0342,27.19,68.09,0
0.0794,-0.0222,27.35,68.1,0
0.064,-0.0154,27.48,68.11,0
0.1853,0.1213,27.65,68.13,0
0.1202,-0.0651,27.66,68.15,0
0.2232,0.103,27.8,68.16,0
0.1431,-0.0802,27.91,68.18,0
0.2376,0.0945,28.04,68.2,0
0.1524,-0.0852,28.07,68.21,0
0.2263,0.0739,28.23,68.23,0
0.1426,-0.0837,28.25,68.24,0
0.2729,0.1303,28.31,68.26,0
0.1795,-0.0934,28.44,68.27,0
0.1247,-0.0549,28.48,68.28,0
0.2207,0.096,28.57,68.3,0
0.1424,-0.0783,28.64,68.31,0
0.0972,-0.0452,28.59,68.32,0
0.0697,-0.0275,28.64,68.32,0
0.1995,0.1298,28.71,68.34,0
0.2456,0.0461,28.71,68.35,0
0.1516,-0.0939,28.69,68.36,0
0.2019,0.0503,28.73,68.38,0
0.121,-0.0809,28.74,68.39,0
0.077,-0.044,28.7,68.39,0
0.202,0.1251,28.78,68.4,0
0.1272,-0.0748,28.83,68.41,0
0.1973,0.0701,28.78,68.42,0
0.2525,0.0552,28.83,68.44,0
0.3073,0.0548,28.63,68.42,1
0.1929,-0.1144,28.4,68.41,1
0.1286,-0.0643,28.32,68.41,0
0.0906,-0.0379,28.35,68.42,0
0.2094,0.1188,28.35,68.43,0
0.3009,0.0914,28.12,68.42,1
0.3223,0.0215,27.83,68.41,1
0.2091,-0.1132,27.87,68.42,0
0.2522,0.0431,27.89,68.43,0
0.2764,0.0242,27.98,68.45,0
0.174,-0.1024,28.0,68.46,0
0.2249,0.0509,28.09,68.47,0
0.2491,0.0242,28.18,68.48,0
0.1517,-0.0974,28.29,68.49,0
0.0992,-0.0526,28.38,68.5,0
0.0696,-0.0295,28.4,68.5,0
0.0521,-0.0175,28.39,68.5,0
0.041,-0.0111,28.41,68.5,0
0.1535,0.1125,28.45,68.51,0
0.0941,-0.0594,28.5,68.52,0
0.0617,-0.0324,28.44,68.52,0
0.1908,0.1291,28.44,68.53,0
0.2453,0.0544,28.5,68.54,0
0.1529,-0.0924,28.49,68.55,0
0.2521,0.0992,28.48,68.56,0
0.2921,0.04,28.25,68.54,1
0.3267,0.0346,27.93,68.53,1
0.21,-0.1167,28.02,68.54,0
0.269,0.059,28.1,68.55,0
0.3147,0.0457,27.81,68.53,1
0.3347,0.02,27.65,68.52,1
0.3505,0.0158,27.37,68.51,1
0.3667,0.0162,27.31,68.5,1
0.4118,0.0451,27.24,68.49,1
0.4096,-0.0023,27.15,68.48,1
0.277,-0.1326,27.23,68.49,0
0.3175,0.0404,27.34,68.51,0
0.2164,-0.101,27.4,68.52,0
0.2973,0.0809,27.28,68.5,1
0.2026,-0.0947,27.06,68.48,1
0.1468,-0.0558,27.09,68.49,0
0.112,-0.0348,27.25,68.5,0
0.2238,0.1118,27.45,68.51,0
0.3044,0.0806,27.33,68.49,1
0.3148,0.0104,27.18,68.48,1
0.2031,-0.1118,27.29,68.49,0
0.2648,0.0617,27.41,68.5,0
0.1721,-0.0927,27.51,68.51,0
0.1192,-0.0529,27.59,68.52,0
0.2374,0.1182,27.7,68.53,0
0.1571,-0.0803,27.8,68.54,0
0.2253,0.0682,28.0,68.55,0
0.2827,0.0574,27.84,68.53,1
0.1795,-0.1032,27.63,68.51,1
0.1214,-0.0581,27.77,68.51,0
0.087,-0.0344,27.89,68.52,0
0.1805,0.0935,28.03,68.53,0
0.2351,0.0547,28.14,68.54,0
0.3359,0.1007,27.85,68.52,1
0.2176,-0.1183,27.71,68.5,1
0.2769,0.0593,27.84,68.52,0
0.1799,-0.0969,27.86,68.53,0
0.2539,0.0739,28.02,68.54,0
0.1637,-0.0902,28.1,68.55,0
0.1118,-0.0519,28.12,68.55,0
0.0804,-0.0314,28.24,68.55,0
0.1652,0.0849,28.25,68.56,0
0.2229,0.0577,28.37,68.57,0
0.282,0.0592,28.14,68.55,1
0.3471,0.0651,27.91,68.54,1
0.3418,-0.0053,27.7,68.53,1
0.338,-0.0038,27.53,68.51,1
0.2157,-0.1223,27.69,68.52,0
0.2795,0.0638,27.77,68.54,0
0.3145,0.035,27.61,68.52,1
0.2034,-0.1111,27.44,68.5,1
0.1403,-0.0631,27.48,68.51,0
0.1025,-0.0378,27.56,68.51,0
0.2235,0.121,27.59,68.52,0
0.1483,-0.0752,27.68,68.53,0
0.1045,-0.0438,27.81,68.54,0
0.1925,0.088,27.9,68.54,0
0.2453,0.0528,27.94,68.56,0
0.2987,0.0534,27.72,68.54,1
0.1893,-0.1094,27.61,68.52,1
0.2707,0.0814,27.79,68.53,0
0.3313,0.0606,27.88,68.55,0
0.3648,0.0335,27.66,68.54,1
0.2431,-0.1218,27.45,68.52,1
0.3154,0.0723,27.34,68.5,1
0.2141,-0.1013,27.42,68.51,0
0.1544,-0.0596,27.5,68.52,0
0.1172,-0.0372,27.47,68.53,0
0.0924,-0.0248,27.56,68.53,0
0.1849,0.0925,27.67,68.54,0
0.2489,0.064,27.73,68.55,0
0.1569,-0.092,27.78,68.56,0
0.2457,0.0889,27.92,68.57,0
0.2698,0.0241,27.96,68.58,0
0.2898,0.02,27.84,68.56,1
0.1805,-0.1093,27.72,68.54,1
0.1203,-0.0602,27.76,68.55,0
0.2157,0.0953,27.83,68.56,0
0.1385,-0.0771,27.88,68.56,0
0.095,-0.0435,27.92,68.57,0
0.1892,0.0941,27.97,68.57,0
0.1188,-0.0703,28.03,68.58,0
0.0797,-0.0392,28.0,68.58,0
0.1668,0.0871,28.05,68.59,0
0.1007,-0.0661,28.08,68.59,0
0.0648,-0.0359,28.09,68.59,0
0.0445,-0.0203,28.07,68.59,0
0.1349,0.0904,28.1,68.6,0
0.2306,0.0957,28.12,68.61,0
0.1395,-0.0912,28.1,68.61,0
0.0895,-0.05,28.13,68.61,0
0.0609,-0.0286,28.13,68.61,0
0.1812,0.1203,28.19,68.62,0
0.2506,0.0694,28.22,68.63,0
0.157,-0.0937,28.2,68.64,0
0.105,-0.052,28.23,68.64,0
0.0747,-0.0303,28.25,68.64,0
0.1761,0.1014,28.24,68.65,0
0.253,0.0769,28.36,68.66,0
0.16,-0.093,28.4,68.66,0
0.1084,-0.0516,28.43,68.66,0
0.2034,0.095,28.45,68.67,0
0.2656,0.0622,28.55,68.68,0
0.3002,0.0346,28.31,68.66,1
0.1918,-0.1084,28.06,68.64,1
0.1316,-0.0603,28.2,68.64,0
0.0963,-0.0352,28.2,68.64,0
0.0744,-0.0219,28.19,68.64,0
0.0599,-0.0146,28.25,68.64,0
0.0495,-0.0103,28.3,68.64,0
0.1518,0.1022,28.43,68.65,0
0.2484,0.0966,28.53,68.66,0
0.1561,-0.0922,28.62,68.66,0
0.1047,-0.0515,28.6,68.66,0
0.2171,0.1124,28.54,68.67,0
0.2543,0.0372,28.67,68.68,0
0.2984,0.0441,28.44,68.66,1
0.1878,-0.1106,28.26,68.64,1
0.2384,0.0507,28.41,68.65,0
0.2591,0.0207,28.38,68.66,0
0.2937,0.0346,28.13,68.64,1
0.2962,0.0025,27.96,68.62,1
0.3107,0.0146,27.79,68.6,1
0.1926,-0.1182,27.85,68.61,0
0.1272,-0.0654,27.85,68.62,0
0.0894,-0.0378,27.9,68.62,0
0.0663,-0.0231,27.91,68.62,0
0.0513,-0.015,27.92,68.62,0
0.1659,0.1146,28.04,68.63,0
0.23,0.0641,28.12,68.63,0
0.1416,-0.0884,28.21,68.64,0
0.0933,-0.0483,28.21,68.64,0
0.0658,-0.0275,28.31,68.64,0
0.1767,0.1109,28.42,68.65,0
0.1105,-0.0662,28.39,68.65,0
0.0738,-0.0367,28.33,68.65,0
0.0524,-0.0213,28.35,68.65,0
0.0393,-0.0131,28.4,68.65,0
0.1357,0.0964,28.45,68.65,0
0.2059,0.0702,28.5,68.66,0
0.1208,-0.0852,28.54,68.66,0
0.1802,0.0595,28.63,68.67,0
0.1041,-0.0762,28.66,68.67,0
0.0637,-0.0404,28.63,68.67,0
0.0416,-0.0221,28.62,68.67,0
0.1465,0.1049,28.68,68.67,0
0.0854,-0.0611,28.63,68.67,0
0.1703,0.0849,28.55,68.68,0
0.0988,-0.0715,28.53,68.68,0
0.1655,0.0668,28.45,68.68,0
0.0934,-0.0721,28.43,68.69,0
0.173,0.0795,28.52,68.69,0
0.0989,-0.074,28.52,68.69,0
0.0596,-0.0393,28.47,68.69,0
0.1505,0.091,28.46,68.69,0
0.0858,-0.0648,28.58,68.7,0
0.0514,-0.0344,28.56,68.69,0
0.1401,0.0887,28.51,68.7,0
0.078,-0.0622,28.47,68.7,0
0.1604,0.0824,28.54,68.7,0
0.0899,-0.0705,28.53,68.7,0
0.1553,0.0654,28.58,68.71,0
0.0847,-0.0706,28.58,68.71,0
0.1556,0.0709,28.57,68.71,0
0.2089,0.0533,28.67,68.72,0
0.1177,-0.0912,28.7,68.72,0
0.2247,0.107,28.72,68.72,0
0.2847,0.06,28.45,68.7,1
0.1773,-0.1073,28.32,68.68,1
0.117,-0.0603,28.33,68.68,0
0.199,0.082,28.39,68.69,0
0.2479,0.0489,28.43,68.7,0
0.1513,-0.0965,28.48,68.7,0
0.0981,-0.0532,28.45,68.7,0
0.0674,-0.0307,28.51,68.7,0
0.0488,-0.0186,28.44,68.7,0
0.1719,0.123,28.48,68.7,0
0.2441,0.0722,28.52,68.71,0
0.1529,-0.0912,28.63,68.71,0
0.1025,-0.0504,28.57,68.72,0
0.1859,0.0833,28.65,68.72,0
0.1154,-0.0704,28.66,68.72,0
0.2042,0.0888,28.68,68.73,0
0.2612,0.057,28.72,68.74,0
0.3613,0.1001,28.46,68.72,1
0.2386,-0.1227,28.21,68.7,1
0.1674,-0.0712,28.31,68.7,0
0.1237,-0.0437,28.27,68.7,0
0.0953,-0.0284,28.3,68.7,0
0.1956,0.1003,28.36,68.71,0
0.1273,-0.0683,28.43,68.71,0
0.0883,-0.039,28.49,68.71,0
0.1873,0.099,28.44,68.72,0
0.1177,-0.0696,28.53,68.72,0
0.0789,-0.0389,28.44,68.72,0
0.0561,-0.0228,28.47,68.72,0
0.042,-0.0141,28.52,68.71,0
0.1402,0.0982,28.59,68.72,0
0.0822,-0.058,28.59,68.72,0
0.1712,0.089,28.6,68.72,0
0.1001,-0.0711,28.54,68.72,0
0.1645,0.0644,28.53,68.73,0
0.2468,0.0823,28.63,68.73,0
0.2842,0.0375,28.42,68.71,1
0.1738,-0.1104,28.19,68.69,1
0.2203,0.0465,28.27,68.69,0
0.251,0.0307,28.29,68.7,0
0.2863,0.0353,28.09,68.68,1
0.3031,0.0168,27.82,68.66,1
0.3152,0.0121,27.64,68.65,1
0.1968,-0.1184,27.69,68.65,0
0.2561,0.0594,27.76,68.66,0
0.1631,-0.0931,27.88,68.67,0
0.1107,-0.0524,27.92,68.67,0
0.0797,-0.031,27.94,68.67,0
0.1653,0.0856,27.99,68.68,0
0.1013,-0.064,28.0,68.68,0
0.2089,0.1075,28.12,68.68,0
0.1305,-0.0784,28.17,68.69,0
0.0866,-0.0438,28.21,68.69,0
0.1785,0.0919,28.12,68.69,0
0.1092,-0.0694,28.21,68.7,0
0.071,-0.0382,28.25,68.69,0
0.189,0.118,28.26,68.7,0
0.2456,0.0567,28.38,68.71,0
0.1516,-0.094,28.38,68.71,0
0.0998,-0.0519,28.36,68.71,0
0.1974,0.0976,28.36,68.72,0
0.2507,0.0534,28.38,68.73,0
0.276,0.0253,28.55,68.74,0
0.1716,-0.1044,28.6,68.74,0
0.1146,-0.057,28.58,68.74,0
0.082,-0.0326,28.61,68.74,0
0.1773,0.0953,28.69,68.74,0
0.1116,-0.0657,28.66,68.74,0
0.1879,0.0763,28.62,68.75,0
0.2492,0.0613,28.67,68.76,0
0.2861,0.0369,28.37,68.74,1
0.1783,-0.1078,28.19,68.71,1
0.119,-0.0594,28.17,68.71,0
0.2147,0.0958,28.28,68.72,0
0.1379,-0.0769,28.29,68.72,0
0.1995,0.0616,28.4,68.73,0
0.247,0.0475,28.43,68.73,0
0.1503,-0.0967,28.48,68.74,0
0.0975,-0.0528,28.47,68.74,0
0.0674,-0.03,28.49,68.74,0
0.1669,0.0995,28.48,68.74,0
0.2313,0.0643,28.54,68.75,0
0.1425,-0.0888,28.53,68.75,0
0.2019,0.0594,28.6,68.75,0
0.1231,-0.0787,28.58,68.75,0
0.0806,-0.0425,28.57,68.75,0
0.1792,0.0986,28.6,68.76,0
0.2529,0.0736,28.56,68.76,0
0.1573,-0.0956,28.63,68.77,0
0.1044,-0.0529,28.67,68.77,0
0.0738,-0.0307,28.63,68.77,0
0.18,0.1062,28.66,68.77,0
0.2493,0.0694,28.75,68.78,0
0.3057,0.0563,28.55,68.76,1
0.3164,0.0107,28.36,68.74,1
0.339,0.0225,28.23,68.72,1
0.3571,0.0182,27.98,68.7,1
0.3761,0.019,27.9,68.69,1
0.249,-0.1271,27.93,68.7,0
0.1763,-0.0727,27.97,68.7,0
0.1324,-0.0439,28.11,68.7,0
0.104,-0.0283,28.08,68.7,0
0.1945,0.0905,28.14,68.71,0
0.1283,-0.0662,28.15,68.71,0
0.0908,-0.0375,28.19,68.71,0
0.1833,0.0925,28.21,68.72,0
0.116,-0.0673,28.25,68.72,0
0.1988,0.0828,28.24,68.72,0
0.2709,0.0721,28.23,68.73,0
0.3083,0.0374,28.05,68.71,1
0.198,-0.1103,27.79,68.69,1
0.1365,-0.0615,27.9,68.69,0
0.1004,-0.0361,27.98,68.69,0
0.2003,0.1,28.13,68.7,0
0.2808,0.0804,27.9,68.68,1
0.3175,0.0368,27.75,68.66,1
0.3556,0.0381,27.64,68.65,1
0.3547,-0.0009,27.59,68.63,1
0.2342,-0.1205,27.75,68.64,0
0.2986,0.0644,27.86,68.65,0
0.3523,0.0537,27.61,68.64,1
0.2385,-0.1138,27.47,68.62,1
0.1728,-0.0658,27.67,68.62,0
0.1324,-0.0403,27.73,68.63,0
0.106,-0.0265,27.73,68.63,0
0.1899,0.0839,27.8,68.64,0
0.1256,-0.0643,27.82,68.64,0
0.1944,0.0688,27.82,68.65,0
0.2531,0.0586,27.93,68.66,0
0.2907,0.0377,27.75,68.64,1
0.306,0.0153,27.58,68.62,1
0.3085,0.0024,27.36,68.6,1
0.1956,-0.1128,27.53,68.61,0
0.1339,-0.0617,27.74,68.62,0
0.2111,0.0771,27.91,68.62,0
0.2823,0.0713,27.75,68.61,1
0.1832,-0.0992,27.6,68.58,1
0.1276,-0.0556,27.7,68.59,0
0.2222,0.0946,27.76,68.6,0
0.146,-0.0762,27.89,68.6,0
0.2202,0.0742,28.0,68.61,0
0.2788,0.0586,28.13,68.62,0
0.3574,0.0786,27.99,68.61,1
0.3637,0.0062,27.8,68.59,1
0.2395,-0.1242,27.92,68.6,0
0.2707,0.0312,28.02,68.62,0
0.2906,0.0199,27.84,68.6,1
0.1848,-0.1059,27.56,68.58,1
0.2682,0.0834,27.68,68.59,0
0.2878,0.0196,27.78,68.6,0
0.1827,-0.1051,27.89,68.61,0
0.229,0.0463,28.01,68.62,0
0.287,0.058,27.73,68.6,1
0.1811,-0.1058,27.45,68.58,1
0.2469,0.0658,27.58,68.59,0
0.3058,0.059,27.69,68.6,0
0.1971,-0.1088,27.71,68.61,0
0.1354,-0.0617,27.74,68.61,0
0.2235,0.0882,27.81,68.62,0
0.2991,0.0756,27.7,68.6,1
0.3158,0.0166,27.54,68.59,1
0.2034,-0.1123,27.6,68.6,0
0.1401,-0.0633,27.65,68.6,0
0.1026,-0.0376,27.79,68.6,0
0.0789,-0.0237,27.83,68.61,0
0.1805,0.1016,27.92,68.61,0
0.1156,-0.0649,27.97,68.62,0
0.0793,-0.0363,28.03,68.62,0
0.0578,-0.0214,28.06,68.62,0
0.1519,0.0941,28.17,68.62,0
0.2076,0.0556,28.22,68.63,0
0.1222,-0.0854,28.25,68.64,0
0.1841,0.0619,28.4,68.64,0
0.2342,0.0501,28.44,68.65,0
0.2836,0.0495,28.33,68.63,1
0.2938,0.0102,28.17,68.61,1
0.1795,-0.1143,28.18,68.62,0
0.2417,0.0622,28.18,68.63,0
0.2852,0.0434,27.9,68.61,1
0.3202,0.0351,27.74,68.6,1
0.2041,-0.1161,27.78,68.6,0
0.1389,-0.0652,27.86,68.61,0
0.2229,0.084,27.95,68.62,0
0.2911,0.0683,27.77,68.6,1
0.188,-0.1031,27.52,68.58,1
0.2469,0.0589,27.67,68.59,0
0.1583,-0.0886,27.8,68.59,0
0.1082,-0.0501,27.96,68.6,0
0.2009,0.0927,28.09,68.61,0
0.1276,-0.0733,28.11,68.61,0
0.2263,0.0988,28.13,68.62,0
0.144,-0.0824,28.16,68.62,0
0.0973,-0.0467,28.22,68.63,0
0.197,0.0997,28.36,68.63,0
0.2709,0.0739,28.47,68.64,0
0.1709,-0.1,28.52,68.65,0
0.1144,-0.0565,28.52,68.65,0
0.2059,0.0915,28.57,68.66,0
0.1299,-0.076,28.54,68.66,0
0.1995,0.0696,28.45,68.67,0
0.1216,-0.078,28.54,68.67,0
0.2061,0.0845,28.62,68.68,0
0.2653,0.0592,28.66,68.69,0
0.316,0.0507,28.42,68.67,1
0.3595,0.0435,28.24,68.66,1
0.3676,0.0081,28.16,68.64,1
0.3895,0.0219,28.02,68.63,1
0.395,0.0055,27.81,68.62,1
0.2638,-0.1312,27.97,68.63,0
0.3204,0.0566,28.03,68.64,0
0.381,0.0606,27.96,68.63,1
0.2586,-0.1224,27.88,68.61,1
0.3238,0.0652,27.74,68.59,1
0.3655,0.0417,27.61,68.58,1
0.4189,0.0534,27.38,68.57,1
0.4298,0.0109,27.31,68.56,1
0.4315,0.0017,27.15,68.55,1
0.4378,0.0063,27.05,68.54,1
0.4294,-0.0084,26.91,68.53,1
0.4196,-0.0098,26.77,68.52,1
0.4339,0.0143,26.66,68.51,1
0.4666,0.0327,26.29,68.46,2
0.3235,-0.1431,25.87,68.41,2
0.238,-0.0855,26.06,68.42,0
0.3136,0.0756,26.3,68.44,0
0.3752,0.0616,26.25,68.43,1
0.4107,0.0355,26.21,68.42,1
0.2836,-0.1271,26.21,68.41,1
0.3557,0.0721,26.22,68.4,1
0.2486,-0.1071,26.4,68.41,0
0.3189,0.0704,26.6,68.43,0
0.344,0.0251,26.44,68.42,1
0.3759,0.0319,26.27,68.41,1
0.3812,0.0053,26.23,68.4,1
0.2538,-0.1274,26.41,68.42,0
0.32,0.0662,26.56,68.43,0
0.3744,0.0543,26.42,68.42,1
0.3986,0.0243,26.35,68.41,1
0.2722,-0.1265,26.59,68.43,0
0.3281,0.0559,26.87,68.45,0
0.3502,0.0221,26.72,68.44,1
0.35,-0.0001,26.63,68.42,1
0.35,-0.0001,26.47,68.41,1
0.229,-0.121,26.7,68.43,0
0.298,0.069,26.87,68.44,0
0.1996,-0.0984,26.91,68.45,0
0.2951,0.0955,26.87,68.44,1
0.3502,0.0551,26.79,68.43,1
0.3531,0.003,26.69,68.42,1
0.4016,0.0484,26.61,68.41,1
0.3992,-0.0023,26.54,68.4,1
0.3747,-0.0245,26.5,68.39,1
0.3581,-0.0166,26.49,68.38,1
0.2324,-0.1257,26.64,68.4,0
0.2661,0.0337,26.71,68.41,0
0.3171,0.051,26.67,68.4,1
0.2055,-0.1116,26.54,68.38,1
0.257,0.0515,26.72,68.4,0
0.3258,0.0688,26.87,68.41,0
0.3724,0.0466,26.79,68.41,1
0.406,0.0335,26.73,68.4,1
0.3866,-0.0194,26.59,68.39,1
0.2558,-0.1308,26.66,68.4,0
0.3476,0.0918,26.87,68.42,0
0.4051,0.0574,26.84,68.41,1
0.2784,-0.1267,26.84,68.4,1
0.3076,0.0292,26.78,68.39,1
0.3364,0.0289,26.74,68.38,1
0.3382,0.0018,26.6,68.37,1
0.3404,0.0021,26.52,68.36,1
0.3424,0.002,26.47,68.35,1
0.3827,0.0403,26.45,68.34,1
0.4002,0.0176,26.29,68.33,1
0.4007,0.0005,26.14,68.32,1
0.4005,-0.0002,26.08,68.32,1
0.4223,0.0218,26.07,68.31,1
0.2856,-0.1367,26.09,68.3,1
0.2054,-0.0802,26.28,68.32,0
0.3081,0.1027,26.51,68.33,0
0.3626,0.0545,26.38,68.33,1
0.385,0.0224,26.25,68.32,1
0.2609,-0.1241,26.6,68.34,0
0.3205,0.0597,26.77,68.35,0
0.357,0.0365,26.71,68.35,1
0.396,0.039,26.67,68.34,1
0.384,-0.012,26.61,68.33,1
0.4013,0.0173,26.53,68.32,1
0.3982,-0.003,26.45,68.32,1
0.41,0.0118,26.35,68.31,1
0.4229,0.0129,26.24,68.31,1
0.4639,0.041,25.89,68.26,2
0.3203,-0.1437,25.57,68.21,2
0.3469,0.0266,25.53,68.21,1
0.3818,0.0349,25.56,68.2,1
0.261,-0.1208,25.8,68.22,0
0.3698,0.1088,26.07,68.25,0
0.4073,0.0375,26.03,68.24,1
0.4352,0.0279,26.0,68.24,1
0.4368,0.0016,25.96,68.24,1
0.3017,-0.1351,25.99,68.23,1
0.334,0.0323,26.03,68.22,1
0.231,-0.1031,26.18,68.23,0
0.2899,0.059,26.36,68.25,0
0.3123,0.0224,26.18,68.25,1
0.3347,0.0224,25.96,68.24,1
0.3686,0.0339,25.96,68.23,1
0.3954,0.0268,25.9,68.23,1
0.415,0.0196,25.94,68.22,1
0.4449,0.0299,25.94,68.22,1
0.4467,0.0017,26.06,68.22,1
0.4509,0.0042,25.69,68.18,2
0.4316,-0.0193,25.36,68.13,2
0.4218,-0.0099,25.38,68.13,1
0.4394,0.0177,25.37,68.13,1
0.4346,-0.0048,25.34,68.13,1
0.4909,0.0562,24.9,68.09,2
0.5266,0.0358,24.65,68.06,2
0.5578,0.0312,24.52,68.02,2
0.5864,0.0286,24.4,67.99,2
0.4222,-0.1642,24.5,67.99,1
0.512,0.0898,24.62,68.0,1
0.3752,-0.1368,24.71,68.0,1
0.4322,0.057,24.75,68.0,1
0.4519,0.0197,24.52,67.96,2
0.4481,-0.0038,24.33,67.93,2
0.4872,0.0391,24.12,67.89,2
0.5332,0.046,23.98,67.86,2
0.5562,0.023,23.86,67.83,2
0.517,-0.0392,23.81,67.8,2
0.5101,-0.0069,23.77,67.77,2
0.3575,-0.1526,23.96,67.77,1
0.407,0.0494,24.09,67.78,1
0.4442,0.0372,24.27,67.78,1
0.4604,0.0162,24.11,67.75,2
0.3196,-0.1408,23.94,67.71,2
0.3919,0.0723,24.19,67.72,1
0.3923,0.0004,24.32,67.72,1
0.3924,0.0001,24.43,67.73,1
0.4249,0.0324,24.51,67.73,1
0.2887,-0.1361,24.57,67.73,1
0.3556,0.0669,24.58,67.74,1
0.4065,0.0508,24.72,67.74,1
0.4467,0.0402,24.74,67.75,1
0.4581,0.0114,24.48,67.72,2
0.4791,0.021,24.33,67.69,2
0.3326,-0.1464,24.44,67.69,1
0.3466,0.014,24.46,67.69,1
0.3587,0.0121,24.4,67.7,1
0.4017,0.043,24.51,67.7,1
0.4315,0.0298,24.65,67.71,1
0.4346,0.0032,24.84,67.72,1
0.4504,0.0158,24.67,67.69,2
0.3108,-0.1396,24.44,67.65,2
0.3679,0.0571,24.47,67.65,1
0.4244,0.0565,24.65,67.66,1
0.4669,0.0425,24.42,67.63,2
0.4969,0.03,24.11,67.61,2
0.5033,0.0064,23.95,67.58,2
0.5194,0.0162,23.91,67.55,2
0.5115,-0.0079,23.77,67.53,2
0.4779,-0.0336,23.66,67.5,2
0.4658,-0.0121,23.58,67.47,2
0.4889,0.0231,23.58,67.45,2
0.4751,-0.0137,23.5,67.42,2
0.4787,0.0036,23.4,67.4,2
0.5174,0.0387,23.21,67.38,2
0.5564,0.039,23.24,67.36,2
0.535,-0.0214,23.11,67.34,2
0.5357,0.0007,23.03,67.32,2
0.5311,-0.0046,23.03,67.3,2
0.5423,0.0112,22.96,67.28,2
0.5833,0.041,22.95,67.26,2
0.4183,-0.165,23.16,67.28,1
0.3151,-0.1032,23.36,67.29,1
0.359,0.0439,23.65,67.3,1
0.3932,0.0342,23.79,67.31,1
0.4344,0.0412,24.0,67.33,1
0.4836,0.0492,23.91,67.31,2
0.4999,0.0163,23.79,67.29,2
0.486,-0.0139,23.59,67.26,2
0.466,-0.02,23.47,67.24,2
0.4826,0.0166,23.4,67.22,2
0.4683,-0.0143,23.27,67.2,2
0.471,0.0026,23.2,67.18,2
0.3269,-0.1441,23.47,67.19,1
0.3831,0.0562,23.8,67.21,1
0.4196,0.0365,23.98,67.22,1
0.4451,0.0255,24.24,67.24,1
0.4528,0.0077,24.01,67.22,2
0.453,0.0001,23.84,67.2,2
0.4894,0.0364,23.68,67.18,2
0.5208,0.0314,23.57,67.16,2
0.5033,-0.0175,23.49,67.14,2
0.4953,-0.0081,23.4,67.13,2
0.5005,0.0053,23.32,67.11,2
0.5072,0.0066,23.2,67.09,2
