OCI,delta_OCI,temp_indoor,humi_indoor,ac_mode_class
0.135,0.135,27.84,60.15,1
0.234,0.099,27.64,60.3,1
0.322,0.088,27.55,60.45,1
0.3197,-0.0023,27.35,60.59,1
0.3475,0.0277,27.24,60.74,1
0.3825,0.035,27.1,60.88,1
0.3977,0.0152,27.03,61.02,1
0.3989,0.0012,26.97,61.16,1
0.412,0.0131,26.93,61.3,1
0.4863,0.0743,26.53,61.4,2
0.4805,-0.0058,26.08,61.5,2
0.48,-0.0005,25.75,61.59,2
0.4663,-0.0136,25.47,61.68,2
0.4899,0.0236,25.16,61.77,2
0.4866,-0.0033,24.83,61.86,2
0.4914,0.0048,24.55,61.95,2
0.4762,-0.0152,24.39,62.03,2
0.4645,-0.0116,24.2,62.12,2
0.4566,-0.0079,24.1,62.2,2
0.4696,0.013,23.96,62.28,2
0.5065,0.0369,23.78,62.36,2
0.5396,0.0331,23.7,62.44,2
0.5856,0.0461,23.54,62.52,2
0.6076,0.022,23.43,62.6,2
0.6455,0.0379,23.36,62.68,2
0.6498,0.0042,23.33,62.76,2
0.6519,0.0022,23.18,62.83,2
0.6423,-0.0097,23.17,62.91,2
0.5917,-0.0506,23.22,62.98,2
0.5585,-0.0332,23.06,63.05,2
0.5212,-0.0372,23.04,63.11,2
0.5536,0.0323,23.08,63.18,2
0.5627,0.0092,23.0,63.24,2
0.5802,0.0175,22.89,63.31,2
0.6172,0.037,22.83,63.37,2
0.5994,-0.0178,22.81,63.43,2
0.5878,-0.0116,22.76,63.5,2
0.5902,0.0024,22.73,63.56,2
0.5899,-0.0003,22.68,63.61,2
0.5823,-0.0076,22.74,63.67,2
0.5862,0.0039,22.75,63.73,2
0.5775,-0.0087,22.69,63.78,2
0.5678,-0.0097,22.71,63.83,2
0.5698,0.002,22.78,63.89,2
0.5829,0.013,22.77,63.94,2
0.5802,-0.0026,22.77,63.99,2
0.5487,-0.0315,22.75,64.03,2
0.5753,0.0266,22.62,64.08,2
0.538,-0.0373,22.61,64.13,2
0.5261,-0.0119,22.62,64.17,2
0.5188,-0.0073,22.6,64.21,2
0.5334,0.0146,22.56,64.26,2
0.5458,0.0124,22.57,64.3,2
0.5694,0.0236,22.55,64.34,2
0.5683,-0.0011,22.67,64.38,2
0.5561,-0.0122,22.66,64.42,2
0.5534,-0.0026,22.67,64.46,2
0.5564,0.003,22.75,64.5,2
0.5832,0.0267,22.73,64.54,2
0.5518,-0.0314,22.73,64.58,2
0.5421,-0.0097,22.65,64.61,2
0.5068,-0.0353,22.69,64.65,2
0.5092,0.0024,22.68,64.68,2
0.4837,-0.0255,22.68,64.71,2
0.5087,0.025,22.58,64.74,2
0.5452,0.0365,22.63,64.77,2
0.5706,0.0254,22.6,64.81,2
0.5931,0.0226,22.63,64.84,2
0.5505,-0.0426,22.63,64.87,2
0.5554,0.0049,22.72,64.9,2
0.5837,0.0282,22.7,64.93,2
0.5642,-0.0194,22.68,64.96,2
0.4036,-0.1606,22.93,65.02,1
0.4614,0.0578,23.22,65.08,1
0.5096,0.0482,23.08,65.11,2
0.5766,0.0669,22.97,65.13,2
0.5845,0.008,22.9,65.16,2
0.5965,0.012,22.85,65.19,2
0.578,-0.0185,22.85,65.21,2
0.5872,0.0092,22.79,65.24,2
0.6261,0.0389,22.89,65.26,2
0.656,0.0299,22.95,65.29,2
0.6377,-0.0183,22.95,65.32,2
0.6104,-0.0273,22.91,65.34,2
0.6194,0.009,22.91,65.37,2
0.662,0.0426,22.91,65.39,2
0.643,-0.019,22.85,65.42,2
0.6505,0.0074,22.87,65.44,2
0.6693,0.0189,22.88,65.47,2
0.6549,-0.0144,22.83,65.49,2
0.6378,-0.0171,22.79,65.51,2
0.6353,-0.0025,22.7,65.53,2
0.6513,0.016,22.68,65.55,2
0.6689,0.0176,22.84,65.58,2
0.6514,-0.0176,22.83,65.6,2
0.6424,-0.009,22.79,65.62,2
0.647,0.0046,22.86,65.64,2
0.5896,-0.0574,22.88,65.65,2
0.6127,0.0231,22.86,65.67,2
0.6349,0.0222,22.84,65.69,2
0.6273,-0.0076,22.87,65.71,2
0.585,-0.0423,22.85,65.72,2
0.5564,-0.0286,22.84,65.74,2
0.5739,0.0175,22.88,65.75,2
0.5549,-0.019,22.85,65.76,2
0.5514,-0.0036,22.86,65.78,2
0.5164,-0.035,22.82,65.79,2
0.4974,-0.019,22.79,65.8,2
0.5415,0.0441,22.77,65.81,2
0.565,0.0234,22.83,65.82,2
0.622,0.057,22.9,65.83,2
0.5863,-0.0357,22.87,65.85,2
0.5662,-0.0201,22.78,65.86,2
0.5667,0.0006,22.64,65.87,2
0.5836,0.0168,22.65,65.88,2
0.6085,0.0249,22.71,65.89,2
0.5849,-0.0236,22.7,65.9,2
0.5626,-0.0223,22.75,65.91,2
0.5889,0.0263,22.76,65.93,2
0.4215,-0.1674,23.06,65.97,1
0.4215,0.0,23.2,66.01,1
0.4735,0.052,23.22,66.01,2
0.5365,0.063,23.09,66.02,2
0.5813,0.0448,23.12,66.03,2
0.6145,0.0332,23.1,66.04,2
0.5762,-0.0383,23.1,66.05,2
0.5725,-0.0037,23.06,66.05,2
0.5699,-0.0026,23.01,66.06,2
0.571,0.001,23.14,66.07,2
0.5572,-0.0138,23.05,66.08,2
0.572,0.0149,22.98,66.08,2
0.5964,0.0244,22.96,66.09,2
0.6271,0.0306,22.95,66.1,2
0.6308,0.0038,22.99,66.11,2
0.6283,-0.0025,22.93,66.12,2
0.6488,0.0205,22.94,66.13,2
0.6648,0.016,22.92,66.14,2
0.6749,0.0101,23.04,66.15,2
0.6539,-0.0209,22.98,66.16,2
0.6447,-0.0092,22.97,66.17,2
0.6304,-0.0143,22.92,66.18,2
0.6347,0.0043,22.91,66.19,2
0.648,0.0133,22.88,66.19,2
0.631,-0.017,22.78,66.2,2
0.6287,-0.0023,22.88,66.21,2
0.6558,0.0271,22.96,66.22,2
0.6849,0.0291,22.96,66.23,2
0.6572,-0.0276,22.97,66.24,2
0.6793,0.0221,22.94,66.25,2
0.71,0.0307,23.01,66.26,2
0.7386,0.0286,23.07,66.27,2
0.7339,-0.0047,23.14,66.28,2
0.6923,-0.0416,23.07,66.29,2
0.7094,0.0171,23.11,66.3,2
0.692,-0.0174,23.09,66.31,2
0.6896,-0.0024,23.06,66.32,2
0.6702,-0.0194,23.05,66.32,2
0.6533,-0.0169,23.1,66.33,2
0.6706,0.0173,23.09,66.34,2
0.6521,-0.0186,23.08,66.34,2
0.6774,0.0253,23.07,66.35,2
0.6696,-0.0078,23.06,66.35,2
0.6926,0.0231,23.03,66.36,2
0.6931,0.0004,23.08,66.37,2
0.7067,0.0136,23.07,66.38,2
0.6875,-0.0192,23.07,66.38,2
0.6948,0.0073,23.07,66.39,2
0.664,-0.0308,23.07,66.4,2
0.6922,0.0282,23.03,66.4,2
0.6916,-0.0006,23.03,66.41,2
0.7156,0.024,23.11,66.42,2
0.6449,-0.0708,23.01,66.42,2
0.6045,-0.0404,22.95,66.42,2
0.599,-0.0055,22.96,66.42,2
0.6335,0.0345,22.88,66.43,2
0.6449,0.0114,22.83,66.43,2
0.6226,-0.0223,22.82,66.43,2
0.6172,-0.0054,22.8,66.44,2
0.6188,0.0016,22.77,66.44,2
0.6099,-0.0089,22.69,66.44,2
0.6518,0.0419,22.7,66.44,2
0.6653,0.0136,22.75,66.45,2
0.6242,-0.0411,22.76,66.45,2
0.6267,0.0025,22.86,66.45,2
0.6673,0.0406,22.85,66.46,2
0.6422,-0.0251,22.84,66.46,2
0.6226,-0.0196,22.82,66.46,2
0.641,0.0184,22.79,66.47,2
0.6438,0.0028,22.79,66.47,2
0.6714,0.0276,22.77,66.47,2
0.6541,-0.0173,22.72,66.48,2
0.659,0.0048,22.77,66.48,2
0.6822,0.0232,22.78,66.48,2
0.707,0.0248,22.79,66.49,2
0.7032,-0.0038,22.86,66.49,2
0.7372,0.034,22.79,66.5,2
0.7576,0.0204,22.86,66.51,2
0.6868,-0.0708,22.92,66.51,2
0.7098,0.023,22.89,66.52,2
0.6971,-0.0127,22.81,66.52,2
0.6898,-0.0074,22.88,66.53,2
0.7194,0.0297,22.91,66.53,2
0.725,0.0056,22.85,66.54,2
0.7245,-0.0005,22.83,66.54,2
0.6751,-0.0494,22.92,66.55,2
0.6642,-0.0108,22.97,66.55,2
0.6683,0.0041,22.97,66.55,2
0.6477,-0.0206,22.9,66.55,2
0.6786,0.0309,22.79,66.56,2
0.7085,0.0299,22.82,66.56,2
0.6923,-0.0162,22.81,66.56,2
0.6602,-0.0321,22.89,66.56,2
0.6127,-0.0475,22.92,66.56,2
0.6103,-0.0024,22.95,66.56,2
0.5748,-0.0355,22.96,66.56,2
0.6114,0.0366,22.97,66.56,2
0.5809,-0.0305,23.01,66.56,2
0.6007,0.0197,22.98,66.56,2
0.6078,0.0071,22.95,66.56,2
0.6406,0.0328,22.84,66.56,2
0.6352,-0.0054,22.83,66.56,2
0.6447,0.0096,22.88,66.56,2
0.6212,-0.0236,22.85,66.56,2
0.6615,0.0403,22.81,66.56,2
0.6548,-0.0067,22.85,66.56,2
0.6818,0.0271,22.81,66.57,2
0.6592,-0.0227,22.8,66.57,2
0.6816,0.0225,22.95,66.57,2
0.6509,-0.0307,22.95,66.57,2
0.6325,-0.0184,22.92,66.57,2
0.6165,-0.016,22.98,66.57,2
0.5938,-0.0227,22.89,66.57,2
0.5671,-0.0267,22.89,66.57,2
0.5792,0.0121,22.86,66.56,2
0.5472,-0.032,22.81,66.56,2
0.565,0.0178,22.76,66.56,2
0.6055,0.0405,22.78,66.56,2
0.5937,-0.0119,22.79,66.55,2
0.6133,0.0197,22.8,66.55,2
0.6224,0.009,22.75,66.55,2
0.6547,0.0324,22.73,66.56,2
0.6867,0.032,22.78,66.56,2
0.6768,-0.0099,22.82,66.56,2
0.6837,0.0069,22.86,66.56,2
0.7067,0.023,22.85,66.57,2
0.7048,-0.0019,22.8,66.57,2
0.7157,0.0109,22.79,66.58,2
0.6893,-0.0264,22.81,66.58,2
0.6961,0.0068,22.78,66.58,2
0.6873,-0.0088,22.7,66.59,2
0.6796,-0.0077,22.68,66.59,2
0.7071,0.0275,22.63,66.59,2
0.7373,0.0302,22.79,66.6,2
0.7382,0.0008,22.79,66.6,2
0.7204,-0.0178,22.78,66.61,2
0.7165,-0.0039,22.77,66.61,2
0.7359,0.0194,22.84,66.61,2
0.731,-0.0049,22.81,66.62,2
0.7172,-0.0138,22.95,66.62,2
0.672,-0.0452,22.97,66.62,2
0.6822,0.0102,23.0,66.62,2
0.6873,0.0051,23.02,66.63,2
0.6871,-0.0001,23.06,66.63,2
0.677,-0.0101,23.1,66.63,2
0.6761,-0.0009,23.19,66.63,2
0.6772,0.0011,23.13,66.63,2
0.6488,-0.0284,23.18,66.63,2
0.6292,-0.0196,23.14,66.63,2
0.6505,0.0213,23.11,66.63,2
0.64,-0.0105,23.05,66.63,2
0.679,0.039,23.03,66.63,2
0.6635,-0.0154,22.96,66.63,2
0.6841,0.0206,22.91,66.63,2
0.697,0.0129,22.97,66.64,2
0.7287,0.0316,22.94,66.64,2
0.7657,0.037,22.94,66.64,2
0.7368,-0.0289,22.96,66.65,2
0.747,0.0102,23.03,66.65,2
0.7546,0.0076,23.07,66.66,2
0.7502,-0.0044,23.06,66.66,2
0.7414,-0.0087,23.06,66.67,2
0.7486,0.0071,23.04,66.67,2
0.7683,0.0197,23.01,66.67,2
0.7724,0.0041,23.07,66.68,2
0.7574,-0.0151,23.11,66.68,2
0.7644,0.007,23.02,66.69,2
0.7601,-0.0043,23.02,66.69,2
0.7226,-0.0375,23.02,66.7,2
0.7376,0.015,23.02,66.7,2
0.7292,-0.0084,23.05,66.7,2
0.7417,0.0125,23.03,66.7,2
0.7208,-0.0209,22.99,66.71,2
0.6754,-0.0454,23.0,66.71,2
0.7014,0.026,23.04,66.71,2
0.719,0.0176,22.99,66.71,2
0.7348,0.0158,23.0,66.71,2
0.7247,-0.0102,23.06,66.71,2
0.7279,0.0032,23.04,66.71,2
0.6909,-0.037,23.03,66.72,2
0.7098,0.019,22.95,66.72,2
0.6838,-0.026,22.93,66.72,2
0.6701,-0.0137,22.92,66.72,2
0.7063,0.0362,22.94,66.72,2
0.7125,0.0062,22.9,66.72,2
0.7371,0.0246,22.97,66.72,2
0.7267,-0.0104,22.95,66.72,2
0.7375,0.0109,23.02,66.72,2
0.7494,0.0119,23.08,66.73,2
0.7477,-0.0018,23.15,66.73,2
0.7575,0.0098,23.18,66.73,2
0.7201,-0.0373,23.14,66.74,2
0.6999,-0.0202,23.17,66.74,2
0.7002,0.0002,23.04,66.74,2
0.7016,0.0015,22.96,66.74,2
0.7322,0.0305,22.98,66.74,2
0.7288,-0.0034,23.0,66.74,2
0.7551,0.0263,22.98,66.74,2
0.7693,0.0142,22.96,66.75,2
0.7827,0.0134,22.86,66.75,2
0.7764,-0.0063,22.93,66.75,2
0.7582,-0.0182,22.94,66.76,2
0.7749,0.0167,22.93,66.76,2
0.7677,-0.0072,22.9,66.76,2
0.7725,0.0048,22.96,66.77,2
0.7672,-0.0053,23.06,66.77,2
0.7524,-0.0148,23.04,66.77,2
0.7613,0.0089,23.08,66.77,2
0.7571,-0.0043,23.04,66.78,2
0.7289,-0.0282,23.06,66.78,2
0.7129,-0.016,23.02,66.78,2
0.7224,0.0095,23.0,66.78,2
0.6971,-0.0253,23.1,66.78,2
0.7202,0.0231,23.02,66.78,2
0.7341,0.0139,22.98,66.78,2
0.7435,0.0094,23.04,66.78,2
0.7489,0.0054,23.04,66.78,2
0.743,-0.0059,23.01,66.78,2
0.5459,-0.1971,22.9,66.78,2
0.6096,0.0637,22.84,66.77,2
0.668,0.0584,22.84,66.77,2
0.6815,0.0135,22.9,66.77,2
0.6903,0.0088,22.99,66.77,2
0.7079,0.0177,22.95,66.77,2
0.7342,0.0263,22.93,66.77,2
0.7311,-0.0032,22.89,66.77,2
0.738,0.0069,22.74,66.77,2
0.7185,-0.0195,22.78,66.77,2
0.6754,-0.0431,22.75,66.77,2
0.6985,0.0231,22.72,66.77,2
0.7111,0.0126,22.73,66.77,2
0.7187,0.0076,22.67,66.77,2
0.7006,-0.0181,22.68,66.77,2
0.7244,0.0238,22.73,66.77,2
0.7501,0.0256,22.77,66.77,2
0.7307,-0.0193,22.78,66.77,2
0.7175,-0.0132,22.91,66.77,2
0.696,-0.0216,22.92,66.77,2
0.7161,0.0202,22.93,66.77,2
0.7117,-0.0044,22.9,66.77,2
0.7052,-0.0066,22.96,66.77,2
0.7299,0.0247,23.04,66.77,2
0.7539,0.024,23.0,66.78,2
0.7601,0.0063,22.93,66.78,2
0.7492,-0.0109,22.91,66.78,2
0.7354,-0.0138,23.0,66.78,2
0.7636,0.0282,23.01,66.78,2
0.7728,0.0091,23.11,66.79,2
0.7679,-0.0048,23.05,66.79,2
0.7748,0.0069,22.99,66.79,2
0.7758,0.001,22.91,66.8,2
0.7281,-0.0477,22.97,66.8,2
0.7052,-0.0229,22.99,66.8,2
0.6948,-0.0104,22.94,66.8,2
0.7013,0.0065,22.94,66.79,2
0.662,-0.0394,22.87,66.79,2
0.6915,0.0296,22.88,66.79,2
0.7187,0.0272,22.89,66.79,2
0.7105,-0.0082,22.84,66.79,2
0.6807,-0.0298,22.9,66.79,2
0.7018,0.0212,22.88,66.79,2
0.7091,0.0072,22.86,66.79,2
0.7283,0.0192,22.93,66.79,2
0.7426,0.0143,22.97,66.79,2
0.717,-0.0256,22.78,66.79,2
0.732,0.015,22.85,66.79,2
0.7056,-0.0264,22.87,66.79,2
0.7077,0.002,22.93,66.79,2
0.7058,-0.0019,22.89,66.79,2
0.7057,-0.0001,22.92,66.79,2
0.7195,0.0139,22.96,66.79,2
0.6865,-0.0331,23.07,66.79,2
0.704,0.0175,23.12,66.79,2
0.719,0.015,23.08,66.79,2
0.7448,0.0258,23.08,66.79,2
0.7433,-0.0014,23.07,66.79,2
0.7545,0.0112,23.08,66.79,2
0.7024,-0.0521,23.03,66.79,2
0.6806,-0.0218,22.96,66.79,2
0.7005,0.0199,22.93,66.79,2
0.7408,0.0403,22.81,66.79,2
0.7745,0.0337,22.83,66.79,2
0.713,-0.0615,22.91,66.79,2
0.7297,0.0167,22.88,66.79,2
0.7259,-0.0038,22.83,66.79,2
0.7068,-0.019,22.81,66.79,2
0.7142,0.0073,22.83,66.79,2
0.7313,0.0172,22.77,66.79,2
0.746,0.0147,22.8,66.79,2
0.7584,0.0124,22.69,66.8,2
0.7092,-0.0492,22.64,66.8,2
0.7119,0.0027,22.72,66.8,2
0.6967,-0.0151,22.79,66.79,2
0.687,-0.0097,22.88,66.79,2
0.7007,0.0137,22.89,66.79,2
0.7039,0.0031,22.95,66.79,2
0.7069,0.003,22.93,66.79,2
0.7204,0.0134,22.94,66.79,2
0.7456,0.0252,23.01,66.79,2
0.755,0.0094,23.02,66.79,2
0.7655,0.0105,23.04,66.8,2
0.7735,0.008,23.13,66.8,2
0.7579,-0.0156,23.15,66.8,2
0.7806,0.0227,23.15,66.8,2
0.7698,-0.0108,23.17,66.81,2
0.7515,-0.0183,23.2,66.81,2
0.7595,0.008,23.21,66.81,2
0.7706,0.0112,23.18,66.81,2
0.7336,-0.037,23.16,66.81,2
0.7449,0.0113,23.11,66.81,2
0.7696,0.0247,23.12,66.82,2
0.7875,0.0179,23.04,66.82,2
0.7747,-0.0127,22.99,66.82,2
0.779,0.0043,22.95,66.82,2
0.7681,-0.0109,22.93,66.83,2
0.7736,0.0055,22.89,66.83,2
0.7984,0.0248,22.91,66.83,2
0.7894,-0.009,22.96,66.83,2
0.7564,-0.0329,22.99,66.84,2
0.7678,0.0114,22.88,66.84,2
0.7781,0.0103,22.86,66.84,2
0.7764,-0.0017,22.95,66.84,2
0.7989,0.0225,22.87,66.84,2
0.7695,-0.0294,22.97,66.85,2
0.7541,-0.0154,22.91,66.85,2
0.7641,0.0099,22.96,66.85,2
0.7614,-0.0027,22.93,66.85,2
0.751,-0.0104,22.98,66.85,2
0.7652,0.0142,22.95,66.85,2
0.7479,-0.0173,23.03,66.85,2
0.7564,0.0086,23.0,66.85,2
0.73,-0.0264,23.0,66.85,2
0.6998,-0.0302,23.02,66.85,2
0.6615,-0.0383,22.97,66.85,2
0.6765,0.015,23.01,66.84,2
0.6993,0.0228,23.01,66.84,2
0.7093,0.01,23.0,66.84,2
0.7479,0.0386,23.06,66.84,2
0.7642,0.0163,23.05,66.84,2
0.7548,-0.0094,23.06,66.84,2
0.7659,0.0111,23.16,66.84,2
0.7718,0.0058,23.14,66.85,2
0.777,0.0052,23.16,66.85,2
0.781,0.0041,23.12,66.85,2
0.7594,-0.0216,23.06,66.85,2
0.765,0.0056,23.13,66.85,2
0.781,0.0159,23.1,66.85,2
0.7747,-0.0062,23.11,66.86,2
0.7943,0.0196,23.11,66.86,2
0.7904,-0.0039,23.12,66.86,2
0.7967,0.0062,23.15,66.86,2
0.7948,-0.0019,23.08,66.87,2
0.7726,-0.0222,23.09,66.87,2
0.7874,0.0148,23.0,66.87,2
0.7679,-0.0195,23.04,66.87,2
0.7415,-0.0264,23.09,66.87,2
0.7667,0.0251,23.01,66.87,2
0.7118,-0.0548,23.01,66.87,2
0.7203,0.0085,22.97,66.87,2
0.7107,-0.0097,23.03,66.87,2
0.7323,0.0216,23.04,66.86,2
0.7343,0.0021,23.1,66.86,2
0.7302,-0.0042,23.09,66.86,2
0.7096,-0.0206,23.14,66.86,2
0.7197,0.0101,23.12,66.86,2
0.6942,-0.0255,23.06,66.86,2
0.7073,0.0131,23.07,66.86,2
0.7173,0.01,23.09,66.85,2
0.7398,0.0225,23.09,66.85,2
0.7486,0.0088,23.07,66.86,2
0.7299,-0.0187,23.05,66.85,2
0.7431,0.0132,23.0,66.85,2
0.7188,-0.0243,22.92,66.85,2
0.7156,-0.0031,23.03,66.85,2
0.7276,0.012,22.97,66.85,2
0.741,0.0133,22.95,66.85,2
0.7523,0.0113,23.11,66.85,2
0.7123,-0.04,23.13,66.85,2
0.6946,-0.0176,23.05,66.85,2
0.6912,-0.0034,23.09,66.85,2
0.7007,0.0095,22.96,66.84,2
0.7154,0.0147,22.95,66.84,2
0.7008,-0.0146,22.99,66.84,2
0.6973,-0.0035,22.98,66.84,2
0.706,0.0088,22.97,66.84,2
0.7085,0.0025,22.96,66.84,2
0.7281,0.0196,22.94,66.84,2
0.7647,0.0365,22.98,66.84,2
0.7193,-0.0454,22.89,66.84,2
0.7355,0.0162,22.93,66.84,2
0.744,0.0085,22.89,66.84,2
0.7302,-0.0138,22.85,66.84,2
0.7405,0.0103,22.87,66.84,2
0.7483,0.0078,22.82,66.84,2
0.6914,-0.0569,22.9,66.84,2
0.709,0.0177,22.91,66.83,2
0.6914,-0.0176,22.85,66.83,2
0.7013,0.0099,22.86,66.83,2
0.7095,0.0082,22.88,66.83,2
0.7049,-0.0046,22.95,66.83,2
0.7183,0.0134,22.88,66.83,2
0.6929,-0.0254,22.89,66.83,2
0.7012,0.0083,22.83,66.82,2
0.686,-0.0152,22.75,66.82,2
0.6882,0.0022,22.77,66.82,2
0.6914,0.0032,22.75,66.82,2
0.7237,0.0323,22.76,66.82,2
0.699,-0.0247,22.68,66.82,2
0.7117,0.0127,22.62,66.82,2
0.7294,0.0176,22.6,66.82,2
0.7356,0.0063,22.64,66.82,2
0.7334,-0.0023,22.59,66.82,2
0.7144,-0.0189,22.61,66.82,2
0.7291,0.0146,22.65,66.82,2
0.7157,-0.0134,22.66,66.82,2
0.7389,0.0233,22.68,66.82,2
0.7618,0.0229,22.71,66.82,2
0.7536,-0.0082,22.73,66.82,2
0.7706,0.017,22.73,66.82,2
0.7452,-0.0253,22.8,66.82,2
0.7535,0.0083,22.78,66.82,2
0.7723,0.0188,22.89,66.83,2
0.7811,0.0088,22.88,66.83,2
0.7407,-0.0404,22.92,66.83,2
0.7197,-0.021,22.94,66.83,2
0.6775,-0.0422,22.91,66.83,2
0.6985,0.021,22.97,66.82,2
0.6731,-0.0254,22.96,66.82,2
0.663,-0.0101,22.93,66.82,2
0.6719,0.0089,22.88,66.82,2
0.6829,0.011,22.88,66.81,2
0.7006,0.0177,22.9,66.81,2
0.6923,-0.0083,22.86,66.81,2
0.712,0.0197,22.95,66.81,2
0.7282,0.0161,22.97,66.81,2
0.7162,-0.012,22.96,66.81,2
0.7155,-0.0006,22.95,66.81,2
0.703,-0.0125,22.96,66.81,2
0.7203,0.0173,22.98,66.81,2
0.7348,0.0145,23.04,66.81,2
0.6875,-0.0473,23.02,66.81,2
0.6667,-0.0207,22.97,66.8,2
0.6656,-0.0011,22.9,66.8,2
0.6759,0.0103,22.85,66.8,2
0.6928,0.017,22.94,66.8,2
0.7343,0.0414,22.93,66.8,2
0.7606,0.0263,22.85,66.8,2
0.7466,-0.014,22.96,66.8,2
0.7528,0.0062,23.06,66.8,2
0.7666,0.0138,22.93,66.81,2
0.7829,0.0163,22.98,66.81,2
0.785,0.0021,22.99,66.81,2
0.793,0.008,22.96,66.82,2
0.8138,0.0208,22.94,66.82,2
0.8139,0.0001,22.95,66.82,2
0.8123,-0.0016,23.0,66.83,2
0.7843,-0.028,22.94,66.83,2
0.782,-0.0022,22.98,66.83,2
0.7653,-0.0168,22.93,66.83,2
0.7465,-0.0188,22.95,66.84,2
0.7467,0.0002,22.97,66.84,2
0.7574,0.0106,23.01,66.84,2
0.7672,0.0098,23.04,66.84,2
0.721,-0.0462,23.02,66.84,2
0.6831,-0.0379,22.99,66.84,2
0.7034,0.0204,22.98,66.83,2
0.7364,0.033,22.96,66.83,2
0.7063,-0.0301,22.98,66.83,2
0.6938,-0.0125,22.94,66.83,2
0.6811,-0.0127,22.86,66.83,2
0.6963,0.0152,22.82,66.83,2
0.7127,0.0163,22.85,66.83,2
0.7033,-0.0094,22.86,66.82,2
0.7271,0.0238,22.85,66.82,2
0.7542,0.0271,22.92,66.83,2
0.7576,0.0034,22.9,66.83,2
0.7239,-0.0337,22.88,66.83,2
0.7006,-0.0233,22.89,66.82,2
0.7072,0.0065,22.85,66.82,2
0.7025,-0.0046,22.83,66.82,2
0.7094,0.0069,22.83,66.82,2
0.7407,0.0313,22.84,66.82,2
0.7038,-0.037,22.81,66.82,2
0.7232,0.0194,22.84,66.82,2
0.7601,0.0369,22.83,66.82,2
0.7116,-0.0486,22.85,66.82,2
0.6576,-0.0539,22.78,66.82,2
0.6476,-0.01,22.83,66.81,2
0.6608,0.0132,22.86,66.81,2
0.6709,0.0101,22.84,66.81,2
0.6965,0.0255,22.74,66.81,2
0.707,0.0105,22.78,66.81,2
0.7275,0.0205,22.81,66.81,2
0.7092,-0.0183,22.88,66.81,2
0.7004,-0.0088,22.84,66.8,2
0.7046,0.0042,22.9,66.8,2
0.6786,-0.026,22.85,66.8,2
0.7108,0.0323,22.82,66.8,2
0.7154,0.0046,22.76,66.8,2
0.7183,0.0028,22.73,66.8,2
0.7159,-0.0024,22.77,66.8,2
0.6839,-0.032,22.85,66.8,2
0.6781,-0.0058,22.9,66.8,2
0.6739,-0.0042,22.89,66.79,2
0.7037,0.0297,22.99,66.79,2
0.7365,0.0328,22.97,66.79,2
0.7138,-0.0227,22.93,66.79,2
0.7051,-0.0087,22.89,66.79,2
0.7013,-0.0037,22.91,66.79,2
0.6597,-0.0417,22.99,66.79,2
0.6601,0.0004,22.96,66.79,2
0.6639,0.0038,22.99,66.78,2
0.6732,0.0093,22.98,66.78,2
0.6852,0.012,22.95,66.78,2
0.6763,-0.0089,22.88,66.78,2
0.6603,-0.016,22.87,66.78,2
0.6568,-0.0035,22.87,66.77,2
0.6545,-0.0023,22.84,66.77,2
0.6992,0.0448,22.96,66.77,2
0.7169,0.0177,22.89,66.77,2
0.719,0.0021,22.94,66.77,2
0.7035,-0.0155,22.83,66.77,2
0.7249,0.0214,22.8,66.77,2
0.7267,0.0018,22.73,66.77,2
0.7248,-0.0019,22.69,66.77,2
0.7064,-0.0184,22.71,66.77,2
0.6984,-0.008,22.7,66.77,2
0.6926,-0.0058,22.65,66.77,2
0.716,0.0235,22.65,66.77,2
0.724,0.008,22.67,66.77,2
0.708,-0.016,22.68,66.77,2
0.6987,-0.0093,22.73,66.77,2
0.6471,-0.0516,22.73,66.77,2
0.65,0.0029,22.79,66.77,2
0.6584,0.0084,22.75,66.76,2
0.6517,-0.0068,22.82,66.76,2
0.647,-0.0046,22.78,66.76,2
0.6443,-0.0028,22.79,66.76,2
0.6317,-0.0126,22.93,66.75,2
0.6437,0.012,22.95,66.75,2
0.6571,0.0134,22.84,66.75,2
0.6771,0.0201,22.79,66.75,2
0.6762,-0.001,22.86,66.75,2
0.6951,0.0189,22.86,66.75,2
0.6614,-0.0337,22.87,66.74,2
0.6758,0.0144,22.78,66.74,2
0.6868,0.011,22.74,66.74,2
0.722,0.0352,22.73,66.74,2
0.7069,-0.0151,22.7,66.74,2
0.7124,0.0055,22.68,66.74,2
0.7204,0.0081,22.67,66.75,2
0.7212,0.0007,22.73,66.75,2
0.7227,0.0015,22.77,66.75,2
0.7501,0.0275,22.79,66.75,2
0.7489,-0.0013,22.9,66.75,2
0.7038,-0.045,22.93,66.75,2
0.6576,-0.0462,22.99,66.75,2
0.6259,-0.0317,22.93,66.75,2
0.634,0.0081,22.94,66.74,2
0.664,0.03,22.9,66.74,2
0.6525,-0.0115,22.88,66.74,2
0.6388,-0.0137,22.8,66.74,2
0.6115,-0.0273,22.84,66.73,2
0.6404,0.0289,22.88,66.73,2
0.6361,-0.0043,22.99,66.73,2
0.6439,0.0078,22.93,66.72,2
0.6264,-0.0176,22.9,66.72,2
0.6305,0.0042,22.93,66.72,2
0.6027,-0.0279,22.96,66.71,2
0.6068,0.0042,22.86,66.71,2
0.6126,0.0058,22.81,66.71,2
0.613,0.0004,22.8,66.7,2
0.643,0.03,22.83,66.7,2
0.6738,0.0308,22.78,66.7,2
0.6338,-0.04,22.79,66.7,2
0.6444,0.0106,22.76,66.7,2
0.6381,-0.0063,22.82,66.7,2
0.62,-0.0181,22.86,66.69,2
0.5801,-0.0399,22.83,66.69,2
0.6101,0.03,22.78,66.68,2
0.6275,0.0174,22.88,66.68,2
0.6546,0.0271,22.87,66.68,2
0.655,0.0003,22.94,66.68,2
0.6628,0.0078,22.99,66.68,2
0.6989,0.0362,22.91,66.68,2
0.7399,0.041,22.95,66.68,2
0.6914,-0.0485,22.94,66.69,2
0.637,-0.0544,22.96,66.68,2
0.6652,0.0282,23.03,66.68,2
0.6662,0.001,22.96,66.68,2
0.6374,-0.0288,22.97,66.68,2
0.6676,0.0302,22.98,66.68,2
0.7069,0.0393,22.96,66.68,2
0.7167,0.0098,22.97,66.68,2
0.7074,-0.0093,23.02,66.69,2
0.7252,0.0178,22.99,66.69,2
0.7488,0.0235,23.03,66.69,2
0.7072,-0.0416,23.02,66.69,2
0.6992,-0.008,23.09,66.7,2
0.6716,-0.0276,23.1,66.69,2
0.6608,-0.0107,23.11,66.69,2
0.6447,-0.0162,23.11,66.69,2
0.673,0.0284,23.06,66.69,2
0.6542,-0.0188,23.16,66.69,2
0.617,-0.0371,23.09,66.69,2
0.6229,0.0059,23.0,66.69,2
0.6559,0.033,22.99,66.68,2
0.6431,-0.0128,23.07,66.68,2
0.6496,0.0065,23.07,66.68,2
0.6348,-0.0148,22.94,66.68,2
0.4631,-0.1718,22.87,66.67,2
0.5166,0.0536,22.81,66.66,2
0.5643,0.0477,22.77,66.66,2
0.5771,0.0128,22.82,66.65,2
0.5809,0.0039,22.85,66.65,2
0.6243,0.0433,22.79,66.65,2
0.6501,0.0258,22.79,66.65,2
0.6288,-0.0213,22.74,66.64,2
0.618,-0.0109,22.82,66.64,2
0.6461,0.0281,22.89,66.64,2
0.6548,0.0088,22.87,66.64,2
0.6549,0.0001,22.86,66.64,2
0.6342,-0.0208,22.85,66.64,2
0.6759,0.0417,22.83,66.64,2
0.6681,-0.0077,22.84,66.64,2
0.6822,0.014,22.85,66.64,2
0.6968,0.0146,22.87,66.65,2
0.7078,0.0111,22.88,66.65,2
0.6994,-0.0085,22.85,66.65,2
0.6612,-0.0381,22.87,66.65,2
0.6601,-0.0011,22.89,66.65,2
0.642,-0.0181,22.96,66.65,2
0.6476,0.0056,23.0,66.65,2
0.6077,-0.0399,22.96,66.65,2
0.5736,-0.0341,22.96,66.64,2
0.5729,-0.0007,23.02,66.64,2
0.5921,0.0192,23.01,66.63,2
0.6228,0.0306,23.01,66.63,2
0.6048,-0.018,23.05,66.63,2
0.624,0.0192,23.07,66.63,2
0.6119,-0.012,22.98,66.63,2
0.6031,-0.0088,23.0,66.62,2
0.5864,-0.0167,23.01,66.62,2
0.5761,-0.0103,22.99,66.62,2
0.5955,0.0195,23.03,66.62,2
0.616,0.0204,22.97,66.61,2
0.637,0.021,22.89,66.61,2
0.6672,0.0302,22.86,66.61,2
0.6025,-0.0647,22.82,66.61,2
0.575,-0.0275,22.81,66.61,2
0.4134,-0.1616,23.06,66.64,1
0.4702,0.0569,23.35,66.67,1
0.5422,0.072,23.19,66.66,2
0.572,0.0298,23.14,66.66,2
0.6159,0.0439,23.11,66.65,2
0.634,0.018,23.09,66.65,2
0.6056,-0.0284,23.01,66.65,2
0.5979,-0.0077,22.99,66.65,2
0.5822,-0.0157,22.97,66.64,2
0.5612,-0.021,22.83,66.64,2
0.5438,-0.0174,22.79,66.63,2
0.5665,0.0226,22.79,66.63,2
0.6106,0.0441,22.75,66.63,2
0.6417,0.0311,22.84,66.63,2
0.6205,-0.0213,22.77,66.63,2
0.6147,-0.0057,22.77,66.62,2
0.5928,-0.0219,22.78,66.62,2
0.6127,0.0199,22.84,66.62,2
0.584,-0.0287,22.79,66.62,2
0.575,-0.009,22.77,66.61,2
0.5759,0.0008,22.79,66.61,2
0.5768,0.0009,22.77,66.61,2
0.5485,-0.0283,22.72,66.6,2
0.562,0.0136,22.78,66.6,2
0.5635,0.0015,22.73,66.59,2
0.5862,0.0227,22.77,66.59,2
0.5623,-0.0239,22.74,66.59,2
0.5654,0.0031,22.64,66.58,2
0.5232,-0.0422,22.56,66.58,2
0.4971,-0.0261,22.53,66.57,2
0.5313,0.0342,22.66,66.57,2
0.5224,-0.0089,22.58,66.56,2
0.3687,-0.1536,22.78,66.59,1
0.4673,0.0985,23.06,66.62,1
0.5145,0.0472,23.11,66.61,2
0.5106,-0.0038,23.09,66.61,2
0.5615,0.0509,23.16,66.6,2
0.5475,-0.014,23.11,66.6,2
0.5462,-0.0013,23.02,66.59,2
0.5519,0.0057,22.9,66.59,2
0.5493,-0.0026,22.92,66.58,2
0.5299,-0.0194,22.97,66.58,2
0.5613,0.0314,22.92,66.58,2
0.5738,0.0125,22.82,66.57,2
0.5665,-0.0073,22.75,66.57,2
0.6088,0.0423,22.7,66.57,2
0.6121,0.0034,22.72,66.57,2
0.6495,0.0374,22.8,66.57,2
0.6542,0.0047,22.83,66.57,2
0.657,0.0028,22.83,66.57,2
0.6107,-0.0463,22.9,66.57,2
0.6157,0.0051,22.85,66.57,2
0.6011,-0.0146,22.86,66.57,2
0.5507,-0.0504,22.82,66.57,2
0.5226,-0.028,22.79,66.56,2
0.5313,0.0086,22.83,66.56,2
0.538,0.0068,22.89,66.55,2
0.5593,0.0213,22.88,66.55,2
0.5697,0.0104,22.85,66.55,2
0.5428,-0.027,22.78,66.54,2
0.589,0.0462,22.72,66.54,2
0.5767,-0.0122,22.73,66.54,2
0.5924,0.0157,22.74,66.54,2
0.5469,-0.0455,22.67,66.53,2
0.5589,0.012,22.67,66.53,2
0.5867,0.0278,22.65,66.53,2
0.5612,-0.0255,22.74,66.53,2
0.5546,-0.0066,22.75,66.52,2
0.5501,-0.0045,22.77,66.52,2
0.5755,0.0254,22.7,66.52,2
0.5549,-0.0206,22.66,66.52,2
0.5384,-0.0166,22.74,66.51,2
0.5485,0.0102,22.76,66.51,2
0.3894,-0.1592,23.06,66.54,1
0.406,0.0166,23.3,66.57,1
0.452,0.046,23.28,66.56,2
0.451,-0.001,23.26,66.55,2
0.4278,-0.0232,23.5,66.58,1
0.4425,0.0147,23.68,66.61,1
0.4524,0.0099,23.62,66.6,2
0.4456,-0.0069,23.55,66.59,2
0.4351,-0.0105,23.8,66.62,1
0.4334,-0.0017,23.93,66.65,1
0.2959,-0.1375,24.11,66.67,1
0.3724,0.0766,24.26,66.7,1
0.4408,0.0684,24.46,66.73,1
0.4684,0.0276,24.29,66.72,2
0.5109,0.0425,24.1,66.71,2
0.5068,-0.0041,23.96,66.7,2
0.5037,-0.0031,23.76,66.69,2
0.3535,-0.1503,23.92,66.71,1
0.3695,0.016,24.08,66.74,1
0.3993,0.0298,24.2,66.76,1
0.431,0.0317,24.31,66.79,1
0.4363,0.0053,24.43,66.82,1
0.4395,0.0032,24.56,66.84,1
0.4432,0.0037,24.55,66.87,1
0.4429,-0.0003,24.68,66.89,1
0.4533,0.0104,24.48,66.88,2
0.4368,-0.0165,24.31,66.86,2
0.4616,0.0248,24.12,66.85,2
0.4662,0.0046,23.97,66.83,2
0.4812,0.015,23.69,66.82,2
0.4867,0.0055,23.59,66.81,2
0.4713,-0.0153,23.45,66.8,2
0.458,-0.0133,23.32,66.78,2
0.486,0.028,23.31,66.77,2
0.4928,0.0068,23.16,66.76,2
0.5027,0.0099,23.08,66.75,2
0.4857,-0.017,23.0,66.74,2
0.5022,0.0165,23.01,66.73,2
0.3532,-0.149,23.26,66.75,1
0.4204,0.0672,23.52,66.78,1
0.4352,0.0148,23.71,66.81,1
0.4638,0.0285,23.63,66.79,2
0.4683,0.0045,23.54,66.78,2
0.4627,-0.0056,23.46,66.77,2
0.4341,-0.0285,23.56,66.79,1
0.4216,-0.0125,23.72,66.82,1
0.4565,0.0349,23.57,66.81,2
0.4303,-0.0262,23.51,66.79,2
0.4271,-0.0032,23.71,66.82,1
0.4381,0.011,23.79,66.84,1
0.4792,0.0411,23.69,66.83,2
0.4689,-0.0103,23.57,66.82,2
0.48,0.0111,23.42,66.8,2
0.4848,0.0048,23.28,66.79,2
0.4914,0.0066,23.15,66.78,2
0.4754,-0.0159,23.14,66.77,2
0.462,-0.0135,23.1,66.76,2
0.4836,0.0216,23.05,66.75,2
0.5282,0.0446,23.05,66.74,2
0.5079,-0.0203,23.0,66.73,2
0.4748,-0.0331,22.98,66.72,2
0.3308,-0.144,23.17,66.74,1
0.2445,-0.0863,23.35,66.76,1
0.312,0.0675,23.59,66.78,1
0.3533,0.0413,23.8,66.8,1
0.3781,0.0248,23.88,66.82,1
0.3876,0.0095,24.11,66.84,1
0.427,0.0393,24.3,66.87,1
0.4461,0.0191,24.39,66.89,1
0.3079,-0.1382,24.52,66.91,1
0.3459,0.0381,24.58,66.93,1
0.4115,0.0656,24.79,66.95,1
0.4394,0.0279,24.89,66.98,1
0.4333,-0.0061,24.9,67.0,1
0.4344,0.0011,25.06,67.02,1
0.4831,0.0486,24.85,67.0,2
0.3356,-0.1474,24.64,66.98,2
0.3766,0.041,24.59,67.0,1
0.4026,0.026,24.72,67.02,1
0.4121,0.0096,24.81,67.04,1
0.2821,-0.1301,24.79,67.05,1
0.3802,0.0982,24.79,67.07,1
0.4194,0.0392,24.89,67.09,1
0.4185,-0.0009,24.94,67.11,1
0.435,0.0165,25.02,67.13,1
0.4197,-0.0153,25.15,67.15,1
0.4298,0.0101,25.26,67.17,1
0.2926,-0.1372,25.27,67.18,1
0.3568,0.0642,25.25,67.19,1
0.3726,0.0158,25.28,67.21,1
0.4055,0.0328,25.33,67.22,1
0.4478,0.0423,25.34,67.24,1
0.459,0.0112,25.14,67.22,2
0.4615,0.0025,24.87,67.2,2
0.4512,-0.0103,24.67,67.18,2
0.3113,-0.1399,24.8,67.19,1
0.3533,0.042,24.85,67.2,1
0.2459,-0.1074,25.19,67.24,0
0.1816,-0.0643,25.46,67.27,0
0.1407,-0.0409,25.74,67.31,0
0.2729,0.1322,25.93,67.34,0
0.1909,-0.082,26.16,67.38,0
0.2912,0.1003,26.08,67.38,1
0.3594,0.0682,26.08,67.39,1
0.3883,0.0289,26.06,67.41,1
0.413,0.0247,26.1,67.42,1
0.3936,-0.0195,26.08,67.43,1
0.3937,0.0001,26.07,67.44,1
0.2616,-0.1321,26.3,67.47,0
0.3125,0.0509,26.52,67.51,0
0.3361,0.0236,26.49,67.52,1
0.3387,0.0026,26.43,67.52,1
0.3726,0.0339,26.32,67.53,1
0.4178,0.0452,26.38,67.54,1
0.4629,0.0451,25.95,67.51,2
0.479,0.0161,25.63,67.49,2
0.3315,-0.1475,25.67,67.49,1
0.3526,0.0211,25.69,67.5,1
0.387,0.0344,25.72,67.51,1
0.2631,-0.1239,25.85,67.54,0
0.3246,0.0615,26.05,67.58,0
0.3637,0.039,26.1,67.59,1
0.3971,0.0335,26.08,67.59,1
0.4388,0.0417,26.08,67.6,1
0.4286,-0.0102,25.99,67.61,1
0.4475,0.0189,26.02,67.62,1
0.4701,0.0227,25.66,67.6,2
0.4915,0.0213,25.3,67.57,2
0.4593,-0.0321,25.02,67.54,2
0.4443,-0.015,25.06,67.55,1
0.4339,-0.0104,25.12,67.56,1
0.4409,0.007,25.19,67.57,1
0.4782,0.0373,24.91,67.55,2
0.4853,0.0071,24.66,67.52,2
0.3407,-0.1446,24.75,67.53,1
0.3988,0.0581,24.9,67.53,1
0.2842,-0.1147,24.94,67.54,1
0.3739,0.0898,24.93,67.55,1
0.4331,0.0592,25.02,67.56,1
0.4444,0.0113,25.04,67.57,1
0.4595,0.0151,24.76,67.54,2
0.4731,0.0137,24.52,67.51,2
0.4794,0.0062,24.29,67.49,2
0.4533,-0.026,24.12,67.46,2
0.4345,-0.0188,24.29,67.47,1
0.4154,-0.0191,24.41,67.48,1
0.484,0.0685,24.12,67.46,2
0.4738,-0.0101,23.9,67.43,2
0.5051,0.0312,23.76,67.41,2
0.4815,-0.0236,23.56,67.38,2
0.4735,-0.008,23.45,67.36,2
0.3294,-0.1441,23.64,67.37,1
0.2431,-0.0863,23.73,67.37,1
0.188,-0.055,24.03,67.41,0
0.2882,0.1001,24.3,67.44,0
0.2037,-0.0844,24.59,67.47,0
0.1524,-0.0514,24.89,67.5,0
0.2266,0.0742,25.14,67.53,0
0.2848,0.0582,25.26,67.54,1
0.318,0.0332,25.3,67.54,1
0.3356,0.0176,25.31,67.55,1
0.3559,0.0203,25.34,67.55,1
0.2336,-0.1223,25.6,67.59,0
0.2717,0.0381,25.82,67.62,0
0.3109,0.0392,25.91,67.62,1
0.2039,-0.1069,25.82,67.62,1
0.2688,0.0648,25.93,67.65,0
0.3306,0.0619,26.28,67.68,0
0.3577,0.027,26.23,67.69,1
0.3669,0.0093,26.13,67.69,1
0.4023,0.0354,26.19,67.7,1
0.4092,0.0069,26.2,67.7,1
0.2759,-0.1333,26.42,67.73,0
0.3157,0.0398,26.55,67.77,0
0.3373,0.0216,26.52,67.77,1
0.3631,0.0258,26.41,67.77,1
0.402,0.0389,26.4,67.77,1
0.3933,-0.0087,26.39,67.78,1
0.4079,0.0146,26.29,67.78,1
0.2753,-0.1326,26.44,67.81,0
0.1981,-0.0772,26.61,67.84,0
0.2755,0.0774,26.79,67.86,0
0.3341,0.0587,26.76,67.86,1
0.362,0.0279,26.74,67.86,1
0.3927,0.0307,26.71,67.86,1
0.3775,-0.0152,26.62,67.87,1
0.3911,0.0136,26.7,67.87,1
0.2624,-0.1287,26.91,67.89,0
0.3557,0.0933,27.03,67.92,0
0.3797,0.0239,26.89,67.92,1
0.3952,0.0156,26.72,67.93,1
0.2689,-0.1263,26.93,67.95,0
0.31,0.0411,27.04,67.98,0
0.3279,0.0179,26.98,67.97,1
0.3452,0.0172,26.86,67.97,1
0.2272,-0.1179,27.06,67.99,0
0.1602,-0.067,27.25,68.01,0
0.1199,-0.0403,27.36,68.03,0
0.2341,0.1142,27.43,68.05,0
0.1585,-0.0757,27.53,68.07,0
0.1142,-0.0442,27.55,68.08,0
0.2093,0.0951,27.63,68.1,0
0.2962,0.0869,27.46,68.09,1
0.3226,0.0264,27.3,68.09,1
0.3536,0.031,27.16,68.08,1
0.372,0.0184,27.09,68.08,1
0.2456,-0.1264,27.18,68.1,0
0.1731,-0.0726,27.25,68.12,0
0.2491,0.076,27.35,68.14,0
0.1666,-0.0824,27.45,68.15,0
0.1189,-0.0478,27.54,68.17,0
0.2095,0.0907,27.68,68.18,0
0.2785,0.069,27.79,68.2,0
0.1795,-0.099,27.82,68.22,0
0.1236,-0.0559,27.87,68.23,0
0.2128,0.0892,27.94,68.25,0
0.1372,-0.0755,28.02,68.26,0
0.222,0.0847,28.11,68.27,0
0.141,-0.081,28.16,68.29,0
0.2004,0.0595,28.22,68.3,0
0.2485,0.0481,28.28,68.32,0
0.2784,0.0299,28.32,68.33,0
0.2965,0.0181,28.2,68.32,1
0.3054,0.0089,28.04,68.31,1
0.3395,0.0341,27.82,68.3,1
0.217,-0.1225,27.92,68.32,0
0.2707,0.0537,27.99,68.33,0
0.1755,-0.0951,27.99,68.35,0
0.2515,0.0759,28.04,68.36,0
0.3063,0.0549,27.85,68.35,1
0.3172,0.0108,27.65,68.34,1
0.345,0.0279,27.48,68.33,1
0.2228,-0.1223,27.57,68.34,0
0.1534,-0.0694,27.58,68.35,0
0.2394,0.086,27.67,68.37,0
0.2938,0.0545,27.52,68.36,1
0.3046,0.0108,27.29,68.34,1
0.1945,-0.11,27.46,68.36,0
0.2431,0.0486,27.47,68.37,0
0.3209,0.0777,27.31,68.36,1
0.383,0.0621,27.12,68.35,1
0.2553,-0.1277,27.28,68.37,0
0.3006,0.0453,27.44,68.39,0
0.2004,-0.1002,27.51,68.4,0
0.2643,0.0639,27.64,68.41,0
0.2817,0.0174,27.48,68.4,1
0.1783,-0.1034,27.39,68.38,1
0.1204,-0.0578,27.54,68.39,0
0.2489,0.1285,27.58,68.4,0
0.1653,-0.0836,27.69,68.41,0
0.2313,0.066,27.69,68.43,0
0.148,-0.0833,27.76,68.44,0
0.1006,-0.0473,27.83,68.44,0
0.1999,0.0992,27.82,68.45,0
0.2749,0.075,27.92,68.47,0
0.2894,0.0145,27.78,68.45,1
0.1823,-0.1071,27.53,68.43,1
0.1231,-0.0593,27.6,68.44,0
0.2062,0.0831,27.71,68.45,0
0.2621,0.0559,27.83,68.47,0
0.1651,-0.097,27.82,68.47,0
0.2138,0.0487,28.0,68.49,0
0.132,-0.0818,28.09,68.49,0
0.0873,-0.0447,28.12,68.5,0
0.1818,0.0945,28.15,68.51,0
0.1124,-0.0694,28.22,68.51,0
0.2043,0.0919,28.27,68.52,0
0.2496,0.0453,28.33,68.53,0
0.1537,-0.0959,28.41,68.54,0
0.2489,0.0951,28.44,68.55,0
0.2946,0.0457,28.18,68.54,1
0.1873,-0.1073,27.97,68.52,1
0.1267,-0.0606,27.99,68.52,0
0.0908,-0.0359,28.03,68.53,0
0.1783,0.0875,28.1,68.53,0
0.2319,0.0536,28.09,68.54,0
0.1411,-0.0908,28.06,68.55,0
0.2091,0.068,28.23,68.56,0
0.1274,-0.0817,28.31,68.57,0
0.0827,-0.0447,28.37,68.57,0
0.1747,0.092,28.45,68.58,0
0.1058,-0.0688,28.42,68.58,0
0.0682,-0.0376,28.42,68.58,0
0.0468,-0.0214,28.41,68.58,0
0.154,0.1072,28.46,68.59,0
0.0919,-0.0622,28.4,68.59,0
0.1882,0.0963,28.41,68.6,0
0.1132,-0.075,28.46,68.6,0
0.2046,0.0915,28.52,68.61,0
0.2675,0.0629,28.63,68.62,0
0.1661,-0.1015,28.6,68.63,0
0.2121,0.046,28.67,68.64,0
0.1287,-0.0834,28.73,68.64,0
0.083,-0.0457,28.78,68.64,0
0.057,-0.026,28.84,68.64,0
0.0413,-0.0156,28.82,68.64,0
0.0314,-0.01,28.74,68.64,0
0.1721,0.1408,28.77,68.64,0
0.2404,0.0683,28.81,68.65,0
0.1502,-0.0902,28.74,68.66,0
0.2529,0.1027,28.79,68.67,0
0.1636,-0.0893,28.82,68.67,0
0.1125,-0.051,28.82,68.67,0
0.2018,0.0893,28.93,68.68,0
0.278,0.0762,28.85,68.69,0
0.2937,0.0157,28.65,68.67,1
0.2991,0.0054,28.48,68.65,1
0.3195,0.0205,28.26,68.64,1
0.3348,0.0153,28.02,68.62,1
0.325,-0.0098,27.81,68.6,1
0.3261,0.0011,27.72,68.59,1
0.2079,-0.1182,27.87,68.6,0
0.1426,-0.0653,27.93,68.6,0
0.2521,0.1096,28.1,68.61,0
0.1692,-0.0829,28.14,68.62,0
0.1211,-0.0481,28.23,68.62,0
0.0916,-0.0296,28.21,68.62,0
0.2297,0.1381,28.23,68.63,0
0.1547,-0.075,28.33,68.64,0
0.1105,-0.0442,28.4,68.64,0
0.083,-0.0275,28.45,68.64,0
0.1822,0.0992,28.48,68.65,0
0.2469,0.0646,28.5,68.66,0
0.1553,-0.0916,28.56,68.66,0
0.2346,0.0793,28.57,68.67,0
0.1492,-0.0854,28.59,68.68,0
0.1014,-0.0478,28.61,68.68,0
0.0732,-0.0282,28.61,68.68,0
0.0556,-0.0176,28.59,68.68,0
0.1514,0.0958,28.56,68.68,0
0.2195,0.068,28.61,68.69,0
0.1333,-0.0861,28.62,68.69,0
0.0869,-0.0464,28.59,68.69,0
0.1809,0.094,28.55,68.7,0
0.2458,0.065,28.56,68.71,0
0.1532,-0.0926,28.59,68.71,0
0.1026,-0.0506,28.55,68.71,0
0.1962,0.0936,28.62,68.72,0
0.255,0.0587,28.67,68.72,0
0.1595,-0.0955,28.69,68.73,0
0.2317,0.0722,28.76,68.73,0
0.1462,-0.0855,28.7,68.74,0
0.0985,-0.0477,28.7,68.74,0
0.0706,-0.0279,28.7,68.74,0
0.0533,-0.0173,28.74,68.73,0
0.0418,-0.0114,28.63,68.73,0
0.0338,-0.008,28.68,68.73,0
0.1604,0.1266,28.65,68.73,0
0.22,0.0596,28.61,68.74,0
0.1339,-0.0861,28.6,68.74,0
0.0873,-0.0466,28.59,68.74,0
0.061,-0.0263,28.55,68.74,0
0.1578,0.0969,28.59,68.74,0
0.2344,0.0766,28.6,68.75,0
0.1451,-0.0894,28.54,68.75,0
0.2089,0.0638,28.54,68.76,0
0.2829,0.074,28.3,68.73,1
0.1786,-0.1043,28.04,68.71,1
0.1202,-0.0584,28.08,68.71,0
0.1909,0.0707,28.06,68.72,0
0.1186,-0.0723,28.07,68.72,0
0.2337,0.1151,28.19,68.72,0
0.1497,-0.084,28.22,68.73,0
0.1018,-0.0479,28.27,68.73,0
0.0731,-0.0287,28.27,68.73,0
0.0549,-0.0182,28.31,68.73,0
0.1827,0.1278,28.33,68.73,0
0.2474,0.0648,28.48,68.74,0
0.1537,-0.0937,28.49,68.74,0
0.1014,-0.0523,28.51,68.74,0
0.2108,0.1094,28.58,68.75,0
0.2639,0.0531,28.67,68.76,0
0.281,0.0171,28.48,68.73,1
0.1722,-0.1087,28.21,68.71,1
0.1121,-0.0602,28.3,68.71,0
0.0773,-0.0348,28.32,68.71,0
0.0561,-0.0212,28.37,68.71,0
0.1524,0.0963,28.42,68.71,0
0.2078,0.0554,28.45,68.72,0
0.2542,0.0464,28.44,68.73,0
0.1533,-0.1009,28.43,68.73,0
0.0987,-0.0545,28.44,68.73,0
0.0681,-0.0307,28.44,68.73,0
0.0499,-0.0181,28.52,68.73,0
0.0385,-0.0114,28.59,68.72,0
0.1833,0.1448,28.57,68.73,0
0.2523,0.069,28.61,68.74,0
0.1608,-0.0915,28.6,68.74,0
0.2299,0.0691,28.64,68.75,0
0.2707,0.0408,28.67,68.75,0
0.1713,-0.0994,28.71,68.76,0
0.239,0.0678,28.73,68.77,0
0.288,0.0489,28.5,68.74,1
0.1847,-0.1032,28.37,68.72,1
0.2347,0.05,28.37,68.73,0
0.1495,-0.0852,28.37,68.73,0
0.1024,-0.0472,28.43,68.73,0
0.0749,-0.0275,28.5,68.73,0
0.1829,0.108,28.44,68.73,0
0.1167,-0.0662,28.41,68.73,0
0.2197,0.103,28.5,68.74,0
0.1401,-0.0797,28.59,68.74,0
0.0952,-0.0449,28.67,68.74,0
0.0686,-0.0266,28.71,68.74,0
0.1894,0.1208,28.82,68.75,0
0.2591,0.0698,28.8,68.75,0
0.1646,-0.0945,28.77,68.76,0
0.1118,-0.0528,28.9,68.76,0
0.0808,-0.031,28.91,68.76,0
0.1839,0.1032,28.88,68.76,0
0.1166,-0.0673,28.77,68.76,0
0.2114,0.0948,28.87,68.77,0
0.1328,-0.0786,28.88,68.77,0
0.2088,0.076,28.86,68.77,0
0.264,0.0552,28.89,68.78,0
0.2932,0.0292,28.56,68.76,1
0.1853,-0.1079,28.28,68.73,1
0.1259,-0.0594,28.31,68.74,0
0.0916,-0.0343,28.42,68.74,0
0.1856,0.094,28.54,68.74,0
0.2446,0.0591,28.58,68.75,0
0.1529,-0.0917,28.66,68.75,0
0.21,0.0571,28.69,68.76,0
0.1295,-0.0805,28.71,68.76,0
0.0856,-0.0439,28.66,68.76,0
0.1632,0.0775,28.59,68.76,0
0.0977,-0.0655,28.55,68.76,0
0.0626,-0.035,28.62,68.76,0
0.1807,0.1181,28.66,68.76,0
0.2364,0.0558,28.65,68.77,0
0.1454,-0.091,28.69,68.77,0
0.2034,0.0579,28.75,68.77,0
0.269,0.0656,28.79,68.78,0
0.1671,-0.1019,28.79,68.78,0
0.2383,0.0712,28.73,68.79,0
0.1502,-0.0881,28.8,68.79,0
0.2033,0.0532,28.83,68.8,0
0.1238,-0.0795,28.84,68.8,0
0.0804,-0.0434,28.81,68.8,0
0.1656,0.0853,28.85,68.8,0
0.0988,-0.0669,28.89,68.8,0
0.1752,0.0764,28.89,68.8,0
0.2343,0.0591,28.94,68.81,0
0.2725,0.0382,28.92,68.81,0
0.2859,0.0135,28.59,68.79,1
0.1759,-0.11,28.26,68.76,1
0.1161,-0.0598,28.29,68.76,0
0.0823,-0.0339,28.34,68.76,0
0.0619,-0.0203,28.32,68.76,0
0.1539,0.092,28.38,68.76,0
0.094,-0.0599,28.41,68.76,0
0.0617,-0.0323,28.49,68.76,0
0.0436,-0.0181,28.46,68.76,0
0.0329,-0.0107,28.52,68.75,0
0.1511,0.1182,28.52,68.76,0
0.0914,-0.0596,28.58,68.76,0
0.0591,-0.0324,28.66,68.75,0
0.1433,0.0842,28.65,68.76,0
0.1912,0.0479,28.7,68.76,0
0.1075,-0.0837,28.65,68.76,0
0.0638,-0.0436,28.59,68.76,0
0.0405,-0.0233,28.57,68.76,0
0.0276,-0.0129,28.65,68.75,0
0.1351,0.1075,28.6,68.75,0
0.1937,0.0586,28.59,68.76,0
0.2348,0.0411,28.6,68.76,0
0.1383,-0.0964,28.64,68.77,0
0.0873,-0.0511,28.62,68.77,0
0.0593,-0.0279,28.57,68.76,0
0.1708,0.1115,28.6,68.77,0
0.1056,-0.0653,28.58,68.77,0
0.1948,0.0892,28.67,68.77,0
0.2549,0.0601,28.67,68.78,0
0.2868,0.0319,28.47,68.76,1
0.1787,-0.1081,28.3,68.73,1
0.2216,0.0429,28.23,68.74,0
0.2526,0.031,28.28,68.74,0
0.2792,0.0266,28.3,68.75,0
0.3096,0.0304,28.07,68.73,1
0.195,-0.1146,27.89,68.71,1
0.1318,-0.0632,27.95,68.71,0
0.2303,0.0984,27.9,68.72,0
0.2785,0.0482,27.92,68.73,0
0.1792,-0.0993,28.01,68.73,0
0.1236,-0.0556,28.1,68.73,0
0.2083,0.0847,28.13,68.74,0
0.2563,0.0481,28.21,68.75,0
0.1615,-0.0948,28.15,68.75,0
0.1093,-0.0523,28.18,68.75,0
0.079,-0.0302,28.16,68.75,0
0.1655,0.0865,28.25,68.75,0
0.2255,0.0599,28.31,68.76,0
0.1371,-0.0884,28.28,68.76,0
0.0893,-0.0478,28.36,68.76,0
0.1924,0.1031,28.43,68.77,0
0.1205,-0.072,28.38,68.77,0
0.0806,-0.0399,28.36,68.76,0
0.1624,0.0818,28.39,68.77,0
0.0972,-0.0652,28.38,68.77,0
0.062,-0.0351,28.43,68.76,0
0.1699,0.1079,28.43,68.77,0
0.2263,0.0565,28.48,68.77,0
0.2735,0.0472,28.55,68.78,0
0.2924,0.0189,28.26,68.76,1
0.3128,0.0204,28.12,68.74,1
0.1967,-0.1161,28.13,68.75,0
0.26,0.0633,28.08,68.75,0
0.1673,-0.0927,28.11,68.76,0
0.1151,-0.0522,28.16,68.76,0
0.0841,-0.031,28.1,68.76,0
0.0646,-0.0195,28.14,68.76,0
0.0514,-0.0131,28.22,68.75,0
0.1771,0.1256,28.24,68.76,0
0.2313,0.0542,28.33,68.76,0
0.1419,-0.0894,28.45,68.77,0
0.0928,-0.0491,28.55,68.76,0
0.1897,0.0969,28.64,68.77,0
0.1177,-0.072,28.57,68.77,0
0.0778,-0.0399,28.57,68.77,0
0.2221,0.1443,28.56,68.77,0
0.2883,0.0662,28.31,68.75,1
0.1856,-0.1027,28.11,68.73,1
0.2519,0.0662,28.15,68.73,0
0.1615,-0.0904,28.26,68.74,0
0.1099,-0.0516,28.29,68.74,0
0.0789,-0.031,28.37,68.74,0
0.0592,-0.0197,28.38,68.74,0
0.0459,-0.0133,28.41,68.73,0
0.0365,-0.0094,28.49,68.73,0
0.1795,0.143,28.51,68.74,0
0.2685,0.089,28.5,68.74,0
0.292,0.0235,28.3,68.72,1
0.183,-0.109,28.08,68.7,1
0.1219,-0.0611,28.17,68.7,0
0.1909,0.0691,28.23,68.71,0
0.231,0.0401,28.27,68.71,0
0.2749,0.0439,28.36,68.72,0
0.3026,0.0277,28.16,68.7,1
0.345,0.0424,27.97,68.69,1
0.2226,-0.1224,28.12,68.69,0
0.1534,-0.0692,28.18,68.7,0
0.1122,-0.0412,28.18,68.7,0
0.0862,-0.026,28.32,68.7,0
0.1861,0.1,28.38,68.71,0
0.2462,0.06,28.44,68.71,0
0.1553,-0.0908,28.47,68.72,0
0.1052,-0.0501,28.52,68.72,0
0.1812,0.076,28.53,68.72,0
0.1123,-0.0688,28.49,68.72,0
0.2148,0.1025,28.43,68.73,0
0.258,0.0432,28.49,68.74,0
0.3314,0.0733,28.29,68.72,1
0.3299,-0.0015,28.03,68.7,1
0.3515,0.0216,27.86,68.69,1
0.3554,0.0039,27.66,68.67,1
0.2293,-0.1261,27.83,68.68,0
0.1576,-0.0716,27.86,68.68,0
0.2373,0.0796,27.93,68.69,0
0.3024,0.0652,27.66,68.67,1
0.1978,-0.1047,27.41,68.65,1
0.1379,-0.0598,27.55,68.65,0
0.2093,0.0714,27.66,68.66,0
0.2662,0.0568,27.69,68.67,0
0.1685,-0.0977,27.8,68.67,0
0.2165,0.048,27.87,68.68,0
0.2451,0.0286,27.94,68.69,0
0.3151,0.07,27.66,68.67,1
0.3745,0.0594,27.56,68.66,1
0.247,-0.1275,27.68,68.67,0
0.2833,0.0363,27.8,68.68,0
0.3233,0.04,27.62,68.66,1
0.2103,-0.113,27.42,68.64,1
0.2682,0.0578,27.52,68.65,0
0.345,0.0769,27.66,68.66,0
0.2281,-0.1169,27.83,68.67,0
0.16,-0.0681,27.9,68.68,0
0.2281,0.0681,27.97,68.68,0
0.1487,-0.0794,28.1,68.69,0
0.2181,0.0694,28.17,68.69,0
0.1375,-0.0806,28.26,68.7,0
0.2699,0.1324,28.3,68.71,0
0.3166,0.0467,28.18,68.69,1
0.3677,0.051,28.0,68.67,1
0.2436,-0.1241,28.07,68.68,0
0.2864,0.0428,28.19,68.69,0
0.3416,0.0552,28.01,68.68,1
0.3508,0.0092,27.89,68.66,1
0.2284,-0.1224,28.04,68.67,0
0.1581,-0.0703,28.09,68.67,0
0.1155,-0.0426,28.08,68.67,0
0.2256,0.1101,28.14,68.68,0
0.3234,0.0978,27.9,68.67,1
0.216,-0.1073,27.63,68.64,1
0.3206,0.1046,27.5,68.63,1
0.3655,0.0449,27.36,68.61,1
0.246,-0.1195,27.57,68.62,0
0.3579,0.1119,27.67,68.64,0
0.3797,0.0218,27.53,68.62,1
0.3964,0.0167,27.3,68.61,1
0.3935,-0.0029,27.23,68.6,1
0.2635,-0.1301,27.32,68.61,0
0.3002,0.0367,27.44,68.62,0
0.329,0.0288,27.32,68.61,1
0.2182,-0.1107,27.08,68.59,1
0.3175,0.0993,27.01,68.57,1
0.2169,-0.1007,27.18,68.58,0
0.1573,-0.0596,27.32,68.58,0
0.2223,0.0651,27.46,68.59,0
0.305,0.0827,27.26,68.58,1
0.3248,0.0198,27.15,68.56,1
0.3454,0.0206,27.11,68.55,1
0.2236,-0.1218,27.26,68.56,0
0.1542,-0.0694,27.39,68.57,0
0.22,0.0658,27.46,68.57,0
0.142,-0.0781,27.5,68.58,0
0.2228,0.0808,27.61,68.59,0
0.1414,-0.0814,27.78,68.6,0
0.2182,0.0768,27.85,68.6,0
0.2991,0.0809,27.72,68.59,1
0.1926,-0.1064,27.58,68.57,1
0.2946,0.102,27.43,68.55,1
0.1959,-0.0987,27.54,68.56,0
0.2454,0.0495,27.69,68.57,0
0.1578,-0.0875,27.75,68.57,0
0.1079,-0.0499,27.81,68.58,0
0.2104,0.1025,27.94,68.59,0
0.1348,-0.0756,27.98,68.59,0
0.0917,-0.0431,27.98,68.6,0
0.0659,-0.0258,28.05,68.6,0
0.0495,-0.0164,27.99,68.6,0
0.0384,-0.0111,28.06,68.6,0
0.1481,0.1096,28.13,68.6,0
0.0887,-0.0593,28.22,68.61,0
0.174,0.0852,28.26,68.61,0
0.2594,0.0855,28.31,68.62,0
0.3122,0.0527,28.14,68.61,1
0.343,0.0309,27.94,68.59,1
0.3667,0.0237,27.69,68.58,1
0.239,-0.1278,27.76,68.59,0
0.1656,-0.0733,27.76,68.59,0
0.1212,-0.0444,27.8,68.6,0
0.0927,-0.0285,27.87,68.6,0
0.0732,-0.0195,27.97,68.6,0
0.1867,0.1135,28.06,68.61,0
0.244,0.0573,28.15,68.62,0
0.2836,0.0396,27.98,68.6,1
0.3362,0.0526,27.78,68.59,1
0.3826,0.0464,27.59,68.57,1
0.2533,-0.1293,27.68,68.59,0
0.2884,0.0351,27.88,68.6,0
0.3285,0.0401,27.75,68.58,1
0.3368,0.0083,27.55,68.57,1
0.3407,0.0038,27.4,68.55,1
0.357,0.0163,27.33,68.54,1
0.3653,0.0083,27.21,68.53,1
0.3543,-0.011,27.07,68.51,1
0.3841,0.0298,27.01,68.5,1
0.3894,0.0053,26.89,68.49,1
0.2581,-0.1313,27.08,68.51,0
0.1824,-0.0757,27.25,68.51,0
0.2813,0.0988,27.07,68.5,1
0.3105,0.0292,26.92,68.48,1
0.3447,0.0342,26.76,68.47,1
0.3567,0.012,26.73,68.46,1
0.3613,0.0046,26.7,68.45,1
0.3642,0.0029,26.61,68.44,1
0.3839,0.0198,26.56,68.43,1
0.4017,0.0178,26.51,68.42,1
0.4029,0.0012,26.46,68.41,1
0.2731,-0.1298,26.7,68.43,0
0.1981,-0.075,26.83,68.44,0
0.3021,0.104,26.74,68.43,1
0.3827,0.0805,26.65,68.42,1
0.2652,-0.1175,26.81,68.43,0
0.1948,-0.0704,27.0,68.44,0
0.15,-0.0448,27.11,68.45,0
0.2321,0.0821,27.26,68.46,0
0.2835,0.0514,27.14,68.45,1
0.3186,0.035,27.12,68.43,1
0.2084,-0.1102,27.28,68.45,0
0.2687,0.0603,27.43,68.46,0
0.1771,-0.0916,27.53,68.47,0
0.2525,0.0754,27.64,68.48,0
0.3526,0.1001,27.48,68.47,1
0.367,0.0144,27.43,68.46,1
0.3651,-0.0019,27.19,68.45,1
0.4129,0.0478,27.07,68.44,1
0.2778,-0.1351,27.21,68.46,0
0.3185,0.0407,27.29,68.47,0
0.3446,0.026,27.24,68.46,1
0.3737,0.0291,27.19,68.45,1
0.3848,0.0111,27.14,68.44,1
0.2572,-0.1276,27.21,68.45,0
0.2859,0.0287,27.42,68.47,0
0.3485,0.0626,27.37,68.46,1
0.2321,-0.1164,27.3,68.44,1
0.267,0.0349,27.55,68.46,0
0.309,0.042,27.64,68.47,0
0.3464,0.0374,27.51,68.46,1
0.3413,-0.0051,27.34,68.45,1
0.3371,-0.0042,27.11,68.44,1
0.216,-0.121,27.24,68.45,0
0.2606,0.0446,27.4,68.46,0
0.323,0.0624,27.23,68.45,1
0.2109,-0.1121,27.06,68.43,1
0.3069,0.096,26.98,68.42,1
0.3515,0.0446,26.84,68.41,1
0.3518,0.0003,26.68,68.4,1
0.3856,0.0338,26.64,68.39,1
0.2559,-0.1297,26.8,68.4,0
0.2855,0.0297,26.93,68.42,0
0.1883,-0.0973,27.03,68.43,0
0.1322,-0.056,27.15,68.44,0
0.2207,0.0884,27.29,68.45,0
0.3016,0.081,27.14,68.44,1
0.3819,0.0802,27.06,68.43,1
0.2555,-0.1264,27.23,68.44,0
0.3259,0.0704,27.44,68.46,0
0.4155,0.0896,27.34,68.45,1
0.4096,-0.0059,27.37,68.44,1
0.4033,-0.0062,27.25,68.43,1
0.4007,-0.0026,27.11,68.42,1
0.4228,0.0221,27.0,68.42,1
0.4549,0.0321,26.59,68.37,2
0.4342,-0.0208,26.2,68.32,2
0.4328,-0.0013,26.23,68.32,1
0.4117,-0.0211,26.29,68.31,1
0.4698,0.0582,25.88,68.27,2
0.4935,0.0236,25.59,68.23,2
0.4772,-0.0163,25.25,68.19,2
0.4523,-0.0249,24.94,68.15,2
0.4979,0.0457,24.67,68.11,2
0.4678,-0.0301,24.51,68.07,2
0.3229,-0.145,24.65,68.07,1
0.3586,0.0357,24.68,68.06,1
0.3941,0.0355,24.8,68.06,1
0.4615,0.0674,24.56,68.02,2
0.4613,-0.0002,24.26,67.99,2
0.4337,-0.0276,24.4,67.99,1
0.4279,-0.0058,24.47,67.99,1
0.293,-0.1348,24.63,67.98,1
0.3614,0.0684,24.72,67.98,1
0.2525,-0.1089,25.05,68.01,0
0.1871,-0.0655,25.3,68.03,0
0.2527,0.0656,25.58,68.05,0
0.3481,0.0954,25.66,68.04,1
0.4129,0.0648,25.77,68.04,1
0.2818,-0.1311,25.79,68.04,1
0.3483,0.0665,25.74,68.03,1
0.3651,0.0168,25.8,68.03,1
0.245,-0.12,26.13,68.05,0
0.3544,0.1094,26.47,68.08,0
0.4041,0.0497,26.47,68.08,1
0.4391,0.035,26.56,68.08,1
0.4377,-0.0015,26.47,68.08,1
0.4251,-0.0126,26.48,68.08,1
0.4178,-0.0073,26.45,68.08,1
0.4236,0.0058,26.47,68.08,1
0.4637,0.0401,26.07,68.04,2
0.4826,0.0189,25.81,68.0,2
0.4944,0.0119,25.47,67.97,2
0.4888,-0.0056,25.25,67.93,2
0.5281,0.0393,24.91,67.9,2
0.3714,-0.1568,24.96,67.9,1
0.4425,0.0712,25.08,67.9,1
0.4587,0.0162,24.8,67.87,2
0.4695,0.0108,24.56,67.84,2
0.4769,0.0075,24.39,67.8,2
0.4932,0.0163,24.22,67.77,2
0.4678,-0.0255,24.02,67.74,2
0.4444,-0.0233,24.22,67.75,1
0.4749,0.0304,24.27,67.76,1
0.4788,0.004,24.09,67.72,2
0.3312,-0.1476,23.93,67.69,2
0.3948,0.0636,24.07,67.69,1
0.4511,0.0563,24.25,67.7,1
0.4821,0.031,24.12,67.67,2
0.5103,0.0282,23.94,67.64,2
0.5268,0.0165,23.81,67.62,2
0.5258,-0.0011,23.72,67.59,2
0.5076,-0.0182,23.66,67.56,2
0.5169,0.0093,23.59,67.54,2
0.4823,-0.0346,23.47,67.51,2
0.478,-0.0043,23.36,67.49,2
0.4878,0.0098,23.29,67.46,2
0.5256,0.0378,23.2,67.44,2
0.501,-0.0246,23.11,67.41,2
0.4847,-0.0163,22.97,67.39,2
0.3382,-0.1465,23.23,67.4,1
0.3925,0.0543,23.46,67.41,1
0.2774,-0.115,23.9,67.45,0
0.3971,0.1196,24.23,67.49,0
0.4725,0.0754,23.99,67.46,2
0.4968,0.0243,23.79,67.44,2
0.4977,0.0009,23.6,67.41,2
0.5257,0.028,23.61,67.39,2
0.5627,0.037,23.54,67.37,2
0.5567,-0.0061,23.55,67.35,2
0.5501,-0.0066,23.6,67.33,2
0.5571,0.007,23.48,67.31,2
0.5908,0.0337,23.51,67.3,2
0.5609,-0.0298,23.48,67.28,2
0.576,0.0151,23.41,67.26,2
0.5695,-0.0065,23.28,67.25,2
0.5415,-0.028,23.26,67.23,2
0.5482,0.0067,23.16,67.21,2
0.5335,-0.0147,23.26,67.19,2
0.3796,-0.1539,23.48,67.21,1
0.3877,0.0081,23.68,67.22,1
0.4613,0.0737,23.57,67.2,2
0.501,0.0396,23.47,67.18,2
0.5198,0.0188,23.39,67.16,2
0.5231,0.0033,23.33,67.15,2
0.3713,-0.1517,23.59,67.16,1
0.4258,0.0545,23.78,67.18,1
0.4661,0.0403,23.63,67.16,2
0.5158,0.0497,23.49,67.14,2
0.3675,-0.1483,23.7,67.16,1
0.4133,0.0458,23.91,67.18,1
0.4665,0.0531,23.76,67.16,2
0.5245,0.058,23.63,67.14,2
0.5442,0.0197,23.54,67.12,2
0.5751,0.031,23.51,67.11,2
0.4124,-0.1627,23.65,67.13,1
0.4181,0.0057,23.76,67.15,1
0.4692,0.0511,23.65,67.13,2
0.4822,0.013,23.5,67.11,2
0.509,0.0268,23.43,67.09,2
0.5314,0.0224,23.35,67.08,2
0.5546,0.0232,23.29,67.06,2
0.5529,-0.0017,23.18,67.05,2
0.5715,0.0186,23.15,67.04,2
0.5535,-0.0181,23.11,67.02,2
0.5511,-0.0024,23.04,67.01,2
0.5258,-0.0252,22.96,67.0,2
0.5263,0.0004,22.95,66.98,2
0.5528,0.0266,22.89,66.97,2
0.543,-0.0098,22.93,66.96,2
0.5711,0.0281,22.86,66.95,2
0.5624,-0.0087,22.87,66.94,2
0.5632,0.0008,22.9,66.93,2
0.5844,0.0212,22.84,66.92,2
0.5522,-0.0323,22.82,66.91,2
0.5287,-0.0234,22.85,66.9,2
0.5452,0.0164,22.92,66.88,2
0.5766,0.0314,22.97,66.88,2
0.5574,-0.0192,22.94,66.87,2
0.5629,0.0055,23.02,66.86,2
0.5421,-0.0208,22.88,66.85,2
0.5606,0.0186,22.76,66.84,2
0.5705,0.0098,22.69,66.83,2
0.6068,0.0364,22.75,66.82,2
0.574,-0.0328,22.79,66.82,2
0.5854,0.0114,22.68,66.81,2
0.5877,0.0024,22.71,66.8,2
0.6275,0.0398,22.74,66.8,2
0.6371,0.0096,22.73,66.79,2
0.6237,-0.0134,22.76,66.79,2
0.588,-0.0357,22.73,66.78,2
0.581,-0.007,22.66,66.78,2
0.6121,0.0311,22.62,66.77,2
0.6265,0.0143,22.63,66.77,2
0.6302,0.0037,22.67,66.76,2
0.6684,0.0382,22.67,66.76,2
0.7057,0.0372,22.63,66.76,2
0.6932,-0.0124,22.55,66.76,2
0.7031,0.0099,22.62,66.76,2
0.6495,-0.0536,22.68,66.76,2
0.6094,-0.0401,22.64,66.75,2
0.59,-0.0194,22.73,66.75,2
0.5817,-0.0083,22.74,66.74,2
0.6239,0.0422,22.75,66.74,2
0.6445,0.0205,22.7,66.74,2
0.5965,-0.048,22.69,66.73,2
0.5684,-0.0281,22.73,66.72,2
0.5692,0.0008,22.74,66.72,2
0.609,0.0398,22.77,66.71,2
0.6334,0.0243,22.74,66.71,2
0.6467,0.0134,22.84,66.71,2
0.6519,0.0052,22.91,66.71,2
0.64,-0.012,22.93,66.71,2
0.6628,0.0229,22.99,66.71,2
0.62,-0.0428,22.95,66.7,2
0.5863,-0.0337,22.9,66.7,2
0.605,0.0186,22.9,66.69,2
0.6486,0.0436,22.94,66.69,2
0.6523,0.0038,22.9,66.69,2
0.6472,-0.0051,22.9,66.69,2
0.6578,0.0106,22.94,66.69,2
0.6147,-0.0431,22.88,66.69,2
0.5689,-0.0459,22.88,66.68,2
0.589,0.0201,22.9,66.68,2
0.5755,-0.0134,22.84,66.67,2
0.6146,0.0391,22.94,66.67,2
0.5684,-0.0463,22.84,66.66,2
0.5292,-0.0392,22.78,66.66,2
0.5212,-0.008,22.76,66.65,2
0.5604,0.0393,22.74,66.64,2
0.5753,0.0149,22.81,66.64,2
0.5921,0.0167,22.77,66.64,2
0.5658,-0.0263,22.74,66.63,2
0.5276,-0.0382,22.71,66.63,2
0.5258,-0.0018,22.65,66.62,2
0.5265,0.0007,22.73,66.61,2
0.5506,0.0241,22.68,66.61,2
0.5704,0.0198,22.72,66.61,2
0.5883,0.0179,22.72,66.6,2
0.6077,0.0194,22.67,66.6,2
0.6275,0.0198,22.7,66.6,2
0.6352,0.0077,22.72,66.6,2
0.6194,-0.0158,22.76,66.6,2
0.6161,-0.0033,22.78,66.6,2
0.6353,0.0192,22.76,66.6,2
0.6292,-0.0061,22.75,66.6,2
0.641,0.0118,22.79,66.6,2
0.5936,-0.0474,22.73,66.6,2
0.5996,0.0061,22.77,66.59,2
0.5727,-0.027,22.83,66.59,2
0.5605,-0.0121,22.82,66.59,2
0.5436,-0.0169,22.85,66.58,2
0.5212,-0.0224,22.89,66.58,2
0.5035,-0.0177,22.84,66.57,2
0.5001,-0.0034,22.74,66.56,2
0.5185,0.0184,22.73,66.56,2
0.548,0.0295,22.7,66.55,2
0.5734,0.0254,22.76,66.55,2
0.5911,0.0177,22.75,66.55,2
0.6028,0.0117,22.71,66.55,2
0.6155,0.0128,22.69,66.55,2
0.6217,0.0062,22.71,66.55,2
0.6382,0.0165,22.81,66.55,2
0.6521,0.0139,22.8,66.55,2
0.6381,-0.014,22.78,66.55,2
0.6246,-0.0135,22.81,66.55,2
0.6474,0.0229,22.83,66.55,2
0.6698,0.0224,22.89,66.56,2
0.6817,0.0119,22.86,66.56,2
0.6957,0.014,22.89,66.56,2
0.6682,-0.0275,22.84,66.57,2
0.6729,0.0047,22.9,66.57,2
0.6958,0.023,23.05,66.57,2
0.6849,-0.0109,23.03,66.57,2
0.6475,-0.0374,22.95,66.58,2
0.6705,0.0229,22.96,66.58,2
0.6707,0.0003,22.88,66.58,2
0.6566,-0.0141,22.92,66.58,2
0.6392,-0.0174,22.88,66.58,2
0.6297,-0.0095,22.86,66.58,2
0.6394,0.0097,22.88,66.58,2
0.651,0.0116,22.86,66.58,2
0.6199,-0.0311,22.8,66.58,2
0.6499,0.03,22.88,66.58,2
0.636,-0.0139,22.85,66.58,2
0.6408,0.0048,22.83,66.58,2
0.62,-0.0207,22.8,66.58,2
0.6135,-0.0065,22.76,66.58,2
0.5934,-0.0201,22.74,66.58,2
0.5911,-0.0024,22.81,66.58,2
0.5914,0.0004,22.79,66.58,2
0.5965,0.0051,22.77,66.57,2
0.5718,-0.0247,22.76,66.57,2
0.5827,0.0109,22.76,66.57,2
0.5687,-0.014,22.81,66.57,2
0.5881,0.0194,22.86,66.56,2
0.565,-0.023,22.8,66.56,2
0.5728,0.0077,22.78,66.56,2
0.6007,0.028,22.78,66.56,2
0.5803,-0.0204,22.79,66.55,2
0.5989,0.0186,22.77,66.55,2
0.6383,0.0395,22.78,66.55,2
0.6342,-0.0041,22.78,66.55,2
0.6274,-0.0069,22.74,66.56,2
0.6152,-0.0122,22.76,66.55,2
0.633,0.0177,22.78,66.56,2
0.6119,-0.021,22.79,66.55,2
0.5947,-0.0172,22.85,66.55,2
0.6065,0.0118,22.93,66.55,2
0.605,-0.0015,22.96,66.55,2
0.5947,-0.0103,22.87,66.55,2
0.6342,0.0395,22.87,66.55,2
0.6633,0.0291,22.87,66.55,2
0.6357,-0.0276,22.78,66.55,2
0.6215,-0.0141,22.82,66.55,2
0.6117,-0.0099,22.78,66.55,2
0.5964,-0.0153,22.77,66.55,2
0.5745,-0.0219,22.74,66.55,2
0.5779,0.0034,22.73,66.55,2
0.5488,-0.0291,22.68,66.54,2
0.5958,0.047,22.69,66.54,2
0.6538,0.0581,22.75,66.55,2
0.6196,-0.0343,22.71,66.55,2
0.6129,-0.0066,22.74,66.55,2
0.5868,-0.0261,22.64,66.54,2
0.6287,0.0419,22.6,66.54,2
0.6557,0.027,22.6,66.55,2
0.655,-0.0007,22.66,66.55,2
0.6858,0.0307,22.66,66.55,2
0.6628,-0.0229,22.66,66.55,2
0.6711,0.0083,22.64,66.56,2
0.615,-0.0561,22.63,66.56,2
0.647,0.032,22.59,66.56,2
0.6684,0.0213,22.62,66.56,2
0.6592,-0.0092,22.66,66.56,2
0.6168,-0.0424,22.7,66.56,2
0.6137,-0.0031,22.69,66.56,2
0.5985,-0.0152,22.63,66.56,2
0.641,0.0425,22.62,66.56,2
0.6698,0.0289,22.66,66.56,2
0.6415,-0.0284,22.69,66.56,2
0.6416,0.0002,22.69,66.56,2
0.6681,0.0264,22.69,66.57,2
0.6627,-0.0054,22.7,66.57,2
0.673,0.0103,22.71,66.57,2
0.6919,0.0189,22.65,66.57,2
0.6825,-0.0094,22.65,66.58,2
0.6821,-0.0004,22.66,66.58,2
0.6545,-0.0276,22.64,66.58,2
0.6784,0.0239,22.73,66.58,2
0.7048,0.0264,22.76,66.59,2
0.7272,0.0224,22.82,66.59,2
0.6884,-0.0388,22.78,66.59,2
0.6773,-0.0111,22.74,66.59,2
0.6959,0.0185,22.73,66.6,2
0.6913,-0.0045,22.82,66.6,2
0.7123,0.021,22.8,66.6,2
0.6594,-0.0529,22.71,66.6,2
0.6657,0.0063,22.68,66.61,2
0.6575,-0.0082,22.66,66.61,2
0.6851,0.0276,22.65,66.61,2
0.6796,-0.0055,22.72,66.61,2
0.6718,-0.0078,22.9,66.61,2
0.6474,-0.0244,22.84,66.61,2
0.6512,0.0039,22.81,66.61,2
0.6405,-0.0108,22.79,66.61,2
0.6525,0.012,22.77,66.61,2
0.639,-0.0135,22.85,66.61,2
0.6559,0.0169,22.82,66.61,2
0.6914,0.0355,22.67,66.61,2
0.6793,-0.0121,22.7,66.62,2
0.6722,-0.0071,22.71,66.62,2
0.6228,-0.0493,22.64,66.62,2
0.5994,-0.0235,22.71,66.61,2
0.5945,-0.0049,22.69,66.61,2
0.6322,0.0377,22.65,66.61,2
0.6508,0.0187,22.62,66.61,2
0.6772,0.0264,22.66,66.61,2
0.6489,-0.0283,22.63,66.61,2
0.6568,0.0079,22.76,66.61,2
0.6359,-0.021,22.75,66.61,2
0.6605,0.0246,22.81,66.61,2
0.6859,0.0254,22.78,66.62,2
0.6694,-0.0165,22.79,66.62,2
0.6817,0.0123,22.75,66.62,2
0.693,0.0112,22.78,66.62,2
0.6607,-0.0323,22.8,66.62,2
0.6535,-0.0072,22.83,66.62,2
0.6835,0.0301,22.85,66.62,2
0.6873,0.0038,22.91,66.63,2
0.668,-0.0194,22.88,66.63,2
0.663,-0.0049,22.84,66.63,2
0.6859,0.0229,22.86,66.63,2
0.6408,-0.0451,22.86,66.63,2
0.6238,-0.0169,22.87,66.63,2
0.6192,-0.0046,22.94,66.63,2
0.6473,0.0281,22.92,66.63,2
0.6548,0.0075,22.95,66.63,2
0.615,-0.0398,22.94,66.62,2
0.6428,0.0277,22.93,66.62,2
0.6764,0.0337,23.03,66.62,2
0.6543,-0.0221,23.05,66.63,2
0.6686,0.0143,23.1,66.63,2
0.7012,0.0326,23.11,66.63,2
0.6836,-0.0176,23.0,66.63,2
0.6995,0.016,22.94,66.63,2
0.692,-0.0075,22.89,66.63,2
0.7249,0.0329,22.93,66.64,2
0.6989,-0.026,22.88,66.64,2
0.6675,-0.0314,22.89,66.64,2
0.6699,0.0024,22.85,66.64,2
0.6549,-0.015,22.79,66.64,2
0.661,0.0061,22.78,66.64,2
0.6623,0.0013,22.86,66.64,2
0.6949,0.0326,22.9,66.64,2
0.699,0.0041,22.93,66.65,2
0.7299,0.0309,22.94,66.65,2
0.7299,-0.0001,22.98,66.65,2
0.6766,-0.0533,22.95,66.65,2
0.6603,-0.0163,22.95,66.65,2
0.6558,-0.0045,22.94,66.65,2
0.6754,0.0196,22.84,66.65,2
0.6985,0.0231,22.85,66.66,2
0.7071,0.0086,22.89,66.66,2
0.7019,-0.0051,22.85,66.66,2
0.7265,0.0246,22.86,66.66,2
0.7042,-0.0223,22.93,66.67,2
0.6997,-0.0045,22.97,66.67,2
0.6715,-0.0282,23.0,66.67,2
0.676,0.0045,22.95,66.67,2
0.6824,0.0064,22.98,66.67,2
0.7075,0.0251,22.99,66.67,2
0.7292,0.0217,22.9,66.67,2
0.7067,-0.0225,22.87,66.68,2
0.7018,-0.0049,22.85,66.68,2
0.6678,-0.0341,22.82,66.68,2
0.6535,-0.0143,22.8,66.68,2
0.6523,-0.0011,22.84,66.67,2
0.4748,-0.1775,22.89,66.67,2
0.549,0.0742,22.89,66.66,2
0.5985,0.0495,22.9,66.66,2
0.6257,0.0272,22.88,66.65,2
0.6481,0.0224,22.89,66.65,2
0.6803,0.0321,22.91,66.65,2
0.7068,0.0266,22.89,66.66,2
0.7206,0.0138,22.84,66.66,2
0.7227,0.0021,22.84,66.66,2
0.7213,-0.0014,22.94,66.67,2
0.7324,0.0111,22.98,66.67,2
0.7237,-0.0087,22.9,66.67,2
0.7414,0.0176,22.96,66.68,2
0.7391,-0.0023,22.92,66.68,2
0.7288,-0.0103,22.88,66.68,2
0.7516,0.0228,22.91,66.69,2
0.7201,-0.0314,22.94,66.69,2
0.7228,0.0027,22.96,66.69,2
0.7571,0.0342,22.94,66.69,2
0.7641,0.007,22.98,66.7,2
0.78,0.0159,22.98,66.7,2
0.7907,0.0107,23.04,66.71,2
0.7741,-0.0165,23.12,66.71,2
0.7538,-0.0204,23.18,66.72,2
0.7572,0.0035,23.15,66.72,2
0.7343,-0.0229,23.1,66.72,2
0.7467,0.0124,23.15,66.73,2
0.7572,0.0104,23.12,66.73,2
0.7599,0.0028,23.06,66.73,2
0.7348,-0.0251,23.05,66.73,2
0.7461,0.0113,23.14,66.74,2
0.7442,-0.002,23.3,66.74,2
0.7572,0.0131,23.3,66.74,2
0.7562,-0.0011,23.28,66.75,2
0.7613,0.0052,23.18,66.75,2
0.7868,0.0255,23.13,66.75,2
0.7932,0.0064,23.19,66.76,2
0.7899,-0.0033,23.26,66.76,2
0.7742,-0.0157,23.23,66.77,2
0.7648,-0.0094,23.2,66.77,2
0.766,0.0012,23.27,66.77,2
0.7954,0.0295,23.22,66.78,2
0.7614,-0.034,23.14,66.78,2
0.7126,-0.0489,23.19,66.78,2
0.6906,-0.022,23.22,66.78,2
0.7096,0.019,23.23,66.78,2
0.7443,0.0347,23.24,66.78,2
0.7541,0.0098,23.3,66.78,2
0.7649,0.0108,23.3,66.78,2
0.753,-0.0118,23.23,66.79,2
0.5577,-0.1953,23.15,66.78,2
0.5924,0.0347,22.98,66.77,2
0.6451,0.0527,22.98,66.77,2
0.6377,-0.0074,22.9,66.77,2
0.6347,-0.003,22.85,66.76,2
0.6788,0.0441,22.79,66.76,2
0.6964,0.0176,22.8,66.76,2
0.6735,-0.023,22.78,66.76,2
0.6825,0.0091,22.84,66.76,2
0.691,0.0085,22.85,66.76,2
0.6775,-0.0135,22.89,66.76,2
0.6781,0.0005,22.99,66.75,2
0.6735,-0.0046,22.97,66.75,2
0.7,0.0265,22.98,66.75,2
0.7052,0.0052,23.04,66.75,2
0.6881,-0.0171,23.03,66.75,2
0.6758,-0.0123,23.0,66.75,2
0.7007,0.0249,22.92,66.75,2
0.7295,0.0288,22.9,66.75,2
0.751,0.0215,22.88,66.76,2
0.7688,0.0177,22.85,66.76,2
0.7842,0.0155,22.81,66.76,2
0.7775,-0.0068,22.82,66.77,2
0.768,-0.0095,22.8,66.77,2
0.721,-0.0469,22.77,66.77,2
0.7313,0.0102,22.79,66.77,2
0.7518,0.0205,22.74,66.77,2
0.7858,0.0341,22.69,66.78,2
0.7935,0.0077,22.72,66.78,2
0.762,-0.0315,22.76,66.78,2
0.7733,0.0113,22.78,66.79,2
0.7532,-0.0201,22.81,66.79,2
0.7473,-0.0058,22.84,66.79,2
0.7778,0.0305,22.78,66.79,2
0.7929,0.0151,22.87,66.8,2
0.7973,0.0044,22.88,66.8,2
0.797,-0.0003,22.92,66.8,2
0.7956,-0.0014,22.98,66.81,2
0.7862,-0.0093,23.02,66.81,2
0.7981,0.0119,23.01,66.82,2
0.7877,-0.0104,23.01,66.82,2
0.7891,0.0014,23.05,66.82,2
0.782,-0.0071,23.06,66.82,2
0.7992,0.0172,23.01,66.83,2
0.7543,-0.0449,23.07,66.83,2
0.7357,-0.0186,23.09,66.83,2
0.7538,0.0181,23.08,66.83,2
0.7533,-0.0005,23.15,66.83,2
0.7714,0.0181,23.08,66.83,2
0.772,0.0006,23.05,66.84,2
0.787,0.015,23.09,66.84,2
0.8049,0.0179,23.1,66.84,2
0.7834,-0.0215,23.11,66.84,2
0.789,0.0056,23.19,66.85,2
0.7054,-0.0836,23.17,66.84,2
0.7187,0.0134,23.12,66.84,2
0.7318,0.0131,23.16,66.84,2
0.7661,0.0344,23.07,66.84,2
0.7777,0.0115,23.04,66.85,2
0.8056,0.0279,23.0,66.85,2
0.8109,0.0053,23.01,66.85,2
0.7975,-0.0134,22.97,66.86,2
0.7829,-0.0146,23.0,66.86,2
0.8029,0.02,22.99,66.86,2
0.7316,-0.0712,22.98,66.86,2
0.737,0.0054,23.06,66.86,2
0.7619,0.0249,23.12,66.86,2
0.7605,-0.0014,23.12,66.86,2
0.7823,0.0218,23.06,66.86,2
0.7888,0.0064,23.14,66.87,2
0.7822,-0.0066,23.1,66.87,2
0.8088,0.0266,23.09,66.87,2
0.7781,-0.0307,23.07,66.87,2
0.7916,0.0135,23.04,66.87,2
0.7519,-0.0397,23.06,66.87,2
0.7159,-0.036,23.09,66.87,2
0.7276,0.0117,23.11,66.87,2
0.7411,0.0135,23.04,66.87,2
0.7139,-0.0273,23.02,66.87,2
0.706,-0.0078,22.99,66.87,2
0.7068,0.0007,22.91,66.87,2
0.704,-0.0028,22.88,66.86,2
0.7263,0.0223,22.92,66.86,2
0.7031,-0.0232,22.94,66.86,2
0.7089,0.0058,22.91,66.86,2
0.7023,-0.0066,22.93,66.86,2
0.6674,-0.0349,22.82,66.85,2
0.6663,-0.0011,22.88,66.85,2
0.6922,0.0259,22.94,66.85,2
0.7277,0.0355,22.93,66.85,2
0.7575,0.0298,22.88,66.85,2
0.7703,0.0127,22.92,66.85,2
0.7761,0.0058,22.85,66.85,2
0.7767,0.0006,22.82,66.85,2
0.7502,-0.0265,22.85,66.85,2
0.7514,0.0012,22.9,66.85,2
0.7051,-0.0464,22.91,66.85,2
0.7223,0.0173,22.93,66.85,2
0.7059,-0.0164,22.93,66.85,2
0.6921,-0.0138,22.9,66.85,2
0.7106,0.0184,22.86,66.85,2
0.6652,-0.0454,22.84,66.84,2
0.6878,0.0227,22.89,66.84,2
0.7005,0.0127,22.91,66.84,2
0.7172,0.0167,22.92,66.84,2
0.7336,0.0164,22.92,66.84,2
0.7085,-0.0251,22.98,66.84,2
0.7204,0.0119,22.91,66.83,2
0.7071,-0.0133,22.93,66.83,2
0.7241,0.017,22.87,66.83,2
0.7595,0.0353,22.89,66.83,2
0.7028,-0.0567,22.91,66.83,2
0.6966,-0.0062,22.97,66.83,2
0.7114,0.0148,22.97,66.83,2
0.7329,0.0216,23.06,66.83,2
0.73,-0.0029,23.09,66.83,2
0.746,0.0159,23.03,66.83,2
0.7315,-0.0145,23.0,66.83,2
0.7308,-0.0007,23.07,66.83,2
0.7024,-0.0284,23.09,66.83,2
0.677,-0.0254,23.09,66.83,2
0.715,0.038,23.04,66.83,2
0.7565,0.0414,22.98,66.83,2
0.7366,-0.0199,22.99,66.83,2
0.75,0.0134,23.08,66.83,2
0.7569,0.0069,23.12,66.83,2
0.7359,-0.021,23.1,66.83,2
0.7378,0.0019,23.17,66.83,2
0.7271,-0.0108,23.1,66.83,2
0.7408,0.0137,23.04,66.83,2
0.7271,-0.0137,23.02,66.83,2
0.749,0.0218,23.11,66.83,2
0.7803,0.0313,23.15,66.83,2
0.7653,-0.015,23.11,66.83,2
0.7532,-0.0121,23.17,66.84,2
0.7673,0.014,23.13,66.84,2
0.7492,-0.018,23.15,66.84,2
0.7369,-0.0124,23.13,66.84,2
0.7643,0.0275,23.08,66.84,2
0.7789,0.0145,23.14,66.84,2
0.7968,0.018,23.14,66.84,2
0.8007,0.0039,23.14,66.85,2
0.8146,0.0139,23.13,66.85,2
0.8294,0.0148,23.2,66.86,2
0.8262,-0.0032,23.17,66.86,2
0.8305,0.0042,23.25,66.86,2
0.8309,0.0004,23.27,66.87,2
0.8163,-0.0146,23.22,66.87,2
0.7935,-0.0228,23.24,66.87,2
0.7994,0.0059,23.29,66.88,2
0.7913,-0.0081,23.18,66.88,2
0.7767,-0.0146,23.21,66.88,2
0.7578,-0.0189,23.29,66.88,2
0.7512,-0.0065,23.25,66.88,2
0.7608,0.0096,23.27,66.88,2
0.7388,-0.022,23.16,66.88,2
0.7343,-0.0045,23.14,66.88,2
0.7617,0.0274,23.17,66.88,2
0.7816,0.0199,23.08,66.88,2
0.7858,0.0042,23.01,66.88,2
0.7572,-0.0286,22.99,66.88,2
0.7407,-0.0165,23.12,66.88,2
0.73,-0.0107,23.09,66.88,2
0.7177,-0.0123,23.05,66.88,2
0.7365,0.0188,23.05,66.88,2
0.6911,-0.0454,23.01,66.88,2
0.7031,0.0121,23.0,66.87,2
0.7118,0.0086,23.02,66.87,2
0.6599,-0.0519,23.03,66.87,2
0.6504,-0.0095,23.05,66.86,2
0.6547,0.0043,23.03,66.86,2
0.6788,0.0241,23.04,66.85,2
0.7114,0.0326,22.96,66.85,2
0.7129,0.0015,23.01,66.85,2
0.7133,0.0004,23.01,66.85,2
0.6951,-0.0182,22.95,66.85,2
0.699,0.0039,22.96,66.85,2
0.656,-0.0429,22.99,66.84,2
0.6812,0.0251,22.92,66.84,2
0.6552,-0.026,22.91,66.84,2
0.6813,0.0261,22.93,66.83,2
0.6904,0.0091,22.87,66.83,2
0.6881,-0.0023,22.85,66.83,2
0.6915,0.0034,22.83,66.83,2
0.6946,0.0031,22.77,66.82,2
0.6835,-0.0111,22.67,66.82,2
0.7128,0.0293,22.74,66.82,2
0.655,-0.0579,22.76,66.82,2
0.6675,0.0125,22.79,66.81,2
0.6944,0.0269,22.85,66.81,2
0.6958,0.0014,22.89,66.81,2
0.715,0.0192,22.86,66.81,2
0.7432,0.0282,22.88,66.81,2
0.7215,-0.0216,22.9,66.81,2
0.7333,0.0118,22.9,66.81,2
0.7216,-0.0117,22.88,66.81,2
0.7255,0.004,22.88,66.81,2
0.7103,-0.0152,22.86,66.81,2
0.7355,0.0253,22.85,66.81,2
0.7045,-0.031,22.9,66.81,2
0.7274,0.0229,22.84,66.81,2
0.6854,-0.042,22.8,66.81,2
0.7137,0.0283,22.82,66.81,2
0.7306,0.0169,22.83,66.81,2
0.7554,0.0248,22.9,66.81,2
0.7761,0.0207,22.94,66.81,2
0.7412,-0.0349,22.92,66.81,2
0.7464,0.0052,22.9,66.81,2
0.6969,-0.0495,22.88,66.81,2
0.7155,0.0186,22.93,66.81,2
0.7488,0.0333,22.92,66.81,2
0.7491,0.0003,23.01,66.82,2
0.7462,-0.0029,23.02,66.82,2
0.7669,0.0207,23.03,66.82,2
0.7482,-0.0188,23.02,66.82,2
0.7266,-0.0216,23.0,66.82,2
0.7423,0.0157,23.03,66.82,2
0.7259,-0.0164,22.98,66.82,2
0.6926,-0.0333,22.94,66.82,2
0.7052,0.0126,22.96,66.82,2
0.6902,-0.015,23.0,66.82,2
0.6739,-0.0163,23.01,66.81,2
0.6948,0.0208,23.01,66.81,2
0.7207,0.0259,23.03,66.81,2
0.6849,-0.0358,23.14,66.81,2
0.6746,-0.0103,23.1,66.81,2
0.7103,0.0357,23.1,66.81,2
0.6925,-0.0179,23.04,66.8,2
0.7143,0.0218,23.07,66.8,2
0.6796,-0.0347,23.07,66.8,2
0.699,0.0195,23.11,66.8,2
0.7414,0.0424,23.04,66.8,2
0.7548,0.0134,23.06,66.8,2
0.7611,0.0063,23.03,66.81,2
0.751,-0.0102,23.03,66.81,2
0.7395,-0.0115,22.89,66.81,2
0.7486,0.0091,22.9,66.81,2
0.7538,0.0053,23.0,66.81,2
0.7197,-0.0341,22.99,66.81,2
0.7157,-0.004,23.03,66.81,2
0.7367,0.021,23.07,66.81,2
0.758,0.0213,23.05,66.81,2
0.7573,-0.0007,23.01,66.81,2
0.7635,0.0062,23.02,66.82,2
0.7718,0.0083,23.07,66.82,2
0.7346,-0.0372,23.06,66.82,2
0.7218,-0.0128,23.04,66.82,2
0.7349,0.0132,23.01,66.82,2
0.7507,0.0158,23.04,66.82,2
0.7035,-0.0473,22.92,66.82,2
0.6935,-0.01,22.9,66.82,2
0.7351,0.0416,22.89,66.82,2
0.6917,-0.0434,22.82,66.82,2
0.6999,0.0082,22.75,66.81,2
0.6891,-0.0108,22.75,66.81,2
0.6602,-0.0289,22.8,66.81,2
0.684,0.0238,22.8,66.81,2
0.6611,-0.0229,22.89,66.8,2
0.656,-0.0051,22.86,66.8,2
0.6705,0.0145,22.85,66.8,2
0.6911,0.0206,22.91,66.8,2
0.6694,-0.0217,22.91,66.79,2
0.6968,0.0274,22.95,66.79,2
0.686,-0.0108,22.96,66.79,2
0.6767,-0.0093,22.9,66.79,2
0.6445,-0.0321,22.94,66.79,2
0.6762,0.0317,22.91,66.78,2
0.6959,0.0196,22.93,66.78,2
0.6828,-0.013,22.94,66.78,2
0.703,0.0202,22.94,66.78,2
0.7255,0.0225,22.94,66.78,2
0.7229,-0.0026,22.9,66.78,2
0.728,0.0051,22.9,66.78,2
0.7575,0.0295,22.86,66.79,2
0.7299,-0.0276,22.8,66.79,2
0.7447,0.0148,22.82,66.79,2
0.6936,-0.0511,22.83,66.79,2
0.683,-0.0105,22.86,66.79,2
0.6999,0.0168,22.81,66.78,2
0.6773,-0.0226,22.84,66.78,2
0.7055,0.0282,22.86,66.78,2
0.7131,0.0076,22.83,66.78,2
0.7049,-0.0081,22.78,66.78,2
0.709,0.004,22.78,66.78,2
0.7153,0.0063,22.83,66.78,2
0.7113,-0.004,22.85,66.78,2
0.7068,-0.0044,22.88,66.78,2
0.7213,0.0145,22.87,66.78,2
0.7081,-0.0133,22.83,66.78,2
0.7002,-0.0079,22.87,66.78,2
0.6877,-0.0125,22.86,66.78,2
0.6934,0.0057,22.9,66.78,2
0.7043,0.0109,22.96,66.78,2
0.7333,0.029,22.96,66.78,2
0.7593,0.026,22.97,66.78,2
0.7665,0.0072,23.01,66.78,2
0.7952,0.0287,23.0,66.79,2
0.7779,-0.0173,22.96,66.79,2
0.7897,0.0118,22.92,66.8,2
0.7749,-0.0148,23.02,66.8,2
0.7967,0.0219,23.11,66.8,2
0.8063,0.0096,23.08,66.81,2
0.7424,-0.0639,23.07,66.81,2
0.727,-0.0154,23.0,66.81,2
0.7206,-0.0064,23.01,66.81,2
0.7125,-0.0081,23.02,66.81,2
0.7414,0.0289,22.94,66.81,2
0.7266,-0.0148,23.05,66.81,2
0.7061,-0.0205,23.06,66.81,2
0.6832,-0.0229,23.0,66.81,2
0.6533,-0.0299,22.99,66.8,2
0.6653,0.012,22.93,66.8,2
0.6985,0.0332,22.87,66.8,2
0.6989,0.0005,22.86,66.8,2
0.6986,-0.0003,22.75,66.8,2
0.7123,0.0137,22.82,66.8,2
0.7399,0.0276,22.91,66.8,2
0.7105,-0.0294,22.9,66.8,2
0.7118,0.0013,22.9,66.8,2
0.7126,0.0008,22.91,66.8,2
0.7129,0.0002,22.95,66.8,2
0.7129,0.0001,22.87,66.8,2
0.6695,-0.0434,22.91,66.79,2
0.6881,0.0186,22.99,66.79,2
0.6787,-0.0094,22.97,66.79,2
0.6822,0.0035,22.95,66.79,2
0.647,-0.0352,22.99,66.78,2
0.6771,0.0301,22.97,66.78,2
0.7048,0.0277,23.01,66.78,2
0.7161,0.0113,22.94,66.78,2
0.7307,0.0146,22.96,66.78,2
0.723,-0.0077,22.98,66.78,2
0.6647,-0.0583,23.03,66.78,2
0.6521,-0.0126,23.0,66.78,2
0.6322,-0.0199,22.98,66.77,2
0.6611,0.029,23.04,66.77,2
0.6884,0.0273,23.05,66.77,2
0.6862,-0.0022,23.03,66.77,2
0.659,-0.0272,22.98,66.77,2
0.6347,-0.0243,23.0,66.76,2
0.6165,-0.0183,22.93,66.76,2
0.6523,0.0358,22.93,66.76,2
0.6484,-0.004,22.93,66.75,2
0.6603,0.0119,22.96,66.75,2
0.6504,-0.0099,22.88,66.75,2
0.6696,0.0191,22.9,66.75,2
0.6926,0.0231,22.95,66.75,2
0.6528,-0.0399,22.99,66.75,2
0.6444,-0.0084,22.96,66.74,2
0.6533,0.0089,22.97,66.74,2
0.6774,0.0242,22.92,66.74,2
0.7067,0.0292,22.81,66.74,2
0.7156,0.0089,22.79,66.74,2
0.7316,0.0161,22.67,66.74,2
0.7391,0.0074,22.68,66.74,2
0.7091,-0.03,22.7,66.75,2
0.7167,0.0076,22.77,66.75,2
0.6816,-0.0351,22.81,66.75,2
0.706,0.0244,22.83,66.75,2
0.7243,0.0183,22.91,66.75,2
0.6891,-0.0352,22.9,66.75,2
0.6938,0.0047,22.85,66.75,2
0.6875,-0.0063,22.86,66.75,2
0.7081,0.0206,22.85,66.75,2
0.7142,0.0061,22.87,66.75,2
0.6787,-0.0355,22.82,66.75,2
0.6809,0.0022,22.9,66.75,2
0.6563,-0.0246,22.95,66.74,2
0.6344,-0.0219,22.93,66.74,2
0.6617,0.0273,22.89,66.74,2
0.6148,-0.0469,22.83,66.73,2
0.6263,0.0115,22.85,66.73,2
0.6231,-0.0033,22.88,66.73,2
0.5912,-0.0318,22.88,66.72,2
0.5831,-0.0081,22.86,66.72,2
0.599,0.0159,22.78,66.71,2
0.6367,0.0377,22.71,66.71,2
0.6443,0.0076,22.78,66.71,2
0.6783,0.034,22.73,66.71,2
0.7083,0.03,22.66,66.71,2
0.7005,-0.0078,22.74,66.71,2
0.7036,0.0031,22.79,66.71,2
0.6843,-0.0193,22.8,66.71,2
0.6803,-0.004,22.8,66.71,2
0.7095,0.0292,22.81,66.71,2
0.5209,-0.1886,22.85,66.7,2
0.5412,0.0203,22.81,66.7,2
0.5917,0.0505,22.83,66.69,2
0.6305,0.0389,22.9,66.69,2
0.6586,0.0281,22.83,66.69,2
0.6567,-0.0019,22.82,66.69,2
0.6135,-0.0432,22.73,66.69,2
0.6205,0.0069,22.69,66.68,2
0.613,-0.0075,22.77,66.68,2
0.6197,0.0067,22.85,66.68,2
0.5915,-0.0282,22.83,66.67,2
0.629,0.0375,22.78,66.67,2
0.5921,-0.037,22.76,66.67,2
0.5772,-0.0148,22.73,66.66,2
0.5979,0.0206,22.71,66.66,2
0.5989,0.001,22.76,66.66,2
0.6009,0.002,22.71,66.65,2
0.5531,-0.0478,22.71,66.65,2
0.5459,-0.0072,22.71,66.64,2
0.5519,0.006,22.75,66.64,2
0.5815,0.0296,22.67,66.63,2
0.5664,-0.0151,22.56,66.63,2
0.5752,0.0089,22.57,66.62,2
0.5647,-0.0105,22.53,66.62,2
0.536,-0.0288,22.51,66.62,2
0.509,-0.027,22.49,66.61,2
0.5411,0.0321,22.46,66.6,2
0.5432,0.0021,22.44,66.6,2
0.3835,-0.1596,22.67,66.63,1
0.4599,0.0764,22.96,66.66,1
0.5364,0.0765,22.96,66.65,2
0.5863,0.0499,22.99,66.65,2
0.5949,0.0086,22.93,66.64,2
0.5772,-0.0177,22.95,66.64,2
0.5965,0.0193,22.91,66.64,2
0.6293,0.0328,22.94,66.63,2
0.6508,0.0216,22.91,66.63,2
0.6254,-0.0254,22.91,66.63,2
0.6076,-0.0178,22.98,66.63,2
0.6031,-0.0045,22.84,66.63,2
0.6125,0.0094,22.89,66.63,2
0.597,-0.0156,22.86,66.62,2
0.5791,-0.0179,22.85,66.62,2
0.5596,-0.0194,22.89,66.62,2
0.5364,-0.0232,22.82,66.61,2
0.5336,-0.0028,22.77,66.6,2
0.5591,0.0254,22.73,66.6,2
0.57,0.0109,22.71,66.6,2
0.5839,0.0139,22.73,66.59,2
0.5529,-0.0309,22.69,66.59,2
0.5379,-0.015,22.69,66.59,2
0.5833,0.0454,22.68,66.58,2
0.5867,0.0034,22.75,66.58,2
0.6222,0.0355,22.71,66.58,2
0.5917,-0.0305,22.73,66.58,2
0.5901,-0.0016,22.59,66.58,2
0.5789,-0.0111,22.62,66.57,2
0.5577,-0.0212,22.69,66.57,2
0.5364,-0.0213,22.75,66.57,2
0.5716,0.0351,22.76,66.56,2
0.6139,0.0424,22.75,66.56,2
0.6065,-0.0075,22.8,66.56,2
0.5983,-0.0081,22.75,66.56,2
0.5621,-0.0362,22.73,66.56,2
0.5389,-0.0232,22.7,66.55,2
0.5242,-0.0146,22.68,66.55,2
0.5379,0.0137,22.66,66.54,2
0.5478,0.0099,22.63,66.54,2
0.5478,-0.0,22.59,66.54,2
0.5461,-0.0017,22.65,66.53,2
0.5815,0.0354,22.6,66.53,2
0.5525,-0.029,22.6,66.53,2
0.5691,0.0166,22.62,66.53,2
0.595,0.0259,22.64,66.53,2
0.5761,-0.0188,22.7,66.52,2
0.5254,-0.0507,22.64,66.52,2
0.5032,-0.0223,22.66,66.51,2
0.5132,0.01,22.6,66.51,2
0.567,0.0538,22.58,66.51,2
0.5751,0.0081,22.58,66.51,2
0.5771,0.002,22.61,66.51,2
0.5362,-0.0409,22.61,66.5,2
0.3817,-0.1545,22.83,66.53,1
0.4218,0.0401,23.09,66.56,1
0.4893,0.0675,23.03,66.55,2
0.4955,0.0063,22.94,66.55,2
0.5216,0.026,22.86,66.54,2
0.5485,0.0269,22.8,66.54,2
0.5452,-0.0033,22.81,66.54,2
0.5335,-0.0117,22.77,66.53,2
0.5201,-0.0134,22.7,66.53,2
0.54,0.0199,22.7,66.52,2
0.5242,-0.0158,22.6,66.52,2
0.5344,0.0102,22.59,66.52,2
0.5769,0.0425,22.61,66.51,2
0.5829,0.006,22.56,66.51,2
0.5698,-0.013,22.59,66.51,2
0.5804,0.0106,22.67,66.51,2
0.566,-0.0144,22.69,66.51,2
0.5474,-0.0186,22.72,66.51,2
0.53,-0.0174,22.68,66.5,2
0.5361,0.006,22.64,66.5,2
0.5369,0.0008,22.58,66.5,2
0.5009,-0.036,22.56,66.49,2
0.4885,-0.0124,22.49,66.49,2
0.4921,0.0036,22.59,66.48,2
0.5265,0.0344,22.54,66.48,2
0.5524,0.0259,22.62,66.48,2
0.5251,-0.0273,22.65,66.47,2
0.5285,0.0034,22.75,66.47,2
0.5319,0.0034,22.78,66.47,2
0.563,0.0311,22.66,66.47,2
0.5102,-0.0528,22.66,66.46,2
0.5106,0.0004,22.59,66.46,2
0.5597,0.0491,22.63,66.46,2
0.5342,-0.0255,22.59,66.45,2
0.5356,0.0014,22.69,66.45,2
0.5504,0.0148,22.69,66.45,2
0.5543,0.0038,22.71,66.45,2
0.5467,-0.0076,22.72,66.45,2
0.597,0.0503,22.76,66.45,2
0.5936,-0.0033,22.77,66.45,2
0.5615,-0.0321,22.78,66.45,2
0.4,-0.1615,23.0,66.48,1
0.4073,0.0072,23.2,66.51,1
0.445,0.0377,23.33,66.54,1
0.4732,0.0282,23.31,66.53,2
0.5015,0.0283,23.3,66.53,2
0.3526,-0.1489,23.55,66.56,1
0.4241,0.0715,23.81,66.59,1
0.4715,0.0474,23.55,66.58,2
0.4591,-0.0123,23.49,66.57,2
0.4363,-0.0228,23.68,66.6,1
0.4289,-0.0075,23.77,66.63,1
0.2921,-0.1368,23.99,66.65,1
0.3213,0.0293,24.13,66.67,1
0.3996,0.0783,24.35,66.7,1
0.4344,0.0348,24.56,66.73,1
0.4291,-0.0053,24.72,66.76,1
0.452,0.0229,24.54,66.74,2
0.444,-0.008,24.34,66.73,2
0.458,0.014,24.16,66.72,2
0.4326,-0.0254,24.33,66.75,1
0.4419,0.0093,24.49,66.77,1
0.453,0.0111,24.2,66.76,2
0.4366,-0.0164,24.08,66.75,2
0.45,0.0134,23.96,66.73,2
0.4465,-0.0035,24.17,66.76,1
0.4482,0.0016,24.38,66.79,1
0.4752,0.027,24.29,66.78,2
0.4641,-0.011,24.05,66.76,2
0.5048,0.0407,23.9,66.75,2
0.3532,-0.1516,24.04,66.78,1
0.386,0.0328,24.2,66.8,1
0.3924,0.0063,24.31,66.82,1
0.4364,0.044,24.46,66.85,1
0.434,-0.0024,24.61,66.87,1
0.451,0.017,24.45,66.86,2
0.4449,-0.0061,24.3,66.84,2
0.4587,0.0138,24.16,66.83,2
0.4425,-0.0162,24.31,66.86,1
0.4662,0.0237,24.43,66.88,1
0.449,-0.0173,24.45,66.91,1
0.4724,0.0234,24.27,66.89,2
0.4912,0.0188,24.08,66.88,2
0.5037,0.0125,24.05,66.87,2
0.4934,-0.0103,23.87,66.85,2
0.5074,0.014,23.72,66.84,2
0.4688,-0.0387,23.63,66.83,2
0.4804,0.0116,23.6,66.82,2
0.5349,0.0545,23.51,66.81,2
0.553,0.0181,23.42,66.8,2
0.5096,-0.0434,23.35,66.79,2
0.5143,0.0047,23.35,66.78,2
0.4877,-0.0266,23.29,66.77,2
0.4695,-0.0183,23.24,66.76,2
0.4821,0.0126,23.15,66.74,2
0.501,0.019,23.25,66.73,2
0.4916,-0.0094,23.29,66.72,2
0.5203,0.0287,23.18,66.72,2
0.5141,-0.0062,23.19,66.71,2
0.518,0.004,23.08,66.7,2
0.4874,-0.0307,23.07,66.69,2
0.5031,0.0157,22.96,66.68,2
0.5186,0.0155,22.82,66.67,2
0.4853,-0.0333,22.8,66.66,2
0.5136,0.0283,22.76,66.66,2
0.5135,-0.0,22.75,66.65,2
0.4772,-0.0363,22.7,66.64,2
0.4486,-0.0286,22.99,66.67,1
0.4515,0.0029,23.2,66.7,1
0.309,-0.1425,23.41,66.72,1
0.3943,0.0852,23.56,66.75,1
0.4196,0.0253,23.76,66.77,1
0.4517,0.0321,23.61,66.76,2
0.4954,0.0437,23.47,66.75,2
0.4953,-0.0001,23.33,66.74,2
0.5313,0.036,23.18,66.73,2
0.5158,-0.0155,23.19,66.72,2
0.5352,0.0194,23.07,66.71,2
0.3784,-0.1568,23.22,66.74,1
0.3994,0.021,23.47,66.76,1
0.4541,0.0547,23.31,66.75,2
0.4555,0.0014,23.18,66.74,2
0.465,0.0095,23.14,66.73,2
0.4823,0.0174,23.11,66.72,2
0.4845,0.0021,23.06,66.71,2
0.4674,-0.017,22.89,66.7,2
0.5132,0.0457,22.84,66.69,2
0.5295,0.0163,22.92,66.68,2
0.5093,-0.0202,22.94,66.67,2
0.4758,-0.0335,22.87,66.66,2
0.4787,0.0029,22.84,66.65,2
0.4697,-0.0091,22.9,66.64,2
0.3262,-0.1434,23.08,66.67,1
0.3604,0.0342,23.25,66.69,1
0.3735,0.0131,23.43,66.72,1
0.3758,0.0023,23.66,66.74,1
0.432,0.0562,23.82,66.77,1
0.4456,0.0137,23.95,66.79,1
0.474,0.0283,23.79,66.78,2
0.4628,-0.0112,23.76,66.77,2
0.4694,0.0066,23.61,66.76,2
0.4629,-0.0065,23.54,66.75,2
0.5221,0.0593,23.45,66.74,2
0.5641,0.0419,23.39,66.73,2
0.5679,0.0038,23.24,66.72,2
0.549,-0.0189,23.24,66.72,2
0.394,-0.155,23.42,66.74,1
0.4185,0.0245,23.7,66.77,1
0.4957,0.0771,23.52,66.76,2
0.5683,0.0727,23.4,66.75,2
0.5467,-0.0216,23.35,66.74,2
0.3911,-0.1556,23.53,66.77,1
0.422,0.0309,23.82,66.79,1
0.459,0.037,23.73,66.78,2
0.3243,-0.1348,23.57,66.76,2
0.2416,-0.0826,23.99,66.81,0
0.3378,0.0961,24.34,66.86,0
0.4192,0.0814,24.49,66.88,1
0.4573,0.0381,24.65,66.91,1
0.4534,-0.0039,24.5,66.89,2
0.3173,-0.1361,24.33,66.87,2
0.3432,0.026,24.45,66.89,1
0.2397,-0.1035,24.51,66.9,1
0.2831,0.0434,24.63,66.92,1
0.1931,-0.0901,24.92,66.96,0
0.1408,-0.0523,25.16,67.0,0
0.216,0.0753,25.41,67.04,0
0.1433,-0.0728,25.68,67.08,0
0.2095,0.0663,25.91,67.12,0
0.251,0.0414,26.11,67.16,0
0.1567,-0.0943,26.36,67.19,0
0.2404,0.0837,26.58,67.23,0
0.2907,0.0502,26.43,67.24,1
0.1871,-0.1035,26.34,67.24,1
0.2368,0.0497,26.54,67.28,0
0.3161,0.0793,26.76,67.32,0
0.3654,0.0493,26.7,67.33,1
0.3826,0.0172,26.61,67.35,1
0.2557,-0.1269,26.77,67.38,0
0.1824,-0.0733,26.92,67.41,0
0.1375,-0.0449,27.07,67.44,0
0.2132,0.0757,27.14,67.47,0
0.3282,0.115,27.02,67.48,1
0.3654,0.0371,27.02,67.49,1
0.3847,0.0194,26.89,67.5,1
0.4035,0.0188,26.75,67.51,1
0.4187,0.0152,26.62,67.52,1
0.4363,0.0175,26.66,67.53,1
0.4626,0.0263,26.16,67.5,2
0.4489,-0.0137,25.78,67.48,2
0.3094,-0.1395,25.74,67.48,1
0.3342,0.0248,25.77,67.49,1
0.3651,0.0309,25.79,67.5,1
0.4052,0.0401,25.82,67.51,1
0.2775,-0.1276,26.03,67.54,0
0.3176,0.04,26.32,67.58,0
0.3579,0.0403,26.3,67.58,1
0.2416,-0.1163,26.2,67.58,1
0.2788,0.0372,26.43,67.62,0
0.1859,-0.0929,26.64,67.64,0
0.2851,0.0991,26.55,67.64,1
0.3537,0.0686,26.52,67.65,1
0.3919,0.0382,26.36,67.65,1
0.4064,0.0144,26.31,67.66,1
0.4005,-0.0059,26.22,67.67,1
0.4007,0.0002,26.08,67.68,1
0.4034,0.0027,26.02,67.68,1
0.2723,-0.1311,26.22,67.71,0
0.3189,0.0465,26.53,67.74,0
0.2177,-0.1012,26.68,67.77,0
0.301,0.0833,26.61,67.77,1
0.2056,-0.0953,26.46,67.76,1
0.2969,0.0912,26.48,67.76,1
0.353,0.0561,26.41,67.77,1
0.3632,0.0102,26.33,67.77,1
0.3526,-0.0106,26.2,67.77,1
0.3568,0.0042,26.15,67.77,1
0.364,0.0071,26.11,67.78,1
0.3967,0.0328,26.03,67.78,1
0.2645,-0.1322,26.26,67.81,0
0.3179,0.0534,26.38,67.84,0
0.3323,0.0144,26.29,67.84,1
0.3441,0.0118,26.33,67.84,1
0.3571,0.013,26.22,67.84,1
0.371,0.0139,26.17,67.84,1
0.3834,0.0124,26.08,67.84,1
0.4059,0.0225,26.07,67.85,1
0.4141,0.0082,26.09,67.85,1
0.2805,-0.1336,26.07,67.85,1
0.3177,0.0371,25.98,67.85,1
0.3529,0.0353,25.98,67.85,1
0.3827,0.0297,26.0,67.85,1
0.3718,-0.0109,26.01,67.85,1
0.3811,0.0093,25.86,67.85,1
0.373,-0.0081,25.88,67.85,1
0.3804,0.0075,25.89,67.86,1
0.3743,-0.0062,25.94,67.86,1
0.3722,-0.0021,25.98,67.86,1
0.2477,-0.1245,26.18,67.89,0
0.3071,0.0594,26.44,67.91,0
0.3178,0.0107,26.32,67.91,1
0.3261,0.0084,26.31,67.91,1
0.3372,0.011,26.35,67.91,1
0.3501,0.0129,26.27,67.91,1
0.349,-0.001,26.21,67.91,1
0.3759,0.0269,26.1,67.91,1
0.4064,0.0304,26.09,67.91,1
0.3917,-0.0146,26.23,67.91,1
0.3762,-0.0155,26.12,67.91,1
0.3775,0.0012,26.06,67.91,1
0.4026,0.0252,26.08,67.91,1
0.3989,-0.0037,26.15,67.91,1
0.269,-0.1299,26.38,67.94,0
0.1942,-0.0749,26.59,67.96,0
0.2659,0.0717,26.77,67.99,0
0.1824,-0.0834,26.94,68.0,0
0.1337,-0.0487,26.99,68.02,0
0.2059,0.0722,27.07,68.04,0
0.2686,0.0627,27.18,68.06,0
0.1724,-0.0962,27.29,68.08,0
0.2286,0.0562,27.36,68.1,0
0.283,0.0544,27.21,68.09,1
0.2903,0.0073,27.08,68.09,1
0.3029,0.0126,26.93,68.08,1
0.3137,0.0108,26.82,68.07,1
0.33,0.0163,26.73,68.07,1
0.3354,0.0054,26.66,68.06,1
0.3668,0.0314,26.67,68.06,1
0.3812,0.0144,26.6,68.06,1
0.367,-0.0142,26.47,68.06,1
0.2411,-0.1258,26.73,68.08,0
0.2947,0.0536,26.88,68.1,0
0.3446,0.05,26.77,68.09,1
0.229,-0.1157,26.51,68.08,1
0.2821,0.0531,26.42,68.08,1
0.1873,-0.0949,26.52,68.09,0
0.2674,0.0802,26.74,68.12,0
0.3191,0.0516,26.66,68.11,1
0.2092,-0.1098,26.64,68.1,1
0.3111,0.1019,26.55,68.09,1
0.3406,0.0294,26.39,68.09,1
0.3447,0.0042,26.4,68.08,1
0.3616,0.0169,26.28,68.08,1
0.2372,-0.1244,26.42,68.1,0
0.3009,0.0638,26.61,68.12,0
0.2009,-0.1,26.77,68.14,0
0.2652,0.0642,26.98,68.16,0
0.3226,0.0574,26.93,68.15,1
0.3674,0.0448,26.86,68.15,1
0.381,0.0137,26.76,68.14,1
0.38,-0.0011,26.72,68.14,1
0.3901,0.0102,26.71,68.14,1
0.378,-0.0121,26.55,68.13,1
0.2525,-0.1256,26.75,68.15,0
0.2859,0.0334,26.97,68.17,0
0.2998,0.0139,26.87,68.17,1
0.1948,-0.105,26.72,68.15,1
0.1363,-0.0585,26.91,68.17,0
0.102,-0.0344,27.04,68.18,0
0.1954,0.0935,27.19,68.19,0
0.1279,-0.0675,27.35,68.21,0
0.2351,0.1072,27.45,68.22,0
0.1537,-0.0814,27.54,68.24,0
0.2524,0.0987,27.65,68.26,0
0.1655,-0.0869,27.72,68.27,0
0.228,0.0625,27.8,68.28,0
0.2849,0.057,27.66,68.27,1
0.3106,0.0257,27.51,68.26,1
0.1983,-0.1123,27.59,68.28,0
0.2504,0.0521,27.76,68.29,0
0.1605,-0.09,27.85,68.31,0
0.11,-0.0505,27.94,68.32,0
0.1952,0.0852,28.05,68.33,0
0.1235,-0.0717,28.09,68.34,0
0.0836,-0.0399,28.04,68.35,0
0.1628,0.0792,28.08,68.36,0
0.0978,-0.0649,28.13,68.37,0
0.1979,0.1001,28.21,68.38,0
0.1214,-0.0765,28.24,68.39,0
0.0793,-0.0421,28.3,68.39,0
0.1701,0.0908,28.37,68.4,0
0.1025,-0.0676,28.26,68.41,0
0.0657,-0.0368,28.36,68.42,0
0.0448,-0.0209,28.33,68.42,0
0.1374,0.0926,28.34,68.43,0
0.2101,0.0728,28.38,68.44,0
0.2512,0.0411,28.47,68.45,0
0.2641,0.0129,28.58,68.47,0
0.2935,0.0294,28.33,68.45,1
0.1789,-0.1145,28.04,68.43,1
0.1162,-0.0627,28.12,68.44,0
0.2428,0.1267,28.2,68.45,0
0.1587,-0.0841,28.24,68.46,0
0.2149,0.0562,28.25,68.47,0
0.134,-0.0809,28.28,68.48,0
0.2239,0.0898,28.36,68.49,0
0.2623,0.0385,28.42,68.51,0
0.1624,-0.0999,28.43,68.51,0
0.1072,-0.0552,28.5,68.52,0
0.0753,-0.0319,28.51,68.52,0
0.1633,0.088,28.55,68.53,0
0.0992,-0.0642,28.64,68.53,0
0.2042,0.1051,28.67,68.54,0
0.1264,-0.0778,28.67,68.55,0
0.1957,0.0693,28.65,68.56,0
0.118,-0.0776,28.76,68.56,0
0.1931,0.0751,28.88,68.57,0
0.2586,0.0654,28.91,68.58,0
0.158,-0.1006,28.85,68.59,0
0.1024,-0.0556,28.83,68.59,0
0.1803,0.0779,28.85,68.6,0
0.2411,0.0608,28.86,68.61,0
0.147,-0.0941,28.87,68.61,0
0.198,0.051,28.95,68.62,0
0.2403,0.0424,28.88,68.63,0
0.1433,-0.097,28.83,68.64,0
0.091,-0.0523,28.77,68.64,0
0.0617,-0.0293,28.82,68.64,0
0.0445,-0.0172,28.88,68.64,0
0.1863,0.1418,28.88,68.64,0
0.2432,0.0569,28.83,68.65,0
0.1508,-0.0924,28.86,68.66,0
0.2321,0.0813,28.77,68.67,0
0.2664,0.0343,28.81,68.68,0
0.1644,-0.102,28.77,68.68,0
0.228,0.0636,28.86,68.69,0
0.1414,-0.0866,28.85,68.69,0
0.2083,0.0669,28.86,68.7,0
0.2798,0.0715,28.85,68.71,0
0.1747,-0.1051,28.9,68.71,0
0.1157,-0.059,28.95,68.72,0
0.0809,-0.0347,29.0,68.72,0
0.0593,-0.0216,28.92,68.71,0
0.1676,0.1083,29.03,68.72,0
0.1032,-0.0644,28.94,68.72,0
0.0674,-0.0358,28.85,68.72,0
0.1841,0.1167,28.9,68.72,0
0.2696,0.0854,29.01,68.73,0
0.2903,0.0208,28.66,68.71,1
0.3015,0.0112,28.42,68.69,1
0.1877,-0.1138,28.4,68.7,0
0.1248,-0.063,28.41,68.7,0
0.0883,-0.0365,28.38,68.7,0
0.0659,-0.0224,28.36,68.7,0
0.0513,-0.0146,28.41,68.7,0
0.1537,0.1024,28.48,68.7,0
0.0938,-0.0599,28.47,68.7,0
0.0612,-0.0326,28.44,68.7,0
0.1476,0.0864,28.42,68.71,0
0.0855,-0.0621,28.45,68.71,0
0.0526,-0.0329,28.43,68.7,0
0.0347,-0.018,28.49,68.7,0
0.0244,-0.0102,28.51,68.7,0
0.1358,0.1113,28.61,68.7,0
0.1926,0.0569,28.65,68.71,0
0.1104,-0.0822,28.75,68.71,0
0.1923,0.0818,28.76,68.71,0
0.1139,-0.0783,28.73,68.72,0
0.1843,0.0704,28.7,68.72,0
0.1083,-0.076,28.67,68.72,0
0.0676,-0.0407,28.67,68.72,0
0.045,-0.0226,28.69,68.72,0
0.0318,-0.0131,28.63,68.72,0
0.1312,0.0994,28.75,68.72,0
0.1941,0.0629,28.68,68.72,0
0.1105,-0.0836,28.72,68.72,0
0.0664,-0.0441,28.7,68.72,0
0.1649,0.0985,28.67,68.73,0
0.0969,-0.0681,28.7,68.73,0
0.2202,0.1233,28.73,68.73,0
0.1377,-0.0825,28.79,68.74,0
0.0912,-0.0466,28.77,68.74,0
0.1711,0.0799,28.76,68.74,0
0.2271,0.056,28.69,68.75,0
0.1356,-0.0916,28.63,68.75,0
0.0859,-0.0497,28.58,68.75,0
0.1954,0.1095,28.57,68.75,0
0.1214,-0.0741,28.53,68.75,0
0.08,-0.0414,28.53,68.75,0
0.1783,0.0983,28.56,68.76,0
0.1088,-0.0695,28.61,68.76,0
0.0704,-0.0384,28.65,68.75,0
0.1733,0.1029,28.67,68.76,0
0.1048,-0.0685,28.72,68.76,0
0.2272,0.1223,28.77,68.76,0
0.1436,-0.0836,28.77,68.77,0
0.0959,-0.0476,28.73,68.77,0
0.1874,0.0915,28.77,68.77,0
0.1154,-0.072,28.71,68.77,0
0.2127,0.0973,28.73,68.78,0
0.1317,-0.081,28.7,68.78,0
0.2012,0.0695,28.75,68.78,0
0.1215,-0.0797,28.74,68.78,0
0.0775,-0.044,28.65,68.78,0
0.0523,-0.0253,28.62,68.78,0
0.147,0.0947,28.7,68.78,0
0.2135,0.0665,28.69,68.78,0
0.1262,-0.0872,28.77,68.78,0
0.0794,-0.0468,28.75,68.78,0
0.1608,0.0814,28.73,68.78,0
0.2101,0.0493,28.67,68.79,0
0.2361,0.0259,28.56,68.8,0
0.1367,-0.0994,28.59,68.8,0
0.084,-0.0527,28.57,68.79,0
0.1676,0.0836,28.64,68.8,0
0.0986,-0.069,28.65,68.8,0
0.0617,-0.0369,28.71,68.79,0
0.1437,0.082,28.77,68.79,0
0.2005,0.0568,28.8,68.8,0
0.2351,0.0346,28.88,68.8,0
0.1369,-0.0982,29.0,68.81,0
0.0849,-0.052,28.96,68.8,0
0.184,0.0991,28.98,68.81,0
0.2438,0.0598,29.01,68.81,0
0.1507,-0.0931,28.96,68.81,0
0.1,-0.0507,28.87,68.81,0
0.2012,0.1012,28.86,68.82,0
0.1278,-0.0734,28.92,68.82,0
0.0869,-0.041,28.91,68.81,0
0.0629,-0.024,28.95,68.81,0
0.0479,-0.0149,28.92,68.81,0
0.038,-0.0099,28.85,68.8,0
0.031,-0.007,28.85,68.8,0
0.0258,-0.0052,28.83,68.79,0
0.1518,0.126,28.81,68.8,0
0.0925,-0.0592,28.74,68.79,0
0.1626,0.0701,28.79,68.8,0
0.0936,-0.069,28.93,68.8,0
0.207,0.1134,28.9,68.8,0
0.2666,0.0596,28.98,68.81,0
0.166,-0.1006,29.09,68.81,0
0.1102,-0.0558,29.12,68.81,0
0.2302,0.12,29.17,68.81,0
0.1497,-0.0805,29.17,68.82,0
0.1033,-0.0464,29.16,68.81,0
0.185,0.0817,29.13,68.82,0
0.1148,-0.0702,29.09,68.82,0
0.0757,-0.0391,29.1,68.81,0
0.053,-0.0227,29.0,68.81,0
0.1466,0.0935,28.93,68.81,0
0.2054,0.0588,28.9,68.82,0
0.2474,0.042,28.92,68.82,0
0.1467,-0.1007,28.87,68.82,0
0.0925,-0.0542,28.91,68.82,0
0.1822,0.0897,28.91,68.82,0
0.1105,-0.0717,28.93,68.82,0
0.1738,0.0633,28.94,68.82,0
0.2313,0.0576,28.94,68.83,0
0.3094,0.0781,28.71,68.81,1
0.3484,0.039,28.48,68.79,1
0.2254,-0.123,28.57,68.8,0
0.1553,-0.0701,28.52,68.8,0
0.2231,0.0679,28.61,68.8,0
0.2853,0.0622,28.3,68.78,1
0.1832,-0.1021,28.0,68.75,1
0.1254,-0.0578,28.09,68.76,0
0.1935,0.0681,28.17,68.76,0
0.232,0.0385,28.21,68.77,0
0.1402,-0.0918,28.3,68.77,0
0.0905,-0.0497,28.35,68.77,0
0.0625,-0.028,28.36,68.76,0
0.0459,-0.0166,28.47,68.76,0
0.1905,0.1445,28.55,68.77,0
0.2362,0.0458,28.52,68.77,0
0.2688,0.0326,28.57,68.78,0
0.3036,0.0348,28.34,68.76,1
0.1897,-0.1139,28.16,68.73,1
0.2289,0.0392,28.28,68.74,0
0.1417,-0.0873,28.31,68.74,0
0.0936,-0.048,28.39,68.74,0
0.2085,0.1149,28.54,68.75,0
0.2725,0.064,28.64,68.76,0
0.1721,-0.1004,28.7,68.76,0
0.228,0.0559,28.81,68.77,0
0.142,-0.086,28.72,68.77,0
0.094,-0.048,28.78,68.77,0
0.171,0.077,28.84,68.77,0
0.1027,-0.0683,28.86,68.77,0
0.173,0.0704,28.86,68.77,0
0.2355,0.0625,28.87,68.78,0
0.2709,0.0355,28.96,68.79,0
0.2785,0.0076,28.94,68.8,0
0.1698,-0.1087,29.03,68.8,0
0.1111,-0.0587,28.94,68.8,0
0.0781,-0.033,28.85,68.8,0
0.1785,0.1004,28.93,68.8,0
0.112,-0.0664,28.95,68.8,0
0.1879,0.0759,29.03,68.8,0
0.1142,-0.0737,29.03,68.8,0
0.0743,-0.04,29.03,68.8,0
0.0517,-0.0226,28.94,68.8,0
0.1407,0.089,28.99,68.8,0
0.0817,-0.059,28.89,68.8,0
0.0505,-0.0312,28.83,68.79,0
0.166,0.1155,28.78,68.8,0
0.269,0.1029,28.8,68.8,0
0.1708,-0.0982,28.79,68.81,0
0.2455,0.0747,28.77,68.81,0
0.285,0.0395,28.56,68.79,1
0.2952,0.0102,28.24,68.77,1
0.1851,-0.1101,28.25,68.77,0
0.1244,-0.0608,28.37,68.77,0
0.0892,-0.0352,28.45,68.77,0
0.1826,0.0934,28.42,68.78,0
0.2618,0.0791,28.44,68.78,0
0.1662,-0.0956,28.5,68.79,0
0.2152,0.049,28.46,68.79,0
0.1333,-0.0819,28.46,68.79,0
0.2208,0.0875,28.49,68.8,0
0.1385,-0.0823,28.49,68.8,0
0.2252,0.0866,28.48,68.8,0
0.1419,-0.0833,28.41,68.8,0
0.0951,-0.0468,28.43,68.8,0
0.0676,-0.0276,28.39,68.8,0
0.2029,0.1353,28.4,68.8,0
0.131,-0.0719,28.48,68.8,0
0.2096,0.0786,28.47,68.81,0
0.1306,-0.0791,28.61,68.81,0
0.2138,0.0832,28.56,68.81,0
0.1323,-0.0815,28.65,68.81,0
0.0868,-0.0455,28.69,68.81,0
0.1827,0.0959,28.72,68.82,0
0.1118,-0.0709,28.72,68.81,0
0.23,0.1182,28.77,68.82,0
0.2686,0.0386,28.72,68.83,0
0.2946,0.026,28.44,68.81,1
0.3268,0.0323,28.17,68.79,1
0.2075,-0.1193,28.18,68.79,0
0.2679,0.0604,28.31,68.8,0
0.3095,0.0416,28.04,68.78,1
0.198,-0.1114,27.78,68.75,1
0.1347,-0.0633,27.88,68.75,0
0.0969,-0.0379,27.94,68.75,0
0.1854,0.0885,28.03,68.76,0
0.2838,0.0984,27.91,68.74,1
0.3175,0.0337,27.75,68.72,1
0.3501,0.0326,27.59,68.7,1
0.3719,0.0218,27.38,68.69,1
0.3726,0.0006,27.18,68.67,1
0.2459,-0.1267,27.32,68.68,0
0.1734,-0.0725,27.33,68.68,0
0.2396,0.0662,27.45,68.69,0
0.2813,0.0417,27.3,68.67,1
0.1816,-0.0997,27.17,68.65,1
0.1257,-0.0559,27.33,68.65,0
0.2077,0.082,27.57,68.66,0
0.1339,-0.0738,27.61,68.66,0
0.0925,-0.0414,27.73,68.66,0
0.0681,-0.0244,27.77,68.66,0
0.1753,0.1072,27.78,68.67,0
0.2534,0.0781,27.94,68.68,0
0.1609,-0.0925,27.93,68.68,0
0.2596,0.0986,27.99,68.69,0
0.3424,0.0828,27.81,68.68,1
0.3445,0.0021,27.66,68.66,1
0.2248,-0.1197,27.74,68.67,0
0.2963,0.0715,27.87,68.68,0
0.3398,0.0435,27.6,68.66,1
0.2253,-0.1145,27.42,68.64,1
0.2617,0.0363,27.53,68.65,0
0.1707,-0.0909,27.7,68.66,0
0.2815,0.1108,27.6,68.64,1
0.188,-0.0935,27.42,68.61,1
0.1332,-0.0548,27.55,68.62,0
0.2218,0.0885,27.64,68.63,0
0.1449,-0.0769,27.68,68.63,0
0.1007,-0.0442,27.72,68.63,0
0.1764,0.0757,27.76,68.64,0
0.2623,0.086,27.88,68.65,0
0.3078,0.0455,27.66,68.63,1
0.3265,0.0187,27.56,68.62,1
0.2091,-0.1174,27.66,68.62,0
0.263,0.054,27.78,68.64,0
0.3097,0.0467,27.62,68.62,1
0.3239,0.0142,27.45,68.6,1
0.207,-0.1169,27.58,68.61,0
0.2736,0.0666,27.63,68.62,0
0.3141,0.0405,27.44,68.6,1
0.3307,0.0166,27.32,68.59,1
0.215,-0.1157,27.39,68.6,0
0.1498,-0.0652,27.52,68.6,0
0.2211,0.0713,27.63,68.61,0
0.2933,0.0722,27.57,68.6,1
0.1907,-0.1025,27.31,68.57,1
0.265,0.0743,27.48,68.58,0
0.1736,-0.0914,27.64,68.59,0
0.2412,0.0676,27.72,68.6,0
0.2935,0.0524,27.55,68.58,1
0.1878,-0.1057,27.41,68.56,1
0.1281,-0.0597,27.64,68.57,0
0.2026,0.0745,27.69,68.58,0
0.1282,-0.0744,27.69,68.58,0
0.194,0.0659,27.84,68.59,0
0.1181,-0.0759,27.91,68.59,0
0.1867,0.0686,28.03,68.6,0
0.2395,0.0528,28.04,68.61,0
0.1434,-0.096,28.07,68.62,0
0.0914,-0.0521,28.13,68.62,0
0.172,0.0807,28.23,68.62,0
0.1027,-0.0694,28.23,68.63,0
0.0652,-0.0375,28.27,68.63,0
0.1716,0.1064,28.37,68.63,0
0.2126,0.041,28.32,68.64,0
0.2518,0.0393,28.31,68.65,0
0.2865,0.0347,28.03,68.63,1
0.1751,-0.1114,27.82,68.61,1
0.2265,0.0515,27.9,68.62,0
0.2794,0.0529,28.06,68.63,0
0.3128,0.0334,27.94,68.61,1
0.34,0.0272,27.78,68.6,1
0.3633,0.0233,27.63,68.58,1
0.3813,0.018,27.49,68.57,1
0.3653,-0.016,27.22,68.56,1
0.3576,-0.0077,27.11,68.54,1
0.363,0.0054,26.91,68.53,1
0.3778,0.0147,26.81,68.52,1
0.2519,-0.1259,26.91,68.53,0
0.3027,0.0508,27.03,68.55,0
0.2049,-0.0977,27.17,68.56,0
0.2559,0.051,27.31,68.57,0
0.1698,-0.0861,27.46,68.57,0
0.2384,0.0686,27.54,68.59,0
0.303,0.0646,27.4,68.57,1
0.3372,0.0342,27.3,68.55,1
0.2227,-0.1144,27.45,68.56,0
0.1579,-0.0648,27.47,68.57,0
0.2841,0.1262,27.33,68.55,1
0.3293,0.0452,27.2,68.54,1
0.3689,0.0396,27.06,68.53,1
0.3862,0.0173,26.97,68.52,1
0.2595,-0.1267,27.05,68.53,0
0.3559,0.0964,27.19,68.55,0
0.3991,0.0432,27.0,68.53,1
0.4062,0.0071,26.85,68.52,1
0.4349,0.0287,26.8,68.52,1
0.4523,0.0174,26.37,68.47,2
0.4376,-0.0147,25.97,68.42,2
0.3021,-0.1355,25.91,68.41,1
0.2224,-0.0798,25.91,68.39,1
0.1724,-0.05,26.12,68.4,0
0.2539,0.0815,26.34,68.42,0
0.3339,0.08,26.31,68.4,1
0.3628,0.0289,26.29,68.39,1
0.4175,0.0547,26.34,68.39,1
0.4245,0.007,26.23,68.38,1
0.433,0.0085,26.23,68.37,1
0.2965,-0.1365,26.15,68.36,1
0.216,-0.0805,26.29,68.38,0
0.2805,0.0645,26.4,68.39,0
0.1938,-0.0867,26.6,68.4,0
0.2549,0.0611,26.76,68.42,0
0.295,0.0402,26.64,68.4,1
0.3206,0.0256,26.58,68.39,1
0.3206,0.0,26.49,68.38,1
0.3386,0.018,26.42,68.37,1
0.3714,0.0328,26.46,68.36,1
0.3827,0.0113,26.37,68.35,1
0.394,0.0112,26.31,68.35,1
0.4191,0.0252,26.25,68.34,1
0.4262,0.007,26.28,68.33,1
0.4094,-0.0167,26.24,68.33,1
0.39,-0.0194,26.22,68.32,1
0.2606,-0.1294,26.32,68.34,0
0.2912,0.0306,26.5,68.36,0
0.1949,-0.0963,26.66,68.37,0
0.2647,0.0698,26.8,68.38,0
0.3111,0.0464,26.74,68.37,1
0.37,0.059,26.68,68.36,1
0.3896,0.0195,26.53,68.36,1
0.3793,-0.0103,26.45,68.35,1
0.371,-0.0082,26.47,68.34,1
0.2458,-0.1253,26.75,68.35,0
0.297,0.0512,26.91,68.37,0
0.3303,0.0334,26.87,68.36,1
0.3468,0.0164,26.83,68.35,1
0.2289,-0.1178,26.87,68.37,0
0.162,-0.0669,27.0,68.38,0
0.1218,-0.0402,27.07,68.38,0
0.1986,0.0768,27.18,68.4,0
0.1304,-0.0682,27.39,68.41,0
0.0922,-0.0383,27.4,68.41,0
0.0695,-0.0227,27.53,68.42,0
0.1951,0.1256,27.6,68.43,0
0.1273,-0.0678,27.72,68.44,0
0.2388,0.1115,27.77,68.45,0
0.2773,0.0385,27.85,68.46,0
0.3267,0.0494,27.72,68.45,1
0.3771,0.0504,27.63,68.44,1
0.4022,0.0251,27.4,68.43,1
0.4176,0.0154,27.24,68.43,1
0.4337,0.0161,27.14,68.42,1
0.427,-0.0067,27.03,68.41,1
0.4343,0.0073,26.93,68.4,1
0.4516,0.0173,26.45,68.36,2
0.461,0.0094,26.07,68.32,2
0.4763,0.0153,25.77,68.27,2
0.4822,0.0059,25.47,68.23,2
0.4775,-0.0047,25.23,68.19,2
0.4798,0.0023,24.99,68.15,2
0.4858,0.006,24.78,68.11,2
0.3388,-0.147,24.83,68.11,1
0.4327,0.0939,24.92,68.11,1
0.4634,0.0307,24.77,68.07,2
0.4608,-0.0026,24.59,68.03,2
0.459,-0.0018,24.32,67.99,2
0.4518,-0.0073,24.24,67.95,2
0.4446,-0.0072,24.37,67.96,1
0.4882,0.0436,24.53,67.96,1
0.5165,0.0283,24.41,67.93,2
0.5072,-0.0093,24.2,67.9,2
0.529,0.0218,24.05,67.86,2
0.5428,0.0138,23.92,67.83,2
0.3872,-0.1556,24.14,67.84,1
0.4489,0.0617,24.31,67.84,1
0.3246,-0.1243,24.37,67.84,1
0.4016,0.077,24.51,67.85,1
0.2886,-0.1131,24.65,67.84,1
0.3879,0.0993,24.78,67.85,1
0.2769,-0.111,25.06,67.87,0
0.3425,0.0657,25.41,67.9,0
0.3894,0.0469,25.41,67.9,1
0.267,-0.1224,25.46,67.9,1
0.3335,0.0665,25.37,67.9,1
0.3594,0.0259,25.47,67.9,1
0.4253,0.0658,25.47,67.9,1
0.4758,0.0506,25.13,67.87,2
0.4995,0.0237,24.92,67.83,2
0.5065,0.007,24.74,67.8,2
0.4826,-0.0238,24.51,67.77,2
0.4832,0.0005,24.24,67.74,2
0.4429,-0.0403,24.34,67.75,1
0.3027,-0.1402,24.41,67.75,1
0.3622,0.0595,24.52,67.75,1
0.4038,0.0416,24.58,67.76,1
0.427,0.0232,24.69,67.76,1
0.4609,0.0339,24.45,67.73,2
0.4765,0.0156,24.31,67.7,2
0.4766,0.0,24.13,67.67,2
0.4675,-0.009,24.0,67.64,2
0.3245,-0.143,24.17,67.64,1
0.3814,0.0569,24.32,67.65,1
0.4109,0.0295,24.44,67.66,1
0.4333,0.0224,24.51,67.66,1
0.3003,-0.133,24.58,67.67,1
0.371,0.0707,24.79,67.67,1
0.3961,0.0251,24.83,67.68,1
0.4035,0.0074,24.89,67.68,1
0.4141,0.0106,24.98,67.69,1
0.404,-0.0102,25.13,67.7,1
0.2746,-0.1294,25.36,67.73,0
0.3045,0.03,25.65,67.76,0
0.2073,-0.0972,25.81,67.78,0
0.1511,-0.0562,26.02,67.81,0
0.3165,0.1654,25.89,67.81,1
0.2238,-0.0927,25.76,67.8,1
0.1668,-0.057,26.0,67.82,0
0.2445,0.0777,26.18,67.85,0
0.2974,0.053,26.21,67.85,1
0.3292,0.0318,26.17,67.85,1
0.349,0.0198,26.13,67.85,1
0.3878,0.0388,26.13,67.85,1
0.4003,0.0125,26.14,67.85,1
0.399,-0.0012,26.05,67.85,1
0.3927,-0.0063,26.07,67.86,1
0.4156,0.0229,26.11,67.86,1
0.2813,-0.1343,26.12,67.86,1
0.3179,0.0366,26.22,67.86,1
0.3623,0.0444,26.24,67.86,1
0.4095,0.0472,26.22,67.86,1
0.2797,-0.1298,26.48,67.89,0
0.3156,0.0359,26.72,67.92,0
0.416,0.1005,26.61,67.92,1
0.4404,0.0244,26.61,67.92,1
0.4955,0.0551,26.16,67.89,2
0.528,0.0325,25.82,67.86,2
0.5257,-0.0023,25.52,67.83,2
0.5089,-0.0169,25.21,67.79,2
0.4778,-0.031,24.95,67.76,2
0.4763,-0.0016,24.69,67.73,2
0.4847,0.0084,24.53,67.7,2
0.496,0.0113,24.4,67.67,2
0.3479,-0.1481,24.48,67.68,1
0.4257,0.0779,24.6,67.68,1
0.43,0.0043,24.74,67.69,1
0.4667,0.0367,24.58,67.66,2
0.4635,-0.0032,24.3,67.63,2
0.3237,-0.1398,24.28,67.63,1
0.4173,0.0936,24.4,67.64,1
0.4957,0.0784,24.17,67.61,2
0.5462,0.0506,24.06,67.59,2
0.5307,-0.0156,24.03,67.56,2
0.5249,-0.0057,23.88,67.54,2
0.4967,-0.0283,23.78,67.51,2
0.5019,0.0052,23.61,67.49,2
0.3517,-0.1502,23.75,67.5,1
0.368,0.0163,23.94,67.5,1
0.411,0.043,24.13,67.51,1
0.4586,0.0476,23.97,67.49,2
0.4457,-0.0129,23.73,67.46,2
0.4434,-0.0023,23.93,67.47,1
0.4661,0.0227,24.08,67.49,1
0.4636,-0.0026,23.93,67.46,2
0.4807,0.0171,23.84,67.44,2
0.4587,-0.022,23.74,67.41,2
0.4503,-0.0084,23.59,67.38,2
0.3088,-0.1415,23.73,67.39,1
0.4047,0.096,24.03,67.4,1
0.4117,0.007,24.13,67.42,1
0.4599,0.0482,23.94,67.39,2
0.488,0.0281,23.84,67.37,2
0.341,-0.147,23.9,67.38,1
0.4341,0.0931,24.1,67.39,1
0.4741,0.04,23.89,67.37,2
0.4861,0.012,23.73,67.34,2
0.4917,0.0055,23.65,67.32,2
0.4717,-0.02,23.6,67.3,2
0.5299,0.0582,23.53,67.28,2
0.5545,0.0246,23.37,67.26,2
0.5354,-0.0192,23.34,67.24,2
0.5734,0.038,23.29,67.23,2
0.5724,-0.001,23.31,67.21,2
0.411,-0.1614,23.52,67.23,1
0.4431,0.0321,23.82,67.25,1
0.4475,0.0044,23.99,67.26,1
0.475,0.0275,23.91,67.24,2
0.5014,0.0263,23.7,67.22,2
0.5228,0.0215,23.53,67.2,2
0.5082,-0.0146,23.47,67.18,2
0.5341,0.026,23.39,67.17,2
0.5381,0.004,23.25,67.15,2
0.5168,-0.0213,23.17,67.13,2
0.5058,-0.011,23.09,67.12,2
0.5079,0.0021,23.06,67.1,2
0.5255,0.0177,23.03,67.08,2
0.3738,-0.1518,23.24,67.1,1
0.4285,0.0548,23.39,67.12,1
0.5041,0.0756,23.27,67.1,2
0.5537,0.0496,23.24,67.09,2
0.3967,-0.157,23.49,67.11,1
0.4382,0.0415,23.72,67.13,1
0.4447,0.0065,23.83,67.15,1
0.4786,0.034,23.73,67.13,2
0.5125,0.0338,23.59,67.11,2
0.5011,-0.0113,23.47,67.09,2
0.5056,0.0044,23.4,67.08,2
0.5265,0.0209,23.39,67.06,2
0.5092,-0.0172,23.25,67.05,2
0.5352,0.0259,23.16,67.03,2
0.5443,0.0091,23.18,67.02,2
0.3872,-0.157,23.4,67.04,1
0.4354,0.0482,23.6,67.06,1
0.4773,0.0419,23.37,67.04,2
0.5214,0.0441,23.22,67.03,2
0.5046,-0.0168,23.13,67.01,2
0.5015,-0.0031,23.04,67.0,2
0.505,0.0036,23.03,66.98,2
0.5443,0.0393,23.01,66.97,2
0.5653,0.021,22.98,66.96,2
0.5842,0.0189,22.9,66.95,2
0.6248,0.0406,22.85,66.94,2
0.597,-0.0278,22.79,66.93,2
0.6234,0.0264,22.79,66.92,2
0.6265,0.0032,22.79,66.92,2
0.5976,-0.0289,22.86,66.91,2
0.6045,0.0069,22.78,66.9,2
0.5914,-0.013,22.9,66.89,2
0.5946,0.0032,22.92,66.88,2
0.5742,-0.0204,22.88,66.87,2
0.5498,-0.0244,22.92,66.86,2
0.5351,-0.0147,22.91,66.85,2
0.5196,-0.0155,22.87,66.84,2
0.5129,-0.0067,22.76,66.83,2
0.5136,0.0007,22.67,66.82,2
0.5207,0.0071,22.7,66.81,2
0.5222,0.0014,22.71,66.8,2
0.5771,0.0549,22.71,66.79,2
0.5802,0.0031,22.69,66.79,2
0.5871,0.0069,22.73,66.78,2
0.5939,0.0068,22.79,66.77,2
0.5719,-0.022,22.85,66.77,2
0.5514,-0.0204,22.88,66.76,2
0.5427,-0.0087,22.88,66.75,2
0.5265,-0.0162,22.87,66.74,2
0.5401,0.0136,22.91,66.73,2
0.5783,0.0382,22.89,66.73,2
0.5659,-0.0124,22.92,66.72,2
0.5701,0.0042,22.94,66.72,2
0.568,-0.0021,22.85,66.71,2
0.5662,-0.0018,22.82,66.7,2
0.5722,0.006,22.83,66.7,2
0.5735,0.0012,22.79,66.69,2
0.4098,-0.1636,23.11,66.72,1
0.4853,0.0755,23.3,66.75,1
0.5268,0.0415,23.31,66.74,2
0.5392,0.0124,23.27,66.73,2
0.5821,0.0429,23.22,66.73,2
0.5672,-0.0149,23.2,66.72,2
0.538,-0.0292,23.16,66.71,2
0.5526,0.0147,23.13,66.71,2
0.5585,0.0059,23.11,66.7,2
0.5676,0.0091,23.03,66.7,2
0.5791,0.0116,22.97,66.69,2
0.6022,0.023,22.99,66.69,2
0.5922,-0.0099,23.01,66.68,2
0.4274,-0.1648,23.25,66.71,1
0.4941,0.0668,23.41,66.74,1
0.4945,0.0003,23.37,66.73,2
0.4991,0.0046,23.26,66.72,2
0.5452,0.0462,23.08,66.71,2
0.5664,0.0212,23.06,66.71,2
0.5844,0.018,23.04,66.7,2
0.6033,0.0189,22.98,66.7,2
0.577,-0.0264,22.96,66.69,2
0.6012,0.0242,22.93,66.69,2
0.6084,0.0072,22.85,66.69,2
0.6149,0.0065,22.95,66.68,2
0.6341,0.0192,22.98,66.68,2
0.6327,-0.0014,22.89,66.68,2
0.5954,-0.0373,22.91,66.68,2
0.5548,-0.0405,22.89,66.67,2
0.5617,0.0069,22.8,66.67,2
0.5967,0.035,22.82,66.66,2
0.6029,0.0062,22.76,66.66,2
0.6253,0.0224,22.74,66.66,2
0.6333,0.0079,22.78,66.66,2
0.6047,-0.0285,22.74,66.65,2
0.6383,0.0336,22.81,66.65,2
0.6252,-0.013,22.82,66.65,2
0.6483,0.023,22.77,66.65,2
0.6803,0.032,22.78,66.65,2
0.6675,-0.0127,22.83,66.65,2
0.6872,0.0197,22.81,66.65,2
0.6407,-0.0465,22.81,66.65,2
0.6682,0.0275,22.78,66.65,2
0.6852,0.017,22.77,66.65,2
0.6358,-0.0494,22.7,66.65,2
0.6483,0.0125,22.75,66.65,2
0.5821,-0.0662,22.73,66.65,2
0.5989,0.0169,22.69,66.64,2
0.5773,-0.0216,22.72,66.64,2
0.5585,-0.0188,22.69,66.63,2
0.5877,0.0292,22.67,66.63,2
0.5817,-0.006,22.61,66.63,2
0.5933,0.0116,22.54,66.63,2
0.4249,-0.1684,22.89,66.65,1
0.4942,0.0693,23.08,66.69,1
0.5445,0.0503,23.05,66.68,2
0.5591,0.0146,23.07,66.67,2
0.5937,0.0346,23.11,66.67,2
0.6278,0.0341,23.09,66.67,2
0.6661,0.0383,23.07,66.67,2
0.668,0.002,23.03,66.67,2
0.6436,-0.0245,22.95,66.67,2
0.6492,0.0056,23.05,66.67,2
0.6498,0.0007,23.06,66.66,2
0.6604,0.0106,23.08,66.66,2
0.6392,-0.0213,23.04,66.66,2
0.5927,-0.0464,22.95,66.66,2
0.6008,0.008,22.86,66.66,2
0.5899,-0.0108,22.81,66.65,2
0.5905,0.0005,22.76,66.65,2
0.6207,0.0302,22.91,66.65,2
0.6543,0.0337,22.9,66.65,2
0.6375,-0.0169,22.93,66.65,2
0.6621,0.0247,22.91,66.65,2
0.6594,-0.0028,22.89,66.65,2
0.6698,0.0105,22.94,66.65,2
0.6335,-0.0363,23.02,66.65,2
0.6179,-0.0156,22.92,66.64,2
0.6163,-0.0016,22.88,66.64,2
0.6262,0.0099,22.84,66.64,2
0.6099,-0.0164,22.76,66.64,2
0.6076,-0.0022,22.76,66.64,2
0.5649,-0.0427,22.82,66.63,2
0.6078,0.0429,22.8,66.63,2
0.5897,-0.018,22.83,66.63,2
0.6081,0.0184,22.83,66.62,2
0.6622,0.0541,22.83,66.62,2
0.6643,0.0021,22.82,66.62,2
0.6782,0.0139,22.84,66.63,2
0.698,0.0198,22.84,66.63,2
0.7207,0.0227,22.78,66.63,2
0.7217,0.0011,22.92,66.64,2
0.7379,0.0162,22.94,66.64,2
0.7229,-0.015,22.96,66.64,2
0.7274,0.0045,22.93,66.65,2
0.7285,0.0011,22.96,66.65,2
0.7017,-0.0268,23.0,66.65,2
0.7139,0.0123,22.93,66.65,2
0.7014,-0.0125,22.89,66.66,2
0.6927,-0.0087,22.9,66.66,2
0.6891,-0.0036,22.93,66.66,2
0.6859,-0.0032,22.96,66.66,2
0.6594,-0.0265,22.98,66.66,2
0.6073,-0.0521,23.0,66.66,2
0.6414,0.0341,23.03,66.66,2
0.6426,0.0012,22.98,66.66,2
0.601,-0.0417,23.02,66.65,2
0.5821,-0.0189,23.03,66.65,2
0.606,0.0239,22.93,66.65,2
0.6182,0.0122,22.95,66.64,2
0.6086,-0.0096,22.95,66.64,2
0.5845,-0.0241,22.95,66.64,2
0.6087,0.0242,23.03,66.64,2
0.6609,0.0522,23.04,66.64,2
0.6516,-0.0093,23.01,66.64,2
0.6585,0.0069,22.93,66.64,2
0.6733,0.0148,22.86,66.64,2
0.6841,0.0108,22.82,66.64,2
0.6856,0.0015,22.78,66.64,2
0.6671,-0.0186,22.79,66.64,2
0.6893,0.0222,22.75,66.64,2
0.6713,-0.018,22.81,66.64,2
0.6524,-0.0189,22.77,66.64,2
0.6439,-0.0085,22.74,66.64,2
0.6728,0.0289,22.78,66.64,2
0.6708,-0.002,22.86,66.64,2
0.6695,-0.0014,22.87,66.64,2
0.6878,0.0183,22.85,66.65,2
0.6945,0.0067,22.83,66.65,2
0.7049,0.0104,22.89,66.65,2
0.7063,0.0014,22.95,66.65,2
0.7146,0.0084,22.93,66.65,2
0.6984,-0.0162,22.87,66.66,2
0.7014,0.0029,22.9,66.66,2
0.7192,0.0179,22.84,66.66,2
0.7101,-0.0091,22.88,66.66,2
0.7161,0.0059,22.9,66.67,2
0.6765,-0.0395,22.92,66.67,2
0.6943,0.0177,22.99,66.67,2
0.6413,-0.053,22.92,66.67,2
0.6474,0.0061,23.09,66.67,2
0.6815,0.0341,23.07,66.67,2
0.6879,0.0065,23.03,66.67,2
0.7162,0.0282,23.0,66.67,2
0.7205,0.0043,23.05,66.67,2
0.7269,0.0064,23.08,66.68,2
0.7477,0.0209,23.03,66.68,2
0.7208,-0.027,23.1,66.68,2
0.7315,0.0107,23.05,66.68,2
0.7157,-0.0157,23.02,66.69,2
0.6492,-0.0665,22.95,66.69,2
0.6434,-0.0059,22.94,66.68,2
0.6742,0.0309,22.98,66.68,2
0.7208,0.0466,22.91,66.69,2
0.7129,-0.0079,22.93,66.69,2
0.6529,-0.06,22.87,66.69,2
0.6722,0.0193,22.84,66.69,2
0.6808,0.0086,22.7,66.69,2
0.6434,-0.0374,22.7,66.69,2
0.6046,-0.0389,22.71,66.68,2
0.6368,0.0322,22.75,66.68,2
0.6383,0.0015,22.78,66.68,2
0.6669,0.0286,22.7,66.68,2
0.6935,0.0266,22.6,66.68,2
0.7176,0.0241,22.55,66.68,2
0.7224,0.0048,22.68,66.68,2
0.7535,0.0311,22.76,66.69,2
0.7298,-0.0237,22.73,66.69,2
0.7447,0.0149,22.83,66.69,2
0.7523,0.0075,22.87,66.7,2
0.6943,-0.058,22.88,66.7,2
0.6787,-0.0155,22.85,66.7,2
0.6671,-0.0117,22.92,66.7,2
0.6356,-0.0315,22.88,66.7,2
0.6192,-0.0164,22.91,66.69,2
0.62,0.0007,22.94,66.69,2
0.6428,0.0228,22.92,66.69,2
0.6539,0.0112,22.89,66.69,2
0.6617,0.0078,22.8,66.69,2
0.6505,-0.0112,22.9,66.69,2
0.6241,-0.0264,22.86,66.68,2
0.6457,0.0216,22.94,66.68,2
0.6455,-0.0002,23.04,66.68,2
0.6541,0.0086,23.07,66.68,2
0.6314,-0.0227,23.14,66.68,2
0.6441,0.0127,23.0,66.68,2
0.6789,0.0348,23.02,66.68,2
0.7121,0.0331,22.96,66.68,2
0.7285,0.0164,22.98,66.68,2
0.7123,-0.0163,23.0,66.68,2
0.7091,-0.0031,23.01,66.69,2
0.6811,-0.028,22.93,66.69,2
0.6739,-0.0072,22.94,66.69,2
0.7112,0.0373,22.96,66.69,2
0.7277,0.0165,22.92,66.69,2
0.7296,0.0019,22.93,66.69,2
0.7526,0.0231,22.99,66.7,2
0.7349,-0.0178,23.05,66.7,2
0.7456,0.0108,23.08,66.7,2
0.7582,0.0126,23.09,66.71,2
0.7674,0.0092,23.07,66.71,2
0.7522,-0.0153,23.08,66.71,2
0.7233,-0.0289,23.1,66.72,2
0.7299,0.0066,23.11,66.72,2
0.6897,-0.0402,23.13,66.72,2
0.6705,-0.0192,23.11,66.72,2
0.7055,0.035,23.09,66.72,2
0.7459,0.0403,23.17,66.72,2
0.7373,-0.0085,23.17,66.72,2
0.7378,0.0005,23.14,66.73,2
0.7311,-0.0067,23.11,66.73,2
0.7099,-0.0212,23.08,66.73,2
0.7249,0.015,23.06,66.73,2
0.6903,-0.0347,23.08,66.73,2
0.7135,0.0232,23.09,66.73,2
0.7452,0.0317,23.0,66.73,2
0.7698,0.0246,23.1,66.74,2
0.7622,-0.0075,23.11,66.74,2
0.715,-0.0472,23.05,66.74,2
0.7154,0.0004,23.02,66.74,2
0.6815,-0.0339,22.95,66.74,2
0.6357,-0.0458,22.86,66.74,2
0.6181,-0.0176,22.82,66.74,2
0.6516,0.0335,22.81,66.73,2
0.6652,0.0136,22.71,66.73,2
0.6645,-0.0007,22.7,66.73,2
0.6537,-0.0108,22.69,66.73,2
0.6879,0.0342,22.75,66.73,2
0.7013,0.0134,22.76,66.73,2
0.7191,0.0178,22.87,66.73,2
0.7169,-0.0022,22.89,66.73,2
0.7317,0.0148,22.93,66.73,2
0.7273,-0.0044,22.99,66.74,2
0.7521,0.0248,22.92,66.74,2
0.7691,0.0169,22.86,66.74,2
0.7585,-0.0106,22.85,66.74,2
0.7634,0.0049,22.86,66.75,2
0.774,0.0106,22.86,66.75,2
0.7692,-0.0048,22.91,66.76,2
0.7656,-0.0036,22.88,66.76,2
0.7656,-0.0,22.83,66.76,2
0.7848,0.0192,22.85,66.77,2
0.8072,0.0224,22.86,66.77,2
0.8179,0.0107,22.93,66.78,2
0.8391,0.0212,22.98,66.78,2
0.855,0.0159,23.01,66.79,2
0.8544,-0.0006,23.1,66.8,2
0.7804,-0.074,23.04,66.8,2
0.7838,0.0034,23.04,66.8,2
0.7726,-0.0112,23.02,66.81,2
0.7923,0.0196,22.99,66.81,2
0.7743,-0.0179,23.03,66.81,2
0.7766,0.0023,23.03,66.81,2
0.7459,-0.0307,22.97,66.82,2
0.7231,-0.0228,22.93,66.82,2
0.7336,0.0104,22.97,66.82,2
0.7172,-0.0164,23.0,66.81,2
0.7273,0.0102,23.03,66.82,2
0.7399,0.0126,23.06,66.82,2
0.7403,0.0004,23.08,66.82,2
0.7657,0.0255,23.06,66.82,2
0.7787,0.0129,22.98,66.82,2
0.766,-0.0126,23.1,66.82,2
0.7952,0.0292,23.1,66.83,2
0.7175,-0.0777,23.05,66.83,2
0.7145,-0.0031,23.03,66.82,2
0.7328,0.0183,23.04,66.82,2
0.7425,0.0097,23.08,66.83,2
0.7539,0.0115,23.18,66.83,2
0.782,0.0281,23.2,66.83,2
0.7642,-0.0178,23.2,66.83,2
0.7813,0.0171,23.16,66.83,2
0.7371,-0.0442,23.07,66.83,2
0.7123,-0.0248,23.02,66.83,2
0.703,-0.0094,23.0,66.83,2
0.7168,0.0138,23.01,66.83,2
0.7104,-0.0064,23.03,66.83,2
0.724,0.0136,22.94,66.83,2
0.7479,0.0238,22.96,66.83,2
0.7563,0.0085,22.98,66.83,2
0.7472,-0.0092,23.0,66.83,2
0.7652,0.018,23.05,66.83,2
0.7811,0.0159,23.08,66.84,2
0.7808,-0.0003,23.05,66.84,2
0.7784,-0.0024,23.06,66.84,2
0.7894,0.011,23.02,66.84,2
0.7817,-0.0078,23.16,66.84,2
0.7496,-0.032,23.12,66.85,2
0.7695,0.0199,23.1,66.85,2
0.7749,0.0054,23.15,66.85,2
0.7635,-0.0113,23.07,66.85,2
0.7414,-0.0222,23.1,66.85,2
0.7143,-0.0271,23.04,66.85,2
0.7406,0.0263,23.02,66.85,2
0.7509,0.0103,23.1,66.85,2
0.7799,0.029,23.13,66.85,2
0.7746,-0.0054,23.2,66.85,2
0.795,0.0204,23.29,66.86,2
0.7683,-0.0267,23.36,66.86,2
0.7566,-0.0117,23.33,66.86,2
0.7895,0.0329,23.47,66.86,2
0.7384,-0.0512,23.44,66.86,2
0.7293,-0.0091,23.44,66.86,2
0.7206,-0.0087,23.35,66.86,2
0.7343,0.0138,23.33,66.86,2
0.7262,-0.0082,23.24,66.86,2
0.7092,-0.0169,23.17,66.86,2
0.7034,-0.0058,23.1,66.85,2
0.731,0.0276,23.1,66.85,2
0.7299,-0.0011,23.12,66.85,2
0.7549,0.025,23.13,66.85,2
0.7767,0.0218,23.12,66.85,2
0.7313,-0.0454,23.09,66.85,2
0.7401,0.0088,23.09,66.85,2
0.7068,-0.0333,22.97,66.85,2
0.7213,0.0146,22.97,66.85,2
0.6925,-0.0288,22.95,66.85,2
0.7112,0.0187,22.93,66.85,2
0.726,0.0148,22.98,66.85,2
0.7323,0.0062,22.92,66.85,2
0.7465,0.0143,22.96,66.85,2
0.7312,-0.0153,22.98,66.85,2
0.723,-0.0082,23.09,66.85,2
0.7389,0.0159,23.09,66.85,2
0.7003,-0.0386,23.1,66.84,2
0.7213,0.021,23.19,66.84,2
0.7371,0.0158,23.11,66.84,2
0.7322,-0.0049,23.1,66.84,2
0.7335,0.0013,23.08,66.84,2
0.7547,0.0212,23.1,66.84,2
0.7569,0.0022,23.07,66.84,2
0.7366,-0.0202,23.09,66.84,2
0.7353,-0.0013,23.13,66.84,2
0.753,0.0177,23.05,66.84,2
0.7618,0.0088,22.97,66.85,2
0.7304,-0.0314,22.92,66.85,2
0.7514,0.021,22.95,66.85,2
0.7508,-0.0006,22.98,66.85,2
0.7403,-0.0105,22.99,66.85,2
0.7413,0.001,23.0,66.85,2
0.7163,-0.025,22.99,66.85,2
0.7188,0.0025,22.98,66.85,2
0.7122,-0.0066,22.94,66.84,2
0.7249,0.0127,22.94,66.84,2
0.747,0.0221,22.98,66.84,2
0.7381,-0.0089,22.96,66.84,2
0.7608,0.0227,23.01,66.84,2
0.7684,0.0076,22.97,66.85,2
0.7524,-0.016,23.03,66.85,2
0.7699,0.0175,23.02,66.85,2
0.7877,0.0178,23.1,66.85,2
0.7579,-0.0298,23.19,66.85,2
0.7711,0.0132,23.18,66.85,2
0.7883,0.0172,23.16,66.86,2
0.7643,-0.024,23.14,66.86,2
0.7649,0.0006,23.09,66.86,2
0.761,-0.0039,23.05,66.86,2
0.7496,-0.0114,23.07,66.86,2
0.7618,0.0121,23.07,66.86,2
0.7788,0.017,23.1,66.86,2
0.724,-0.0549,23.11,66.86,2
0.7087,-0.0153,23.16,66.86,2
0.6309,-0.0778,23.16,66.85,2
0.613,-0.0179,23.08,66.85,2
0.6503,0.0373,23.0,66.84,2
0.6904,0.04,23.03,66.84,2
0.7145,0.0242,22.94,66.84,2
0.7477,0.0332,22.93,66.84,2
0.7194,-0.0283,22.91,66.84,2
0.6755,-0.0439,22.91,66.84,2
0.69,0.0145,22.91,66.83,2
0.6764,-0.0136,22.83,66.83,2
0.6954,0.019,22.85,66.83,2
0.737,0.0416,22.8,66.83,2
0.7462,0.0092,22.89,66.83,2
0.7313,-0.0149,23.01,66.83,2
0.7398,0.0085,22.94,66.83,2
0.7458,0.006,22.99,66.83,2
0.6709,-0.0749,22.98,66.83,2
0.6897,0.0188,23.0,66.83,2
0.6816,-0.0081,23.01,66.82,2
0.677,-0.0046,23.03,66.82,2
0.6893,0.0123,22.96,66.82,2
0.6896,0.0003,22.94,66.82,2
0.6579,-0.0318,22.91,66.81,2
0.6793,0.0215,22.93,66.81,2
0.7045,0.0251,22.94,66.81,2
0.7322,0.0277,22.95,66.81,2
0.7405,0.0083,22.98,66.81,2
0.7479,0.0074,23.01,66.81,2
0.7771,0.0292,23.05,66.82,2
0.7787,0.0016,22.99,66.82,2
0.7891,0.0104,22.97,66.82,2
0.7783,-0.0108,22.94,66.82,2
0.7789,0.0006,23.02,66.83,2
0.7911,0.0121,23.01,66.83,2
0.7956,0.0046,23.07,66.83,2
0.7945,-0.0011,23.06,66.84,2
0.8201,0.0256,23.05,66.84,2
0.758,-0.0621,23.13,66.84,2
0.7758,0.0179,23.05,66.84,2
0.8023,0.0265,23.1,66.85,2
0.8158,0.0135,23.1,66.85,2
0.8178,0.002,23.11,66.85,2
0.7722,-0.0456,23.18,66.86,2
0.7783,0.0061,23.23,66.86,2
0.7769,-0.0014,23.21,66.86,2
0.741,-0.0359,23.29,66.86,2
0.7625,0.0215,23.26,66.86,2
0.7491,-0.0134,23.18,66.86,2
0.7593,0.0103,23.24,66.86,2
0.7673,0.008,23.21,66.86,2
0.7239,-0.0434,23.13,66.86,2
0.726,0.0021,23.09,66.86,2
0.7379,0.012,23.12,66.86,2
0.7489,0.0109,23.05,66.86,2
0.7651,0.0163,23.02,66.86,2
0.7623,-0.0028,23.05,66.86,2
0.7699,0.0076,23.02,66.86,2
0.745,-0.0248,23.01,66.86,2
0.7533,0.0083,23.01,66.86,2
0.7656,0.0123,23.03,66.86,2
0.7945,0.0289,22.97,66.87,2
0.7702,-0.0243,22.93,66.87,2
0.7824,0.0122,22.94,66.87,2
0.7988,0.0164,22.94,66.87,2
0.7866,-0.0123,23.01,66.87,2
0.7942,0.0077,23.04,66.88,2
0.8117,0.0175,23.03,66.88,2
0.8022,-0.0095,23.04,66.88,2
0.7861,-0.0161,23.08,66.88,2
0.7362,-0.0498,23.07,66.88,2
0.7557,0.0194,23.06,66.88,2
0.7523,-0.0034,23.03,66.88,2
0.7435,-0.0088,23.15,66.88,2
0.7554,0.0119,23.14,66.88,2
0.7649,0.0095,23.13,66.88,2
0.7575,-0.0074,23.05,66.88,2
0.769,0.0115,23.05,66.88,2
0.7642,-0.0048,23.08,66.88,2
0.777,0.0127,23.07,66.89,2
0.7539,-0.0231,22.95,66.89,2
0.7731,0.0192,22.93,66.89,2
0.7753,0.0022,23.0,66.89,2
0.7732,-0.0021,22.95,66.89,2
0.771,-0.0022,23.01,66.89,2
0.77,-0.0011,22.99,66.89,2
0.7651,-0.0049,23.17,66.89,2
0.7878,0.0227,23.1,66.89,2
0.7467,-0.041,23.02,66.89,2
0.7334,-0.0134,23.0,66.89,2
0.7354,0.002,23.02,66.89,2
0.7149,-0.0205,22.98,66.89,2
0.7384,0.0235,23.01,66.89,2
0.7586,0.0203,23.05,66.89,2
0.7756,0.017,23.12,66.89,2
0.733,-0.0426,23.16,66.89,2
0.733,-0.0,23.04,66.89,2
0.7359,0.003,23.09,66.88,2
0.7533,0.0174,23.06,66.88,2
0.7658,0.0124,23.0,66.89,2
0.7603,-0.0055,23.1,66.89,2
0.7205,-0.0398,23.08,66.88,2
0.6671,-0.0534,23.13,66.88,2
0.6886,0.0214,23.07,66.88,2
0.7128,0.0242,23.05,66.87,2
0.734,0.0213,23.0,66.87,2
0.7362,0.0021,22.99,66.87,2
0.6939,-0.0423,22.92,66.87,2
0.7136,0.0198,23.02,66.87,2
0.7479,0.0343,23.02,66.87,2
0.7342,-0.0137,23.06,66.87,2
0.7203,-0.0139,23.19,66.87,2
0.7221,0.0018,23.18,66.87,2
0.7435,0.0214,23.18,66.87,2
0.692,-0.0515,23.15,66.86,2
0.7126,0.0206,23.13,66.86,2
0.7369,0.0243,23.12,66.86,2
0.748,0.0111,23.0,66.86,2
0.7218,-0.0262,23.04,66.86,2
0.687,-0.0348,23.06,66.86,2
0.6859,-0.001,23.05,66.85,2
0.7054,0.0195,23.06,66.85,2
0.7205,0.015,23.04,66.85,2
0.7613,0.0409,23.08,66.85,2
0.7591,-0.0022,23.05,66.85,2
0.687,-0.0721,23.06,66.85,2
0.6782,-0.0088,23.03,66.85,2
0.6995,0.0213,23.03,66.85,2
0.7172,0.0177,22.97,66.84,2
0.6942,-0.023,22.92,66.84,2
0.703,0.0089,22.98,66.84,2
0.6989,-0.0041,22.95,66.84,2
0.6959,-0.003,23.02,66.84,2
0.7295,0.0337,22.95,66.84,2
0.7545,0.0249,22.91,66.84,2
0.7418,-0.0127,22.98,66.84,2
0.7297,-0.0121,23.07,66.84,2
0.7185,-0.0112,23.07,66.84,2
0.7352,0.0167,23.08,66.84,2
0.7499,0.0147,23.1,66.84,2
0.7722,0.0223,23.1,66.84,2
0.741,-0.0312,23.09,66.84,2
0.7011,-0.0399,23.03,66.84,2
0.6886,-0.0125,23.0,66.84,2
0.7251,0.0365,23.09,66.83,2
0.7647,0.0396,23.07,66.84,2
0.7646,-0.0001,23.06,66.84,2
0.7719,0.0073,23.02,66.84,2
0.7847,0.0128,23.01,66.84,2
0.807,0.0223,23.05,66.85,2
0.8229,0.0159,23.14,66.85,2
0.789,-0.034,23.02,66.85,2
0.7807,-0.0083,23.08,66.85,2
0.7787,-0.0019,23.07,66.86,2
0.7799,0.0012,22.97,66.86,2
0.8022,0.0223,23.06,66.86,2
0.7237,-0.0785,23.1,66.86,2
0.7374,0.0137,23.06,66.86,2
0.7498,0.0125,23.09,66.86,2
0.7406,-0.0092,23.04,66.86,2
0.6862,-0.0544,23.05,66.86,2
0.7102,0.024,22.96,66.86,2
0.6976,-0.0126,22.95,66.85,2
0.6956,-0.002,22.9,66.85,2
0.6886,-0.0071,22.92,66.85,2
0.6842,-0.0043,23.0,66.85,2
0.7213,0.037,22.97,66.84,2
0.6987,-0.0226,22.95,66.84,2
0.7244,0.0257,23.03,66.84,2
0.6998,-0.0246,23.02,66.84,2
0.665,-0.0348,22.85,66.84,2
0.6782,0.0132,22.84,66.83,2
0.7061,0.0279,22.85,66.83,2
0.7085,0.0024,22.8,66.83,2
0.7098,0.0013,22.81,66.83,2
0.7282,0.0184,22.85,66.83,2
0.7424,0.0142,22.82,66.83,2
0.7759,0.0335,22.84,66.83,2
0.7168,-0.0591,22.92,66.83,2
0.7333,0.0165,22.96,66.83,2
0.691,-0.0423,22.89,66.83,2
0.7089,0.0179,22.93,66.83,2
0.7085,-0.0004,22.94,66.83,2
0.6966,-0.0119,22.87,66.83,2
0.6888,-0.0078,23.02,66.82,2
0.6614,-0.0275,23.08,66.82,2
0.6476,-0.0137,23.08,66.82,2
0.686,0.0384,23.12,66.81,2
0.725,0.039,23.14,66.81,2
0.7236,-0.0014,23.1,66.81,2
0.7428,0.0192,23.07,66.81,2
0.6863,-0.0565,23.02,66.81,2
0.6873,0.001,23.02,66.81,2
0.6917,0.0044,22.88,66.81,2
0.6598,-0.0318,22.91,66.81,2
0.6766,0.0168,22.91,66.8,2
0.7047,0.0281,22.93,66.8,2
0.6775,-0.0272,22.95,66.8,2
0.6508,-0.0266,22.86,66.8,2
0.6776,0.0268,22.84,66.8,2
0.7105,0.0329,22.82,66.79,2
0.6961,-0.0144,22.87,66.79,2
0.6856,-0.0106,23.02,66.79,2
0.6802,-0.0054,23.06,66.79,2
0.6787,-0.0015,23.05,66.79,2
0.7126,0.0339,23.06,66.79,2
0.6755,-0.0371,22.95,66.79,2
0.6537,-0.0218,22.92,66.78,2
0.6526,-0.0012,22.9,66.78,2
0.6635,0.0109,22.87,66.78,2
0.6557,-0.0078,22.89,66.78,2
0.6442,-0.0115,22.97,66.77,2
0.6538,0.0096,23.01,66.77,2
0.6757,0.0219,22.99,66.77,2
0.6666,-0.0091,22.91,66.77,2
0.6763,0.0097,22.85,66.76,2
0.6845,0.0083,22.86,66.76,2
0.6955,0.011,23.01,66.76,2
0.7101,0.0146,23.04,66.76,2
0.7247,0.0146,23.1,66.76,2
0.7009,-0.0238,23.05,66.76,2
0.7029,0.0019,22.95,66.76,2
0.7096,0.0067,23.03,66.76,2
0.7043,-0.0053,23.13,66.76,2
0.6823,-0.0219,23.09,66.76,2
0.7031,0.0208,23.09,66.76,2
0.7385,0.0354,22.99,66.76,2
0.7347,-0.0038,23.02,66.77,2
0.7573,0.0225,23.1,66.77,2
0.6877,-0.0695,23.09,66.77,2
0.6762,-0.0115,22.97,66.77,2
0.6768,0.0006,22.91,66.76,2
0.695,0.0182,22.89,66.76,2
0.7175,0.0225,22.94,66.76,2
0.6856,-0.032,22.96,66.76,2
0.6741,-0.0115,22.91,66.76,2
0.7068,0.0328,23.05,66.76,2
0.6848,-0.022,23.01,66.76,2
0.6678,-0.017,22.9,66.76,2
0.6555,-0.0123,22.95,66.76,2
0.6931,0.0376,22.94,66.76,2
0.7151,0.022,22.95,66.76,2
0.6891,-0.026,22.95,66.76,2
0.6997,0.0106,23.04,66.76,2
0.7204,0.0207,23.03,66.76,2
0.7249,0.0045,22.98,66.76,2
0.711,-0.0139,23.01,66.76,2
0.7141,0.0031,22.98,66.76,2
0.6898,-0.0243,23.0,66.76,2
0.6785,-0.0113,22.95,66.76,2
0.6941,0.0155,22.91,66.76,2
0.7226,0.0285,22.93,66.76,2
0.715,-0.0076,22.89,66.76,2
0.7345,0.0195,22.88,66.76,2
0.5432,-0.1913,22.85,66.75,2
0.6186,0.0754,22.93,66.75,2
0.6469,0.0283,22.9,66.74,2
0.629,-0.0179,22.8,66.74,2
0.6031,-0.0259,22.77,66.74,2
0.6166,0.0135,22.77,66.73,2
0.6597,0.0431,22.72,66.73,2
0.656,-0.0037,22.77,66.73,2
0.6494,-0.0065,22.74,66.73,2
0.6455,-0.004,22.7,66.72,2
0.6422,-0.0032,22.64,66.72,2
0.6561,0.0139,22.68,66.72,2
0.6711,0.015,22.66,66.72,2
0.6422,-0.0289,22.68,66.72,2
0.6103,-0.0319,22.7,66.71,2
0.6323,0.022,22.67,66.71,2
0.6706,0.0384,22.76,66.71,2
0.7011,0.0305,22.76,66.71,2
0.647,-0.0541,22.76,66.71,2
0.6631,0.0161,22.67,66.71,2
0.6097,-0.0535,22.67,66.7,2
0.6324,0.0227,22.64,66.7,2
0.666,0.0336,22.68,66.7,2
0.6701,0.0041,22.73,66.7,2
0.6542,-0.0158,22.72,66.7,2
0.6619,0.0076,22.7,66.7,2
0.6711,0.0092,22.77,66.7,2
0.6846,0.0136,22.87,66.7,2
0.6999,0.0153,22.91,66.7,2
0.7028,0.0029,22.94,66.7,2
0.6864,-0.0165,22.92,66.7,2
0.6476,-0.0388,22.86,66.7,2
0.6649,0.0173,22.87,66.7,2
0.6355,-0.0294,22.93,66.7,2
0.6595,0.024,22.93,66.7,2
0.689,0.0294,22.98,66.7,2
0.6915,0.0025,23.06,66.7,2
0.7072,0.0157,23.1,66.7,2
0.6784,-0.0287,23.08,66.7,2
0.6151,-0.0633,22.98,66.69,2
0.4472,-0.1679,23.25,66.72,1
0.5189,0.0717,23.45,66.75,1
0.544,0.0251,23.44,66.75,2
0.5927,0.0488,23.35,66.74,2
0.5488,-0.0439,23.23,66.73,2
0.5487,-0.0001,23.21,66.73,2
0.5522,0.0035,23.15,66.72,2
0.6086,0.0564,23.16,66.72,2
0.4382,-0.1703,23.42,66.74,1
0.4882,0.05,23.63,66.77,1
0.5667,0.0785,23.51,66.77,2
0.5943,0.0276,23.45,66.76,2
0.549,-0.0453,23.34,66.75,2
0.5377,-0.0113,23.29,66.74,2
0.5495,0.0118,23.13,66.74,2
0.5645,0.015,23.08,66.73,2
0.5229,-0.0415,23.03,66.72,2
0.5263,0.0033,23.1,66.71,2
0.5584,0.0321,23.02,66.71,2
0.5348,-0.0236,22.92,66.7,2
0.5332,-0.0017,22.94,66.69,2
0.5774,0.0442,22.96,66.69,2
0.6235,0.0461,22.9,66.69,2
0.5976,-0.0259,22.89,66.68,2
0.614,0.0164,22.85,66.68,2
0.577,-0.037,22.86,66.67,2
0.5899,0.0129,22.83,66.67,2
0.5803,-0.0096,22.78,66.67,2
0.5218,-0.0584,22.74,66.66,2
0.5104,-0.0115,22.73,66.65,2
0.5468,0.0364,22.7,66.64,2
0.5085,-0.0383,22.7,66.64,2
0.5571,0.0486,22.67,66.63,2
0.5629,0.0058,22.71,66.63,2
0.5314,-0.0315,22.8,66.62,2
0.5168,-0.0146,22.75,66.62,2
0.5187,0.002,22.69,66.61,2
0.5022,-0.0166,22.59,66.6,2
0.5585,0.0563,22.58,66.6,2
0.5586,0.0001,22.64,66.59,2
0.5521,-0.0065,22.64,66.59,2
0.5568,0.0047,22.64,66.59,2
0.5848,0.028,22.69,66.58,2
0.6061,0.0213,22.68,66.58,2
0.6263,0.0202,22.76,66.58,2
0.6572,0.0309,22.83,66.58,2
0.6517,-0.0055,22.86,66.58,2
0.631,-0.0206,22.94,66.58,2
0.6284,-0.0026,22.91,66.58,2
0.647,0.0186,22.94,66.58,2
0.6695,0.0225,22.88,66.59,2
0.6582,-0.0113,22.87,66.59,2
0.6411,-0.0172,22.96,66.59,2
0.6082,-0.0329,22.9,66.59,2
0.6182,0.01,22.91,66.59,2
0.5951,-0.023,22.94,66.58,2
0.5806,-0.0145,22.91,66.58,2
0.5913,0.0107,22.88,66.58,2
0.6396,0.0482,22.94,66.58,2
0.6685,0.0289,23.01,66.58,2
0.6651,-0.0035,22.98,66.58,2
0.6384,-0.0267,22.95,66.58,2
0.6248,-0.0136,22.91,66.58,2
0.6265,0.0017,22.87,66.58,2
0.6143,-0.0122,22.87,66.58,2
0.6001,-0.0142,22.85,66.58,2
0.5836,-0.0165,22.82,66.58,2
0.6018,0.0182,22.81,66.58,2
0.612,0.0102,22.77,66.57,2
0.6511,0.039,22.8,66.58,2
0.6256,-0.0254,22.74,66.58,2
0.6414,0.0158,22.78,66.58,2
0.6422,0.0008,22.81,66.58,2
0.6416,-0.0006,22.86,66.58,2
0.6599,0.0183,22.86,66.58,2
0.6379,-0.022,22.85,66.58,2
0.6086,-0.0294,22.85,66.58,2
0.6054,-0.0032,22.84,66.58,2
0.6382,0.0328,22.93,66.58,2
0.6095,-0.0287,22.95,66.58,2
0.6022,-0.0072,22.91,66.57,2
0.6132,0.011,22.87,66.57,2
0.5625,-0.0507,22.88,66.57,2
0.5926,0.0301,22.87,66.57,2
0.5754,-0.0172,22.79,66.57,2
0.601,0.0256,22.76,66.56,2
0.5827,-0.0182,22.74,66.56,2
0.5914,0.0087,22.67,66.56,2
0.5564,-0.035,22.67,66.56,2
0.5921,0.0357,22.68,66.56,2
0.5888,-0.0033,22.76,66.55,2
0.5648,-0.024,22.72,66.55,2
0.5601,-0.0047,22.67,66.55,2
0.5593,-0.0008,22.66,66.55,2
0.5686,0.0092,22.66,66.54,2
0.5414,-0.0272,22.57,66.54,2
0.5495,0.0081,22.56,66.54,2
0.5225,-0.027,22.6,66.53,2
0.5356,0.0131,22.63,66.53,2
0.3813,-0.1543,22.88,66.56,1
0.4115,0.0302,23.18,66.59,1
0.4471,0.0355,23.36,66.62,1
0.4406,-0.0065,23.58,66.65,1
0.4852,0.0446,23.53,66.64,2
0.4899,0.0047,23.4,66.63,2
0.5344,0.0445,23.45,66.62,2
0.5494,0.0149,23.28,66.62,2
0.5254,-0.024,23.18,66.61,2
0.5442,0.0189,23.08,66.61,2
0.3855,-0.1587,23.34,66.63,1
0.4275,0.042,23.53,66.66,1
0.4899,0.0624,23.48,66.65,2
0.5151,0.0252,23.43,66.65,2
0.5682,0.0531,23.36,66.64,2
0.524,-0.0441,23.29,66.64,2
0.5183,-0.0058,23.21,66.63,2
0.5269,0.0086,23.13,66.62,2
0.5435,0.0166,23.04,66.62,2
0.5279,-0.0156,23.03,66.61,2
0.5172,-0.0107,22.97,66.6,2
0.5332,0.016,22.98,66.6,2
0.5826,0.0494,22.89,66.6,2
0.6035,0.021,22.94,66.59,2
0.6492,0.0457,22.92,66.6,2
0.5884,-0.0608,22.86,66.59,2
0.5733,-0.0151,22.87,66.59,2
0.5748,0.0015,22.89,66.59,2
0.5653,-0.0095,22.95,66.58,2
0.5424,-0.0229,22.91,66.58,2
0.5461,0.0037,22.86,66.57,2
0.5363,-0.0098,22.85,66.57,2
0.5038,-0.0325,22.83,66.56,2
0.4765,-0.0273,22.77,66.56,2
0.5037,0.0272,22.8,66.55,2
0.4614,-0.0423,22.74,66.54,2
0.4436,-0.0178,23.05,66.57,1
0.4687,0.0251,23.28,66.61,1
0.4892,0.0205,23.12,66.6,2
0.5037,0.0145,23.1,66.59,2
0.4718,-0.0319,22.97,66.58,2
0.4954,0.0236,22.95,66.58,2
0.4752,-0.0202,22.95,66.57,2
0.4736,-0.0017,22.84,66.56,2
0.4846,0.011,22.82,66.55,2
0.4814,-0.0032,22.81,66.55,2
0.4925,0.011,22.81,66.54,2
0.4954,0.0029,22.8,66.53,2
0.4818,-0.0135,22.78,66.53,2
0.4777,-0.0041,22.8,66.52,2
0.5093,0.0316,22.8,66.52,2
0.5104,0.0011,22.87,66.51,2
0.3598,-0.1506,23.08,66.54,1
0.4057,0.0459,23.32,66.57,1
0.2889,-0.1168,23.49,66.59,1
0.3845,0.0956,23.65,66.62,1
0.4739,0.0894,23.58,66.61,2
0.5164,0.0425,23.39,66.6,2
0.5107,-0.0057,23.26,66.6,2
0.559,0.0483,23.26,66.59,2
0.5795,0.0205,23.26,66.59,2
0.6087,0.0292,23.26,66.59,2
0.553,-0.0557,23.22,66.58,2
0.5151,-0.0379,23.18,66.58,2
0.5005,-0.0145,23.17,66.57,2
0.4897,-0.0109,23.07,66.57,2
0.4792,-0.0104,23.05,66.56,2
0.5011,0.0218,23.01,66.55,2
0.521,0.02,23.04,66.55,2
0.5112,-0.0099,22.94,66.54,2
0.5292,0.0181,22.93,66.54,2
0.513,-0.0163,22.89,66.53,2
0.3641,-0.1489,23.1,66.56,1
0.3986,0.0345,23.35,66.59,1
0.2849,-0.1136,23.42,66.61,1
0.3454,0.0605,23.7,66.64,1
0.4182,0.0727,23.91,66.66,1
0.457,0.0388,23.79,66.65,2
0.4279,-0.0291,23.73,66.64,2
0.3986,-0.0292,23.9,66.67,1
0.3768,-0.0218,24.03,66.69,1
0.3875,0.0107,24.27,66.72,1
0.3879,0.0004,24.4,66.75,1
0.4096,0.0218,24.5,66.77,1
0.416,0.0064,24.61,66.8,1
0.2815,-0.1345,24.7,66.81,1
0.2031,-0.0785,24.97,66.86,0
0.2745,0.0714,25.25,66.9,0
0.3137,0.0392,25.19,66.92,1
0.3338,0.0201,25.25,66.94,1
0.2199,-0.1138,25.45,66.98,0
0.3028,0.0829,25.7,67.03,0
0.3571,0.0542,25.82,67.05,1
0.4152,0.0582,25.93,67.07,1
0.4323,0.0171,25.92,67.09,1
0.2973,-0.135,25.92,67.1,1
0.3848,0.0875,25.87,67.12,1
0.4035,0.0187,25.88,67.13,1
0.4282,0.0247,25.9,67.15,1
0.4764,0.0482,25.6,67.13,2
0.4943,0.0179,25.27,67.12,2
0.4535,-0.0408,24.95,67.1,2
0.4472,-0.0063,24.95,67.12,1
0.4686,0.0213,25.04,67.14,1
0.4429,-0.0257,25.19,67.16,1
0.4866,0.0437,24.89,67.14,2
0.5086,0.022,24.61,67.12,2
0.4904,-0.0182,24.45,67.1,2
0.4524,-0.038,24.22,67.08,2
0.4393,-0.0131,24.33,67.1,1
0.3006,-0.1386,24.39,67.12,1
0.3463,0.0457,24.41,67.13,1
0.3819,0.0356,24.56,67.15,1
0.3805,-0.0014,24.59,67.16,1
0.3964,0.0159,24.76,67.18,1
0.4001,0.0036,24.85,67.2,1
0.4186,0.0185,24.98,67.21,1
0.4138,-0.0048,25.12,67.23,1
0.4408,0.027,25.27,67.25,1
0.4456,0.0048,25.37,67.27,1
0.4571,0.0115,25.13,67.24,2
0.4642,0.0071,24.85,67.22,2
0.319,-0.1452,24.89,67.23,1
0.3371,0.0181,24.98,67.24,1
0.2308,-0.1062,25.2,67.28,0
0.2727,0.0419,25.51,67.32,0
0.3237,0.051,25.46,67.33,1
0.3404,0.0167,25.47,67.34,1
0.3632,0.0228,25.48,67.35,1
0.3681,0.0049,25.5,67.36,1
0.3534,-0.0147,25.56,67.37,1
0.4254,0.072,25.61,67.39,1
0.409,-0.0164,25.56,67.4,1
0.4223,0.0134,25.56,67.41,1
0.4344,0.0121,25.6,67.43,1
0.4593,0.0249,25.32,67.4,2
0.4845,0.0251,25.05,67.38,2
0.5035,0.019,24.85,67.35,2
0.4939,-0.0096,24.57,67.33,2
0.4603,-0.0337,24.43,67.31,2
0.5204,0.0601,24.28,67.29,2
0.5196,-0.0007,24.1,67.27,2
0.3677,-0.152,24.33,67.28,1
0.3849,0.0172,24.42,67.29,1
0.2726,-0.1123,24.77,67.33,0
0.3418,0.0692,25.08,67.37,0
0.3852,0.0434,25.24,67.38,1
0.3959,0.0107,25.38,67.4,1
0.2691,-0.1268,25.68,67.43,0
0.337,0.0679,25.89,67.47,0
0.232,-0.105,26.09,67.5,0
0.2868,0.0548,26.03,67.51,1
0.3442,0.0574,25.99,67.51,1
0.4321,0.0879,25.98,67.53,1
0.4305,-0.0016,25.98,67.54,1
0.4497,0.0193,26.05,67.55,1
0.3064,-0.1433,25.96,67.55,1
0.3432,0.0367,25.94,67.56,1
0.372,0.0288,25.89,67.57,1
0.3843,0.0123,25.91,67.57,1
0.3674,-0.0169,25.76,67.58,1
0.3582,-0.0092,25.76,67.59,1
0.3817,0.0235,25.74,67.59,1
0.2534,-0.1283,25.96,67.63,0
0.3247,0.0714,26.15,67.66,0
0.221,-0.1037,26.38,67.69,0
0.2874,0.0664,26.32,67.69,1
0.3167,0.0293,26.27,67.69,1
0.3581,0.0414,26.24,67.69,1
0.3544,-0.0037,26.18,67.7,1
0.3809,0.0265,26.16,67.7,1
0.4213,0.0404,26.2,67.71,1
0.4469,0.0256,26.17,67.72,1
0.3057,-0.1412,26.13,67.72,1
0.3517,0.0461,26.14,67.72,1
0.3579,0.0062,26.13,67.73,1
0.359,0.0011,26.06,67.73,1
0.2373,-0.1217,26.13,67.76,0
0.2974,0.0601,26.32,67.79,0
0.3303,0.0328,26.39,67.79,1
0.3369,0.0066,26.35,67.79,1
0.351,0.0141,26.37,67.79,1
0.3749,0.0239,26.34,67.79,1
0.3634,-0.0115,26.3,67.79,1
0.3647,0.0013,26.27,67.8,1
0.3626,-0.0021,26.25,67.8,1
0.3481,-0.0144,26.14,67.8,1
0.3423,-0.0058,26.16,67.8,1
0.3559,0.0136,26.15,67.8,1
0.234,-0.1219,26.28,67.83,0
0.1656,-0.0684,26.45,67.85,0
0.2275,0.0619,26.6,67.88,0
0.1513,-0.0762,26.75,67.9,0
0.2359,0.0846,26.96,67.92,0
0.1548,-0.0811,27.08,67.94,0
0.1091,-0.0457,27.26,67.96,0
0.2344,0.1253,27.38,67.98,0
0.3127,0.0783,27.24,67.97,1
0.2066,-0.106,27.08,67.96,1
0.2776,0.071,27.16,67.99,0
0.1834,-0.0942,27.34,68.01,0
0.1287,-0.0547,27.41,68.03,0
0.2026,0.0739,27.48,68.04,0
0.1292,-0.0734,27.56,68.06,0
0.2178,0.0887,27.66,68.08,0
0.1374,-0.0805,27.74,68.1,0
0.2097,0.0723,27.95,68.11,0
0.2671,0.0574,28.06,68.13,0
0.1682,-0.0989,28.13,68.15,0
0.2336,0.0654,28.22,68.17,0
0.3216,0.088,27.97,68.16,1
0.3188,-0.0027,27.77,68.15,1
0.3299,0.0111,27.66,68.15,1
0.3351,0.0052,27.57,68.14,1
0.3839,0.0488,27.48,68.14,1
0.3952,0.0113,27.3,68.14,1
0.2623,-0.1329,27.45,68.16,0
0.2953,0.033,27.59,68.18,0
0.3086,0.0134,27.39,68.17,1
0.1995,-0.1092,27.24,68.16,1
0.1379,-0.0616,27.35,68.17,0
0.2213,0.0834,27.47,68.19,0
0.2591,0.0378,27.58,68.21,0
0.3242,0.0651,27.44,68.2,1
0.2092,-0.115,27.29,68.19,1
0.2464,0.0372,27.39,68.2,0
0.1568,-0.0896,27.45,68.22,0
0.1065,-0.0502,27.52,68.23,0
0.0769,-0.0296,27.51,68.24,0
0.1685,0.0915,27.55,68.25,0
0.2312,0.0627,27.61,68.27,0
0.1414,-0.0897,27.65,68.28,0
0.225,0.0836,27.82,68.3,0
0.3045,0.0795,27.74,68.28,1
0.3148,0.0103,27.6,68.27,1
0.2019,-0.1129,27.79,68.29,0
0.1387,-0.0632,27.84,68.3,0
0.2091,0.0703,27.88,68.31,0
0.2556,0.0465,27.99,68.33,0
0.161,-0.0946,28.06,68.34,0
0.2765,0.1155,28.15,68.36,0
0.325,0.0485,27.99,68.35,1
0.3562,0.0312,27.86,68.34,1
0.3562,-0.0,27.75,68.33,1
0.3665,0.0103,27.57,68.32,1
0.2407,-0.1258,27.66,68.34,0
0.1689,-0.0718,27.7,68.35,0
0.2506,0.0817,27.84,68.37,0
0.2911,0.0406,27.69,68.35,1
0.189,-0.1021,27.54,68.33,1
0.2562,0.0672,27.59,68.35,0
0.2875,0.0313,27.7,68.37,0
0.184,-0.1035,27.79,68.38,0
0.1262,-0.0578,27.81,68.39,0
0.2273,0.1011,27.83,68.4,0
0.1492,-0.0781,27.94,68.41,0
0.1045,-0.0447,28.05,68.42,0
0.0775,-0.027,28.06,68.42,0
0.1626,0.0852,28.1,68.43,0
0.1003,-0.0624,28.17,68.44,0
0.1913,0.091,28.22,68.45,0
0.2527,0.0614,28.36,68.46,0
0.2793,0.0266,28.46,68.48,0
0.3092,0.0299,28.28,68.47,1
0.3451,0.0358,28.0,68.45,1
0.3605,0.0154,27.79,68.44,1
0.3784,0.0179,27.62,68.43,1
0.3968,0.0184,27.57,68.42,1
0.3986,0.0019,27.47,68.41,1
0.3961,-0.0025,27.35,68.41,1
0.2666,-0.1295,27.39,68.42,0
0.1921,-0.0746,27.51,68.43,0
0.1465,-0.0455,27.54,68.44,0
0.2393,0.0928,27.6,68.45,0
0.2883,0.049,27.44,68.44,1
0.3326,0.0443,27.31,68.43,1
0.3457,0.0131,27.12,68.42,1
0.3581,0.0124,27.08,68.41,1
0.2385,-0.1196,27.18,68.42,0
0.171,-0.0675,27.25,68.43,0
0.1306,-0.0404,27.39,68.44,0
0.2323,0.1017,27.45,68.45,0
0.3083,0.076,27.24,68.44,1
0.359,0.0507,27.17,68.43,1
0.3893,0.0303,27.12,68.42,1
0.4053,0.016,27.11,68.41,1
0.2763,-0.129,27.29,68.42,0
0.3337,0.0574,27.51,68.44,0
0.3525,0.0188,27.4,68.43,1
0.3772,0.0247,27.27,68.42,1
0.4148,0.0376,27.22,68.41,1
0.4128,-0.002,27.09,68.41,1
0.2812,-0.1315,26.91,68.39,1
0.2045,-0.0767,27.02,68.4,0
0.267,0.0625,27.15,68.42,0
0.1836,-0.0834,27.27,68.43,0
0.2648,0.0812,27.35,68.45,0
0.3161,0.0513,27.27,68.43,1
0.2096,-0.1065,27.08,68.41,1
0.1485,-0.061,27.14,68.42,0
0.2141,0.0655,27.32,68.44,0
0.1397,-0.0744,27.49,68.44,0
0.2278,0.0881,27.59,68.46,0
0.2568,0.029,27.73,68.47,0
0.3301,0.0733,27.6,68.46,1
0.2128,-0.1173,27.39,68.44,1
0.2785,0.0657,27.64,68.45,0
0.182,-0.0966,27.78,68.46,0
0.1263,-0.0557,27.88,68.47,0
0.0924,-0.0339,27.95,68.48,0
0.0705,-0.0219,27.96,68.48,0
0.1731,0.1025,28.0,68.49,0
0.2417,0.0686,28.06,68.5,0
0.2863,0.0447,27.82,68.49,1
0.178,-0.1083,27.56,68.47,1
0.1176,-0.0604,27.59,68.47,0
0.0824,-0.0353,27.61,68.48,0
0.0606,-0.0218,27.73,68.48,0
0.0464,-0.0142,27.77,68.48,0
0.0365,-0.0099,27.81,68.48,0
0.0293,-0.0072,27.87,68.49,0
0.1464,0.1171,27.92,68.49,0
0.2176,0.0712,27.91,68.51,0
0.1317,-0.0859,27.96,68.51,0
0.2302,0.0985,28.08,68.52,0
0.1451,-0.0851,28.13,68.53,0
0.2274,0.0823,28.27,68.54,0
0.1433,-0.084,28.41,68.55,0
0.2361,0.0928,28.52,68.56,0
0.1502,-0.0859,28.58,68.56,0
0.2114,0.0612,28.63,68.57,0
0.1303,-0.0811,28.69,68.58,0
0.1953,0.065,28.67,68.59,0
0.1171,-0.0781,28.62,68.59,0
0.0746,-0.0426,28.53,68.59,0
0.1679,0.0933,28.63,68.6,0
0.2263,0.0584,28.6,68.61,0
0.2683,0.042,28.63,68.62,0
0.2849,0.0167,28.36,68.6,1
0.304,0.0191,28.16,68.58,1
0.3472,0.0432,27.97,68.57,1
0.2259,-0.1212,27.98,68.58,0
0.2603,0.0344,28.07,68.59,0
0.3101,0.0498,27.8,68.58,1
0.2012,-0.1089,27.67,68.55,1
0.2472,0.046,27.72,68.57,0
0.1591,-0.0881,27.85,68.57,0
0.2222,0.0631,27.9,68.58,0
0.1406,-0.0816,27.98,68.59,0
0.2278,0.0872,28.01,68.6,0
0.145,-0.0828,28.07,68.6,0
0.0985,-0.0465,28.05,68.6,0
0.0711,-0.0274,28.21,68.61,0
0.054,-0.0171,28.13,68.61,0
0.0426,-0.0114,28.17,68.61,0
0.137,0.0944,28.15,68.61,0
0.0805,-0.0565,28.15,68.61,0
0.0505,-0.03,28.23,68.61,0
0.159,0.1085,28.33,68.62,0
0.0945,-0.0645,28.34,68.62,0
0.0597,-0.0348,28.28,68.62,0
0.1652,0.1055,28.37,68.63,0
0.213,0.0478,28.39,68.64,0
0.2546,0.0416,28.47,68.65,0
0.2969,0.0423,28.24,68.63,1
0.1852,-0.1117,28.03,68.6,1
0.1238,-0.0614,28.06,68.61,0
0.0885,-0.0353,28.15,68.61,0
0.067,-0.0215,28.28,68.61,0
0.053,-0.014,28.24,68.61,0
0.1683,0.1153,28.32,68.62,0
0.1061,-0.0622,28.29,68.62,0
0.0716,-0.0345,28.36,68.62,0
0.0515,-0.0201,28.39,68.62,0
0.1641,0.1126,28.51,68.63,0
0.1009,-0.0632,28.49,68.63,0
0.0662,-0.0347,28.48,68.63,0
0.1637,0.0976,28.52,68.64,0
0.0981,-0.0656,28.52,68.64,0
0.0625,-0.0356,28.44,68.64,0
0.0425,-0.0201,28.46,68.64,0
0.148,0.1056,28.52,68.64,0
0.0871,-0.061,28.52,68.65,0
0.0543,-0.0328,28.47,68.65,0
0.036,-0.0183,28.52,68.64,0
0.0253,-0.0107,28.59,68.64,0
0.0187,-0.0066,28.63,68.64,0
0.0144,-0.0043,28.57,68.64,0
0.1589,0.1445,28.63,68.64,0
0.2548,0.0958,28.7,68.65,0
0.162,-0.0928,28.74,68.66,0
0.11,-0.052,28.79,68.66,0
0.2069,0.0969,28.77,68.67,0
0.2416,0.0347,28.71,68.68,0
0.1483,-0.0933,28.72,68.68,0
0.2373,0.089,28.72,68.69,0
0.1502,-0.0871,28.67,68.69,0
0.1013,-0.0489,28.68,68.69,0
0.0724,-0.0289,28.7,68.69,0
0.0544,-0.018,28.66,68.69,0
0.1599,0.1055,28.75,68.7,0
0.2278,0.0679,28.77,68.7,0
0.1398,-0.088,28.69,68.71,0
0.0919,-0.0479,28.65,68.71,0
0.1722,0.0803,28.66,68.71,0
0.1044,-0.0678,28.72,68.71,0
0.1778,0.0734,28.72,68.72,0
0.1052,-0.0726,28.78,68.72,0
0.2039,0.0987,28.8,68.72,0
0.1249,-0.079,28.82,68.73,0
0.1989,0.074,28.86,68.73,0
0.1205,-0.0785,28.88,68.73,0
0.0775,-0.0429,28.86,68.73,0
0.1705,0.093,28.84,68.74,0
0.2624,0.0918,28.87,68.74,0
0.2965,0.0341,28.61,68.72,1
0.317,0.0205,28.3,68.71,1
0.201,-0.116,28.31,68.71,0
0.1362,-0.0648,28.34,68.71,0
0.0982,-0.038,28.3,68.71,0
0.0745,-0.0236,28.31,68.71,0
0.1664,0.0918,28.27,68.72,0
0.1038,-0.0625,28.35,68.72,0
0.0694,-0.0344,28.45,68.72,0
0.0496,-0.0198,28.39,68.72,0
0.1601,0.1104,28.42,68.72,0
0.0977,-0.0624,28.44,68.72,0
0.0637,-0.0341,28.48,68.72,0
0.0443,-0.0194,28.49,68.72,0
0.1501,0.1058,28.55,68.72,0
0.2051,0.055,28.66,68.73,0
0.1204,-0.0847,28.73,68.73,0
0.0754,-0.045,28.83,68.73,0
0.0507,-0.0247,28.77,68.72,0
0.0365,-0.0142,28.73,68.72,0
0.1879,0.1513,28.67,68.73,0
0.2727,0.0849,28.68,68.74,0
0.3193,0.0465,28.37,68.72,1
0.322,0.0027,28.26,68.7,1
0.4087,0.0867,28.13,68.69,1
0.2748,-0.1338,28.18,68.7,0
0.1963,-0.0786,28.37,68.7,0
0.1474,-0.0489,28.4,68.7,0
0.1151,-0.0323,28.46,68.71,0
0.2325,0.1173,28.55,68.71,0
0.2906,0.0581,28.3,68.69,1
0.1913,-0.0992,28.06,68.67,1
0.2569,0.0656,28.18,68.68,0
0.1679,-0.089,28.21,68.68,0
0.2196,0.0517,28.28,68.69,0
0.1384,-0.0811,28.34,68.69,0
0.2059,0.0675,28.36,68.7,0
0.2563,0.0504,28.4,68.71,0
0.1592,-0.0971,28.49,68.71,0
0.2336,0.0744,28.55,68.72,0
0.2616,0.028,28.66,68.73,0
0.1622,-0.0994,28.68,68.73,0
0.2529,0.0907,28.63,68.74,0
0.2898,0.0369,28.34,68.72,1
0.1839,-0.1059,28.1,68.7,1
0.1246,-0.0593,28.22,68.7,0
0.0896,-0.0349,28.26,68.7,0
0.1778,0.0882,28.26,68.7,0
0.1113,-0.0665,28.32,68.7,0
0.0745,-0.0368,28.34,68.7,0
0.0532,-0.0214,28.4,68.7,0
0.1476,0.0944,28.41,68.71,0
0.2054,0.0578,28.49,68.71,0
0.1202,-0.0852,28.42,68.71,0
0.2023,0.0822,28.46,68.72,0
0.1219,-0.0804,28.5,68.72,0
0.1906,0.0687,28.53,68.73,0
0.2441,0.0534,28.54,68.73,0
0.2794,0.0353,28.62,68.74,0
0.294,0.0147,28.39,68.72,1
0.3074,0.0133,28.25,68.7,1
0.1917,-0.1157,28.25,68.71,0
0.243,0.0514,28.28,68.72,0
0.1534,-0.0896,28.31,68.72,0
0.2387,0.0853,28.32,68.73,0
0.1527,-0.0859,28.39,68.73,0
0.1043,-0.0485,28.4,68.73,0
0.2255,0.1213,28.43,68.74,0
0.1475,-0.0781,28.46,68.74,0
0.2173,0.0699,28.47,68.75,0
0.1368,-0.0805,28.56,68.75,0
0.0917,-0.0452,28.58,68.75,0
0.0651,-0.0266,28.49,68.75,0
0.1585,0.0934,28.51,68.75,0
0.2233,0.0649,28.48,68.76,0
0.2589,0.0355,28.45,68.76,0
0.1567,-0.1022,28.44,68.77,0
0.2187,0.062,28.57,68.77,0
0.1339,-0.0848,28.51,68.77,0
0.1949,0.061,28.58,68.78,0
0.2377,0.0428,28.59,68.78,0
0.2663,0.0285,28.56,68.79,0
0.2802,0.0139,28.31,68.77,1
0.1708,-0.1094,28.13,68.74,1
0.1117,-0.0591,28.1,68.74,0
0.1809,0.0692,28.21,68.75,0
0.1107,-0.0703,28.29,68.75,0
0.0727,-0.0379,28.32,68.75,0
0.1889,0.1162,28.4,68.75,0
0.1188,-0.0702,28.42,68.75,0
0.2022,0.0835,28.53,68.76,0
0.125,-0.0773,28.6,68.76,0
0.0823,-0.0427,28.55,68.76,0
0.0577,-0.0246,28.51,68.76,0
0.0426,-0.015,28.46,68.75,0
0.0329,-0.0097,28.43,68.75,0
0.0262,-0.0067,28.39,68.75,0
0.0213,-0.0049,28.43,68.74,0
0.0176,-0.0037,28.36,68.74,0
0.0148,-0.0029,28.47,68.73,0
0.0124,-0.0023,28.57,68.73,0
0.1256,0.1131,28.58,68.73,0
0.071,-0.0546,28.56,68.73,0
0.1498,0.0788,28.59,68.73,0
0.2175,0.0677,28.66,68.74,0
0.2357,0.0182,28.67,68.75,0
0.2525,0.0169,28.64,68.75,0
0.2627,0.0101,28.66,68.76,0
0.1542,-0.1085,28.7,68.76,0
0.2164,0.0622,28.72,68.77,0
0.2861,0.0697,28.46,68.75,1
0.3186,0.0325,28.22,68.73,1
0.2028,-0.1159,28.37,68.74,0
0.1377,-0.065,28.47,68.74,0
0.0994,-0.0383,28.52,68.74,0
0.2305,0.131,28.6,68.74,0
0.2827,0.0522,28.44,68.72,1
0.3291,0.0465,28.26,68.71,1
0.2151,-0.114,28.41,68.71,0
0.2575,0.0424,28.45,68.72,0
0.2947,0.0371,28.25,68.7,1
0.1881,-0.1066,27.91,68.68,1
0.2358,0.0477,27.95,68.69,0
0.149,-0.0868,27.97,68.69,0
0.2182,0.0692,28.01,68.7,0
0.1365,-0.0817,28.05,68.7,0
0.1937,0.0572,28.08,68.7,0
0.2436,0.0499,28.12,68.71,0
0.2689,0.0253,28.23,68.72,0
0.1632,-0.1057,28.33,68.73,0
0.2358,0.0726,28.38,68.73,0
0.1474,-0.0884,28.49,68.74,0
0.2183,0.0709,28.54,68.74,0
0.1357,-0.0826,28.52,68.74,0
0.1974,0.0617,28.51,68.75,0
0.249,0.0515,28.67,68.76,0
0.1515,-0.0975,28.63,68.76,0
0.2083,0.0568,28.66,68.76,0
0.1261,-0.0822,28.68,68.76,0
0.1889,0.0628,28.66,68.77,0
0.2371,0.0482,28.66,68.78,0
0.2616,0.0244,28.63,68.78,0
0.278,0.0164,28.76,68.79,0
0.1682,-0.1098,28.69,68.79,0
0.2138,0.0456,28.66,68.8,0
0.1293,-0.0844,28.71,68.8,0
0.1987,0.0694,28.77,68.8,0
0.1201,-0.0786,28.83,68.8,0
0.18,0.0599,28.83,68.81,0
0.1055,-0.0745,28.82,68.81,0
0.0659,-0.0396,28.73,68.8,0
0.1691,0.1032,28.76,68.8,0
0.1015,-0.0675,28.79,68.8,0
0.0649,-0.0367,28.71,68.8,0
0.0442,-0.0207,28.76,68.8,0
0.1544,0.1102,28.79,68.8,0
0.0922,-0.0622,28.83,68.8,0
0.2009,0.1087,28.88,68.8,0
0.2425,0.0416,28.92,68.81,0
0.1468,-0.0957,28.92,68.81,0
0.0945,-0.0523,28.9,68.81,0
0.0648,-0.0297,28.84,68.8,0
0.1845,0.1197,28.8,68.81,0
0.1157,-0.0688,28.88,68.81,0
0.0771,-0.0386,28.9,68.81,0
0.0544,-0.0227,28.82,68.8,0
0.1602,0.1058,28.81,68.8,0
0.0969,-0.0633,28.79,68.8,0
0.1647,0.0678,28.65,68.8,0
0.0943,-0.0703,28.61,68.8,0
0.057,-0.0373,28.61,68.8,0
0.0366,-0.0204,28.53,68.8,0
0.135,0.0984,28.53,68.8,0
0.076,-0.059,28.6,68.79,0
0.1675,0.0915,28.64,68.8,0
0.2652,0.0977,28.64,68.8,0
0.3275,0.0622,28.4,68.78,1
0.21,-0.1175,28.14,68.76,1
0.143,-0.067,28.23,68.76,0
0.2128,0.0698,28.4,68.77,0
0.2743,0.0615,28.38,68.78,0
0.1736,-0.1007,28.48,68.78,0
0.292,0.1184,28.22,68.76,1
0.3347,0.0427,27.99,68.74,1
0.345,0.0103,27.83,68.72,1
0.3406,-0.0044,27.7,68.7,1
0.3823,0.0417,27.52,68.69,1
0.428,0.0457,27.42,68.68,1
0.2893,-0.1387,27.22,68.66,1
0.2074,-0.0819,27.3,68.66,0
0.1562,-0.0512,27.37,68.67,0
0.2546,0.0984,27.44,68.68,0
0.3374,0.0828,27.28,68.66,1
0.3547,0.0173,27.18,68.65,1
0.2354,-0.1193,27.28,68.66,0
0.2761,0.0408,27.43,68.67,0
0.3007,0.0246,27.3,68.65,1
0.194,-0.1067,27.1,68.62,1
0.2414,0.0474,27.31,68.63,0
0.1543,-0.0871,27.51,68.64,0
0.1057,-0.0486,27.59,68.64,0
0.0772,-0.0285,27.69,68.64,0
0.1869,0.1097,27.85,68.65,0
0.2742,0.0873,27.89,68.66,0
0.1759,-0.0983,27.95,68.67,0
0.2477,0.0718,28.01,68.67,0
0.1589,-0.0888,28.04,68.68,0
0.1084,-0.0505,28.07,68.68,0
0.1832,0.0748,28.06,68.69,0
0.2456,0.0624,28.2,68.69,0
0.3241,0.0785,27.98,68.68,1
0.3253,0.0011,27.89,68.66,1
0.3239,-0.0014,27.69,68.64,1
0.325,0.0011,27.45,68.63,1
0.329,0.004,27.24,68.61,1
0.2098,-0.1193,27.37,68.62,0
0.1435,-0.0662,27.49,68.62,0
0.2149,0.0714,27.6,68.63,0
0.2751,0.0602,27.76,68.64,0
0.1755,-0.0996,27.85,68.65,0
0.1198,-0.0557,27.91,68.65,0
0.087,-0.0328,27.95,68.65,0
0.2241,0.137,28.06,68.66,0
0.2789,0.0548,28.15,68.67,0
0.3038,0.025,27.97,68.65,1
0.1931,-0.1107,27.77,68.63,1
0.1309,-0.0623,27.84,68.63,0
0.2016,0.0707,27.88,68.64,0
0.127,-0.0745,27.94,68.65,0
0.0855,-0.0416,28.06,68.65,0
0.1987,0.1132,28.15,68.65,0
0.1262,-0.0726,28.21,68.66,0
0.2152,0.0891,28.3,68.66,0
0.2641,0.0489,28.38,68.67,0
0.1647,-0.0994,28.46,68.68,0
0.1095,-0.0552,28.43,68.68,0
0.0775,-0.032,28.41,68.68,0
0.2053,0.1278,28.39,68.69,0
0.1329,-0.0724,28.49,68.69,0
0.2414,0.1085,28.47,68.7,0
0.3163,0.0749,28.27,68.68,1
0.36,0.0438,27.99,68.67,1
0.2398,-0.1203,27.93,68.67,0
0.3077,0.0679,27.97,68.69,0
0.3462,0.0385,27.81,68.67,1
0.3729,0.0267,27.64,68.65,1
0.2491,-0.1238,27.77,68.66,0
0.3324,0.0833,27.89,68.68,0
0.2274,-0.105,27.98,68.69,0
0.2773,0.0499,27.93,68.7,0
0.1853,-0.092,27.94,68.7,0
0.1317,-0.0536,28.06,68.7,0
0.0987,-0.033,28.11,68.7,0
0.2146,0.1159,28.11,68.71,0
0.3231,0.1086,27.97,68.69,1
0.3564,0.0333,27.86,68.68,1
0.3732,0.0167,27.67,68.66,1
0.4144,0.0412,27.48,68.65,1
0.4109,-0.0035,27.48,68.64,1
0.4118,0.0009,27.31,68.62,1
0.4556,0.0437,26.85,68.57,2
0.471,0.0154,26.51,68.53,2
0.327,-0.144,26.42,68.51,1
0.3557,0.0287,26.34,68.5,1
0.3759,0.0202,26.24,68.49,1
0.2559,-0.12,26.44,68.5,0
0.3129,0.057,26.63,68.52,0
0.2134,-0.0995,26.76,68.53,0
0.2647,0.0513,26.92,68.54,0
0.3072,0.0424,26.79,68.53,1
0.3128,0.0057,26.72,68.51,1
0.328,0.0152,26.78,68.5,1
0.352,0.024,26.68,68.48,1
0.3649,0.0129,26.63,68.47,1
0.3596,-0.0053,26.57,68.46,1
0.3841,0.0245,26.58,68.45,1
0.4359,0.0518,26.59,68.44,1
0.4439,0.008,26.6,68.44,1
0.4659,0.022,26.2,68.39,2
0.4514,-0.0145,25.81,68.35,2
0.4602,0.0088,25.6,68.3,2
0.4425,-0.0177,25.61,68.3,1
0.4467,0.0042,25.78,68.3,1
0.3076,-0.1391,25.8,68.28,1
0.2253,-0.0823,26.1,68.3,0
0.2885,0.0632,26.35,68.32,0
0.3326,0.0442,26.34,68.31,1
0.3933,0.0607,26.25,68.3,1
0.448,0.0547,26.21,68.3,1
0.472,0.0241,25.92,68.26,2
0.4957,0.0236,25.61,68.22,2
0.478,-0.0177,25.26,68.18,2
0.4552,-0.0227,24.99,68.13,2
0.3136,-0.1416,25.03,68.13,1
0.3518,0.0382,25.02,68.12,1
0.398,0.0462,25.07,68.12,1
0.4223,0.0243,25.09,68.12,1
0.4281,0.0058,25.11,68.12,1
0.4328,0.0047,25.17,68.12,1
0.4475,0.0146,25.18,68.12,1
0.4487,0.0013,25.22,68.12,1
0.4566,0.0079,24.94,68.08,2
0.4899,0.0332,24.74,68.04,2
0.4936,0.0037,24.44,68.0,2
0.4939,0.0003,24.35,67.97,2
0.4928,-0.0011,24.13,67.93,2
0.4908,-0.002,24.01,67.9,2
0.4984,0.0076,23.87,67.87,2
0.3483,-0.1501,24.05,67.87,1
0.3598,0.0115,24.14,67.87,1
0.2506,-0.1092,24.54,67.89,0
0.3325,0.0819,24.96,67.92,0
0.4192,0.0867,25.01,67.92,1
0.4608,0.0416,25.12,67.93,1
0.3208,-0.14,25.17,67.93,1
0.2357,-0.0851,25.51,67.95,0
0.3383,0.1026,25.72,67.98,0
0.3865,0.0482,25.71,67.98,1
0.4298,0.0434,25.82,67.98,1
0.4418,0.0119,25.9,67.98,1
0.4833,0.0416,25.58,67.95,2
0.3366,-0.1468,25.23,67.9,2
0.2476,-0.089,25.55,67.93,0
0.1903,-0.0573,25.77,67.95,0
0.2786,0.0883,25.99,67.97,0
0.3228,0.0441,25.97,67.97,1
0.3527,0.0299,25.95,67.97,1
0.3701,0.0174,25.98,67.97,1
0.4231,0.0531,25.97,67.97,1
0.4293,0.0062,25.91,67.97,1
0.4133,-0.016,25.82,67.97,1
0.4497,0.0365,25.81,67.98,1
0.4639,0.0142,25.56,67.94,2
0.4795,0.0156,25.28,67.91,2
0.3317,-0.1478,25.4,67.9,1
0.3901,0.0584,25.47,67.91,1
0.2736,-0.1165,25.83,67.93,0
0.3272,0.0536,26.07,67.96,0
0.4049,0.0777,26.03,67.96,1
0.4582,0.0533,26.01,67.96,1
0.4654,0.0072,25.7,67.93,2
0.4858,0.0205,25.46,67.89,2
0.495,0.0091,25.17,67.86,2
0.5122,0.0173,24.96,67.83,2
0.4925,-0.0197,24.72,67.8,2
0.49,-0.0026,24.6,67.77,2
0.5124,0.0224,24.32,67.74,2
0.5382,0.0258,24.17,67.71,2
0.381,-0.1571,24.31,67.71,1
0.3918,0.0108,24.44,67.72,1
0.4225,0.0307,24.57,67.72,1
0.2932,-0.1293,24.65,67.72,1
0.3177,0.0246,24.74,67.73,1
0.3371,0.0194,24.83,67.73,1
0.3577,0.0206,24.99,67.73,1
0.356,-0.0017,24.97,67.73,1
0.384,0.028,25.04,67.74,1
0.4369,0.0529,25.08,67.75,1
0.43,-0.0069,25.24,67.75,1
0.4302,0.0002,25.22,67.76,1
0.4649,0.0347,25.01,67.73,2
0.4911,0.0262,24.82,67.7,2
0.4992,0.0081,24.52,67.67,2
0.5026,0.0034,24.31,67.64,2
0.5,-0.0026,24.08,67.61,2
0.4722,-0.0278,23.86,67.58,2
0.326,-0.1461,24.05,67.59,1
0.2383,-0.0877,24.16,67.59,1
0.3099,0.0716,24.29,67.59,1
0.3859,0.076,24.37,67.6,1
0.3955,0.0097,24.44,67.61,1
0.3962,0.0007,24.61,67.62,1
0.4175,0.0213,24.67,67.62,1
0.481,0.0635,24.46,67.6,2
0.484,0.0031,24.32,67.57,2
0.4993,0.0153,24.22,67.54,2
0.5364,0.0371,24.02,67.52,2
0.3802,-0.1562,24.16,67.53,1
0.4341,0.0539,24.32,67.54,1
0.47,0.0359,24.11,67.51,2
0.459,-0.011,23.88,67.48,2
0.484,0.025,23.78,67.46,2
0.5106,0.0266,23.73,67.43,2
0.5415,0.0309,23.67,67.41,2
0.5397,-0.0018,23.66,67.39,2
0.5643,0.0246,23.57,67.37,2
0.5872,0.0229,23.38,67.35,2
0.5947,0.0075,23.27,67.34,2
0.56,-0.0347,23.15,67.32,2
0.581,0.021,23.11,67.3,2
0.5656,-0.0154,23.1,67.28,2
0.5524,-0.0132,22.98,67.26,2
0.5233,-0.0291,22.86,67.24,2
0.5011,-0.0223,22.79,67.23,2
0.4935,-0.0075,22.66,67.21,2
0.4985,0.005,22.67,67.19,2
0.5244,0.0259,22.61,67.17,2
0.5193,-0.0051,22.57,67.15,2
0.4793,-0.0401,22.6,67.13,2
0.4517,-0.0275,22.66,67.11,2
0.4953,0.0435,22.7,67.09,2
0.4889,-0.0064,22.72,67.08,2
0.5416,0.0527,22.75,67.06,2
0.5275,-0.0141,22.73,67.05,2
0.3713,-0.1562,22.91,67.07,1
0.2754,-0.0959,23.12,67.08,1
0.3504,0.075,23.35,67.09,1
0.4139,0.0635,23.55,67.11,1
0.4639,0.05,23.43,67.09,2
0.4629,-0.0011,23.33,67.07,2
0.3212,-0.1417,23.52,67.09,1
0.4056,0.0844,23.78,67.11,1
0.4215,0.0158,24.02,67.13,1
0.4486,0.0271,24.21,67.15,1
0.4488,0.0002,24.32,67.17,1
0.464,0.0152,24.22,67.15,2
0.4831,0.0191,24.03,67.13,2
0.4827,-0.0004,23.88,67.11,2
0.5073,0.0246,23.75,67.09,2
0.511,0.0036,23.62,67.08,2
0.5368,0.0258,23.46,67.06,2
0.5387,0.0019,23.27,67.05,2
0.5438,0.0051,23.23,67.03,2
0.5211,-0.0227,23.13,67.02,2
0.5241,0.003,23.11,67.0,2
0.372,-0.1521,23.27,67.02,1
0.424,0.052,23.4,67.04,1
0.4419,0.0179,23.58,67.06,1
0.4671,0.0252,23.56,67.05,2
0.5096,0.0425,23.45,67.03,2
0.528,0.0184,23.39,67.02,2
0.4992,-0.0289,23.32,67.0,2
0.4813,-0.0179,23.23,66.99,2
0.4577,-0.0236,23.18,66.97,2
0.4718,0.0141,23.16,66.95,2
