OCI,delta_OCI,temp_indoor,humi_indoor,ac_mode_class
0.1175,0.1175,27.77,60.15,1
0.1859,0.0684,27.5,60.29,1
0.2457,0.0598,27.62,60.47,0
0.3208,0.0751,27.7,60.65,0
0.3464,0.0256,27.43,60.79,1
0.4005,0.0541,27.21,60.93,1
0.2643,-0.1362,27.34,61.1,0
0.3471,0.0828,27.43,61.26,0
0.4424,0.0953,27.42,61.4,1
0.46,0.0177,27.32,61.54,1
0.5283,0.0682,26.88,61.63,2
0.5014,-0.0268,26.47,61.72,2
0.4829,-0.0186,26.12,61.81,2
0.3335,-0.1494,26.17,61.93,1
0.378,0.0446,26.26,62.05,1
0.3847,0.0067,26.25,62.17,1
0.4594,0.0747,25.91,62.25,2
0.495,0.0356,25.66,62.33,2
0.5421,0.0471,25.36,62.41,2
0.5948,0.0527,25.08,62.49,2
0.5643,-0.0305,24.81,62.57,2
0.5178,-0.0465,24.55,62.65,2
0.5558,0.038,24.46,62.72,2
0.5285,-0.0273,24.23,62.79,2
0.5356,0.007,24.02,62.86,2
0.5201,-0.0155,23.89,62.93,2
0.5173,-0.0028,23.76,63.0,2
0.5068,-0.0105,23.59,63.07,2
0.5239,0.0171,23.5,63.13,2
0.5207,-0.0032,23.4,63.19,2
0.5442,0.0235,23.38,63.26,2
0.5188,-0.0254,23.33,63.32,2
0.5385,0.0197,23.27,63.38,2
0.5051,-0.0334,23.16,63.44,2
0.496,-0.0092,23.15,63.49,2
0.4982,0.0022,23.04,63.55,2
0.5068,0.0086,22.97,63.6,2
0.5052,-0.0016,22.85,63.65,2
0.523,0.0178,22.76,63.71,2
0.5451,0.022,22.8,63.76,2
0.5171,-0.0279,22.71,63.81,2
0.5217,0.0046,22.73,63.86,2
0.5305,0.0087,22.67,63.91,2
0.5433,0.0128,22.67,63.96,2
0.546,0.0027,22.67,64.01,2
0.5783,0.0323,22.73,64.06,2
0.582,0.0038,22.73,64.1,2
0.6104,0.0284,22.71,64.15,2
0.5845,-0.026,22.72,64.2,2
0.6169,0.0324,22.72,64.25,2
0.5746,-0.0422,22.64,64.29,2
0.607,0.0324,22.68,64.33,2
0.6212,0.0142,22.65,64.38,2
0.6494,0.0282,22.67,64.42,2
0.6788,0.0294,22.72,64.47,2
0.7072,0.0284,22.68,64.52,2
0.6548,-0.0524,22.85,64.56,2
0.6161,-0.0387,22.81,64.6,2
0.5855,-0.0305,22.87,64.63,2
0.6116,0.0261,22.88,64.67,2
0.6716,0.06,22.91,64.71,2
0.6524,-0.0192,22.84,64.75,2
0.6202,-0.0321,22.91,64.79,2
0.5868,-0.0334,22.86,64.82,2
0.5852,-0.0016,22.89,64.85,2
0.5875,0.0023,22.96,64.89,2
0.5863,-0.0012,22.88,64.92,2
0.5662,-0.0201,22.91,64.95,2
0.5847,0.0185,22.86,64.98,2
0.6088,0.0242,22.86,65.01,2
0.5769,-0.0319,22.92,65.04,2
0.5616,-0.0154,22.86,65.06,2
0.5906,0.0291,22.78,65.09,2
0.634,0.0434,22.71,65.12,2
0.6164,-0.0176,22.77,65.15,2
0.6229,0.0065,22.72,65.18,2
0.6342,0.0113,22.78,65.21,2
0.6155,-0.0187,22.77,65.23,2
0.5944,-0.0212,22.67,65.26,2
0.5868,-0.0075,22.63,65.28,2
0.583,-0.0038,22.63,65.31,2
0.604,0.021,22.65,65.33,2
0.5592,-0.0448,22.66,65.35,2
0.5527,-0.0066,22.64,65.37,2
0.5734,0.0207,22.57,65.39,2
0.5781,0.0047,22.6,65.41,2
0.5769,-0.0012,22.54,65.44,2
0.5947,0.0178,22.59,65.46,2
0.6026,0.0079,22.65,65.48,2
0.5943,-0.0083,22.66,65.5,2
0.6089,0.0147,22.63,65.52,2
0.6072,-0.0017,22.68,65.54,2
0.5784,-0.0288,22.75,65.56,2
0.6161,0.0377,22.65,65.58,2
0.6135,-0.0026,22.63,65.59,2
0.6229,0.0094,22.67,65.61,2
0.5852,-0.0377,22.63,65.63,2
0.5427,-0.0425,22.61,65.65,2
0.5396,-0.0031,22.64,65.66,2
0.5759,0.0363,22.63,65.68,2
0.5545,-0.0215,22.65,65.69,2
0.5449,-0.0095,22.64,65.7,2
0.5379,-0.007,22.65,65.72,2
0.5714,0.0334,22.52,65.73,2
0.6141,0.0428,22.61,65.75,2
0.6131,-0.001,22.7,65.76,2
0.6394,0.0263,22.79,65.78,2
0.651,0.0116,22.78,65.8,2
0.6373,-0.0138,22.81,65.81,2
0.6559,0.0186,22.77,65.83,2
0.6693,0.0135,22.85,65.85,2
0.6604,-0.009,22.77,65.86,2
0.6435,-0.0169,22.77,65.88,2
0.6503,0.0068,22.77,65.89,2
0.6745,0.0242,22.71,65.91,2
0.6955,0.0209,22.76,65.92,2
0.7274,0.0319,22.79,65.94,2
0.7351,0.0077,22.85,65.96,2
0.7673,0.0322,22.77,65.98,2
0.7342,-0.0331,22.87,66.0,2
0.7407,0.0065,22.87,66.01,2
0.7665,0.0259,22.82,66.03,2
0.7633,-0.0033,22.78,66.05,2
0.7516,-0.0117,22.8,66.07,2
0.7412,-0.0104,22.81,66.08,2
0.7308,-0.0104,22.96,66.1,2
0.7081,-0.0227,22.98,66.11,2
0.6636,-0.0445,22.91,66.12,2
0.6888,0.0252,22.93,66.13,2
0.663,-0.0259,22.9,66.14,2
0.6575,-0.0055,22.89,66.15,2
0.668,0.0105,22.9,66.16,2
0.6582,-0.0098,22.86,66.17,2
0.6549,-0.0033,22.85,66.18,2
0.6492,-0.0057,22.86,66.19,2
0.6542,0.0051,22.78,66.2,2
0.6528,-0.0014,22.77,66.21,2
0.6744,0.0216,22.79,66.22,2
0.6662,-0.0082,22.9,66.23,2
0.6661,-0.0001,22.89,66.24,2
0.6481,-0.018,22.98,66.24,2
0.6612,0.0131,22.93,66.25,2
0.6976,0.0364,22.86,66.26,2
0.6592,-0.0384,22.87,66.27,2
0.6466,-0.0126,22.91,66.28,2
0.656,0.0094,22.92,66.28,2
0.6208,-0.0352,22.9,66.29,2
0.5855,-0.0353,22.97,66.29,2
0.605,0.0195,23.0,66.3,2
0.6304,0.0254,22.97,66.3,2
0.6537,0.0233,22.98,66.31,2
0.6588,0.0052,22.93,66.32,2
0.6551,-0.0037,23.0,66.32,2
0.644,-0.0111,22.98,66.33,2
0.6436,-0.0004,22.98,66.33,2
0.6507,0.0072,22.96,66.34,2
0.6684,0.0176,22.89,66.35,2
0.6934,0.0251,22.89,66.35,2
0.6932,-0.0003,22.85,66.36,2
0.6648,-0.0284,22.78,66.37,2
0.6705,0.0057,22.81,66.37,2
0.6245,-0.046,22.81,66.38,2
0.6385,0.0139,22.78,66.38,2
0.6401,0.0017,22.81,66.39,2
0.626,-0.0141,22.82,66.39,2
0.6712,0.0452,22.85,66.4,2
0.6664,-0.0048,22.88,66.4,2
0.6885,0.0221,22.8,66.41,2
0.6638,-0.0247,22.81,66.41,2
0.6931,0.0292,22.92,66.42,2
0.6628,-0.0303,22.89,66.42,2
0.4847,-0.1781,22.9,66.42,2
0.4858,0.0011,22.87,66.42,2
0.5039,0.0181,22.91,66.41,2
0.5258,0.0219,22.81,66.41,2
0.529,0.0032,22.74,66.41,2
0.5498,0.0208,22.79,66.41,2
0.5872,0.0374,22.72,66.41,2
0.6064,0.0192,22.63,66.41,2
0.654,0.0476,22.7,66.42,2
0.6512,-0.0028,22.8,66.42,2
0.6754,0.0242,22.89,66.43,2
0.6529,-0.0225,22.87,66.43,2
0.652,-0.0009,22.84,66.43,2
0.662,0.01,22.86,66.44,2
0.6832,0.0211,22.94,66.44,2
0.6628,-0.0203,22.87,66.45,2
0.6297,-0.0332,22.81,66.45,2
0.6013,-0.0283,22.84,66.45,2
0.5902,-0.0111,22.85,66.45,2
0.6098,0.0196,22.79,66.45,2
0.6265,0.0167,22.67,66.46,2
0.6252,-0.0013,22.64,66.46,2
0.5747,-0.0505,22.72,66.46,2
0.5671,-0.0076,22.72,66.46,2
0.6194,0.0523,22.8,66.46,2
0.6235,0.0041,22.85,66.46,2
0.6558,0.0323,22.86,66.46,2
0.6839,0.0281,22.89,66.47,2
0.707,0.0231,22.92,66.47,2
0.7303,0.0233,22.84,66.48,2
0.7332,0.0029,22.93,66.49,2
0.7472,0.0141,22.99,66.5,2
0.7096,-0.0376,22.98,66.5,2
0.7276,0.018,23.01,66.51,2
0.7441,0.0165,22.96,66.52,2
0.753,0.0088,22.99,66.52,2
0.6867,-0.0663,22.93,66.53,2
0.6696,-0.0171,22.98,66.53,2
0.6687,-0.0009,22.97,66.53,2
0.711,0.0423,22.94,66.54,2
0.7349,0.0239,23.04,66.54,2
0.742,0.0071,23.13,66.55,2
0.7283,-0.0137,23.21,66.55,2
0.7132,-0.0151,23.21,66.56,2
0.7183,0.0051,23.1,66.56,2
0.7154,-0.003,23.0,66.57,2
0.741,0.0256,22.98,66.57,2
0.7544,0.0134,23.02,66.58,2
0.6875,-0.0668,22.96,66.58,2
0.6863,-0.0012,23.01,66.59,2
0.7101,0.0237,23.01,66.59,2
0.6951,-0.015,23.01,66.59,2
0.6818,-0.0133,23.02,66.59,2
0.6691,-0.0127,22.96,66.6,2
0.6791,0.01,23.01,66.6,2
0.6884,0.0093,22.94,66.6,2
0.6902,0.0017,22.88,66.6,2
0.6722,-0.0179,22.8,66.6,2
0.6742,0.002,22.86,66.61,2
0.6794,0.0051,22.82,66.61,2
0.6446,-0.0348,22.84,66.61,2
0.6613,0.0167,22.88,66.61,2
0.6228,-0.0385,22.88,66.61,2
0.6435,0.0208,22.92,66.61,2
0.683,0.0394,22.92,66.61,2
0.6665,-0.0165,22.94,66.61,2
0.6595,-0.007,22.95,66.61,2
0.6665,0.0071,23.02,66.61,2
0.6714,0.0048,23.06,66.61,2
0.6856,0.0142,23.05,66.62,2
0.7073,0.0218,23.03,66.62,2
0.6656,-0.0417,22.98,66.62,2
0.6647,-0.0009,22.97,66.62,2
0.6521,-0.0126,22.97,66.62,2
0.6613,0.0093,22.98,66.62,2
0.6625,0.0012,22.93,66.62,2
0.6371,-0.0254,22.91,66.62,2
0.6584,0.0213,23.0,66.62,2
0.6913,0.0329,23.06,66.62,2
0.6452,-0.0461,23.03,66.62,2
0.6742,0.029,22.99,66.63,2
0.697,0.0227,22.94,66.63,2
0.7309,0.0339,22.94,66.63,2
0.7335,0.0026,22.97,66.64,2
0.7425,0.009,23.08,66.64,2
0.6778,-0.0647,23.17,66.64,2
0.6773,-0.0005,22.99,66.64,2
0.714,0.0367,22.9,66.65,2
0.729,0.015,23.0,66.65,2
0.7158,-0.0132,22.97,66.65,2
0.7122,-0.0036,22.99,66.65,2
0.7391,0.0268,23.01,66.66,2
0.7589,0.0198,22.95,66.66,2
0.7289,-0.0299,22.96,66.67,2
0.6849,-0.0441,22.95,66.67,2
0.7045,0.0196,22.99,66.67,2
0.729,0.0245,23.01,66.67,2
0.6759,-0.0531,22.96,66.67,2
0.687,0.0111,23.01,66.67,2
0.7108,0.0239,22.92,66.68,2
0.7325,0.0217,22.98,66.68,2
0.7452,0.0127,23.05,66.68,2
0.715,-0.0302,22.96,66.68,2
0.7347,0.0198,22.93,66.69,2
0.7521,0.0173,22.98,66.69,2
0.7547,0.0026,23.05,66.7,2
0.7691,0.0144,22.96,66.7,2
0.7731,0.0041,23.03,66.7,2
0.7749,0.0018,23.0,66.71,2
0.7338,-0.0411,22.98,66.71,2
0.7243,-0.0095,23.0,66.71,2
0.71,-0.0143,23.01,66.71,2
0.7201,0.0101,23.11,66.72,2
0.7044,-0.0157,23.05,66.72,2
0.724,0.0195,23.12,66.72,2
0.7057,-0.0183,23.04,66.72,2
0.7177,0.012,23.11,66.72,2
0.6968,-0.021,23.05,66.72,2
0.6746,-0.0221,23.06,66.72,2
0.6949,0.0202,23.1,66.72,2
0.71,0.0152,23.16,66.72,2
0.7275,0.0174,23.08,66.72,2
0.7299,0.0024,23.08,66.73,2
0.7495,0.0196,23.13,66.73,2
0.7649,0.0154,23.16,66.73,2
0.7618,-0.0031,23.08,66.74,2
0.7626,0.0008,23.09,66.74,2
0.7755,0.0129,23.03,66.74,2
0.7861,0.0106,23.04,66.75,2
0.8037,0.0176,22.96,66.75,2
0.7627,-0.041,22.92,66.76,2
0.7555,-0.0072,22.97,66.76,2
0.7677,0.0122,23.01,66.76,2
0.7806,0.0129,23.01,66.77,2
0.7816,0.001,22.95,66.77,2
0.8014,0.0197,23.03,66.77,2
0.7853,-0.016,22.94,66.78,2
0.7866,0.0013,22.99,66.78,2
0.7583,-0.0284,23.04,66.78,2
0.7379,-0.0204,22.99,66.79,2
0.7315,-0.0064,22.96,66.79,2
0.7175,-0.014,22.97,66.79,2
0.7323,0.0148,23.01,66.79,2
0.72,-0.0123,23.03,66.79,2
0.7339,0.0139,23.05,66.79,2
0.7188,-0.015,23.03,66.79,2
0.7167,-0.0022,22.95,66.79,2
0.723,0.0063,22.91,66.79,2
0.7411,0.0181,22.99,66.79,2
0.7509,0.0098,22.87,66.79,2
0.7251,-0.0259,22.96,66.79,2
0.7291,0.0041,23.01,66.79,2
0.7334,0.0042,23.08,66.79,2
0.7358,0.0024,22.99,66.8,2
0.7467,0.011,22.85,66.8,2
0.7578,0.0111,22.81,66.8,2
0.7406,-0.0172,22.75,66.8,2
0.7011,-0.0395,22.82,66.8,2
0.7277,0.0266,22.82,66.8,2
0.7485,0.0208,22.79,66.8,2
0.7539,0.0054,22.79,66.8,2
0.765,0.0111,22.78,66.8,2
0.7408,-0.0242,22.79,66.81,2
0.7412,0.0004,22.76,66.81,2
0.7341,-0.0071,22.91,66.81,2
0.7545,0.0203,22.92,66.81,2
0.7383,-0.0162,22.95,66.81,2
0.7488,0.0105,22.97,66.81,2
0.7713,0.0225,22.92,66.81,2
0.7415,-0.0297,22.92,66.81,2
0.7583,0.0168,22.94,66.82,2
0.7694,0.0111,22.9,66.82,2
0.7509,-0.0185,22.86,66.82,2
0.7283,-0.0226,22.87,66.82,2
0.7414,0.0131,22.99,66.82,2
0.775,0.0336,23.04,66.82,2
0.758,-0.017,23.06,66.82,2
0.7316,-0.0264,23.01,66.82,2
0.6941,-0.0374,22.97,66.82,2
0.6628,-0.0313,22.99,66.82,2
0.6838,0.021,23.0,66.82,2
0.708,0.0241,22.96,66.82,2
0.7008,-0.0072,22.97,66.81,2
0.7222,0.0214,22.91,66.81,2
0.7511,0.0289,22.83,66.82,2
0.7185,-0.0325,22.9,66.81,2
0.7063,-0.0122,22.9,66.81,2
0.7227,0.0164,22.8,66.81,2
0.7331,0.0103,22.84,66.81,2
0.6974,-0.0357,22.78,66.81,2
0.7132,0.0159,22.81,66.81,2
0.7484,0.0351,22.8,66.81,2
0.7513,0.0029,22.75,66.81,2
0.7753,0.024,22.64,66.82,2
0.7763,0.001,22.7,66.82,2
0.7728,-0.0035,22.68,66.82,2
0.7651,-0.0077,22.71,66.82,2
0.7145,-0.0507,22.78,66.82,2
0.701,-0.0135,22.83,66.82,2
0.7147,0.0138,22.94,66.82,2
0.748,0.0332,22.95,66.82,2
0.7018,-0.0462,23.02,66.82,2
0.6765,-0.0253,23.06,66.82,2
0.6836,0.0071,23.02,66.82,2
0.6741,-0.0095,22.97,66.81,2
0.6672,-0.0069,23.05,66.81,2
0.673,0.0058,23.06,66.81,2
0.6695,-0.0034,23.06,66.8,2
0.6849,0.0153,23.0,66.8,2
0.6824,-0.0025,23.11,66.8,2
0.6643,-0.018,23.08,66.8,2
0.6904,0.0261,23.03,66.8,2
0.735,0.0446,23.05,66.8,2
0.7537,0.0187,23.09,66.8,2
0.7594,0.0058,23.07,66.8,2
0.7571,-0.0023,23.06,66.8,2
0.7655,0.0083,23.05,66.81,2
0.7578,-0.0077,22.98,66.81,2
0.7524,-0.0054,23.05,66.81,2
0.7581,0.0057,22.98,66.81,2
0.716,-0.0421,22.98,66.81,2
0.697,-0.019,23.04,66.81,2
0.6993,0.0023,23.03,66.81,2
0.7185,0.0192,23.08,66.81,2
0.7521,0.0336,23.03,66.81,2
0.7707,0.0186,23.07,66.81,2
0.7561,-0.0146,23.17,66.81,2
0.7371,-0.019,23.14,66.81,2
0.7429,0.0058,23.05,66.81,2
0.7253,-0.0177,23.05,66.81,2
0.7347,0.0094,23.07,66.81,2
0.77,0.0353,23.06,66.82,2
0.7679,-0.0021,23.03,66.82,2
0.7438,-0.0241,23.06,66.82,2
0.7483,0.0045,23.09,66.82,2
0.7218,-0.0265,22.99,66.82,2
0.7182,-0.0035,22.99,66.82,2
0.6917,-0.0265,23.0,66.82,2
0.7155,0.0238,22.96,66.82,2
0.7263,0.0108,23.02,66.82,2
0.6979,-0.0284,23.02,66.82,2
0.7002,0.0023,23.06,66.81,2
0.719,0.0188,23.01,66.81,2
0.7225,0.0035,22.97,66.81,2
0.7185,-0.0041,23.0,66.81,2
0.6499,-0.0686,23.04,66.81,2
0.6747,0.0248,23.03,66.81,2
0.7191,0.0445,23.0,66.81,2
0.711,-0.0081,22.92,66.81,2
0.6866,-0.0245,22.94,66.8,2
0.7185,0.0319,22.9,66.8,2
0.7343,0.0158,22.89,66.81,2
0.7423,0.008,22.93,66.81,2
0.7477,0.0054,22.95,66.81,2
0.746,-0.0017,22.95,66.81,2
0.7313,-0.0147,22.98,66.81,2
0.7402,0.0089,22.98,66.81,2
0.7453,0.0051,23.04,66.81,2
0.7103,-0.0349,23.13,66.81,2
0.7268,0.0165,23.12,66.81,2
0.6748,-0.0521,22.96,66.81,2
0.6828,0.0081,23.04,66.81,2
0.7046,0.0218,23.13,66.81,2
0.674,-0.0306,23.1,66.8,2
0.6952,0.0212,23.02,66.8,2
0.7128,0.0176,23.09,66.8,2
0.7144,0.0016,23.08,66.8,2
0.7173,0.0029,23.21,66.8,2
0.7419,0.0246,23.22,66.8,2
0.7679,0.0259,23.11,66.8,2
0.7753,0.0074,22.99,66.81,2
0.7906,0.0153,23.0,66.81,2
0.7939,0.0033,23.0,66.81,2
0.8093,0.0154,23.09,66.82,2
0.7906,-0.0187,23.02,66.82,2
0.7909,0.0003,23.02,66.82,2
0.7706,-0.0203,22.95,66.83,2
0.7537,-0.0169,22.97,66.83,2
0.7688,0.015,22.99,66.83,2
0.7264,-0.0424,23.02,66.83,2
0.695,-0.0314,22.98,66.83,2
0.6894,-0.0056,23.02,66.83,2
0.7047,0.0153,22.94,66.82,2
0.6763,-0.0284,22.93,66.82,2
0.683,0.0067,23.0,66.82,2
0.7124,0.0294,23.01,66.82,2
0.7347,0.0222,23.0,66.82,2
0.7494,0.0147,22.96,66.82,2
0.7808,0.0314,22.98,66.82,2
0.787,0.0062,22.94,66.83,2
0.8143,0.0274,22.94,66.83,2
0.778,-0.0364,22.99,66.83,2
0.7949,0.017,23.01,66.83,2
0.8167,0.0217,23.07,66.84,2
0.8268,0.0101,23.11,66.84,2
0.8287,0.0019,23.15,66.85,2
0.8331,0.0044,23.1,66.85,2
0.819,-0.0141,23.11,66.86,2
0.7977,-0.0213,23.13,66.86,2
0.811,0.0133,23.17,66.86,2
0.8232,0.0122,23.14,66.87,2
0.8139,-0.0092,23.09,66.87,2
0.812,-0.002,23.1,66.87,2
0.7827,-0.0293,23.06,66.87,2
0.7902,0.0075,23.05,66.88,2
0.8023,0.012,22.98,66.88,2
0.7533,-0.0489,22.99,66.88,2
0.7594,0.0061,22.98,66.88,2
0.7422,-0.0172,22.99,66.88,2
0.7652,0.023,23.09,66.88,2
0.7698,0.0046,23.09,66.88,2
0.7414,-0.0284,23.19,66.88,2
0.7482,0.0068,23.14,66.88,2
0.7386,-0.0096,23.09,66.88,2
0.7261,-0.0125,23.17,66.88,2
0.742,0.016,23.17,66.88,2
0.7447,0.0027,23.1,66.88,2
0.7569,0.0121,23.15,66.88,2
0.7291,-0.0278,23.12,66.88,2
0.7059,-0.0232,23.19,66.87,2
0.7074,0.0015,23.16,66.87,2
0.6974,-0.01,23.15,66.87,2
0.6722,-0.0252,23.09,66.87,2
0.6832,0.011,23.01,66.86,2
0.6521,-0.0311,23.07,66.86,2
0.6863,0.0342,23.05,66.86,2
0.7174,0.0311,23.03,66.85,2
0.6941,-0.0233,22.98,66.85,2
0.6938,-0.0003,23.01,66.85,2
0.6989,0.0051,22.97,66.85,2
0.7227,0.0238,22.85,66.85,2
0.707,-0.0157,22.84,66.84,2
0.6972,-0.0098,22.84,66.84,2
0.7237,0.0265,22.79,66.84,2
0.7224,-0.0013,22.78,66.84,2
0.7342,0.0118,22.73,66.84,2
0.7617,0.0275,22.82,66.84,2
0.7701,0.0085,22.8,66.84,2
0.7477,-0.0224,22.79,66.84,2
0.7107,-0.037,22.78,66.84,2
0.7253,0.0146,22.77,66.84,2
0.7189,-0.0065,22.76,66.84,2
0.7313,0.0124,22.74,66.84,2
0.7264,-0.0049,22.73,66.84,2
0.7424,0.016,22.86,66.84,2
0.7364,-0.006,22.85,66.84,2
0.6963,-0.0401,22.82,66.84,2
0.7132,0.0169,22.86,66.84,2
0.6984,-0.0148,22.93,66.84,2
0.7095,0.0111,23.01,66.84,2
0.7405,0.0311,22.95,66.84,2
0.7541,0.0136,23.08,66.84,2
0.7525,-0.0016,23.11,66.84,2
0.7214,-0.0311,23.02,66.84,2
0.7365,0.0151,22.97,66.84,2
0.7567,0.0201,22.99,66.84,2
0.744,-0.0127,23.08,66.84,2
0.7501,0.0062,23.1,66.84,2
0.759,0.0089,23.12,66.84,2
0.7463,-0.0127,23.17,66.84,2
0.7529,0.0066,23.22,66.84,2
0.7692,0.0162,23.17,66.84,2
0.7593,-0.0099,23.21,66.84,2
0.7533,-0.006,23.17,66.85,2
0.7675,0.0142,23.13,66.85,2
0.7875,0.02,23.07,66.85,2
0.7807,-0.0068,23.03,66.85,2
0.7779,-0.0028,22.9,66.85,2
0.7872,0.0094,22.93,66.86,2
0.7864,-0.0008,22.99,66.86,2
0.7845,-0.0019,23.03,66.86,2
0.75,-0.0345,23.06,66.86,2
0.736,-0.0141,23.05,66.86,2
0.747,0.011,22.99,66.86,2
0.7311,-0.0159,22.92,66.86,2
0.7521,0.0211,23.05,66.86,2
0.7659,0.0138,23.05,66.86,2
0.751,-0.0149,23.1,66.86,2
0.7575,0.0065,23.17,66.86,2
0.7435,-0.014,23.1,66.86,2
0.7513,0.0079,23.06,66.86,2
0.7717,0.0203,23.07,66.86,2
0.738,-0.0336,23.02,66.86,2
0.7484,0.0103,22.99,66.86,2
0.7269,-0.0215,22.93,66.86,2
0.739,0.0121,22.94,66.86,2
0.7343,-0.0047,22.95,66.86,2
0.7453,0.011,23.04,66.86,2
0.744,-0.0013,23.09,66.86,2
0.7654,0.0214,23.09,66.86,2
0.7574,-0.0079,23.09,66.86,2
0.7278,-0.0296,23.15,66.86,2
0.7231,-0.0048,23.17,66.86,2
0.739,0.0159,23.16,66.86,2
0.7521,0.0131,23.14,66.86,2
0.7607,0.0086,23.13,66.86,2
0.7551,-0.0057,23.06,66.86,2
0.7423,-0.0127,23.01,66.86,2
0.7315,-0.0108,23.12,66.86,2
0.7318,0.0003,23.13,66.86,2
0.7579,0.0261,23.08,66.86,2
0.7422,-0.0157,23.04,66.86,2
0.7204,-0.0218,23.05,66.86,2
0.7322,0.0118,23.05,66.86,2
0.7198,-0.0124,23.06,66.86,2
0.6883,-0.0315,23.09,66.86,2
0.7101,0.0218,23.09,66.85,2
0.6791,-0.0311,23.11,66.85,2
0.6935,0.0145,23.12,66.85,2
0.6986,0.0051,23.14,66.85,2
0.7349,0.0363,23.1,66.85,2
0.7016,-0.0333,23.09,66.84,2
0.7243,0.0227,23.04,66.84,2
0.763,0.0387,22.97,66.85,2
0.733,-0.03,22.95,66.84,2
0.7085,-0.0245,22.98,66.84,2
0.7059,-0.0027,22.95,66.84,2
0.7223,0.0165,23.0,66.84,2
0.7032,-0.0191,23.02,66.84,2
0.7148,0.0116,22.97,66.84,2
0.7307,0.0158,23.01,66.84,2
0.7098,-0.0208,22.91,66.84,2
0.7284,0.0185,22.97,66.84,2
0.764,0.0357,22.98,66.84,2
0.7638,-0.0003,23.02,66.84,2
0.7687,0.0049,22.99,66.84,2
0.7117,-0.057,23.05,66.84,2
0.7193,0.0077,23.11,66.84,2
0.6842,-0.0352,23.13,66.84,2
0.7065,0.0223,23.14,66.84,2
0.7493,0.0429,23.23,66.84,2
0.7462,-0.0031,23.25,66.84,2
0.7295,-0.0167,23.28,66.84,2
0.6787,-0.0508,23.28,66.83,2
0.6479,-0.0308,23.23,66.83,2
0.6295,-0.0184,23.18,66.82,2
0.6611,0.0316,23.14,66.82,2
0.6949,0.0338,23.1,66.82,2
0.6816,-0.0133,23.12,66.82,2
0.7005,0.0188,23.07,66.82,2
0.6693,-0.0312,22.97,66.81,2
0.6741,0.0048,23.04,66.81,2
0.6476,-0.0265,23.0,66.81,2
0.6357,-0.012,22.92,66.8,2
0.6468,0.0112,22.93,66.8,2
0.6789,0.032,22.81,66.8,2
0.6846,0.0057,22.8,66.79,2
0.6633,-0.0212,22.8,66.79,2
0.6478,-0.0155,22.82,66.79,2
0.6749,0.0271,22.85,66.79,2
0.7198,0.0449,22.82,66.79,2
0.7428,0.023,22.78,66.79,2
0.7544,0.0116,22.8,66.79,2
0.7739,0.0195,22.83,66.79,2
0.7885,0.0147,22.92,66.8,2
0.7917,0.0031,23.03,66.8,2
0.7675,-0.0241,22.98,66.8,2
0.7162,-0.0514,22.93,66.8,2
0.6971,-0.019,22.94,66.8,2
0.6741,-0.0231,22.96,66.8,2
0.6692,-0.0049,22.88,66.8,2
0.7071,0.0379,22.95,66.8,2
0.7045,-0.0026,23.01,66.79,2
0.6977,-0.0068,23.05,66.79,2
0.6905,-0.0072,23.0,66.79,2
0.6821,-0.0084,22.97,66.79,2
0.718,0.0359,22.89,66.79,2
0.6902,-0.0278,22.91,66.79,2
0.7087,0.0185,22.93,66.79,2
0.7081,-0.0006,22.9,66.79,2
0.7311,0.023,22.98,66.79,2
0.7617,0.0306,22.95,66.79,2
0.7326,-0.0291,22.88,66.79,2
0.7507,0.0181,22.97,66.79,2
0.7634,0.0126,23.01,66.8,2
0.7209,-0.0425,23.0,66.8,2
0.7217,0.0008,22.97,66.8,2
0.6646,-0.0572,23.02,66.79,2
0.6535,-0.0111,23.01,66.79,2
0.6834,0.0299,22.91,66.79,2
0.669,-0.0144,23.0,66.79,2
0.6431,-0.0258,22.98,66.78,2
0.6163,-0.0268,23.02,66.78,2
0.6135,-0.0028,22.97,66.77,2
0.5692,-0.0443,22.89,66.77,2
0.551,-0.0182,22.76,66.76,2
0.5729,0.0218,22.84,66.75,2
0.5424,-0.0304,22.81,66.74,2
0.5341,-0.0083,22.84,66.74,2
0.581,0.0469,22.78,66.73,2
0.5769,-0.0041,22.76,66.72,2
0.5937,0.0168,22.84,66.72,2
0.6211,0.0274,22.84,66.72,2
0.5987,-0.0224,22.73,66.71,2
0.5794,-0.0193,22.61,66.71,2
0.5968,0.0174,22.66,66.7,2
0.5822,-0.0147,22.68,66.7,2
0.5914,0.0092,22.59,66.69,2
0.6347,0.0433,22.6,66.69,2
0.6231,-0.0116,22.63,66.69,2
0.6376,0.0145,22.6,66.69,2
0.6279,-0.0097,22.57,66.68,2
0.6004,-0.0274,22.52,66.68,2
0.5771,-0.0233,22.6,66.68,2
0.5778,0.0007,22.58,66.67,2
0.5972,0.0195,22.55,66.67,2
0.623,0.0257,22.63,66.67,2
0.6612,0.0383,22.65,66.67,2
0.6917,0.0305,22.67,66.67,2
0.6915,-0.0002,22.71,66.67,2
0.7111,0.0196,22.74,66.67,2
0.7175,0.0063,22.71,66.67,2
0.5264,-0.1911,22.6,66.67,2
0.5623,0.0359,22.69,66.66,2
0.6139,0.0516,22.62,66.66,2
0.5986,-0.0153,22.67,66.65,2
0.6222,0.0236,22.69,66.65,2
0.6384,0.0162,22.7,66.65,2
0.6745,0.0361,22.71,66.65,2
0.6878,0.0134,22.71,66.65,2
0.642,-0.0458,22.74,66.65,2
0.6139,-0.0282,22.68,66.65,2
0.6134,-0.0005,22.65,66.65,2
0.6034,-0.01,22.66,66.64,2
0.5699,-0.0335,22.7,66.64,2
0.5696,-0.0003,22.74,66.64,2
0.5753,0.0057,22.74,66.63,2
0.5819,0.0066,22.73,66.63,2
0.6038,0.0218,22.81,66.63,2
0.5755,-0.0283,22.76,66.62,2
0.5895,0.014,22.8,66.62,2
0.6108,0.0213,22.69,66.62,2
0.5683,-0.0424,22.63,66.61,2
0.5999,0.0316,22.61,66.61,2
0.614,0.0141,22.66,66.61,2
0.5712,-0.0429,22.61,66.61,2
0.5525,-0.0187,22.57,66.6,2
0.598,0.0456,22.6,66.6,2
0.5925,-0.0055,22.65,66.6,2
0.5949,0.0024,22.72,66.6,2
0.6255,0.0306,22.84,66.59,2
0.6386,0.0131,22.96,66.59,2
0.6334,-0.0052,22.9,66.59,2
0.6315,-0.002,22.93,66.59,2
0.6324,0.0009,22.9,66.59,2
0.6092,-0.0232,22.83,66.59,2
0.6155,0.0063,22.86,66.59,2
0.5861,-0.0294,22.8,66.59,2
0.5954,0.0093,22.82,66.59,2
0.6169,0.0215,22.76,66.59,2
0.6113,-0.0055,22.76,66.58,2
0.6166,0.0053,22.74,66.58,2
0.6325,0.0159,22.74,66.58,2
0.6526,0.0201,22.74,66.58,2
0.6769,0.0243,22.81,66.59,2
0.7038,0.0269,22.83,66.59,2
0.6713,-0.0325,22.88,66.59,2
0.6559,-0.0155,22.86,66.59,2
0.6013,-0.0545,22.87,66.59,2
0.6281,0.0268,22.87,66.59,2
0.6601,0.032,22.83,66.59,2
0.6374,-0.0226,22.82,66.59,2
0.6485,0.0111,22.77,66.59,2
0.614,-0.0345,22.66,66.59,2
0.5951,-0.0189,22.66,66.59,2
0.5768,-0.0183,22.71,66.59,2
0.5858,0.0089,22.73,66.58,2
0.6412,0.0554,22.74,66.58,2
0.6338,-0.0074,22.77,66.58,2
0.6262,-0.0076,22.82,66.58,2
0.6346,0.0085,22.72,66.58,2
0.6621,0.0274,22.78,66.59,2
0.6317,-0.0303,22.8,66.59,2
0.6661,0.0344,22.83,66.59,2
0.6712,0.0052,22.78,66.59,2
0.6709,-0.0003,22.84,66.59,2
0.6421,-0.0288,22.88,66.59,2
0.598,-0.0442,22.85,66.59,2
0.5797,-0.0183,22.88,66.59,2
0.5734,-0.0063,22.93,66.58,2
0.58,0.0067,22.93,66.58,2
0.5392,-0.0408,22.85,66.58,2
0.383,-0.1562,23.15,66.6,1
0.4668,0.0839,23.41,66.63,1
0.5125,0.0457,23.34,66.63,2
0.5175,0.005,23.29,66.62,2
0.5637,0.0461,23.22,66.62,2
0.5491,-0.0146,23.25,66.61,2
0.5849,0.0358,23.2,66.61,2
0.573,-0.0119,23.17,66.61,2
0.5666,-0.0064,23.11,66.6,2
0.4044,-0.1621,23.28,66.63,1
0.4411,0.0366,23.54,66.66,1
0.5034,0.0623,23.48,66.65,2
0.5191,0.0157,23.37,66.64,2
0.5298,0.0107,23.2,66.64,2
0.5471,0.0173,23.18,66.63,2
0.5514,0.0043,23.13,66.63,2
0.5297,-0.0217,23.07,66.62,2
0.511,-0.0187,23.05,66.61,2
0.5022,-0.0087,23.05,66.61,2
0.4923,-0.0099,22.97,66.6,2
0.4946,0.0022,23.03,66.59,2
0.5376,0.043,23.08,66.59,2
0.5319,-0.0057,23.08,66.58,2
0.5574,0.0255,23.0,66.58,2
0.5659,0.0086,23.0,66.58,2
0.5923,0.0264,22.89,66.57,2
0.5695,-0.0228,22.87,66.57,2
0.5795,0.01,22.94,66.57,2
0.5735,-0.006,22.88,66.57,2
0.6098,0.0363,22.89,66.56,2
0.5935,-0.0163,22.74,66.56,2
0.428,-0.1655,23.01,66.59,1
0.4993,0.0713,23.16,66.63,1
0.4962,-0.0031,23.14,66.62,2
0.5321,0.0359,23.13,66.61,2
0.5481,0.016,23.08,66.61,2
0.5189,-0.0293,23.08,66.6,2
0.526,0.0071,23.05,66.6,2
0.5246,-0.0014,23.06,66.59,2
0.5733,0.0487,22.94,66.59,2
0.5686,-0.0047,22.91,66.58,2
0.5654,-0.0032,22.95,66.58,2
0.5472,-0.0182,22.97,66.58,2
0.5507,0.0036,22.95,66.57,2
0.5366,-0.0141,22.82,66.57,2
0.544,0.0074,22.79,66.56,2
0.5782,0.0341,22.78,66.56,2
0.6296,0.0515,22.8,66.56,2
0.6443,0.0147,22.83,66.56,2
0.6814,0.0371,22.86,66.56,2
0.6803,-0.0011,22.87,66.57,2
0.6749,-0.0054,22.94,66.57,2
0.6076,-0.0673,22.88,66.57,2
0.6075,-0.0,22.9,66.57,2
0.6237,0.0162,22.84,66.57,2
0.6563,0.0326,22.84,66.57,2
0.596,-0.0604,22.81,66.57,2
0.6233,0.0273,22.81,66.57,2
0.6106,-0.0127,22.86,66.57,2
0.5898,-0.0207,22.84,66.56,2
0.5651,-0.0247,22.81,66.56,2
0.4031,-0.1621,23.04,66.59,1
0.4073,0.0042,23.35,66.62,1
0.448,0.0407,23.6,66.65,1
0.497,0.049,23.55,66.64,2
0.5001,0.0031,23.46,66.63,2
0.5548,0.0547,23.43,66.63,2
0.5661,0.0113,23.4,66.62,2
0.5952,0.0291,23.32,66.62,2
0.5967,0.0015,23.32,66.62,2
0.5902,-0.0066,23.24,66.62,2
0.5581,-0.0321,23.21,66.61,2
0.5684,0.0103,23.15,66.61,2
0.5566,-0.0117,23.06,66.6,2
0.5867,0.0301,23.11,66.6,2
0.6015,0.0148,22.98,66.6,2
0.6168,0.0153,23.02,66.6,2
0.5848,-0.032,22.9,66.59,2
0.561,-0.0238,22.83,66.59,2
0.5928,0.0318,22.77,66.59,2
0.4234,-0.1694,23.07,66.62,1
0.4945,0.0711,23.42,66.65,1
0.5429,0.0484,23.43,66.64,2
0.6021,0.0592,23.4,66.64,2
0.6228,0.0208,23.35,66.64,2
0.606,-0.0169,23.16,66.64,2
0.6112,0.0052,23.11,66.64,2
0.4392,-0.172,23.42,66.66,1
0.4654,0.0262,23.62,66.69,1
0.508,0.0425,23.52,66.69,2
0.5258,0.0178,23.5,66.68,2
0.5164,-0.0094,23.44,66.67,2
0.5397,0.0233,23.3,66.66,2
0.5296,-0.0102,23.3,66.66,2
0.3734,-0.1562,23.44,66.68,1
0.4397,0.0664,23.65,66.71,1
0.5157,0.076,23.55,66.7,2
0.5399,0.0241,23.41,66.7,2
0.5335,-0.0064,23.36,66.69,2
0.5704,0.0369,23.32,66.68,2
0.5533,-0.0172,23.31,66.68,2
0.5623,0.009,23.28,66.67,2
0.5158,-0.0465,23.21,66.66,2
0.5251,0.0093,23.16,66.66,2
0.5201,-0.005,23.14,66.65,2
0.5446,0.0245,23.06,66.64,2
0.5692,0.0246,22.99,66.64,2
0.5984,0.0292,22.89,66.64,2
0.5393,-0.0591,22.84,66.63,2
0.5229,-0.0164,22.86,66.63,2
0.5315,0.0087,22.78,66.62,2
0.5486,0.0171,22.75,66.61,2
0.523,-0.0257,22.74,66.61,2
0.5266,0.0037,22.75,66.6,2
0.5533,0.0266,22.74,66.6,2
0.5715,0.0182,22.67,66.59,2
0.5358,-0.0357,22.56,66.59,2
0.53,-0.0058,22.53,66.58,2
0.5255,-0.0045,22.55,66.58,2
0.5032,-0.0223,22.53,66.57,2
0.5005,-0.0026,22.5,66.57,2
0.3516,-0.1489,22.76,66.59,1
0.4014,0.0498,22.98,66.62,1
0.4149,0.0134,23.16,66.65,1
0.4561,0.0412,23.15,66.64,2
0.5018,0.0457,23.07,66.63,2
0.5323,0.0305,22.92,66.62,2
0.5042,-0.0281,22.88,66.62,2
0.5175,0.0132,22.92,66.61,2
0.5324,0.0149,22.88,66.61,2
0.541,0.0086,22.84,66.6,2
0.5342,-0.0068,22.84,66.6,2
0.5412,0.007,22.74,66.59,2
0.3836,-0.1576,22.95,66.62,1
0.3889,0.0054,23.06,66.64,1
0.4214,0.0325,23.36,66.67,1
0.2925,-0.1289,23.54,66.69,1
0.3349,0.0424,23.68,66.72,1
0.3455,0.0106,23.81,66.74,1
0.3462,0.0007,24.0,66.76,1
0.41,0.0638,24.07,66.79,1
0.2763,-0.1337,24.36,66.84,0
0.3477,0.0714,24.67,66.89,0
0.4015,0.0538,24.78,66.91,1
0.3881,-0.0134,24.85,66.93,1
0.4005,0.0124,24.93,66.95,1
0.4482,0.0477,25.03,66.97,1
0.4715,0.0233,24.76,66.96,2
0.4829,0.0114,24.54,66.94,2
0.4971,0.0142,24.31,66.93,2
0.5219,0.0248,24.21,66.92,2
0.527,0.0051,24.06,66.91,2
0.5291,0.0021,23.93,66.89,2
0.5763,0.0472,23.86,66.88,2
0.5506,-0.0257,23.78,66.87,2
0.5415,-0.0091,23.8,66.86,2
0.5292,-0.0123,23.77,66.85,2
0.5383,0.0091,23.64,66.84,2
0.5295,-0.0089,23.47,66.83,2
0.5305,0.001,23.41,66.82,2
0.5491,0.0186,23.34,66.81,2
0.5309,-0.0181,23.26,66.8,2
0.5297,-0.0012,23.27,66.79,2
0.5146,-0.0152,23.14,66.78,2
0.5103,-0.0043,23.05,66.77,2
0.5101,-0.0002,22.98,66.76,2
0.5231,0.013,22.86,66.75,2
0.5059,-0.0172,22.8,66.74,2
0.5007,-0.0052,22.69,66.74,2
0.4863,-0.0144,22.73,66.72,2
0.5105,0.0242,22.78,66.72,2
0.5121,0.0016,22.75,66.71,2
0.4976,-0.0145,22.79,66.7,2
0.4849,-0.0127,22.79,66.69,2
0.338,-0.1469,23.07,66.71,1
0.3695,0.0315,23.26,66.74,1
0.4036,0.0341,23.49,66.76,1
0.4074,0.0038,23.72,66.79,1
0.4538,0.0464,23.61,66.77,2
0.4641,0.0103,23.55,66.76,2
0.5194,0.0553,23.44,66.75,2
0.5232,0.0038,23.32,66.74,2
0.5139,-0.0093,23.19,66.73,2
0.4924,-0.0215,23.16,66.72,2
0.3452,-0.1471,23.4,66.75,1
0.3814,0.0361,23.59,66.77,1
0.4394,0.058,23.76,66.8,1
0.464,0.0246,23.78,66.78,2
0.4589,-0.0051,23.7,66.77,2
0.4592,0.0003,23.59,66.76,2
0.4621,0.0029,23.51,66.75,2
0.4891,0.027,23.44,66.74,2
0.4855,-0.0035,23.33,66.73,2
0.4803,-0.0052,23.23,66.72,2
0.4702,-0.0101,23.14,66.7,2
0.4599,-0.0103,23.04,66.69,2
0.4546,-0.0053,22.97,66.68,2
0.3183,-0.1363,23.16,66.7,1
0.2378,-0.0805,23.41,66.72,1
0.3446,0.1068,23.59,66.75,1
0.4058,0.0612,23.8,66.77,1
0.4681,0.0623,23.7,66.76,2
0.3311,-0.137,23.58,66.74,2
0.41,0.079,23.81,66.77,1
0.451,0.041,23.96,66.79,1
0.4406,-0.0104,24.08,66.82,1
0.3056,-0.135,24.21,66.84,1
0.3471,0.0415,24.29,66.86,1
0.241,-0.1061,24.58,66.9,0
0.3074,0.0664,24.97,66.95,0
0.2108,-0.0966,25.23,66.99,0
0.1535,-0.0573,25.45,67.03,0
0.2348,0.0813,25.74,67.07,0
0.3087,0.0739,25.81,67.09,1
0.3664,0.0577,25.8,67.1,1
0.3965,0.03,25.72,67.12,1
0.4191,0.0226,25.69,67.14,1
0.4129,-0.0062,25.71,67.16,1
0.2808,-0.132,25.69,67.17,1
0.3363,0.0555,25.7,67.18,1
0.3668,0.0305,25.78,67.2,1
0.4025,0.0357,25.75,67.21,1
0.2752,-0.1273,25.99,67.25,0
0.318,0.0428,26.21,67.29,0
0.374,0.056,26.27,67.3,1
0.4132,0.0392,26.36,67.32,1
0.4445,0.0313,26.25,67.34,1
0.4925,0.048,25.79,67.31,2
0.4714,-0.0211,25.45,67.29,2
0.3253,-0.1461,25.53,67.3,1
0.3624,0.0371,25.49,67.31,1
0.4099,0.0475,25.48,67.33,1
0.4262,0.0164,25.53,67.34,1
0.2921,-0.1341,25.46,67.35,1
0.3472,0.0551,25.48,67.36,1
0.2397,-0.1075,25.76,67.39,0
0.3126,0.0729,26.03,67.43,0
0.3789,0.0664,26.03,67.44,1
0.4203,0.0414,26.07,67.46,1
0.4361,0.0158,25.97,67.47,1
0.2993,-0.1368,25.9,67.47,1
0.2179,-0.0814,26.14,67.5,0
0.2914,0.0735,26.35,67.54,0
0.3373,0.0459,26.27,67.55,1
0.3748,0.0375,26.25,67.55,1
0.2532,-0.1215,26.37,67.58,0
0.3224,0.0692,26.57,67.62,0
0.3588,0.0364,26.56,67.62,1
0.3705,0.0117,26.44,67.63,1
0.2465,-0.124,26.66,67.66,0
0.2821,0.0356,26.72,67.69,0
0.3191,0.0369,26.59,67.69,1
0.2107,-0.1084,26.49,67.69,1
0.2892,0.0785,26.34,67.69,1
0.3015,0.0124,26.33,67.69,1
0.3507,0.0492,26.27,67.7,1
0.3658,0.0151,26.14,67.7,1
0.3872,0.0214,26.13,67.71,1
0.4255,0.0384,26.13,67.71,1
0.4053,-0.0202,26.12,67.72,1
0.3858,-0.0195,26.14,67.72,1
0.2565,-0.1293,26.37,67.75,0
0.3073,0.0507,26.47,67.78,0
0.2071,-0.1002,26.57,67.81,0
0.2563,0.0492,26.78,67.83,0
0.293,0.0367,26.75,67.83,1
0.1903,-0.1027,26.69,67.82,1
0.2653,0.075,26.85,67.85,0
0.2856,0.0203,27.02,67.88,0
0.3467,0.0612,26.95,67.88,1
0.3997,0.053,26.92,67.88,1
0.4599,0.0603,26.57,67.85,2
0.3165,-0.1434,26.17,67.81,2
0.3705,0.054,26.06,67.81,1
0.4331,0.0626,26.08,67.81,1
0.4506,0.0175,25.61,67.78,2
0.314,-0.1367,25.29,67.74,2
0.3393,0.0253,25.29,67.74,1
0.357,0.0177,25.35,67.74,1
0.3845,0.0275,25.41,67.75,1
0.2582,-0.1263,25.73,67.78,0
0.1845,-0.0737,25.97,67.8,0
0.249,0.0645,26.18,67.83,0
0.2824,0.0335,26.09,67.82,1
0.3295,0.047,26.06,67.82,1
0.3593,0.0298,26.07,67.83,1
0.3805,0.0212,26.05,67.83,1
0.3885,0.008,26.03,67.83,1
0.2587,-0.1298,26.29,67.86,0
0.3013,0.0426,26.46,67.89,0
0.3621,0.0608,26.36,67.89,1
0.3557,-0.0064,26.21,67.89,1
0.3932,0.0375,26.17,67.89,1
0.3854,-0.0079,26.15,67.89,1
0.3937,0.0083,26.08,67.89,1
0.4291,0.0355,26.13,67.89,1
0.4044,-0.0247,26.13,67.9,1
0.4031,-0.0013,26.11,67.9,1
0.2719,-0.1312,26.33,67.93,0
0.336,0.0641,26.53,67.95,0
0.2314,-0.1046,26.67,67.98,0
0.1695,-0.0619,26.88,67.99,0
0.1305,-0.039,26.97,68.01,0
0.2293,0.0988,27.2,68.03,0
0.1557,-0.0737,27.35,68.05,0
0.2226,0.067,27.47,68.07,0
0.1439,-0.0787,27.52,68.09,0
0.2222,0.0783,27.51,68.11,0
0.2758,0.0536,27.62,68.13,0
0.3087,0.033,27.47,68.12,1
0.1999,-0.1088,27.34,68.11,1
0.277,0.0771,27.52,68.13,0
0.3402,0.0632,27.67,68.15,0
0.4017,0.0615,27.47,68.15,1
0.3919,-0.0098,27.33,68.15,1
0.2645,-0.1273,27.49,68.17,0
0.3332,0.0687,27.59,68.19,0
0.2294,-0.1039,27.62,68.21,0
0.2753,0.0459,27.67,68.23,0
0.3088,0.0335,27.52,68.22,1
0.3259,0.0171,27.45,68.21,1
0.3527,0.0267,27.25,68.2,1
0.3803,0.0276,27.29,68.2,1
0.4067,0.0264,27.19,68.2,1
0.4003,-0.0064,27.01,68.19,1
0.4088,0.0084,26.96,68.19,1
0.3894,-0.0194,26.81,68.18,1
0.385,-0.0044,26.75,68.18,1
0.3877,0.0026,26.67,68.18,1
0.257,-0.1306,26.84,68.19,0
0.1818,-0.0752,27.07,68.21,0
0.2635,0.0817,27.26,68.23,0
0.3335,0.07,27.07,68.22,1
0.3955,0.062,27.0,68.22,1
0.2694,-0.1261,27.13,68.24,0
0.325,0.0556,27.27,68.26,0
0.3637,0.0386,27.14,68.25,1
0.2474,-0.1163,27.02,68.24,1
0.347,0.0996,27.0,68.23,1
0.37,0.023,26.87,68.22,1
0.4141,0.0442,26.8,68.22,1
0.2828,-0.1313,26.76,68.21,1
0.335,0.0521,26.63,68.2,1
0.3872,0.0523,26.49,68.2,1
0.2641,-0.1231,26.59,68.22,0
0.1909,-0.0731,26.71,68.23,0
0.1449,-0.0461,26.79,68.24,0
0.114,-0.0309,26.87,68.26,0
0.242,0.1281,26.99,68.27,0
0.2975,0.0555,26.91,68.26,1
0.1965,-0.101,26.82,68.25,1
0.1381,-0.0584,27.06,68.26,0
0.1025,-0.0356,27.19,68.27,0
0.2369,0.1344,27.25,68.28,0
0.1595,-0.0774,27.41,68.3,0
0.1137,-0.0458,27.53,68.31,0
0.19,0.0763,27.6,68.32,0
0.1199,-0.0701,27.61,68.33,0
0.0807,-0.0392,27.67,68.34,0
0.1752,0.0945,27.75,68.35,0
0.1074,-0.0678,27.84,68.36,0
0.0701,-0.0373,27.88,68.36,0
0.1687,0.0986,27.9,68.38,0
0.2518,0.0831,27.99,68.39,0
0.1583,-0.0935,28.04,68.4,0
0.2291,0.0709,28.12,68.41,0
0.2745,0.0454,28.1,68.43,0
0.1726,-0.1019,28.21,68.44,0
0.2336,0.061,28.25,68.45,0
0.1473,-0.0863,28.32,68.46,0
0.2643,0.117,28.36,68.47,0
0.1733,-0.091,28.49,68.48,0
0.1206,-0.0527,28.48,68.49,0
0.0884,-0.0322,28.52,68.49,0
0.0675,-0.0209,28.62,68.5,0
0.0531,-0.0144,28.63,68.5,0
0.0427,-0.0104,28.54,68.5,0
0.1524,0.1097,28.63,68.51,0
0.235,0.0826,28.64,68.52,0
0.2726,0.0376,28.68,68.54,0
0.1688,-0.1038,28.68,68.54,0
0.1117,-0.0571,28.68,68.55,0
0.0789,-0.0328,28.63,68.55,0
0.059,-0.0199,28.61,68.55,0
0.1611,0.1021,28.64,68.56,0
0.2247,0.0636,28.63,68.57,0
0.2692,0.0445,28.68,68.58,0
0.2926,0.0234,28.43,68.56,1
0.1829,-0.1098,28.2,68.54,1
0.1227,-0.0601,28.29,68.55,0
0.2108,0.0881,28.45,68.56,0
0.1354,-0.0754,28.5,68.56,0
0.0932,-0.0422,28.52,68.57,0
0.1933,0.1002,28.58,68.57,0
0.2478,0.0545,28.59,68.59,0
0.2813,0.0335,28.35,68.57,1
0.1778,-0.1035,28.13,68.55,1
0.2986,0.1209,27.94,68.53,1
0.3297,0.031,27.74,68.52,1
0.3424,0.0127,27.53,68.5,1
0.3541,0.0117,27.4,68.49,1
0.2324,-0.1216,27.45,68.5,0
0.2734,0.041,27.67,68.52,0
0.18,-0.0934,27.76,68.52,0
0.127,-0.0531,27.72,68.53,0
0.2001,0.0732,27.79,68.54,0
0.275,0.0749,27.87,68.55,0
0.1762,-0.0989,27.92,68.56,0
0.2806,0.1044,27.75,68.54,1
0.1857,-0.0949,27.58,68.52,1
0.1304,-0.0553,27.68,68.53,0
0.1989,0.0685,27.79,68.54,0
0.1262,-0.0727,27.92,68.54,0
0.0854,-0.0408,27.93,68.55,0
0.0614,-0.024,27.92,68.55,0
0.0464,-0.015,28.06,68.55,0
0.0364,-0.01,27.99,68.55,0
0.1319,0.0955,28.06,68.56,0
0.1974,0.0655,28.05,68.56,0
0.1139,-0.0835,28.02,68.57,0
0.1746,0.0607,28.01,68.58,0
0.0993,-0.0752,28.0,68.58,0
0.1647,0.0654,28.05,68.59,0
0.2388,0.0741,28.18,68.6,0
0.1417,-0.097,28.18,68.6,0
0.2191,0.0774,28.22,68.61,0
0.1334,-0.0856,28.28,68.62,0
0.0861,-0.0473,28.25,68.62,0
0.2163,0.1302,28.26,68.63,0
0.2708,0.0544,28.31,68.64,0
0.3056,0.0348,28.17,68.62,1
0.1938,-0.1118,27.99,68.6,1
0.236,0.0422,28.08,68.61,0
0.1479,-0.0881,28.18,68.61,0
0.2589,0.111,28.19,68.62,0
0.1684,-0.0906,28.2,68.63,0
0.1162,-0.0522,28.16,68.63,0
0.2144,0.0982,28.26,68.64,0
0.2671,0.0527,28.32,68.65,0
0.3139,0.0468,28.1,68.63,1
0.3372,0.0233,27.94,68.62,1
0.3413,0.0041,27.75,68.6,1
0.2221,-0.1192,27.85,68.61,0
0.1551,-0.0669,27.92,68.62,0
0.1155,-0.0396,27.94,68.62,0
0.2081,0.0925,28.02,68.63,0
0.2648,0.0567,28.16,68.64,0
0.3102,0.0454,27.92,68.62,1
0.3216,0.0114,27.68,68.6,1
0.2063,-0.1154,27.76,68.61,0
0.2493,0.043,27.88,68.62,0
0.1598,-0.0894,27.87,68.63,0
0.2549,0.0951,27.84,68.64,0
0.3,0.0451,27.64,68.62,1
0.1957,-0.1043,27.46,68.6,1
0.2494,0.0537,27.62,68.61,0
0.1619,-0.0875,27.72,68.62,0
0.1127,-0.0492,27.85,68.62,0
0.2211,0.1084,27.87,68.63,0
0.1452,-0.0759,27.98,68.63,0
0.1018,-0.0434,28.02,68.63,0
0.0755,-0.0262,28.05,68.64,0
0.2287,0.1531,28.16,68.64,0
0.2949,0.0662,28.03,68.63,1
0.3098,0.0149,27.91,68.61,1
0.2,-0.1098,27.96,68.62,0
0.1382,-0.0618,27.98,68.62,0
0.1015,-0.0367,28.04,68.62,0
0.1984,0.0969,28.12,68.63,0
0.1288,-0.0696,28.18,68.64,0
0.0895,-0.0393,28.2,68.64,0
0.066,-0.0235,28.24,68.64,0
0.1712,0.1051,28.38,68.64,0
0.2428,0.0716,28.38,68.65,0
0.1508,-0.092,28.4,68.66,0
0.2174,0.0667,28.37,68.66,0
0.1345,-0.0829,28.45,68.67,0
0.2063,0.0717,28.42,68.68,0
0.2614,0.0551,28.4,68.68,0
0.161,-0.1004,28.39,68.69,0
0.218,0.057,28.31,68.7,0
0.2681,0.0501,28.38,68.71,0
0.1649,-0.1032,28.43,68.71,0
0.1078,-0.0571,28.45,68.71,0
0.0748,-0.033,28.39,68.71,0
0.0547,-0.0201,28.4,68.71,0
0.1692,0.1145,28.37,68.71,0
0.1047,-0.0644,28.44,68.71,0
0.0689,-0.0358,28.47,68.71,0
0.168,0.0991,28.51,68.72,0
0.1012,-0.0668,28.57,68.72,0
0.0646,-0.0366,28.62,68.72,0
0.0438,-0.0208,28.68,68.72,0
0.1463,0.1025,28.62,68.72,0
0.2147,0.0684,28.64,68.72,0
0.2888,0.0741,28.36,68.7,1
0.3094,0.0206,28.09,68.69,1
0.3295,0.0201,27.88,68.67,1
0.209,-0.1204,28.02,68.68,0
0.1415,-0.0676,28.06,68.68,0
0.1016,-0.0398,28.1,68.68,0
0.2017,0.1001,28.14,68.69,0
0.2409,0.0392,28.19,68.7,0
0.2722,0.0313,28.27,68.71,0
0.305,0.0328,28.09,68.69,1
0.1931,-0.1119,27.94,68.66,1
0.1314,-0.0617,27.98,68.67,0
0.2231,0.0918,28.04,68.67,0
0.2621,0.039,28.19,68.68,0
0.3068,0.0447,28.04,68.66,1
0.1954,-0.1114,27.79,68.64,1
0.253,0.0576,27.9,68.65,0
0.2955,0.0425,28.02,68.66,0
0.1883,-0.1072,28.05,68.67,0
0.2305,0.0422,28.12,68.68,0
0.2601,0.0296,28.18,68.69,0
0.2871,0.0269,27.99,68.67,1
0.301,0.0139,27.77,68.65,1
0.1881,-0.1129,27.88,68.66,0
0.2387,0.0506,28.02,68.66,0
0.1506,-0.088,28.08,68.67,0
0.102,-0.0486,28.16,68.67,0
0.0739,-0.0281,28.23,68.67,0
0.0566,-0.0173,28.18,68.67,0
0.1502,0.0936,28.23,68.67,0
0.0913,-0.059,28.3,68.68,0
0.167,0.0758,28.38,68.68,0
0.0978,-0.0693,28.41,68.68,0
0.1961,0.0983,28.45,68.69,0
0.2423,0.0462,28.48,68.7,0
0.2649,0.0225,28.59,68.71,0
0.2892,0.0243,28.35,68.69,1
0.2936,0.0044,28.05,68.67,1
0.1797,-0.1139,28.07,68.67,0
0.1177,-0.0621,28.03,68.67,0
0.0824,-0.0353,28.03,68.68,0
0.1662,0.0838,28.04,68.68,0
0.1016,-0.0646,28.16,68.68,0
0.2041,0.1025,28.35,68.69,0
0.1267,-0.0773,28.39,68.69,0
0.0839,-0.0428,28.33,68.69,0
0.1666,0.0827,28.42,68.7,0
0.0998,-0.0667,28.38,68.7,0
0.0637,-0.0361,28.46,68.7,0
0.1534,0.0897,28.44,68.7,0
0.2141,0.0607,28.45,68.71,0
0.1252,-0.0889,28.46,68.71,0
0.1826,0.0574,28.49,68.71,0
0.2226,0.04,28.49,68.72,0
0.129,-0.0936,28.48,68.72,0
0.0794,-0.0496,28.46,68.72,0
0.0523,-0.0271,28.57,68.72,0
0.0368,-0.0155,28.56,68.72,0
0.0274,-0.0093,28.59,68.71,0
0.1464,0.119,28.65,68.72,0
0.0873,-0.0591,28.73,68.72,0
0.1928,0.1055,28.65,68.72,0
0.1173,-0.0755,28.64,68.72,0
0.0757,-0.0416,28.66,68.72,0
0.1668,0.0911,28.61,68.73,0
0.0993,-0.0675,28.68,68.73,0
0.0626,-0.0367,28.62,68.73,0
0.1518,0.0893,28.67,68.73,0
0.0876,-0.0643,28.65,68.73,0
0.0532,-0.0343,28.6,68.73,0
0.0343,-0.0189,28.54,68.72,0
0.146,0.1116,28.58,68.73,0
0.2202,0.0742,28.61,68.73,0
0.2778,0.0576,28.66,68.74,0
0.172,-0.1058,28.66,68.75,0
0.2387,0.0666,28.65,68.75,0
0.2872,0.0486,28.41,68.73,1
0.3277,0.0405,28.21,68.71,1
0.2112,-0.1165,28.3,68.72,0
0.2654,0.0542,28.34,68.73,0
0.1723,-0.0931,28.36,68.73,0
0.1194,-0.0529,28.46,68.74,0
0.0877,-0.0317,28.34,68.73,0
0.175,0.0873,28.39,68.74,0
0.1099,-0.0652,28.36,68.74,0
0.1863,0.0765,28.48,68.74,0
0.2387,0.0524,28.46,68.75,0
0.1443,-0.0944,28.48,68.75,0
0.2331,0.0888,28.59,68.76,0
0.1462,-0.0869,28.59,68.76,0
0.0976,-0.0486,28.69,68.76,0
0.0691,-0.0285,28.64,68.76,0
0.154,0.0848,28.66,68.76,0
0.1991,0.0452,28.75,68.77,0
0.1146,-0.0845,28.8,68.77,0
0.07,-0.0446,28.73,68.77,0
0.1508,0.0808,28.69,68.77,0
0.2763,0.1255,28.72,68.78,0
0.3434,0.0671,28.49,68.76,1
0.3564,0.013,28.34,68.74,1
0.2331,-0.1233,28.34,68.75,0
0.1625,-0.0706,28.37,68.75,0
0.2548,0.0923,28.53,68.76,0
0.2943,0.0395,28.3,68.74,1
0.191,-0.1032,27.98,68.71,1
0.2648,0.0738,28.0,68.72,0
0.3055,0.0407,28.02,68.73,0
0.1991,-0.1064,28.01,68.74,0
0.2489,0.0498,28.0,68.75,0
0.1611,-0.0879,27.99,68.75,0
0.1117,-0.0494,28.08,68.75,0
0.1949,0.0833,28.04,68.75,0
0.124,-0.0709,28.11,68.76,0
0.2071,0.0831,28.16,68.76,0
0.2632,0.0561,28.24,68.77,0
0.3056,0.0424,28.08,68.75,1
0.1953,-0.1104,27.91,68.72,1
0.1338,-0.0615,27.94,68.73,0
0.2003,0.0665,27.94,68.73,0
0.1274,-0.0729,28.01,68.73,0
0.0871,-0.0403,28.06,68.73,0
0.1837,0.0966,28.11,68.74,0
0.2771,0.0934,28.23,68.75,0
0.1772,-0.0999,28.25,68.75,0
0.1206,-0.0566,28.32,68.75,0
0.2019,0.0813,28.41,68.76,0
0.2702,0.0682,28.39,68.76,0
0.173,-0.0972,28.38,68.77,0
0.1188,-0.0542,28.42,68.77,0
0.2245,0.1057,28.49,68.77,0
0.1471,-0.0774,28.55,68.78,0
0.2079,0.0608,28.64,68.78,0
0.1302,-0.0777,28.6,68.78,0
0.0872,-0.043,28.58,68.78,0
0.0623,-0.0249,28.6,68.78,0
0.1546,0.0922,28.6,68.78,0
0.2076,0.053,28.62,68.78,0
0.1222,-0.0853,28.71,68.79,0
0.0768,-0.0454,28.68,68.78,0
0.1693,0.0925,28.67,68.79,0
0.1014,-0.0679,28.61,68.79,0
0.1923,0.0909,28.64,68.79,0
0.1163,-0.076,28.66,68.79,0
0.2398,0.1235,28.7,68.8,0
0.2755,0.0356,28.73,68.8,0
0.3141,0.0387,28.48,68.78,1
0.1991,-0.115,28.31,68.76,1
0.1343,-0.0648,28.32,68.76,0
0.096,-0.0384,28.38,68.76,0
0.0719,-0.024,28.43,68.76,0
0.1609,0.089,28.49,68.76,0
0.2269,0.066,28.5,68.77,0
0.2562,0.0293,28.58,68.77,0
0.1545,-0.1017,28.57,68.78,0
0.0993,-0.0552,28.56,68.78,0
0.1932,0.0939,28.58,68.78,0
0.226,0.0327,28.61,68.79,0
0.2729,0.047,28.64,68.79,0
0.3111,0.0381,28.37,68.77,1
0.1965,-0.1146,28.17,68.75,1
0.1328,-0.0636,28.27,68.75,0
0.2058,0.073,28.29,68.75,0
0.2631,0.0573,28.37,68.76,0
0.1667,-0.0964,28.48,68.77,0
0.1134,-0.0533,28.53,68.77,0
0.1849,0.0716,28.58,68.77,0
0.2247,0.0398,28.65,68.78,0
0.2976,0.0729,28.37,68.75,1
0.1873,-0.1103,28.14,68.73,1
0.2333,0.046,28.17,68.74,0
0.2816,0.0484,28.23,68.75,0
0.1765,-0.1051,28.37,68.75,0
0.248,0.0715,28.44,68.76,0
0.1579,-0.0901,28.48,68.76,0
0.107,-0.0509,28.54,68.76,0
0.0768,-0.0302,28.53,68.76,0
0.1928,0.116,28.6,68.76,0
0.273,0.0802,28.68,68.77,0
0.3156,0.0426,28.56,68.75,1
0.3468,0.0312,28.25,68.73,1
0.3626,0.0158,28.06,68.72,1
0.2392,-0.1233,28.2,68.73,0
0.2765,0.0372,28.28,68.73,0
0.1826,-0.0938,28.31,68.74,0
0.2593,0.0766,28.32,68.75,0
0.1712,-0.0881,28.35,68.75,0
0.2783,0.1071,28.47,68.76,0
0.1863,-0.092,28.57,68.76,0
0.1325,-0.0538,28.53,68.77,0
0.2041,0.0716,28.47,68.77,0
0.1312,-0.073,28.5,68.77,0
0.09,-0.0411,28.46,68.77,0
0.0656,-0.0244,28.44,68.77,0
0.0502,-0.0154,28.41,68.77,0
0.0399,-0.0103,28.37,68.76,0
0.1375,0.0976,28.38,68.76,0
0.081,-0.0565,28.45,68.76,0
0.1909,0.1099,28.5,68.77,0
0.2588,0.0679,28.59,68.77,0
0.3214,0.0626,28.36,68.75,1
0.3379,0.0166,28.12,68.74,1
0.2167,-0.1212,28.19,68.74,0
0.2705,0.0538,28.31,68.75,0
0.3075,0.037,28.06,68.73,1
0.1972,-0.1103,27.88,68.71,1
0.1348,-0.0625,27.96,68.71,0
0.245,0.1102,28.02,68.72,0
0.1619,-0.0831,28.1,68.72,0
0.256,0.0941,28.1,68.73,0
0.2883,0.0323,27.93,68.71,1
0.1832,-0.1051,27.76,68.68,1
0.2611,0.078,27.96,68.69,0
0.2838,0.0226,28.08,68.7,0
0.3137,0.0299,27.92,68.69,1
0.3315,0.0179,27.75,68.67,1
0.3287,-0.0028,27.54,68.65,1
0.3426,0.0139,27.41,68.64,1
0.3692,0.0266,27.29,68.62,1
0.3736,0.0044,27.13,68.61,1
0.382,0.0084,27.04,68.59,1
0.2535,-0.1285,27.17,68.61,0
0.3224,0.0689,27.36,68.62,0
0.4008,0.0784,27.19,68.61,1
0.3906,-0.0102,27.03,68.59,1
0.4009,0.0103,26.92,68.58,1
0.397,-0.0039,26.84,68.57,1
0.3902,-0.0068,26.8,68.56,1
0.3804,-0.0098,26.77,68.55,1
0.2544,-0.126,26.95,68.56,0
0.2875,0.0331,27.14,68.57,0
0.3307,0.0432,26.95,68.56,1
0.3521,0.0213,26.88,68.54,1
0.3484,-0.0037,26.85,68.53,1
0.2297,-0.1187,27.06,68.54,0
0.2928,0.0632,27.25,68.55,0
0.1971,-0.0958,27.3,68.56,0
0.2495,0.0524,27.39,68.57,0
0.2838,0.0343,27.28,68.56,1
0.326,0.0422,27.31,68.54,1
0.3258,-0.0003,27.15,68.53,1
0.3448,0.0191,27.01,68.51,1
0.2237,-0.1211,27.07,68.53,0
0.2631,0.0394,27.14,68.54,0
0.2892,0.0261,27.07,68.52,1
0.3171,0.0279,26.99,68.51,1
0.3398,0.0227,26.88,68.49,1
0.3519,0.0121,26.74,68.48,1
0.3538,0.0019,26.63,68.47,1
0.3842,0.0304,26.52,68.46,1
0.2532,-0.131,26.74,68.47,0
0.2953,0.042,26.93,68.49,0
0.1958,-0.0994,27.09,68.5,0
0.2508,0.055,27.2,68.51,0
0.2961,0.0453,27.17,68.5,1
0.3221,0.026,27.02,68.48,1
0.342,0.0199,26.87,68.47,1
0.3532,0.0112,26.77,68.46,1
0.3817,0.0284,26.69,68.45,1
0.2525,-0.1292,26.8,68.46,0
0.3357,0.0832,26.95,68.48,0
0.3536,0.0178,26.85,68.47,1
0.2374,-0.1161,26.71,68.45,1
0.17,-0.0674,26.89,68.46,0
0.2411,0.0711,27.04,68.47,0
0.2946,0.0535,26.83,68.46,1
0.3318,0.0373,26.72,68.44,1
0.2178,-0.114,26.85,68.46,0
0.2806,0.0627,26.95,68.47,0
0.3281,0.0475,26.94,68.46,1
0.3512,0.023,26.81,68.45,1
0.3682,0.017,26.78,68.44,1
0.2446,-0.1236,26.94,68.45,0
0.2963,0.0518,27.09,68.47,0
0.3137,0.0173,27.03,68.45,1
0.3333,0.0196,26.94,68.44,1
0.2172,-0.1161,27.03,68.45,0
0.1517,-0.0655,27.16,68.46,0
0.1127,-0.039,27.27,68.47,0
0.2055,0.0928,27.49,68.48,0
0.2778,0.0723,27.65,68.49,0
0.1824,-0.0954,27.69,68.5,0
0.2813,0.0989,27.46,68.49,1
0.3612,0.0799,27.3,68.47,1
0.4171,0.0559,27.12,68.46,1
0.5081,0.091,26.69,68.42,2
0.5034,-0.0047,26.43,68.38,2
0.4996,-0.0038,26.13,68.34,2
0.5079,0.0083,25.81,68.29,2
0.5072,-0.0007,25.45,68.25,2
0.5278,0.0206,25.19,68.21,2
0.5462,0.0185,25.02,68.18,2
0.3903,-0.1559,25.15,68.17,1
0.4093,0.0189,25.29,68.17,1
0.4466,0.0373,25.39,68.17,1
0.4361,-0.0105,25.48,68.17,1
0.3022,-0.1339,25.4,68.16,1
0.3898,0.0876,25.36,68.16,1
0.4015,0.0117,25.4,68.15,1
0.2785,-0.123,25.62,68.17,0
0.3377,0.0592,25.9,68.2,0
0.2347,-0.103,26.14,68.22,0
0.2806,0.0459,26.08,68.2,1
0.3514,0.0708,26.06,68.2,1
0.2364,-0.115,26.29,68.22,0
0.329,0.0926,26.47,68.24,0
0.3958,0.0668,26.44,68.23,1
0.2715,-0.1243,26.36,68.22,1
0.3046,0.0331,26.24,68.21,1
0.34,0.0353,26.26,68.21,1
0.2255,-0.1145,26.48,68.22,0
0.2791,0.0536,26.71,68.24,0
0.3177,0.0386,26.64,68.23,1
0.2066,-0.111,26.57,68.22,1
0.2931,0.0865,26.54,68.21,1
0.3286,0.0355,26.45,68.2,1
0.3738,0.0452,26.37,68.2,1
0.4041,0.0303,26.4,68.19,1
0.4431,0.039,26.35,68.19,1
0.4404,-0.0027,26.31,68.19,1
0.4447,0.0044,26.27,68.19,1
0.4563,0.0115,25.91,68.15,2
0.4637,0.0074,25.64,68.11,2
0.4726,0.0089,25.3,68.07,2
0.4958,0.0232,24.99,68.03,2
0.3486,-0.1473,25.09,68.03,1
0.3995,0.051,25.16,68.03,1
0.4244,0.0249,25.26,68.03,1
0.4379,0.0135,25.35,68.03,1
0.452,0.0141,25.08,67.99,2
0.3152,-0.1368,24.79,67.95,2
0.3737,0.0585,24.94,67.95,1
0.3767,0.003,25.1,67.95,1
0.4021,0.0255,25.14,67.95,1
0.3918,-0.0104,25.18,67.95,1
0.3967,0.0049,25.2,67.95,1
0.4175,0.0208,25.32,67.95,1
0.4044,-0.0131,25.43,67.95,1
0.4469,0.0426,25.41,67.96,1
0.4555,0.0086,24.94,67.92,2
0.4304,-0.0252,24.66,67.88,2
0.4025,-0.0279,24.76,67.89,1
0.3998,-0.0027,24.87,67.89,1
0.4281,0.0283,25.0,67.89,1
0.411,-0.017,25.1,67.89,1
0.3997,-0.0113,25.21,67.9,1
0.3953,-0.0044,25.18,67.9,1
0.2634,-0.1319,25.46,67.92,0
0.3496,0.0862,25.72,67.95,0
0.2405,-0.1092,25.95,67.98,0
0.1751,-0.0654,26.17,67.99,0
0.271,0.0959,26.34,68.02,0
0.3325,0.0615,26.26,68.01,1
0.2229,-0.1096,26.26,68.01,1
0.2887,0.0658,26.2,68.0,1
0.339,0.0503,26.13,68.0,1
0.3838,0.0447,26.12,68.0,1
0.4041,0.0203,26.02,68.0,1
0.429,0.0249,26.06,68.0,1
0.4257,-0.0033,26.06,68.0,1
0.4255,-0.0002,26.09,68.0,1
0.4273,0.0018,26.13,68.0,1
0.4377,0.0104,26.12,68.0,1
0.463,0.0254,25.85,67.97,2
0.4556,-0.0074,25.48,67.93,2
0.3136,-0.142,25.5,67.93,1
0.349,0.0354,25.56,67.93,1
0.4064,0.0574,25.59,67.93,1
0.4373,0.0308,25.61,67.93,1
0.4536,0.0163,25.24,67.9,2
0.4983,0.0447,24.94,67.86,2
0.5319,0.0336,24.76,67.83,2
0.5142,-0.0177,24.53,67.8,2
0.4851,-0.0291,24.38,67.77,2
0.4988,0.0137,24.16,67.74,2
0.5043,0.0055,24.05,67.71,2
0.5169,0.0126,23.87,67.68,2
0.4822,-0.0347,23.72,67.65,2
0.3351,-0.1471,23.91,67.65,1
0.3914,0.0564,24.16,67.66,1
0.4391,0.0477,24.29,67.67,1
0.454,0.0149,24.14,67.64,2
0.467,0.0129,23.99,67.61,2
0.4577,-0.0093,23.88,67.58,2
0.4505,-0.0072,23.79,67.55,2
0.4936,0.0431,23.62,67.53,2
0.5246,0.031,23.57,67.5,2
0.3692,-0.1554,23.8,67.51,1
0.4164,0.0472,23.94,67.52,1
0.4441,0.0276,24.08,67.53,1
0.4573,0.0132,24.0,67.5,2
0.4878,0.0305,23.83,67.48,2
0.5444,0.0566,23.76,67.46,2
0.552,0.0076,23.66,67.43,2
0.5793,0.0273,23.55,67.41,2
0.6015,0.0222,23.42,67.4,2
0.4336,-0.1679,23.62,67.41,1
0.5155,0.0819,23.87,67.43,1
0.5199,0.0044,23.71,67.41,2
0.5324,0.0125,23.64,67.38,2
0.5336,0.0012,23.56,67.36,2
0.5392,0.0056,23.44,67.34,2
0.5528,0.0136,23.41,67.32,2
0.5183,-0.0345,23.3,67.3,2
0.5091,-0.0092,23.2,67.28,2
0.5389,0.0298,23.11,67.26,2
0.5159,-0.023,23.0,67.24,2
0.532,0.0161,22.89,67.23,2
0.3762,-0.1558,23.16,67.24,1
0.4006,0.0243,23.38,67.26,1
0.4363,0.0358,23.58,67.27,1
0.4615,0.0252,23.49,67.25,2
0.4882,0.0267,23.42,67.23,2
0.5309,0.0427,23.3,67.21,2
0.5428,0.0119,23.28,67.19,2
0.5412,-0.0016,23.13,67.18,2
0.548,0.0068,23.07,67.16,2
0.5679,0.0199,23.06,67.15,2
0.6122,0.0443,23.05,67.13,2
0.6279,0.0157,23.06,67.12,2
0.6293,0.0014,23.06,67.11,2
0.6559,0.0267,23.07,67.1,2
0.6857,0.0298,23.01,67.09,2
0.6271,-0.0586,22.98,67.08,2
0.6324,0.0053,22.96,67.07,2
0.5939,-0.0384,22.92,67.06,2
0.5702,-0.0237,22.9,67.05,2
0.56,-0.0103,22.78,67.04,2
0.5486,-0.0113,22.69,67.02,2
0.5159,-0.0327,22.57,67.01,2
0.5584,0.0425,22.53,67.0,2
0.5667,0.0082,22.53,66.98,2
0.5546,-0.012,22.52,66.97,2
0.5917,0.037,22.5,66.96,2
0.6181,0.0265,22.59,66.95,2
0.5968,-0.0214,22.64,66.95,2
0.5878,-0.009,22.64,66.94,2
0.5424,-0.0453,22.57,66.92,2
0.5174,-0.0251,22.6,66.91,2
0.5055,-0.0119,22.57,66.9,2
0.4977,-0.0078,22.58,66.89,2
0.525,0.0272,22.57,66.87,2
0.3705,-0.1545,22.91,66.89,1
0.2758,-0.0947,23.15,66.91,1
0.3316,0.0558,23.29,66.93,1
0.3987,0.0671,23.53,66.95,1
0.4675,0.0688,23.37,66.93,2
0.5079,0.0404,23.29,66.92,2
0.5103,0.0024,23.18,66.91,2
0.4759,-0.0344,22.99,66.89,2
0.452,-0.0239,22.92,66.88,2
0.4434,-0.0086,23.09,66.9,1
0.4563,0.0128,23.31,66.93,1
0.4893,0.033,23.26,66.91,2
0.5168,0.0275,23.22,66.9,2
0.5259,0.0091,23.14,66.89,2
0.5532,0.0273,23.15,66.88,2
0.5165,-0.0367,23.12,66.87,2
0.4992,-0.0173,23.12,66.86,2
0.5491,0.0499,23.07,66.85,2
0.5457,-0.0035,23.01,66.84,2
0.5712,0.0255,22.98,66.83,2
0.5678,-0.0034,22.99,66.82,2
0.5788,0.011,22.91,66.81,2
0.5459,-0.0329,22.84,66.8,2
0.513,-0.0328,22.75,66.79,2
0.5642,0.0511,22.76,66.79,2
0.5361,-0.0281,22.74,66.78,2
0.5247,-0.0113,22.77,66.77,2
0.5019,-0.0228,22.77,66.76,2
0.5042,0.0023,22.8,66.75,2
0.5059,0.0017,22.76,66.74,2
0.5142,0.0082,22.75,66.73,2
0.5093,-0.0049,22.68,66.72,2
0.5107,0.0015,22.68,66.71,2
0.4985,-0.0123,22.6,66.7,2
0.5293,0.0308,22.55,66.69,2
0.5654,0.0362,22.59,66.69,2
0.5936,0.0282,22.6,66.68,2
0.6293,0.0357,22.63,66.68,2
0.6628,0.0334,22.64,66.68,2
0.6593,-0.0034,22.69,66.68,2
0.6182,-0.0412,22.74,66.68,2
0.6367,0.0185,22.73,66.68,2
0.6118,-0.0249,22.75,66.67,2
0.6117,-0.0,22.72,66.67,2
0.6068,-0.0049,22.71,66.67,2
0.6134,0.0065,22.65,66.66,2
0.6116,-0.0018,22.69,66.66,2
0.6014,-0.0102,22.66,66.66,2
0.5558,-0.0456,22.63,66.65,2
0.578,0.0222,22.62,66.65,2
0.5917,0.0137,22.66,66.65,2
0.5819,-0.0097,22.68,66.64,2
0.5787,-0.0032,22.78,66.64,2
0.5769,-0.0019,22.78,66.63,2
0.5478,-0.029,22.73,66.63,2
0.5993,0.0514,22.68,66.63,2
0.6026,0.0033,22.67,66.62,2
0.6017,-0.0009,22.72,66.62,2
0.4352,-0.1665,22.99,66.65,1
0.4831,0.0479,23.26,66.68,1
0.5515,0.0684,23.14,66.68,2
0.5575,0.0061,23.04,66.67,2
0.5328,-0.0248,22.89,66.66,2
0.5372,0.0045,22.91,66.66,2
0.539,0.0017,22.89,66.65,2
0.557,0.018,22.82,66.65,2
0.5715,0.0145,22.78,66.64,2
0.5507,-0.0208,22.72,66.64,2
0.5798,0.0291,22.74,66.63,2
0.6189,0.0392,22.75,66.63,2
0.6205,0.0016,22.79,66.63,2
0.6138,-0.0067,22.78,66.63,2
0.6004,-0.0134,22.77,66.62,2
0.5992,-0.0012,22.79,66.62,2
0.6029,0.0037,22.75,66.62,2
0.6254,0.0225,22.73,66.62,2
0.5896,-0.0358,22.67,66.62,2
0.5779,-0.0116,22.62,66.61,2
0.6018,0.0239,22.61,66.61,2
0.6075,0.0057,22.65,66.61,2
0.6288,0.0213,22.7,66.61,2
0.6338,0.005,22.69,66.61,2
0.6333,-0.0005,22.64,66.61,2
0.6208,-0.0125,22.65,66.61,2
0.6307,0.01,22.6,66.61,2
0.6162,-0.0145,22.57,66.6,2
0.6173,0.0011,22.53,66.6,2
0.6063,-0.011,22.53,66.6,2
0.6007,-0.0056,22.55,66.6,2
0.6083,0.0076,22.51,66.6,2
0.6454,0.0371,22.49,66.6,2
0.6958,0.0504,22.55,66.6,2
0.6919,-0.0039,22.61,66.6,2
0.7018,0.0099,22.67,66.61,2
0.7213,0.0195,22.71,66.61,2
0.7258,0.0045,22.78,66.61,2
0.6929,-0.0329,22.79,66.62,2
0.7034,0.0105,22.92,66.62,2
0.6886,-0.0148,22.92,66.62,2
0.6492,-0.0394,23.02,66.62,2
0.6121,-0.0371,23.07,66.62,2
0.602,-0.0101,22.98,66.62,2
0.6137,0.0117,23.01,66.62,2
0.6577,0.0439,22.98,66.62,2
0.6382,-0.0194,23.01,66.62,2
0.6335,-0.0047,23.01,66.62,2
0.5986,-0.035,23.01,66.61,2
0.6031,0.0045,23.08,66.61,2
0.6259,0.0229,23.06,66.61,2
0.6576,0.0316,23.0,66.61,2
0.6738,0.0162,23.0,66.61,2
0.674,0.0002,22.92,66.61,2
0.6889,0.0149,22.92,66.62,2
0.6836,-0.0053,22.89,66.62,2
0.6731,-0.0105,22.95,66.62,2
0.6787,0.0056,22.91,66.62,2
0.6376,-0.0411,22.93,66.62,2
0.6459,0.0083,22.96,66.62,2
0.58,-0.0659,22.86,66.62,2
0.618,0.038,22.83,66.61,2
0.58,-0.0381,22.81,66.61,2
0.6017,0.0218,22.74,66.61,2
0.6332,0.0315,22.7,66.61,2
0.6485,0.0153,22.63,66.61,2
0.6381,-0.0104,22.58,66.61,2
0.6624,0.0243,22.55,66.61,2
0.6581,-0.0043,22.58,66.61,2
0.6623,0.0042,22.69,66.61,2
0.6958,0.0335,22.67,66.61,2
0.6962,0.0005,22.62,66.62,2
0.6998,0.0036,22.59,66.62,2
0.6889,-0.0109,22.66,66.62,2
0.6757,-0.0132,22.73,66.62,2
0.6764,0.0007,22.8,66.62,2
0.6626,-0.0138,22.82,66.62,2
0.6314,-0.0312,22.85,66.62,2
0.6403,0.0089,22.87,66.62,2
0.6526,0.0123,22.88,66.62,2
0.6606,0.0081,22.9,66.62,2
0.6901,0.0295,22.86,66.63,2
0.6616,-0.0285,22.8,66.63,2
0.6622,0.0006,22.81,66.63,2
0.6975,0.0352,22.8,66.63,2
0.7281,0.0306,22.79,66.63,2
0.7561,0.028,22.86,66.64,2
0.7571,0.001,22.94,66.64,2
0.7428,-0.0143,23.02,66.65,2
0.7064,-0.0364,22.96,66.65,2
0.7253,0.0189,22.95,66.65,2
0.73,0.0047,22.96,66.66,2
0.7577,0.0278,22.98,66.66,2
0.7035,-0.0542,23.01,66.66,2
0.6654,-0.0381,23.02,66.66,2
0.6477,-0.0177,23.03,66.66,2
0.6605,0.0128,23.01,66.66,2
0.7044,0.0439,22.96,66.66,2
0.7158,0.0114,22.93,66.67,2
0.6841,-0.0317,22.94,66.67,2
0.6749,-0.0092,22.96,66.67,2
0.6931,0.0182,23.01,66.67,2
0.663,-0.0301,22.94,66.67,2
0.6574,-0.0057,22.94,66.67,2
0.6765,0.0192,22.96,66.67,2
0.6874,0.0109,22.96,66.67,2
0.6681,-0.0194,22.91,66.67,2
0.6496,-0.0185,22.81,66.67,2
0.6736,0.0241,22.78,66.67,2
0.6851,0.0115,22.74,66.67,2
0.7146,0.0295,22.88,66.67,2
0.7043,-0.0103,22.88,66.67,2
0.6334,-0.0709,22.83,66.67,2
0.6504,0.0169,22.84,66.67,2
0.6781,0.0278,22.83,66.67,2
0.6134,-0.0648,22.82,66.67,2
0.6011,-0.0123,22.79,66.67,2
0.6003,-0.0008,22.81,66.66,2
0.6247,0.0244,22.79,66.66,2
0.6467,0.022,22.87,66.66,2
0.6448,-0.0019,22.88,66.66,2
0.6714,0.0266,22.88,66.66,2
0.6688,-0.0026,22.85,66.66,2
0.662,-0.0068,22.92,66.66,2
0.7007,0.0387,22.97,66.66,2
0.7249,0.0242,22.98,66.66,2
0.7351,0.0102,23.02,66.67,2
0.6908,-0.0443,23.02,66.67,2
0.6878,-0.0031,22.99,66.67,2
0.6654,-0.0224,22.97,66.67,2
0.689,0.0236,23.01,66.67,2
0.6804,-0.0086,22.93,66.67,2
0.6949,0.0146,22.84,66.67,2
0.7223,0.0273,22.83,66.68,2
0.7151,-0.0072,22.93,66.68,2
0.6884,-0.0267,22.9,66.68,2
0.6611,-0.0273,22.94,66.68,2
0.6895,0.0284,23.01,66.68,2
0.6947,0.0052,23.05,66.68,2
0.7073,0.0125,23.07,66.68,2
0.6875,-0.0197,23.01,66.68,2
0.6858,-0.0018,22.98,66.68,2
0.6997,0.0139,22.92,66.68,2
0.6988,-0.0009,22.92,66.69,2
0.712,0.0132,22.8,66.69,2
0.7371,0.0251,22.78,66.69,2
0.7135,-0.0236,22.74,66.69,2
0.744,0.0305,22.75,66.7,2
0.7419,-0.0021,22.8,66.7,2
0.7392,-0.0027,22.87,66.7,2
0.7448,0.0055,22.93,66.71,2
0.7684,0.0236,22.94,66.71,2
0.7716,0.0033,22.99,66.71,2
0.7113,-0.0603,22.93,66.72,2
0.7214,0.0101,22.96,66.72,2
0.7205,-0.0009,22.93,66.72,2
0.7436,0.0231,22.93,66.72,2
0.7414,-0.0022,22.84,66.72,2
0.696,-0.0453,22.79,66.72,2
0.6927,-0.0033,22.83,66.72,2
0.7075,0.0148,22.9,66.73,2
0.6991,-0.0084,22.92,66.73,2
0.6728,-0.0263,22.91,66.73,2
0.6475,-0.0253,22.86,66.72,2
0.6445,-0.003,22.8,66.72,2
0.6525,0.0081,22.78,66.72,2
0.6313,-0.0212,22.71,66.72,2
0.6359,0.0045,22.69,66.71,2
0.6307,-0.0052,22.72,66.71,2
0.6347,0.0039,22.72,66.71,2
0.6081,-0.0266,22.69,66.7,2
0.6484,0.0404,22.7,66.7,2
0.6598,0.0114,22.72,66.7,2
0.6555,-0.0043,22.71,66.7,2
0.664,0.0085,22.69,66.7,2
0.6937,0.0297,22.68,66.7,2
0.6861,-0.0076,22.82,66.7,2
0.6847,-0.0013,22.85,66.7,2
0.708,0.0233,22.82,66.7,2
0.6939,-0.0141,22.79,66.7,2
0.6608,-0.0331,22.82,66.7,2
0.686,0.0252,22.88,66.7,2
0.7253,0.0394,22.9,66.7,2
0.7043,-0.021,22.87,66.71,2
0.7042,-0.0002,22.97,66.71,2
0.7129,0.0088,22.98,66.71,2
0.7146,0.0016,22.97,66.71,2
0.7226,0.0081,22.87,66.71,2
0.713,-0.0097,22.74,66.71,2
0.7046,-0.0084,22.66,66.71,2
0.7113,0.0067,22.6,66.72,2
0.7406,0.0292,22.58,66.72,2
0.738,-0.0026,22.57,66.72,2
0.734,-0.004,22.57,66.72,2
0.7548,0.0208,22.56,66.73,2
0.7555,0.0007,22.69,66.73,2
0.728,-0.0275,22.69,66.73,2
0.7208,-0.0072,22.75,66.73,2
0.7234,0.0026,22.72,66.73,2
0.7437,0.0203,22.71,66.74,2
0.7387,-0.005,22.78,66.74,2
0.7691,0.0304,22.83,66.74,2
0.7679,-0.0012,22.9,66.75,2
0.7425,-0.0254,22.99,66.75,2
0.7508,0.0084,23.05,66.75,2
0.7492,-0.0016,22.99,66.75,2
0.7256,-0.0236,23.01,66.75,2
0.6788,-0.0467,22.93,66.75,2
0.6519,-0.0269,23.02,66.75,2
0.6286,-0.0234,22.98,66.75,2
0.6609,0.0323,22.97,66.75,2
0.6523,-0.0086,22.91,66.74,2
0.6523,-0.0,22.88,66.74,2
0.6291,-0.0232,22.93,66.74,2
0.6654,0.0363,22.97,66.74,2
0.6348,-0.0306,22.99,66.73,2
0.6659,0.0311,23.0,66.73,2
0.6479,-0.018,22.98,66.73,2
0.6391,-0.0088,22.92,66.73,2
0.6565,0.0174,22.91,66.73,2
0.6479,-0.0086,22.89,66.72,2
0.6381,-0.0098,22.86,66.72,2
0.6726,0.0345,22.86,66.72,2
0.6827,0.0101,22.84,66.72,2
0.7129,0.0302,22.9,66.72,2
0.7328,0.0199,22.91,66.72,2
0.7464,0.0135,22.92,66.73,2
0.7464,0.0,22.86,66.73,2
0.7479,0.0015,22.89,66.73,2
0.7454,-0.0025,22.93,66.73,2
0.7659,0.0205,22.96,66.74,2
0.773,0.0071,22.92,66.74,2
0.7866,0.0136,22.99,66.75,2
0.7942,0.0076,23.02,66.75,2
0.7994,0.0052,23.03,66.76,2
0.7873,-0.0122,23.02,66.76,2
0.7961,0.0088,22.96,66.76,2
0.7732,-0.0229,22.96,66.77,2
0.7294,-0.0438,22.87,66.77,2
0.745,0.0156,22.89,66.77,2
0.7047,-0.0403,22.97,66.77,2
0.7231,0.0184,22.93,66.77,2
0.7134,-0.0096,22.97,66.77,2
0.72,0.0066,22.94,66.77,2
0.6905,-0.0295,22.91,66.77,2
0.6991,0.0086,22.95,66.77,2
0.7027,0.0036,22.95,66.77,2
0.6887,-0.014,22.92,66.77,2
0.7163,0.0276,22.89,66.77,2
0.7361,0.0198,22.86,66.77,2
0.7683,0.0322,22.84,66.77,2
0.7558,-0.0124,22.82,66.78,2
0.7647,0.0089,22.83,66.78,2
0.7774,0.0127,22.84,66.78,2
0.7536,-0.0239,22.86,66.78,2
0.7567,0.0032,22.84,66.79,2
0.7184,-0.0383,23.0,66.79,2
0.7219,0.0035,23.01,66.79,2
0.7333,0.0114,23.03,66.79,2
0.7539,0.0206,23.1,66.79,2
0.7677,0.0138,23.22,66.79,2
0.7653,-0.0024,23.11,66.8,2
0.7793,0.014,23.06,66.8,2
0.7671,-0.0121,23.13,66.8,2
0.7335,-0.0337,23.23,66.8,2
0.7555,0.022,23.16,66.8,2
0.7629,0.0074,23.06,66.81,2
0.7737,0.0108,23.19,66.81,2
0.7756,0.0019,23.08,66.81,2
0.7427,-0.033,23.12,66.81,2
0.7585,0.0159,23.16,66.81,2
0.7728,0.0142,23.0,66.82,2
0.7497,-0.023,23.0,66.82,2
0.7493,-0.0005,23.03,66.82,2
0.747,-0.0023,22.98,66.82,2
0.7397,-0.0073,22.94,66.82,2
0.7128,-0.027,22.96,66.82,2
0.7218,0.009,22.89,66.82,2
0.747,0.0252,22.93,66.82,2
0.7285,-0.0184,22.88,66.82,2
0.7206,-0.0079,22.9,66.82,2
0.7391,0.0185,22.95,66.82,2
0.6767,-0.0624,22.98,66.82,2
0.6378,-0.0389,22.9,66.81,2
0.6731,0.0354,22.91,66.81,2
0.6712,-0.0019,22.85,66.81,2
0.7153,0.0441,22.8,66.81,2
0.7101,-0.0052,22.9,66.81,2
0.7047,-0.0054,22.85,66.81,2
0.7294,0.0248,22.83,66.81,2
0.6955,-0.0339,22.83,66.8,2
0.7096,0.0141,22.84,66.8,2
0.7088,-0.0009,22.83,66.8,2
0.7173,0.0086,22.76,66.8,2
0.7123,-0.005,22.79,66.8,2
0.7174,0.0051,22.81,66.8,2
0.6781,-0.0394,22.85,66.8,2
0.7042,0.0261,22.82,66.8,2
0.7132,0.009,22.87,66.8,2
0.7192,0.0061,22.82,66.8,2
0.7293,0.0101,22.76,66.8,2
0.7319,0.0026,22.84,66.8,2
0.7469,0.015,22.86,66.8,2
0.7206,-0.0263,22.84,66.8,2
0.724,0.0035,22.72,66.8,2
0.7505,0.0264,22.77,66.8,2
0.7034,-0.047,22.79,66.8,2
0.6837,-0.0197,22.96,66.8,2
0.6899,0.0062,22.89,66.8,2
0.671,-0.0189,22.92,66.8,2
0.6972,0.0262,22.88,66.8,2
0.6593,-0.0379,22.85,66.79,2
0.6618,0.0025,22.81,66.79,2
0.6886,0.0268,22.89,66.79,2
0.7143,0.0258,22.95,66.79,2
0.7176,0.0033,22.94,66.79,2
0.7368,0.0192,23.02,66.79,2
0.7118,-0.025,23.01,66.79,2
0.7277,0.0159,23.01,66.79,2
0.7268,-0.0009,23.05,66.79,2
0.7165,-0.0104,23.03,66.79,2
0.7205,0.0041,23.01,66.79,2
0.7056,-0.0149,23.04,66.79,2
0.6958,-0.0098,23.06,66.79,2
0.7182,0.0223,23.05,66.79,2
0.7355,0.0173,23.13,66.79,2
0.745,0.0095,23.15,66.79,2
0.7691,0.0241,23.22,66.79,2
0.7407,-0.0284,23.18,66.8,2
0.6948,-0.0458,23.08,66.79,2
0.6729,-0.0219,23.1,66.79,2
0.6824,0.0095,23.06,66.79,2
0.6992,0.0167,22.97,66.79,2
0.7172,0.0181,23.05,66.79,2
0.7303,0.0131,23.04,66.79,2
0.7446,0.0143,23.04,66.79,2
0.7616,0.017,23.09,66.79,2
0.7419,-0.0197,23.09,66.8,2
0.7519,0.0101,23.17,66.8,2
0.7357,-0.0162,23.14,66.8,2
0.7396,0.0039,23.16,66.8,2
0.7573,0.0177,23.06,66.8,2
0.7837,0.0263,23.05,66.8,2
0.7703,-0.0134,23.13,66.81,2
0.777,0.0067,23.06,66.81,2
0.7583,-0.0187,23.09,66.81,2
0.7265,-0.0318,23.1,66.81,2
0.7456,0.0191,23.05,66.81,2
0.7403,-0.0053,23.02,66.81,2
0.7321,-0.0082,23.11,66.81,2
0.7457,0.0136,23.13,66.81,2
0.6912,-0.0545,23.15,66.81,2
0.7125,0.0213,23.08,66.81,2
0.69,-0.0225,23.1,66.81,2
0.6888,-0.0012,23.07,66.81,2
0.709,0.0202,22.99,66.81,2
0.681,-0.0279,22.99,66.81,2
0.6697,-0.0114,23.04,66.8,2
0.6978,0.0281,22.99,66.8,2
0.6846,-0.0133,23.0,66.8,2
0.715,0.0305,23.03,66.8,2
0.7098,-0.0052,22.96,66.8,2
0.7256,0.0158,22.95,66.8,2
0.7262,0.0006,22.91,66.8,2
0.6851,-0.041,22.91,66.8,2
0.7054,0.0202,22.99,66.8,2
0.6503,-0.0551,23.09,66.79,2
0.6478,-0.0025,23.03,66.79,2
0.6498,0.0019,23.03,66.79,2
0.6499,0.0001,23.02,66.78,2
0.682,0.0321,23.0,66.78,2
0.6643,-0.0177,22.93,66.78,2
0.6975,0.0332,22.99,66.78,2
0.7243,0.0268,22.96,66.78,2
0.7282,0.004,22.96,66.78,2
0.7426,0.0144,22.97,66.78,2
0.7516,0.009,23.03,66.78,2
0.7721,0.0205,22.95,66.79,2
0.7605,-0.0116,22.91,66.79,2
0.7291,-0.0314,23.04,66.79,2
0.7277,-0.0014,23.03,66.79,2
0.7091,-0.0186,23.04,66.79,2
0.7065,-0.0026,22.98,66.79,2
0.7272,0.0207,22.94,66.79,2
0.7592,0.0321,22.96,66.79,2
0.741,-0.0182,22.97,66.79,2
0.7563,0.0152,22.97,66.8,2
0.745,-0.0113,22.97,66.8,2
0.7531,0.0082,22.99,66.8,2
0.7761,0.023,23.05,66.8,2
0.7701,-0.006,23.02,66.8,2
0.7429,-0.0272,23.1,66.8,2
0.703,-0.0398,23.25,66.8,2
0.7018,-0.0012,23.22,66.8,2
0.7031,0.0013,23.27,66.8,2
0.6759,-0.0273,23.25,66.8,2
0.6881,0.0123,23.15,66.8,2
0.6813,-0.0068,23.06,66.8,2
0.6743,-0.0071,23.09,66.79,2
0.7091,0.0348,23.17,66.79,2
0.7321,0.023,23.25,66.79,2
0.7603,0.0282,23.23,66.8,2
0.7618,0.0015,23.1,66.8,2
0.7738,0.0119,23.06,66.8,2
0.7328,-0.041,22.98,66.8,2
0.7287,-0.004,23.04,66.8,2
0.7146,-0.0142,22.97,66.8,2
0.7337,0.0191,22.92,66.8,2
0.7013,-0.0323,22.88,66.8,2
0.7207,0.0194,22.88,66.8,2
0.7467,0.026,22.83,66.8,2
0.7434,-0.0033,22.81,66.8,2
0.7227,-0.0208,22.84,66.8,2
0.7453,0.0226,22.81,66.81,2
0.7015,-0.0438,22.79,66.8,2
0.7171,0.0156,22.8,66.8,2
0.7344,0.0174,22.79,66.8,2
0.7554,0.021,22.85,66.81,2
0.7688,0.0134,22.79,66.81,2
0.7679,-0.0009,22.85,66.81,2
0.7517,-0.0162,22.87,66.81,2
0.7581,0.0064,22.86,66.81,2
0.773,0.0149,22.93,66.82,2
0.7893,0.0163,23.04,66.82,2
0.7921,0.0028,23.04,66.82,2
0.7995,0.0074,23.07,66.83,2
0.7522,-0.0474,23.0,66.83,2
0.7634,0.0112,22.98,66.83,2
0.7592,-0.0042,23.11,66.83,2
0.7724,0.0132,23.12,66.83,2
0.7471,-0.0253,23.17,66.83,2
0.7573,0.0102,23.13,66.83,2
0.7345,-0.0228,23.14,66.83,2
0.7522,0.0177,23.09,66.84,2
0.7549,0.0027,23.04,66.84,2
0.7442,-0.0107,23.05,66.84,2
0.7562,0.012,23.07,66.84,2
0.7231,-0.0331,23.05,66.84,2
0.7007,-0.0224,23.05,66.84,2
0.6417,-0.0591,22.95,66.83,2
0.6541,0.0125,23.0,66.83,2
0.6617,0.0076,22.97,66.82,2
0.6779,0.0162,22.98,66.82,2
0.7032,0.0253,22.99,66.82,2
0.6973,-0.006,22.95,66.82,2
0.6793,-0.0179,22.97,66.82,2
0.6631,-0.0162,22.85,66.81,2
0.6862,0.023,22.81,66.81,2
0.7287,0.0425,22.83,66.81,2
0.7255,-0.0032,22.8,66.81,2
0.7475,0.0221,22.75,66.81,2
0.7127,-0.0349,22.76,66.81,2
0.7162,0.0035,22.78,66.81,2
0.7065,-0.0097,22.85,66.81,2
0.7218,0.0153,22.81,66.81,2
0.7392,0.0174,22.88,66.81,2
0.7628,0.0236,22.89,66.81,2
0.7575,-0.0053,22.94,66.81,2
0.7627,0.0052,22.95,66.82,2
0.7536,-0.0091,22.85,66.82,2
0.7561,0.0025,22.83,66.82,2
0.6993,-0.0569,22.85,66.82,2
0.6666,-0.0326,22.82,66.81,2
0.6548,-0.0119,22.76,66.81,2
0.6523,-0.0025,22.76,66.81,2
0.6803,0.028,22.78,66.81,2
0.6856,0.0053,22.74,66.8,2
0.675,-0.0107,22.83,66.8,2
0.7036,0.0286,22.9,66.8,2
0.7422,0.0386,22.92,66.8,2
0.7229,-0.0193,22.92,66.8,2
0.7324,0.0095,22.84,66.8,2
0.7313,-0.0011,22.78,66.8,2
0.7005,-0.0308,22.83,66.8,2
0.6629,-0.0376,22.86,66.8,2
0.6618,-0.0012,22.8,66.8,2
0.6855,0.0238,22.75,66.79,2
0.6683,-0.0172,22.74,66.79,2
0.6354,-0.0329,22.84,66.79,2
0.6654,0.03,22.83,66.79,2
0.6878,0.0224,22.79,66.78,2
0.6723,-0.0155,22.72,66.78,2
0.6593,-0.013,22.69,66.78,2
0.6869,0.0275,22.62,66.78,2
0.6554,-0.0315,22.69,66.78,2
0.639,-0.0163,22.63,66.77,2
0.6657,0.0267,22.65,66.77,2
0.6875,0.0218,22.6,66.77,2
0.6654,-0.0221,22.63,66.77,2
0.6617,-0.0037,22.71,66.76,2
0.647,-0.0147,22.64,66.76,2
0.6721,0.0251,22.64,66.76,2
0.705,0.033,22.58,66.76,2
0.718,0.013,22.57,66.76,2
0.5261,-0.1919,22.61,66.75,2
0.6014,0.0753,22.53,66.75,2
0.6003,-0.0011,22.64,66.74,2
0.5645,-0.0359,22.61,66.73,2
0.5692,0.0048,22.62,66.73,2
0.5645,-0.0048,22.6,66.72,2
0.5846,0.0201,22.57,66.72,2
0.6018,0.0172,22.56,66.71,2
0.6344,0.0327,22.55,66.71,2
0.6793,0.0448,22.55,66.71,2
0.6989,0.0196,22.62,66.71,2
0.6798,-0.0191,22.6,66.71,2
0.6463,-0.0334,22.62,66.71,2
0.6593,0.0129,22.71,66.71,2
0.7016,0.0424,22.67,66.71,2
0.6869,-0.0148,22.65,66.71,2
0.6923,0.0054,22.68,66.71,2
0.6523,-0.0399,22.74,66.71,2
0.6526,0.0003,22.75,66.71,2
0.6397,-0.0129,22.73,66.7,2
0.6663,0.0266,22.74,66.7,2
0.6988,0.0325,22.86,66.7,2
0.7407,0.0419,22.78,66.71,2
0.7575,0.0168,22.82,66.71,2
0.7482,-0.0094,22.89,66.71,2
0.7497,0.0016,22.92,66.72,2
0.7439,-0.0058,22.87,66.72,2
0.7198,-0.0241,22.99,66.72,2
0.7146,-0.0052,23.05,66.72,2
0.6791,-0.0354,23.03,66.72,2
0.6595,-0.0196,22.98,66.72,2
0.6564,-0.0032,22.96,66.72,2
0.6221,-0.0342,22.95,66.72,2
0.6461,0.024,22.9,66.71,2
0.6834,0.0373,22.83,66.71,2
0.6971,0.0137,22.86,66.71,2
0.6742,-0.023,22.87,66.71,2
0.6794,0.0053,22.95,66.71,2
0.7018,0.0224,23.02,66.71,2
0.7128,0.011,23.0,66.72,2
0.7302,0.0174,23.02,66.72,2
0.6804,-0.0498,23.01,66.72,2
0.497,-0.1834,22.93,66.71,2
0.5765,0.0795,22.92,66.7,2
0.5908,0.0144,22.83,66.7,2
0.6389,0.048,22.79,66.7,2
0.5934,-0.0454,22.77,66.69,2
0.6073,0.0138,22.74,66.69,2
0.6422,0.035,22.73,66.69,2
0.6823,0.04,22.73,66.69,2
0.6926,0.0103,22.73,66.69,2
0.6743,-0.0183,22.72,66.69,2
0.6928,0.0185,22.76,66.69,2
0.7102,0.0175,22.77,66.69,2
0.7192,0.0089,22.73,66.69,2
0.6848,-0.0344,22.69,66.69,2
0.7086,0.0238,22.65,66.69,2
0.688,-0.0206,22.65,66.7,2
0.6582,-0.0298,22.62,66.69,2
0.6559,-0.0024,22.61,66.69,2
0.6565,0.0007,22.66,66.69,2
0.6615,0.005,22.71,66.69,2
0.6724,0.0109,22.67,66.69,2
0.6705,-0.0019,22.7,66.69,2
0.6551,-0.0154,22.75,66.69,2
0.6815,0.0265,22.74,66.69,2
0.6689,-0.0126,22.75,66.69,2
0.6636,-0.0054,22.71,66.69,2
0.6922,0.0287,22.78,66.69,2
0.7,0.0078,22.84,66.69,2
0.732,0.0319,22.92,66.69,2
0.7511,0.0191,22.88,66.7,2
0.7013,-0.0499,22.82,66.7,2
0.6588,-0.0425,22.74,66.7,2
0.637,-0.0217,22.8,66.7,2
0.6504,0.0134,22.76,66.69,2
0.6521,0.0017,22.8,66.69,2
0.678,0.0259,22.81,66.69,2
0.6739,-0.0042,22.75,66.69,2
0.6525,-0.0214,22.82,66.69,2
0.6836,0.0311,22.88,66.69,2
0.668,-0.0156,22.78,66.69,2
0.6562,-0.0118,22.77,66.69,2
0.6533,-0.0029,22.81,66.69,2
0.6421,-0.0112,22.73,66.69,2
0.6539,0.0117,22.89,66.69,2
0.6806,0.0267,22.88,66.69,2
0.6601,-0.0205,22.83,66.69,2
0.6685,0.0084,22.83,66.69,2
0.6837,0.0151,22.89,66.69,2
0.6788,-0.0048,22.96,66.69,2
0.6588,-0.02,23.02,66.69,2
0.6909,0.0321,23.01,66.69,2
0.6718,-0.0191,22.94,66.69,2
0.6696,-0.0022,23.0,66.69,2
0.6684,-0.0012,22.98,66.69,2
0.6446,-0.0238,23.0,66.68,2
0.6509,0.0063,22.98,66.68,2
0.648,-0.0029,22.97,66.68,2
0.6238,-0.0242,22.93,66.68,2
0.6602,0.0364,22.86,66.68,2
0.6588,-0.0014,22.86,66.68,2
0.6665,0.0077,22.85,66.68,2
0.6598,-0.0067,22.8,66.68,2
0.6179,-0.042,22.84,66.67,2
0.585,-0.0328,22.8,66.67,2
0.6181,0.0331,22.79,66.67,2
0.5956,-0.0225,22.69,66.66,2
0.6064,0.0107,22.64,66.66,2
0.597,-0.0093,22.56,66.66,2
0.6118,0.0147,22.59,66.66,2
0.6124,0.0007,22.67,66.65,2
0.6154,0.0029,22.67,66.65,2
0.6298,0.0145,22.66,66.65,2
0.6395,0.0097,22.73,66.65,2
0.5927,-0.0468,22.75,66.64,2
0.6044,0.0117,22.8,66.64,2
0.6031,-0.0013,22.76,66.64,2
0.6,-0.0031,22.73,66.64,2
0.6058,0.0058,22.76,66.63,2
0.625,0.0192,22.81,66.63,2
0.6312,0.0062,22.83,66.63,2
0.6188,-0.0124,22.81,66.63,2
0.6146,-0.0042,22.79,66.63,2
0.6097,-0.0049,22.83,66.63,2
0.6383,0.0286,22.83,66.63,2
0.6293,-0.009,22.85,66.62,2
0.6301,0.0008,22.81,66.62,2
0.6342,0.004,22.79,66.62,2
0.5991,-0.0351,22.79,66.62,2
0.6103,0.0112,22.77,66.62,2
0.6205,0.0102,22.68,66.62,2
0.646,0.0255,22.73,66.62,2
0.6265,-0.0194,22.79,66.62,2
0.5716,-0.0549,22.77,66.61,2
0.5601,-0.0115,22.77,66.61,2
0.5799,0.0198,22.78,66.6,2
0.5942,0.0143,22.73,66.6,2
0.595,0.0008,22.72,66.6,2
0.5996,0.0046,22.72,66.6,2
0.5926,-0.007,22.75,66.6,2
0.5809,-0.0117,22.62,66.59,2
0.5651,-0.0158,22.61,66.59,2
0.6002,0.0351,22.58,66.59,2
0.6201,0.0199,22.55,66.59,2
0.5888,-0.0313,22.56,66.58,2
0.5634,-0.0255,22.62,66.58,2
0.5671,0.0037,22.59,66.58,2
0.5811,0.014,22.61,66.58,2
0.5915,0.0104,22.61,66.57,2
0.5677,-0.0238,22.54,66.57,2
0.5982,0.0305,22.48,66.57,2
0.5848,-0.0134,22.51,66.57,2
0.6247,0.0399,22.58,66.57,2
0.4516,-0.1731,22.58,66.56,2
0.4719,0.0203,22.53,66.55,2
0.4819,0.01,22.48,66.54,2
0.5073,0.0254,22.45,66.54,2
0.5384,0.0311,22.42,66.53,2
0.5738,0.0354,22.4,66.53,2
0.579,0.0052,22.5,66.53,2
0.6086,0.0296,22.56,66.53,2
0.612,0.0034,22.58,66.53,2
0.6154,0.0035,22.54,66.53,2
0.6338,0.0184,22.49,66.53,2
0.6382,0.0043,22.51,66.53,2
0.61,-0.0282,22.58,66.53,2
0.6002,-0.0098,22.59,66.53,2
0.6068,0.0066,22.59,66.53,2
0.5943,-0.0125,22.65,66.53,2
0.5704,-0.0238,22.65,66.53,2
0.6082,0.0378,22.66,66.53,2
0.6165,0.0083,22.61,66.53,2
0.5998,-0.0167,22.57,66.53,2
0.6236,0.0238,22.58,66.53,2
0.6183,-0.0053,22.59,66.53,2
0.6127,-0.0056,22.6,66.53,2
0.6143,0.0016,22.59,66.53,2
0.5868,-0.0275,22.54,66.53,2
0.6072,0.0204,22.55,66.53,2
0.6043,-0.0029,22.52,66.53,2
0.611,0.0067,22.53,66.53,2
0.6481,0.0371,22.57,66.53,2
0.6657,0.0176,22.49,66.53,2
0.6944,0.0287,22.56,66.54,2
0.6382,-0.0561,22.56,66.54,2
0.6227,-0.0156,22.56,66.54,2
0.5992,-0.0235,22.59,66.54,2
0.5784,-0.0208,22.61,66.53,2
0.5763,-0.0021,22.64,66.53,2
0.6148,0.0385,22.59,66.53,2
0.6316,0.0167,22.54,66.53,2
0.6286,-0.0029,22.68,66.53,2
0.588,-0.0407,22.71,66.53,2
0.5901,0.0022,22.67,66.53,2
0.6025,0.0124,22.62,66.53,2
0.6499,0.0474,22.63,66.53,2
0.6142,-0.0357,22.7,66.53,2
0.5901,-0.0241,22.77,66.53,2
0.5841,-0.006,22.78,66.53,2
0.5915,0.0074,22.79,66.53,2
0.5685,-0.023,22.8,66.53,2
0.5772,0.0087,22.79,66.53,2
0.5594,-0.0179,22.71,66.52,2
0.5199,-0.0395,22.71,66.52,2
0.5309,0.011,22.65,66.52,2
0.5391,0.0082,22.67,66.51,2
0.5863,0.0471,22.67,66.51,2
0.563,-0.0232,22.65,66.51,2
0.5826,0.0195,22.58,66.51,2
0.5913,0.0088,22.53,66.51,2
0.5657,-0.0257,22.61,66.51,2
0.5441,-0.0216,22.57,66.5,2
0.5516,0.0076,22.6,66.5,2
0.5434,-0.0082,22.65,66.5,2
0.5559,0.0125,22.69,66.5,2
0.5359,-0.02,22.67,66.49,2
0.5362,0.0003,22.63,66.49,2
0.5241,-0.012,22.71,66.49,2
0.5224,-0.0018,22.75,66.48,2
0.4976,-0.0248,22.74,66.48,2
0.5184,0.0208,22.75,66.47,2
0.5736,0.0552,22.73,66.47,2
0.5668,-0.0068,22.66,66.47,2
0.5323,-0.0345,22.68,66.47,2
0.5205,-0.0118,22.66,66.47,2
0.5337,0.0131,22.57,66.46,2
0.572,0.0383,22.64,66.46,2
0.5338,-0.0382,22.66,66.46,2
0.5449,0.0111,22.64,66.46,2
0.5628,0.0179,22.64,66.46,2
0.5466,-0.0162,22.71,66.45,2
0.5658,0.0192,22.78,66.45,2
0.5528,-0.013,22.83,66.45,2
0.5683,0.0155,22.77,66.45,2
0.5396,-0.0286,22.76,66.45,2
0.5717,0.0321,22.8,66.45,2
0.5915,0.0198,22.71,66.45,2
0.6134,0.0219,22.71,66.45,2
0.6109,-0.0025,22.75,66.45,2
0.5626,-0.0482,22.78,66.45,2
0.5523,-0.0103,22.75,66.45,2
0.5352,-0.0172,22.76,66.45,2
0.5446,0.0094,22.68,66.45,2
0.5292,-0.0154,22.73,66.44,2
0.5383,0.0091,22.82,66.44,2
0.548,0.0097,22.78,66.44,2
0.5043,-0.0437,22.76,66.44,2
0.4976,-0.0067,22.73,66.43,2
0.4972,-0.0004,22.73,66.43,2
0.5149,0.0177,22.71,66.43,2
0.5313,0.0163,22.69,66.42,2
0.5524,0.0211,22.68,66.42,2
0.5598,0.0074,22.65,66.42,2
0.5675,0.0077,22.78,66.42,2
0.5682,0.0008,22.89,66.42,2
0.5761,0.0079,22.83,66.42,2
0.5918,0.0157,22.84,66.42,2
0.6229,0.0311,22.9,66.43,2
0.6416,0.0187,22.97,66.43,2
0.6588,0.0172,22.89,66.44,2
0.6155,-0.0433,22.84,66.44,2
0.6277,0.0122,22.86,66.44,2
0.654,0.0263,22.83,66.44,2
0.6513,-0.0027,22.84,66.45,2
0.4747,-0.1766,22.8,66.44,2
0.4646,-0.0101,22.9,66.44,2
0.531,0.0663,22.82,66.43,2
0.526,-0.0049,22.85,66.43,2
0.563,0.0369,22.8,66.43,2
0.6116,0.0486,22.75,66.43,2
0.598,-0.0136,22.73,66.43,2
0.5649,-0.0331,22.66,66.43,2
0.5462,-0.0187,22.6,66.43,2
0.5304,-0.0158,22.65,66.43,2
0.5311,0.0007,22.6,66.43,2
0.5158,-0.0153,22.56,66.43,2
0.5248,0.0091,22.54,66.42,2
0.5513,0.0265,22.54,66.42,2
0.5352,-0.0161,22.51,66.42,2
0.5169,-0.0183,22.61,66.42,2
0.491,-0.0259,22.55,66.41,2
0.5139,0.0229,22.51,66.41,2
0.5513,0.0375,22.48,66.41,2
0.5215,-0.0298,22.61,66.41,2
0.5467,0.0252,22.54,66.41,2
0.5705,0.0238,22.5,66.41,2
0.5714,0.001,22.5,66.41,2
0.5987,0.0272,22.53,66.41,2
0.5888,-0.0099,22.53,66.41,2
0.5887,-0.0001,22.48,66.41,2
0.5704,-0.0184,22.41,66.41,2
0.4113,-0.1591,22.75,66.45,1
0.44,0.0287,22.97,66.48,1
0.3191,-0.1209,23.13,66.51,1
0.4387,0.1196,23.39,66.54,1
0.486,0.0473,23.33,66.53,2
0.4868,0.0008,23.21,66.52,2
0.485,-0.0018,23.13,66.52,2
0.4864,0.0014,23.06,66.51,2
0.5021,0.0157,23.01,66.51,2
0.3538,-0.1484,23.2,66.53,1
0.4261,0.0724,23.54,66.57,1
0.3054,-0.1208,23.66,66.59,1
0.3377,0.0324,23.87,66.61,1
0.373,0.0352,23.95,66.64,1
0.4168,0.0438,24.09,66.67,1
0.4601,0.0433,23.91,66.66,2
0.4498,-0.0103,23.66,66.65,2
0.4347,-0.0151,23.85,66.68,1
0.424,-0.0107,24.08,66.7,1
0.4374,0.0135,24.31,66.73,1
0.4712,0.0338,24.13,66.72,2
0.4944,0.0232,23.95,66.71,2
0.4959,0.0015,23.79,66.7,2
0.349,-0.1469,24.01,66.73,1
0.3702,0.0212,24.25,66.75,1
0.4107,0.0405,24.41,66.77,1
0.4366,0.0259,24.58,66.8,1
0.4488,0.0121,24.7,66.83,1
0.4679,0.0191,24.44,66.81,2
0.525,0.0571,24.23,66.8,2
0.5124,-0.0126,23.99,66.79,2
0.5121,-0.0003,23.88,66.78,2
0.4787,-0.0334,23.7,66.77,2
0.4829,0.0042,23.54,66.76,2
0.4565,-0.0264,23.38,66.75,2
0.4582,0.0016,23.24,66.74,2
0.4735,0.0153,23.17,66.72,2
0.5085,0.0349,23.12,66.72,2
0.5285,0.02,23.13,66.71,2
0.5484,0.02,23.15,66.7,2
0.5437,-0.0047,23.08,66.69,2
0.5292,-0.0145,22.99,66.69,2
0.5181,-0.0111,22.92,66.68,2
0.4784,-0.0397,22.87,66.67,2
0.46,-0.0185,22.87,66.66,2
0.4711,0.0111,22.86,66.65,2
0.4661,-0.005,22.7,66.64,2
0.4729,0.0068,22.67,66.63,2
0.4643,-0.0085,22.68,66.62,2
0.4759,0.0116,22.7,66.61,2
0.5047,0.0288,22.62,66.61,2
0.5436,0.0388,22.64,66.6,2
0.5193,-0.0243,22.65,66.59,2
0.5228,0.0035,22.62,66.59,2
0.561,0.0382,22.55,66.59,2
0.5316,-0.0294,22.5,66.58,2
0.492,-0.0396,22.44,66.57,2
0.5012,0.0092,22.45,66.57,2
0.5098,0.0086,22.46,66.56,2
0.5164,0.0066,22.41,66.56,2
0.3666,-0.1498,22.7,66.58,1
0.4029,0.0363,22.99,66.61,1
0.4461,0.0432,23.27,66.64,1
0.4679,0.0218,23.17,66.63,2
0.331,-0.1368,22.97,66.62,2
0.3659,0.0349,23.22,66.64,1
0.3881,0.0222,23.37,66.67,1
0.4303,0.0422,23.56,66.7,1
0.2979,-0.1324,23.75,66.72,1
0.3665,0.0686,23.88,66.74,1
0.3833,0.0168,24.05,66.77,1
0.3931,0.0098,24.18,66.79,1
0.4386,0.0454,24.28,66.82,1
0.4392,0.0007,24.46,66.84,1
0.4211,-0.0181,24.69,66.87,1
0.4026,-0.0186,24.81,66.89,1
0.2699,-0.1327,25.14,66.93,0
0.3553,0.0854,25.41,66.98,0
0.4082,0.0529,25.39,67.0,1
0.4403,0.0321,25.41,67.03,1
0.4202,-0.0201,25.41,67.05,1
0.2854,-0.1348,25.38,67.06,1
0.3784,0.093,25.39,67.08,1
0.4267,0.0483,25.5,67.1,1
0.4389,0.0122,25.52,67.12,1
0.4217,-0.0171,25.52,67.14,1
0.4213,-0.0004,25.57,67.15,1
0.4435,0.0222,25.61,67.17,1
0.4427,-0.0009,25.62,67.19,1
0.3022,-0.1404,25.64,67.2,1
0.219,-0.0833,25.9,67.24,0
0.2866,0.0676,26.2,67.28,0
0.3375,0.0509,26.12,67.29,1
0.3795,0.042,26.14,67.3,1
0.4092,0.0298,26.15,67.32,1
0.4162,0.007,26.16,67.33,1
0.4115,-0.0047,26.0,67.35,1
0.4066,-0.0049,26.02,67.36,1
0.4517,0.0451,25.67,67.34,2
0.4514,-0.0004,25.45,67.31,2
0.3114,-0.14,25.48,67.32,1
0.3833,0.072,25.45,67.33,1
0.4162,0.0329,25.41,67.35,1
0.4234,0.0072,25.41,67.36,1
0.4244,0.001,25.43,67.38,1
0.4418,0.0174,25.52,67.39,1
0.3045,-0.1373,25.53,67.4,1
0.3606,0.0562,25.59,67.41,1
0.3733,0.0126,25.63,67.42,1
0.3833,0.01,25.67,67.43,1
0.2602,-0.1231,25.87,67.46,0
0.1888,-0.0714,26.08,67.49,0
0.1449,-0.0439,26.26,67.52,0
0.241,0.0961,26.49,67.55,0
0.312,0.0709,26.44,67.56,1
0.338,0.026,26.32,67.56,1
0.3725,0.0345,26.27,67.57,1
0.3696,-0.0029,26.18,67.58,1
0.2449,-0.1248,26.39,67.61,0
0.2935,0.0486,26.57,67.64,0
0.3382,0.0447,26.52,67.65,1
0.3534,0.0152,26.46,67.65,1
0.2338,-0.1195,26.66,67.68,0
0.2955,0.0617,26.71,67.71,0
0.1983,-0.0972,26.87,67.74,0
0.1419,-0.0564,27.0,67.76,0
0.2448,0.1029,27.16,67.78,0
0.3372,0.0923,26.99,67.79,1
0.3738,0.0367,26.88,67.79,1
0.2529,-0.121,26.95,67.82,0
0.2873,0.0344,27.14,67.84,0
0.1926,-0.0947,27.23,67.87,0
0.1379,-0.0546,27.25,67.89,0
0.1045,-0.0334,27.4,67.9,0
0.2027,0.0982,27.54,67.93,0
0.28,0.0772,27.78,67.95,0
0.3215,0.0415,27.54,67.95,1
0.3615,0.04,27.37,67.95,1
0.3558,-0.0057,27.19,67.95,1
0.3838,0.0281,27.16,67.95,1
0.2548,-0.129,27.31,67.97,0
0.3405,0.0857,27.51,68.0,0
0.3813,0.0409,27.43,68.0,1
0.3843,0.003,27.29,68.0,1
0.4025,0.0181,27.17,68.0,1
0.3947,-0.0078,27.05,68.0,1
0.2639,-0.1308,27.19,68.02,0
0.1881,-0.0758,27.3,68.04,0
0.1416,-0.0465,27.4,68.05,0
0.1112,-0.0304,27.45,68.07,0
0.2225,0.1113,27.5,68.09,0
0.1504,-0.0721,27.55,68.1,0
0.2307,0.0803,27.65,68.12,0
0.3047,0.074,27.43,68.12,1
0.3337,0.0289,27.31,68.11,1
0.3625,0.0289,27.18,68.11,1
0.3997,0.0372,27.07,68.11,1
0.3946,-0.0051,26.9,68.1,1
0.4078,0.0133,26.83,68.1,1
0.2749,-0.1329,26.99,68.12,0
0.375,0.1002,27.14,68.15,0
0.2618,-0.1132,27.26,68.17,0
0.3056,0.0437,27.16,68.16,1
0.3344,0.0288,27.15,68.15,1
0.2239,-0.1105,27.23,68.17,0
0.3301,0.1062,27.33,68.2,0
0.3485,0.0185,27.25,68.19,1
0.2335,-0.1151,27.15,68.18,1
0.2965,0.063,27.04,68.17,1
0.1992,-0.0973,27.22,68.19,0
0.1423,-0.0569,27.26,68.2,0
0.2321,0.0898,27.34,68.22,0
0.2833,0.0513,27.05,68.21,1
0.1826,-0.1007,26.95,68.19,1
0.278,0.0954,27.15,68.21,0
0.1834,-0.0946,27.28,68.23,0
0.2809,0.0975,27.2,68.22,1
0.1867,-0.0943,27.08,68.2,1
0.2862,0.0996,26.93,68.19,1
0.1908,-0.0954,27.11,68.21,0
0.1343,-0.0565,27.22,68.22,0
0.099,-0.0353,27.3,68.23,0
0.1931,0.0941,27.39,68.24,0
0.1232,-0.0699,27.49,68.26,0
0.1885,0.0652,27.63,68.27,0
0.2351,0.0466,27.85,68.29,0
0.1403,-0.0948,27.99,68.3,0
0.1939,0.0536,28.03,68.31,0
0.2707,0.0768,28.08,68.33,0
0.1666,-0.1041,28.21,68.34,0
0.1087,-0.0579,28.18,68.35,0
0.2076,0.0989,28.24,68.36,0
0.2414,0.0338,28.29,68.38,0
0.1462,-0.0951,28.4,68.39,0
0.0941,-0.0521,28.43,68.39,0
0.1943,0.1002,28.5,68.41,0
0.271,0.0767,28.62,68.42,0
0.3083,0.0373,28.44,68.41,1
0.3242,0.0159,28.23,68.4,1
0.2062,-0.118,28.27,68.41,0
0.1399,-0.0663,28.28,68.42,0
0.2183,0.0784,28.3,68.43,0
0.2608,0.0425,28.39,68.44,0
0.1639,-0.0969,28.32,68.45,0
0.1103,-0.0536,28.29,68.46,0
0.0792,-0.0311,28.43,68.47,0
0.1751,0.0959,28.48,68.47,0
0.2655,0.0904,28.49,68.49,0
0.1692,-0.0963,28.55,68.5,0
0.2252,0.0559,28.62,68.51,0
0.2568,0.0317,28.63,68.52,0
0.275,0.0182,28.59,68.53,0
0.1691,-0.1059,28.52,68.54,0
0.1117,-0.0574,28.67,68.55,0
0.2617,0.15,28.73,68.56,0
0.2951,0.0334,28.57,68.54,1
0.3253,0.0302,28.29,68.53,1
0.2112,-0.1141,28.36,68.54,0
0.1464,-0.0647,28.43,68.54,0
0.1078,-0.0387,28.48,68.55,0
0.0832,-0.0246,28.48,68.55,0
0.0665,-0.0166,28.51,68.55,0
0.0546,-0.012,28.46,68.56,0
0.0456,-0.009,28.44,68.56,0
0.1535,0.1079,28.44,68.56,0
0.0948,-0.0587,28.52,68.57,0
0.1777,0.0829,28.4,68.57,0
0.2524,0.0747,28.51,68.59,0
0.2899,0.0375,28.27,68.57,1
0.1826,-0.1072,28.03,68.55,1
0.271,0.0884,28.17,68.56,0
0.3045,0.0334,28.24,68.57,0
0.1977,-0.1067,28.24,68.58,0
0.2651,0.0674,28.33,68.59,0
0.3221,0.057,28.11,68.58,1
0.2116,-0.1105,27.84,68.56,1
0.1484,-0.0632,27.9,68.56,0
0.1102,-0.0382,28.04,68.57,0
0.1957,0.0855,28.12,68.58,0
0.1269,-0.0688,28.13,68.58,0
0.0881,-0.0388,28.22,68.58,0
0.205,0.1169,28.31,68.59,0
0.2519,0.0469,28.48,68.6,0
0.158,-0.0939,28.58,68.61,0
0.2485,0.0905,28.6,68.62,0
0.3099,0.0614,28.45,68.6,1
0.3572,0.0473,28.11,68.59,1
0.2355,-0.1217,28.17,68.6,0
0.2754,0.0399,28.23,68.61,0
0.3444,0.069,28.04,68.59,1
0.2278,-0.1166,27.79,68.57,1
0.16,-0.0678,27.75,68.58,0
0.1184,-0.0416,27.76,68.58,0
0.2438,0.1254,27.86,68.6,0
0.2877,0.0439,27.69,68.58,1
0.1865,-0.1011,27.44,68.56,1
0.2561,0.0696,27.51,68.57,0
0.3254,0.0692,27.7,68.58,0
0.37,0.0446,27.49,68.57,1
0.4029,0.033,27.35,68.56,1
0.3832,-0.0197,27.23,68.55,1
0.2536,-0.1296,27.33,68.56,0
0.1787,-0.0748,27.43,68.57,0
0.133,-0.0457,27.64,68.57,0
0.1034,-0.0297,27.74,68.57,0
0.0829,-0.0205,27.76,68.58,0
0.0679,-0.0149,27.89,68.58,0
0.1666,0.0986,27.91,68.59,0
0.2383,0.0718,27.93,68.6,0
0.2792,0.0409,28.02,68.61,0
0.2905,0.0113,27.94,68.59,1
0.3043,0.0138,27.72,68.57,1
0.1898,-0.1144,27.85,68.58,0
0.2444,0.0546,27.94,68.59,0
0.2972,0.0528,27.81,68.58,1
0.1919,-0.1054,27.7,68.55,1
0.1331,-0.0588,27.88,68.56,0
0.2135,0.0805,27.97,68.57,0
0.1389,-0.0746,28.03,68.57,0
0.207,0.0681,28.2,68.58,0
0.2695,0.0624,28.3,68.59,0
0.17,-0.0994,28.35,68.6,0
0.2349,0.0648,28.39,68.61,0
0.1488,-0.0861,28.39,68.62,0
0.2258,0.077,28.38,68.63,0
0.1427,-0.0831,28.44,68.63,0
0.0962,-0.0464,28.46,68.63,0
0.204,0.1078,28.5,68.64,0
0.1301,-0.0739,28.6,68.64,0
0.0882,-0.0418,28.58,68.64,0
0.1709,0.0826,28.61,68.65,0
0.1037,-0.0672,28.63,68.65,0
0.2271,0.1233,28.66,68.66,0
0.2732,0.0461,28.64,68.67,0
0.1722,-0.101,28.6,68.68,0
0.1157,-0.0565,28.66,68.68,0
0.0826,-0.0331,28.72,68.68,0
0.0621,-0.0206,28.77,68.68,0
0.0485,-0.0136,28.72,68.68,0
0.159,0.1105,28.83,68.68,0
0.098,-0.061,28.74,68.68,0
0.1669,0.0689,28.7,68.69,0
0.0971,-0.0698,28.82,68.69,0
0.06,-0.0371,28.75,68.69,0
0.0396,-0.0204,28.84,68.69,0
0.1329,0.0933,28.91,68.69,0
0.0748,-0.0581,28.87,68.69,0
0.0444,-0.0304,28.82,68.69,0
0.0281,-0.0163,28.84,68.69,0
0.1265,0.0984,28.76,68.69,0
0.0697,-0.0568,28.74,68.69,0
0.0403,-0.0295,28.74,68.69,0
0.1396,0.0994,28.74,68.69,0
0.2071,0.0675,28.82,68.7,0
0.2486,0.0415,28.8,68.7,0
0.286,0.0374,28.53,68.68,1
0.2947,0.0087,28.46,68.67,1
0.2987,0.004,28.24,68.65,1
0.1855,-0.1132,28.33,68.65,0
0.1239,-0.0616,28.39,68.66,0
0.0889,-0.035,28.47,68.66,0
0.1854,0.0965,28.48,68.66,0
0.231,0.0456,28.51,68.67,0
0.2639,0.0329,28.52,68.68,0
0.1616,-0.1023,28.5,68.69,0
0.2261,0.0645,28.54,68.69,0
0.1407,-0.0854,28.58,68.7,0
0.1963,0.0555,28.7,68.7,0
0.1188,-0.0775,28.73,68.71,0
0.0769,-0.0418,28.73,68.7,0
0.0534,-0.0235,28.75,68.7,0
0.0395,-0.0139,28.68,68.7,0
0.0308,-0.0088,28.74,68.7,0
0.0249,-0.0059,28.74,68.7,0
0.0206,-0.0042,28.72,68.69,0
0.1224,0.1018,28.7,68.7,0
0.2117,0.0893,28.73,68.7,0
0.2799,0.0682,28.78,68.71,0
0.1735,-0.1064,28.77,68.72,0
0.2269,0.0534,28.78,68.72,0
0.2683,0.0414,28.85,68.73,0
0.2989,0.0306,28.64,68.71,1
0.1887,-0.1102,28.35,68.69,1
0.2579,0.0692,28.45,68.7,0
0.2966,0.0388,28.55,68.71,0
0.1902,-0.1064,28.56,68.71,0
0.2631,0.0729,28.58,68.72,0
0.3191,0.056,28.35,68.7,1
0.2101,-0.109,28.05,68.68,1
0.3005,0.0904,27.83,68.66,1
0.3276,0.0271,27.71,68.64,1
0.2168,-0.1108,27.68,68.65,0
0.1532,-0.0636,27.73,68.66,0
0.2271,0.074,27.8,68.67,0
0.1497,-0.0774,27.86,68.67,0
0.2081,0.0583,27.94,68.68,0
0.2392,0.0311,28.09,68.69,0
0.1453,-0.0938,28.11,68.69,0
0.2297,0.0844,28.15,68.7,0
0.2811,0.0514,27.94,68.68,1
0.3285,0.0474,27.81,68.66,1
0.2123,-0.1162,27.87,68.67,0
0.2641,0.0518,27.97,68.68,0
0.1715,-0.0926,28.11,68.68,0
0.119,-0.0525,28.13,68.68,0
0.1976,0.0786,28.21,68.69,0
0.2712,0.0736,28.26,68.7,0
0.1725,-0.0987,28.28,68.7,0
0.1171,-0.0554,28.28,68.71,0
0.2069,0.0898,28.33,68.71,0
0.1319,-0.075,28.46,68.71,0
0.2297,0.0978,28.57,68.72,0
0.3085,0.0788,28.37,68.7,1
0.3294,0.0208,28.15,68.69,1
0.2134,-0.1159,28.13,68.69,0
0.1476,-0.0658,28.06,68.7,0
0.2132,0.0656,28.09,68.7,0
0.1371,-0.0761,28.15,68.71,0
0.1994,0.0622,28.29,68.71,0
0.123,-0.0763,28.32,68.71,0
0.0813,-0.0417,28.34,68.71,0
0.0575,-0.0238,28.38,68.71,0
0.0431,-0.0144,28.45,68.71,0
0.0339,-0.0093,28.49,68.71,0
0.1725,0.1386,28.54,68.71,0
0.2133,0.0408,28.55,68.72,0
0.2447,0.0314,28.58,68.73,0
0.1448,-0.0999,28.58,68.73,0
0.2035,0.0587,28.55,68.73,0
0.121,-0.0825,28.53,68.74,0
0.0764,-0.0446,28.49,68.73,0
0.0514,-0.025,28.55,68.73,0
0.1492,0.0978,28.53,68.74,0
0.2212,0.072,28.53,68.74,0
0.1328,-0.0884,28.56,68.74,0
0.205,0.0722,28.48,68.75,0
0.1242,-0.0808,28.46,68.75,0
0.0801,-0.0441,28.53,68.75,0
0.0551,-0.025,28.59,68.75,0
0.1502,0.0951,28.67,68.75,0
0.0887,-0.0615,28.59,68.75,0
0.0557,-0.033,28.64,68.75,0
0.1573,0.1016,28.59,68.75,0
0.2183,0.061,28.64,68.76,0
0.2479,0.0296,28.6,68.76,0
0.2871,0.0392,28.31,68.74,1
0.1781,-0.1091,28.14,68.72,1
0.2237,0.0456,28.22,68.72,0
0.1389,-0.0848,28.27,68.73,0
0.0927,-0.0461,28.27,68.73,0
0.0665,-0.0262,28.3,68.72,0
0.1782,0.1117,28.37,68.73,0
0.245,0.0668,28.47,68.74,0
0.1551,-0.0899,28.43,68.74,0
0.2532,0.0982,28.47,68.75,0
0.1654,-0.0878,28.45,68.75,0
0.2505,0.0851,28.42,68.76,0
0.3203,0.0698,28.19,68.74,1
0.3501,0.0298,28.01,68.72,1
0.3666,0.0165,27.85,68.71,1
0.2431,-0.1235,27.9,68.71,0
0.1723,-0.0708,27.94,68.72,0
0.2944,0.1221,27.76,68.7,1
0.2037,-0.0907,27.59,68.67,1
0.1492,-0.0545,27.68,68.68,0
0.2194,0.0702,27.82,68.69,0
0.1448,-0.0746,27.99,68.69,0
0.102,-0.0428,28.04,68.69,0
0.1836,0.0816,28.15,68.7,0
0.2425,0.0589,28.17,68.7,0
0.1502,-0.0924,28.27,68.71,0
0.262,0.1118,28.29,68.72,0
0.1705,-0.0915,28.32,68.72,0
0.2229,0.0524,28.37,68.73,0
0.2736,0.0507,28.43,68.74,0
0.1709,-0.1026,28.43,68.74,0
0.2162,0.0453,28.52,68.75,0
0.1323,-0.0839,28.66,68.75,0
0.0862,-0.0461,28.72,68.75,0
0.0598,-0.0264,28.75,68.75,0
0.0439,-0.0159,28.72,68.74,0
0.1462,0.1023,28.64,68.75,0
0.0867,-0.0595,28.56,68.74,0
0.0547,-0.032,28.61,68.74,0
0.1718,0.1171,28.66,68.75,0
0.1043,-0.0675,28.61,68.75,0
0.1947,0.0904,28.59,68.75,0
0.118,-0.0768,28.63,68.75,0
0.2182,0.1003,28.6,68.76,0
0.27,0.0518,28.57,68.77,0
0.3116,0.0417,28.36,68.75,1
0.1968,-0.1148,28.18,68.72,1
0.2371,0.0403,28.31,68.73,0
0.2726,0.0355,28.36,68.74,0
0.3312,0.0586,28.11,68.72,1
0.3391,0.008,27.9,68.7,1
0.3632,0.024,27.72,68.69,1
0.2366,-0.1265,27.81,68.69,0
0.2894,0.0528,27.78,68.71,0
0.3358,0.0464,27.6,68.69,1
0.2227,-0.1131,27.46,68.67,1
0.2728,0.0501,27.64,68.68,0
0.3375,0.0648,27.75,68.69,0
0.3413,0.0037,27.51,68.67,1
0.3716,0.0303,27.39,68.66,1
0.245,-0.1265,27.53,68.67,0
0.2772,0.0321,27.67,68.68,0
0.1818,-0.0953,27.78,68.68,0
0.1274,-0.0545,27.81,68.69,0
0.207,0.0796,27.93,68.69,0
0.2514,0.0444,28.03,68.7,0
0.1579,-0.0935,28.04,68.7,0
0.1065,-0.0514,28.05,68.71,0
0.1944,0.0879,28.07,68.71,0
0.1229,-0.0715,28.16,68.71,0
0.0833,-0.0396,28.21,68.71,0
0.1679,0.0845,28.18,68.72,0
0.1022,-0.0656,28.25,68.72,0
0.2042,0.102,28.27,68.72,0
0.1267,-0.0775,28.16,68.73,0
0.2013,0.0746,28.16,68.73,0
0.123,-0.0783,28.25,68.73,0
0.08,-0.043,28.3,68.73,0
0.0554,-0.0246,28.31,68.73,0
0.0405,-0.0149,28.31,68.73,0
0.031,-0.0095,28.3,68.72,0
0.152,0.121,28.34,68.73,0
0.0918,-0.0602,28.36,68.73,0
0.0589,-0.0329,28.36,68.73,0
0.1851,0.1263,28.46,68.73,0
0.2715,0.0864,28.52,68.74,0
0.1713,-0.1003,28.55,68.74,0
0.1144,-0.0568,28.6,68.74,0
0.0806,-0.0338,28.64,68.74,0
0.0593,-0.0213,28.64,68.74,0
0.0452,-0.0142,28.66,68.74,0
0.1477,0.1026,28.61,68.74,0
0.088,-0.0598,28.62,68.74,0
0.1955,0.1075,28.58,68.75,0
0.1191,-0.0764,28.62,68.75,0
0.0768,-0.0423,28.62,68.75,0
0.1774,0.1006,28.54,68.75,0
0.1075,-0.0699,28.52,68.75,0
0.1839,0.0764,28.52,68.75,0
0.1087,-0.0752,28.63,68.76,0
0.1953,0.0866,28.7,68.76,0
0.1168,-0.0785,28.69,68.76,0
0.2163,0.0995,28.69,68.77,0
0.1333,-0.083,28.71,68.77,0
0.0868,-0.0465,28.77,68.77,0
0.1646,0.0778,28.74,68.77,0
0.2031,0.0385,28.65,68.77,0
0.2232,0.0201,28.63,68.78,0
0.2484,0.0252,28.63,68.79,0
0.2684,0.02,28.68,68.79,0
0.3064,0.038,28.47,68.77,1
0.1895,-0.1168,28.25,68.75,1
0.2453,0.0558,28.32,68.75,0
0.1544,-0.0909,28.35,68.76,0
0.2513,0.0969,28.39,68.77,0
0.3197,0.0684,28.13,68.75,1
0.326,0.0063,27.89,68.73,1
0.2112,-0.1148,27.91,68.73,0
0.1464,-0.0648,28.0,68.74,0
0.2229,0.0765,28.07,68.74,0
0.2845,0.0615,27.92,68.72,1
0.1847,-0.0997,27.73,68.7,1
0.1286,-0.0561,27.8,68.7,0
0.2003,0.0717,27.74,68.7,0
0.2934,0.093,27.61,68.69,1
0.1906,-0.1028,27.38,68.66,1
0.132,-0.0586,27.55,68.66,0
0.0968,-0.0352,27.62,68.67,0
0.0743,-0.0225,27.75,68.67,0
0.1865,0.1122,27.81,68.67,0
0.2635,0.077,27.84,68.68,0
0.1692,-0.0943,27.9,68.69,0
0.2188,0.0495,28.04,68.69,0
0.2832,0.0644,27.87,68.67,1
0.179,-0.1042,27.72,68.65,1
0.2257,0.0467,27.9,68.66,0
0.2568,0.0311,28.03,68.67,0
0.1568,-0.1,28.12,68.67,0
0.2472,0.0904,28.18,68.68,0
0.1571,-0.0901,28.18,68.69,0
0.1062,-0.0509,28.26,68.69,0
0.186,0.0798,28.3,68.69,0
0.235,0.049,28.31,68.7,0
0.2731,0.0381,28.37,68.71,0
0.1674,-0.1057,28.39,68.71,0
0.2645,0.0971,28.41,68.72,0
0.3098,0.0452,28.21,68.7,1
0.2003,-0.1095,27.93,68.68,1
0.1382,-0.0621,28.05,68.68,0
0.101,-0.0372,28.09,68.69,0
0.1799,0.0789,28.13,68.69,0
0.1135,-0.0665,28.17,68.69,0
0.0766,-0.0368,28.27,68.69,0
0.0552,-0.0214,28.28,68.69,0
0.197,0.1418,28.28,68.7,0
0.1274,-0.0697,28.28,68.7,0
0.2375,0.1101,28.33,68.71,0
0.1534,-0.084,28.42,68.71,0
0.2376,0.0841,28.49,68.72,0
0.3119,0.0744,28.25,68.7,1
0.2031,-0.1088,27.96,68.68,1
0.1406,-0.0625,28.09,68.68,0
0.2578,0.1171,28.21,68.69,0
0.1724,-0.0853,28.28,68.69,0
0.122,-0.0504,28.33,68.7,0
0.2405,0.1185,28.39,68.7,0
0.33,0.0895,28.17,68.69,1
0.3655,0.0355,27.96,68.67,1
0.2437,-0.1218,28.11,68.68,0
0.1726,-0.0711,28.13,68.68,0
0.2687,0.0961,28.26,68.69,0
0.3378,0.0692,28.09,68.68,1
0.2275,-0.1103,27.91,68.66,1
0.2903,0.0629,27.72,68.64,1
0.1947,-0.0956,27.81,68.64,0
0.2588,0.0641,27.85,68.65,0
0.2824,0.0236,27.75,68.63,1
0.1797,-0.1027,27.52,68.61,1
0.1222,-0.0574,27.62,68.62,0
0.2335,0.1112,27.66,68.62,0
0.2889,0.0554,27.49,68.61,1
0.309,0.0201,27.35,68.59,1
0.332,0.023,27.23,68.57,1
0.3338,0.0019,27.13,68.56,1
0.2153,-0.1185,27.31,68.57,0
0.2616,0.0463,27.47,68.58,0
0.3101,0.0485,27.34,68.56,1
0.2037,-0.1064,27.23,68.54,1
0.2589,0.0552,27.32,68.56,0
0.3275,0.0686,27.45,68.57,0
0.3711,0.0436,27.34,68.56,1
0.4038,0.0328,27.27,68.55,1
0.4161,0.0122,27.06,68.54,1
0.4555,0.0395,26.52,68.49,2
0.3154,-0.1401,26.07,68.44,2
0.232,-0.0834,26.19,68.45,0
0.2842,0.0522,26.42,68.46,0
0.1976,-0.0866,26.54,68.47,0
0.2587,0.0611,26.71,68.49,0
0.1738,-0.0849,26.85,68.5,0
0.2774,0.1036,27.02,68.51,0
0.1871,-0.0903,27.09,68.52,0
0.2418,0.0547,27.23,68.53,0
0.3117,0.0699,27.11,68.52,1
0.2032,-0.1085,26.96,68.5,1
0.141,-0.0622,27.08,68.5,0
0.2609,0.1199,27.24,68.52,0
0.3335,0.0726,27.12,68.5,1
0.3626,0.0291,26.99,68.49,1
0.3794,0.0168,26.94,68.48,1
0.2551,-0.1243,27.23,68.49,0
0.3284,0.0732,27.38,68.51,0
0.3437,0.0153,27.3,68.5,1
0.3533,0.0096,27.22,68.48,1
0.2331,-0.1202,27.34,68.5,0
0.3169,0.0837,27.48,68.51,0
0.2148,-0.1021,27.65,68.52,0
0.2696,0.0548,27.62,68.54,0
0.179,-0.0906,27.73,68.54,0
0.2415,0.0626,27.79,68.55,0
0.1565,-0.0851,27.82,68.56,0
0.2457,0.0892,27.95,68.57,0
0.2658,0.0201,28.04,68.58,0
0.1655,-0.1003,28.15,68.59,0
0.225,0.0595,28.12,68.6,0
0.281,0.0559,27.83,68.58,1
0.3214,0.0404,27.67,68.57,1
0.3615,0.0401,27.53,68.55,1
0.3794,0.0179,27.31,68.54,1
0.2521,-0.1274,27.47,68.55,0
0.1789,-0.0732,27.61,68.56,0
0.2769,0.098,27.63,68.57,0
0.2952,0.0183,27.42,68.56,1
0.1927,-0.1025,27.3,68.54,1
0.277,0.0843,27.45,68.55,0
0.3285,0.0515,27.6,68.56,0
0.3473,0.0188,27.43,68.55,1
0.3693,0.022,27.33,68.54,1
0.3826,0.0133,27.22,68.53,1
0.2542,-0.1284,27.4,68.54,0
0.3178,0.0635,27.48,68.55,0
0.3502,0.0324,27.3,68.54,1
0.2359,-0.1143,27.14,68.52,1
0.1698,-0.0661,27.21,68.53,0
0.2543,0.0845,27.32,68.54,0
0.3242,0.0699,27.22,68.53,1
0.3601,0.0359,27.12,68.51,1
0.3809,0.0208,27.03,68.5,1
0.3843,0.0035,26.96,68.49,1
0.4001,0.0158,26.87,68.48,1
0.4278,0.0277,26.81,68.47,1
0.4102,-0.0176,26.73,68.46,1
0.3834,-0.0268,26.61,68.45,1
0.3975,0.0141,26.53,68.45,1
0.4076,0.0101,26.5,68.44,1
0.4288,0.0212,26.57,68.43,1
0.4194,-0.0094,26.54,68.42,1
0.4582,0.0388,26.2,68.38,2
0.4824,0.0242,25.78,68.33,2
0.5047,0.0223,25.42,68.29,2
0.521,0.0163,25.18,68.25,2
0.3674,-0.1536,25.31,68.25,1
0.381,0.0136,25.35,68.24,1
0.4119,0.031,25.39,68.24,1
0.4615,0.0496,25.06,68.19,2
0.4389,-0.0226,24.81,68.15,2
0.4169,-0.022,24.97,68.15,1
0.2825,-0.1344,25.08,68.14,1
0.3187,0.0362,25.19,68.13,1
0.3639,0.0452,25.36,68.13,1
0.359,-0.005,25.36,68.12,1
0.3846,0.0256,25.38,68.12,1
0.4194,0.0348,25.43,68.12,1
0.4622,0.0428,25.16,68.08,2
0.4298,-0.0324,24.94,68.04,2
0.4606,0.0308,24.7,68.0,2
0.4451,-0.0156,24.82,68.0,1
0.451,0.0059,24.96,68.01,1
0.4309,-0.0201,25.07,68.01,1
0.4167,-0.0141,25.16,68.01,1
0.2803,-0.1364,25.22,68.0,1
0.4005,0.1202,25.3,68.0,1
0.4222,0.0217,25.35,68.0,1
0.4288,0.0066,25.35,68.01,1
0.4601,0.0313,25.04,67.97,2
0.3182,-0.1419,24.79,67.93,2
0.3504,0.0322,24.91,67.92,1
0.4165,0.0661,25.11,67.93,1
0.411,-0.0055,25.24,67.93,1
0.4214,0.0104,25.24,67.93,1
0.286,-0.1354,25.24,67.93,1
0.3236,0.0376,25.3,67.92,1
0.3653,0.0417,25.43,67.92,1
0.3774,0.0121,25.49,67.92,1
0.409,0.0316,25.55,67.93,1
0.4483,0.0393,25.54,67.93,1
0.4524,0.0041,25.3,67.89,2
0.4787,0.0262,25.03,67.86,2
0.4584,-0.0203,24.77,67.83,2
0.4607,0.0023,24.5,67.79,2
0.5024,0.0417,24.32,67.76,2
0.5171,0.0147,24.15,67.73,2
0.4906,-0.0265,24.02,67.7,2
0.4661,-0.0245,23.86,67.67,2
0.457,-0.0091,23.72,67.64,2
0.4319,-0.0251,23.95,67.65,1
0.4189,-0.0129,24.09,67.66,1
0.4161,-0.0029,24.13,67.67,1
0.4443,0.0282,24.32,67.67,1
0.4662,0.0219,24.12,67.64,2
0.4916,0.0254,24.04,67.62,2
0.4998,0.0082,23.92,67.59,2
0.4757,-0.024,23.85,67.56,2
0.4537,-0.022,23.79,67.53,2
0.4653,0.0116,23.65,67.5,2
0.4615,-0.0038,23.52,67.48,2
0.4707,0.0092,23.35,67.45,2
0.4781,0.0074,23.22,67.43,2
0.4674,-0.0107,23.09,67.4,2
0.4869,0.0195,23.02,67.38,2
0.4801,-0.0068,22.97,67.35,2
0.4855,0.0055,22.92,67.33,2
0.3412,-0.1444,23.1,67.34,1
0.3969,0.0557,23.3,67.35,1
0.4068,0.0099,23.49,67.37,1
0.4011,-0.0056,23.71,67.38,1
0.4231,0.022,23.9,67.39,1
0.4802,0.0571,23.76,67.37,2
0.4792,-0.0009,23.68,67.35,2
0.5121,0.0328,23.55,67.33,2
0.5211,0.009,23.38,67.31,2
0.5316,0.0105,23.32,67.29,2
0.5118,-0.0198,23.29,67.27,2
0.5072,-0.0046,23.18,67.25,2
0.5046,-0.0026,23.12,67.23,2
0.5201,0.0156,23.12,67.21,2
0.3685,-0.1516,23.33,67.22,1
0.4185,0.05,23.59,67.24,1
0.4345,0.016,23.82,67.26,1
0.4336,-0.0009,24.03,67.27,1
0.4255,-0.0081,24.23,67.29,1
0.4356,0.0102,24.42,67.3,1
0.4408,0.0052,24.53,67.32,1
0.4525,0.0117,24.27,67.3,2
0.4453,-0.0072,24.13,67.27,2
0.4957,0.0504,23.97,67.25,2
0.4614,-0.0343,23.83,67.23,2
0.5124,0.0511,23.82,67.21,2
0.5469,0.0344,23.73,67.19,2
0.3889,-0.1579,23.86,67.21,1
0.4414,0.0525,23.97,67.23,1
0.4837,0.0423,23.88,67.21,2
0.5067,0.023,23.76,67.19,2
0.5254,0.0186,23.58,67.17,2
0.5033,-0.0221,23.5,67.15,2
0.5364,0.0331,23.47,67.14,2
0.5127,-0.0237,23.4,67.12,2
0.5107,-0.002,23.38,67.1,2
0.5074,-0.0032,23.29,67.09,2
0.5246,0.0171,23.11,67.07,2
0.5075,-0.0171,23.03,67.05,2
0.4771,-0.0304,22.97,67.04,2
0.4786,0.0015,22.81,67.02,2
0.5197,0.0411,22.79,67.01,2
0.5202,0.0004,22.75,66.99,2
0.5378,0.0176,22.7,66.98,2
0.5766,0.0388,22.72,66.97,2
0.5293,-0.0473,22.68,66.95,2
0.3745,-0.1548,22.98,66.97,1
0.4071,0.0326,23.18,67.0,1
0.4519,0.0448,23.09,66.98,2
0.4601,0.0082,22.97,66.96,2
0.4517,-0.0083,23.01,66.94,2
0.4613,0.0096,22.95,66.93,2
0.4719,0.0105,22.91,66.91,2
0.4795,0.0076,22.84,66.9,2
0.4947,0.0152,22.84,66.89,2
0.3447,-0.1499,23.04,66.91,1
0.3838,0.0391,23.26,66.93,1
0.4472,0.0634,23.5,66.95,1
0.4807,0.0335,23.37,66.94,2
0.4694,-0.0113,23.37,66.92,2
0.4702,0.0008,23.25,66.91,2
0.4503,-0.0198,23.18,66.89,2
0.4626,0.0123,23.06,66.88,2
0.3179,-0.1448,23.3,66.89,1
0.3587,0.0408,23.46,66.91,1
0.3877,0.029,23.63,66.93,1
0.4064,0.0187,23.8,66.96,1
0.4028,-0.0036,23.96,66.98,1
0.3992,-0.0036,24.09,67.0,1
0.4329,0.0337,24.27,67.02,1
0.4642,0.0313,24.09,67.0,2
0.4575,-0.0067,23.97,66.99,2
0.4684,0.011,23.82,66.97,2
0.4748,0.0063,23.7,66.95,2
0.5169,0.0421,23.56,66.94,2
0.5655,0.0486,23.48,66.93,2
0.5518,-0.0136,23.4,66.92,2
0.5415,-0.0104,23.28,66.91,2
0.536,-0.0054,23.21,66.9,2
0.5272,-0.0088,23.15,66.88,2
0.5493,0.0221,23.11,66.87,2
0.5133,-0.036,23.1,66.86,2
0.542,0.0287,23.11,66.85,2
0.5569,0.0149,23.09,66.84,2
0.5423,-0.0146,23.05,66.83,2
0.5624,0.0202,22.99,66.82,2
0.5744,0.012,22.93,66.82,2
0.5428,-0.0316,22.83,66.81,2
0.5742,0.0314,22.76,66.8,2
0.57,-0.0042,22.81,66.79,2
0.572,0.0019,22.81,66.79,2
0.5762,0.0043,22.75,66.78,2
0.565,-0.0113,22.8,66.77,2
0.5584,-0.0066,22.74,66.76,2
0.5657,0.0073,22.79,66.76,2
0.5656,-0.0,22.8,66.75,2
0.5535,-0.0121,22.75,66.74,2
0.5342,-0.0193,22.74,66.73,2
0.5648,0.0306,22.72,66.73,2
0.6107,0.0459,22.78,66.72,2
0.6282,0.0175,22.9,66.72,2
0.5943,-0.0339,22.88,66.72,2
0.5797,-0.0147,22.92,66.71,2
0.5917,0.012,22.83,66.71,2
0.591,-0.0007,22.84,66.7,2
0.6147,0.0238,22.87,66.7,2
0.6474,0.0327,22.98,66.7,2
0.6472,-0.0002,22.87,66.7,2
0.6307,-0.0165,22.83,66.69,2
0.603,-0.0277,22.78,66.69,2
0.6049,0.002,22.8,66.69,2
0.615,0.0101,22.74,66.68,2
0.6164,0.0014,22.81,66.68,2
0.6205,0.0041,22.71,66.68,2
0.6535,0.0329,22.78,66.68,2
0.6515,-0.0019,22.82,66.68,2
0.638,-0.0135,22.76,66.67,2
0.636,-0.0021,22.66,66.67,2
0.6445,0.0085,22.66,66.67,2
0.5829,-0.0616,22.61,66.67,2
0.552,-0.0309,22.69,66.66,2
0.5592,0.0072,22.72,66.66,2
0.5534,-0.0058,22.77,66.65,2
0.5657,0.0123,22.73,66.65,2
0.5823,0.0166,22.7,66.64,2
0.5748,-0.0074,22.68,66.64,2
0.5895,0.0146,22.78,66.63,2
0.5737,-0.0158,22.9,66.63,2
0.5876,0.0139,22.81,66.63,2
0.6224,0.0348,22.85,66.63,2
0.6251,0.0027,22.84,66.62,2
0.6078,-0.0173,22.89,66.62,2
0.581,-0.0268,22.84,66.62,2
0.5765,-0.0045,22.83,66.62,2
0.5626,-0.0139,22.87,66.61,2
0.5723,0.0097,22.82,66.61,2
0.5952,0.0229,22.78,66.61,2
0.6141,0.0189,22.86,66.6,2
0.5955,-0.0185,22.93,66.6,2
0.5636,-0.032,22.86,66.6,2
0.5538,-0.0097,22.81,66.59,2
0.5561,0.0023,22.81,66.59,2
0.5334,-0.0227,22.73,66.58,2
0.5403,0.0069,22.69,66.58,2
0.5581,0.0179,22.66,66.58,2
0.5879,0.0297,22.62,66.57,2
0.6046,0.0167,22.61,66.57,2
0.6115,0.007,22.68,66.57,2
0.6223,0.0108,22.62,66.57,2
0.6269,0.0046,22.69,66.57,2
0.5969,-0.03,22.71,66.57,2
0.5928,-0.0041,22.65,66.57,2
0.5693,-0.0235,22.63,66.56,2
0.5574,-0.0119,22.68,66.56,2
0.5561,-0.0013,22.72,66.56,2
0.5545,-0.0016,22.72,66.55,2
0.5764,0.0219,22.79,66.55,2
0.5711,-0.0052,22.81,66.55,2
0.5732,0.002,22.81,66.55,2
0.623,0.0498,22.83,66.55,2
0.6393,0.0163,22.8,66.55,2
0.618,-0.0213,22.75,66.55,2
0.6212,0.0032,22.71,66.55,2
0.648,0.0268,22.76,66.55,2
0.6112,-0.0368,22.81,66.55,2
0.621,0.0098,22.88,66.55,2
0.5881,-0.0329,22.77,66.55,2
0.5757,-0.0123,22.69,66.55,2
0.5969,0.0212,22.74,66.54,2
0.583,-0.0139,22.77,66.54,2
0.5853,0.0023,22.78,66.54,2
0.6244,0.0391,22.78,66.54,2
0.6129,-0.0115,22.73,66.54,2
0.598,-0.0149,22.7,66.54,2
0.5983,0.0003,22.71,66.54,2
0.6258,0.0275,22.74,66.54,2
0.6262,0.0004,22.67,66.54,2
0.6339,0.0077,22.68,66.54,2
0.6379,0.004,22.77,66.54,2
0.6169,-0.021,22.82,66.54,2
0.6299,0.0129,22.89,66.54,2
0.6628,0.0329,22.87,66.55,2
0.6249,-0.0379,22.89,66.55,2
0.6357,0.0108,22.87,66.55,2
0.65,0.0143,22.82,66.55,2
0.6558,0.0058,22.74,66.55,2
0.6217,-0.0341,22.77,66.55,2
0.6595,0.0377,22.77,66.55,2
0.6388,-0.0206,22.78,66.55,2
0.6051,-0.0338,22.84,66.55,2
0.6005,-0.0046,22.86,66.55,2
0.6059,0.0054,22.94,66.55,2
0.6201,0.0142,22.96,66.55,2
0.6603,0.0402,22.89,66.55,2
0.6351,-0.0252,22.78,66.55,2
0.6409,0.0059,22.7,66.55,2
0.6337,-0.0073,22.63,66.55,2
0.6576,0.024,22.6,66.56,2
0.6038,-0.0539,22.61,66.56,2
0.5808,-0.0229,22.55,66.55,2
0.561,-0.0198,22.48,66.55,2
0.4025,-0.1585,22.75,66.58,1
0.4694,0.0669,23.04,66.61,1
0.4744,0.005,23.01,66.6,2
0.482,0.0076,23.03,66.6,2
0.4894,0.0075,22.92,66.59,2
0.5147,0.0253,22.87,66.58,2
0.527,0.0122,22.79,66.58,2
0.5444,0.0175,22.79,66.57,2
0.5758,0.0314,22.78,66.57,2
0.606,0.0302,22.78,66.57,2
0.6515,0.0455,22.83,66.57,2
0.6809,0.0294,22.82,66.57,2
0.6947,0.0138,22.79,66.58,2
0.6944,-0.0002,22.81,66.58,2
0.6406,-0.0539,22.85,66.58,2
0.5945,-0.0461,22.8,66.58,2
0.5627,-0.0318,22.82,66.57,2
0.5761,0.0135,22.69,66.57,2
0.5652,-0.011,22.55,66.57,2
0.5706,0.0054,22.53,66.57,2
0.6074,0.0368,22.49,66.56,2
0.6265,0.0191,22.52,66.56,2
0.6276,0.001,22.47,66.56,2
0.6531,0.0255,22.5,66.57,2
0.6596,0.0066,22.52,66.57,2
0.669,0.0093,22.49,66.57,2
0.6815,0.0125,22.51,66.57,2
0.6395,-0.042,22.46,66.57,2
0.656,0.0165,22.5,66.57,2
0.6835,0.0275,22.48,66.58,2
0.6493,-0.0342,22.5,66.58,2
0.6363,-0.013,22.5,66.58,2
0.6298,-0.0066,22.54,66.58,2
0.6296,-0.0001,22.61,66.58,2
0.6624,0.0328,22.63,66.58,2
0.6518,-0.0106,22.6,66.58,2
0.475,-0.1769,22.58,66.57,2
0.5571,0.0822,22.55,66.57,2
0.6302,0.0731,22.66,66.57,2
0.6785,0.0483,22.62,66.57,2
0.7007,0.0222,22.7,66.58,2
0.7041,0.0034,22.78,66.58,2
0.7329,0.0288,22.72,66.58,2
0.7645,0.0316,22.82,66.59,2
0.7617,-0.0029,22.87,66.6,2
0.783,0.0214,22.89,66.6,2
0.7729,-0.0101,22.88,66.61,2
0.7875,0.0145,22.83,66.62,2
0.7943,0.0068,22.85,66.63,2
0.7845,-0.0098,22.83,66.63,2
0.7852,0.0007,22.87,66.64,2
0.7933,0.0081,22.99,66.65,2
0.8015,0.0082,22.94,66.65,2
0.7588,-0.0427,22.98,66.66,2
0.7224,-0.0364,22.92,66.66,2
0.7423,0.0199,22.87,66.66,2
0.6955,-0.0467,22.85,66.67,2
0.6773,-0.0182,22.85,66.67,2
0.6986,0.0213,22.87,66.67,2
0.6568,-0.0418,22.85,66.67,2
0.6639,0.0072,22.77,66.67,2
0.6838,0.0199,22.82,66.67,2
0.674,-0.0098,22.81,66.67,2
0.6905,0.0165,22.77,66.67,2
0.7027,0.0122,22.75,66.67,2
0.7252,0.0225,22.8,66.67,2
0.7393,0.0141,22.77,66.68,2
0.7312,-0.008,22.74,66.68,2
0.7374,0.0062,22.7,66.68,2
0.7528,0.0154,22.64,66.69,2
0.7845,0.0317,22.71,66.69,2
0.7699,-0.0146,22.79,66.7,2
0.7833,0.0135,22.82,66.7,2
0.7874,0.0041,22.86,66.71,2
0.769,-0.0183,22.85,66.71,2
0.7233,-0.0457,22.85,66.71,2
0.6916,-0.0317,22.84,66.71,2
0.7084,0.0168,22.83,66.72,2
0.6952,-0.0132,22.84,66.72,2
0.7147,0.0195,22.81,66.72,2
0.7186,0.0039,22.71,66.72,2
0.6846,-0.034,22.76,66.72,2
0.6573,-0.0273,22.85,66.72,2
0.6837,0.0265,22.82,66.72,2
0.664,-0.0197,22.81,66.72,2
0.6643,0.0002,22.77,66.72,2
0.6894,0.0252,22.76,66.72,2
0.6843,-0.0051,22.88,66.72,2
0.6794,-0.0049,22.81,66.72,2
0.6988,0.0194,22.84,66.72,2
0.7167,0.0179,22.77,66.72,2
0.7391,0.0224,22.74,66.72,2
0.734,-0.0051,22.68,66.72,2
0.7145,-0.0195,22.69,66.72,2
0.6737,-0.0408,22.71,66.72,2
0.6658,-0.0079,22.71,66.72,2
0.6922,0.0263,22.68,66.72,2
0.721,0.0289,22.75,66.72,2
0.756,0.0349,22.82,66.73,2
0.7365,-0.0195,22.81,66.73,2
0.7039,-0.0326,22.76,66.73,2
0.6933,-0.0106,22.79,66.73,2
0.677,-0.0163,22.82,66.73,2
0.702,0.0251,22.93,66.73,2
0.6652,-0.0369,23.01,66.73,2
0.677,0.0119,22.98,66.73,2
0.6492,-0.0278,23.02,66.73,2
0.6435,-0.0057,23.08,66.72,2
0.6443,0.0008,23.04,66.72,2
0.6724,0.0281,22.97,66.72,2
0.6486,-0.0238,22.96,66.72,2
0.6801,0.0315,22.86,66.72,2
0.7146,0.0345,22.89,66.72,2
0.7502,0.0356,22.98,66.72,2
0.7584,0.0082,23.01,66.73,2
0.7787,0.0203,23.15,66.73,2
0.7838,0.0052,23.22,66.73,2
0.777,-0.0068,23.18,66.74,2
0.74,-0.037,23.12,66.74,2
0.7214,-0.0186,23.12,66.74,2
0.7409,0.0195,23.08,66.74,2
0.7432,0.0023,23.09,66.75,2
0.7346,-0.0086,23.08,66.75,2
0.7177,-0.017,23.04,66.75,2
0.7198,0.0021,23.09,66.75,2
0.7489,0.0291,23.02,66.75,2
0.7022,-0.0466,23.09,66.75,2
0.7276,0.0253,23.03,66.75,2
0.7083,-0.0193,23.07,66.75,2
0.7076,-0.0007,23.04,66.75,2
0.6843,-0.0233,23.02,66.75,2
0.7039,0.0197,23.05,66.75,2
0.702,-0.0019,22.98,66.75,2
0.6961,-0.0059,23.0,66.75,2
0.6771,-0.019,22.94,66.75,2
0.6852,0.0081,22.89,66.75,2
0.683,-0.0022,22.88,66.75,2
0.6958,0.0127,22.87,66.75,2
0.6605,-0.0353,22.87,66.75,2
0.6545,-0.006,22.94,66.75,2
0.6862,0.0317,22.96,66.75,2
0.6854,-0.0008,22.92,66.75,2
0.6658,-0.0196,23.01,66.74,2
0.6746,0.0087,22.99,66.74,2
0.7051,0.0305,22.91,66.74,2
0.7317,0.0266,22.94,66.74,2
0.7377,0.006,22.91,66.75,2
0.7636,0.0259,22.91,66.75,2
0.7127,-0.0508,22.84,66.75,2
0.7188,0.0061,22.89,66.75,2
0.6807,-0.0381,22.86,66.75,2
0.6391,-0.0416,22.84,66.75,2
0.6406,0.0015,22.8,66.74,2
0.6733,0.0327,22.73,66.74,2
0.6854,0.0122,22.73,66.74,2
0.709,0.0236,22.7,66.74,2
0.7167,0.0076,22.61,66.74,2
0.7275,0.0108,22.7,66.75,2
0.7248,-0.0027,22.67,66.75,2
0.7245,-0.0003,22.67,66.75,2
0.7431,0.0186,22.68,66.75,2
0.7532,0.0101,22.72,66.75,2
0.7645,0.0113,22.75,66.76,2
0.7723,0.0078,22.86,66.76,2
0.7622,-0.0101,22.89,66.76,2
0.7064,-0.0558,22.93,66.76,2
0.6786,-0.0278,23.01,66.76,2
0.6397,-0.0388,22.93,66.76,2
0.6718,0.0321,22.92,66.76,2
0.7124,0.0406,22.84,66.76,2
0.7165,0.0041,22.86,66.76,2
0.7172,0.0007,22.89,66.76,2
0.7411,0.0239,22.86,66.76,2
0.7429,0.0018,22.95,66.76,2
0.7624,0.0195,22.9,66.77,2
0.769,0.0065,22.95,66.77,2
0.7733,0.0043,22.92,66.77,2
0.7785,0.0052,22.94,66.78,2
0.7801,0.0017,22.92,66.78,2
0.7971,0.0169,22.87,66.78,2
0.8135,0.0164,22.89,66.79,2
0.8157,0.0022,22.96,66.79,2
0.8144,-0.0013,22.95,66.8,2
0.7764,-0.038,23.01,66.8,2
0.7397,-0.0367,22.99,66.8,2
0.6996,-0.0401,22.99,66.8,2
0.7199,0.0203,22.97,66.8,2
0.74,0.0201,23.02,66.8,2
0.7693,0.0293,23.04,66.8,2
0.6967,-0.0726,23.11,66.8,2
0.7131,0.0164,23.1,66.8,2
0.7189,0.0058,23.08,66.8,2
0.691,-0.0279,23.0,66.8,2
0.6941,0.003,22.98,66.8,2
0.7127,0.0186,22.99,66.8,2
0.7446,0.0319,22.92,66.8,2
0.7802,0.0356,23.0,66.8,2
0.7977,0.0175,23.0,66.81,2
0.7748,-0.0229,22.98,66.81,2
0.7968,0.022,22.94,66.81,2
0.7675,-0.0292,22.9,66.82,2
0.775,0.0075,22.95,66.82,2
0.7715,-0.0035,22.94,66.82,2
0.7394,-0.0322,22.98,66.82,2
0.6815,-0.0579,23.07,66.82,2
0.6718,-0.0098,23.05,66.82,2
0.696,0.0243,23.04,66.81,2
0.6475,-0.0486,23.04,66.81,2
0.6298,-0.0177,22.97,66.81,2
0.6622,0.0324,22.92,66.8,2
0.675,0.0128,22.93,66.8,2
0.711,0.036,22.95,66.8,2
0.7168,0.0058,22.88,66.8,2
0.7436,0.0268,22.96,66.8,2
0.7522,0.0086,23.0,66.8,2
0.7604,0.0081,22.96,66.8,2
0.7644,0.004,22.85,66.81,2
0.7736,0.0093,22.76,66.81,2
0.7821,0.0084,22.82,66.81,2
0.7847,0.0026,22.9,66.81,2
0.7935,0.0088,22.99,66.82,2
0.7536,-0.0398,22.96,66.82,2
0.7644,0.0107,22.94,66.82,2
0.7734,0.009,22.8,66.82,2
0.7692,-0.0042,22.85,66.83,2
0.7577,-0.0115,22.89,66.83,2
0.7786,0.0209,23.0,66.83,2
0.7383,-0.0403,22.97,66.83,2
0.7213,-0.017,23.01,66.83,2
0.7097,-0.0116,22.98,66.83,2
0.7335,0.0238,22.9,66.83,2
0.6845,-0.049,22.92,66.83,2
0.7091,0.0246,22.94,66.82,2
0.733,0.0239,22.96,66.82,2
0.7113,-0.0217,22.98,66.82,2
0.7059,-0.0054,23.04,66.82,2
0.6911,-0.0148,22.96,66.82,2
0.6708,-0.0203,22.88,66.82,2
0.6547,-0.0161,22.83,66.81,2
0.6771,0.0223,22.88,66.81,2
0.7213,0.0443,22.78,66.81,2
0.7031,-0.0182,22.78,66.81,2
0.7271,0.0239,22.81,66.81,2
0.6993,-0.0277,22.75,66.81,2
0.656,-0.0433,22.67,66.81,2
0.6321,-0.0239,22.65,66.8,2
0.6664,0.0343,22.66,66.8,2
0.6946,0.0282,22.76,66.8,2
0.7076,0.013,22.79,66.8,2
0.7114,0.0038,22.69,66.8,2
0.7164,0.005,22.63,66.8,2
0.7254,0.009,22.68,66.8,2
0.7406,0.0152,22.67,66.8,2
0.7505,0.01,22.63,66.8,2
0.7281,-0.0225,22.62,66.8,2
0.7104,-0.0177,22.66,66.8,2
0.7398,0.0294,22.66,66.8,2
0.6972,-0.0426,22.59,66.8,2
0.6856,-0.0116,22.63,66.8,2
0.6768,-0.0088,22.72,66.8,2
0.6649,-0.0119,22.7,66.79,2
0.6895,0.0246,22.71,66.79,2
0.7027,0.0131,22.76,66.79,2
0.6907,-0.012,22.85,66.79,2
0.7018,0.0111,22.89,66.79,2
0.7067,0.0049,22.95,66.79,2
0.6772,-0.0295,23.01,66.79,2
0.6688,-0.0084,22.97,66.78,2
0.6888,0.02,22.97,66.78,2
0.703,0.0142,22.86,66.78,2
0.6947,-0.0083,22.87,66.78,2
0.6966,0.0018,22.89,66.78,2
0.7185,0.0219,22.89,66.78,2
0.7296,0.0111,22.95,66.78,2
0.7482,0.0186,22.87,66.78,2
0.7676,0.0194,22.85,66.79,2
0.7704,0.0028,22.85,66.79,2
0.7897,0.0193,22.85,66.79,2
0.7913,0.0016,22.89,66.8,2
0.7845,-0.0068,22.94,66.8,2
0.7757,-0.0089,22.96,66.8,2
0.7669,-0.0087,22.89,66.8,2
0.7661,-0.0009,22.93,66.81,2
0.7536,-0.0125,22.95,66.81,2
0.7072,-0.0464,22.94,66.81,2
0.7091,0.0018,23.05,66.81,2
0.6994,-0.0097,23.03,66.81,2
0.7253,0.0259,23.07,66.81,2
0.734,0.0087,23.13,66.81,2
0.714,-0.02,23.15,66.81,2
0.703,-0.011,23.13,66.81,2
0.6947,-0.0083,23.16,66.8,2
0.7106,0.0159,23.2,66.8,2
0.75,0.0395,23.18,66.8,2
0.7621,0.012,23.13,66.81,2
0.7526,-0.0095,23.1,66.81,2
0.7689,0.0163,23.02,66.81,2
0.7666,-0.0023,23.04,66.81,2
0.7439,-0.0227,23.09,66.81,2
0.7303,-0.0136,23.14,66.81,2
0.7578,0.0275,23.1,66.82,2
0.7914,0.0336,23.14,66.82,2
0.8066,0.0151,23.18,66.82,2
0.7482,-0.0584,23.16,66.82,2
0.732,-0.0162,23.18,66.82,2
0.7455,0.0134,23.2,66.82,2
0.7406,-0.0049,23.17,66.83,2
0.7493,0.0087,23.19,66.83,2
0.772,0.0227,23.17,66.83,2
0.7797,0.0077,23.13,66.83,2
0.7478,-0.032,23.21,66.83,2
0.7578,0.0101,23.19,66.83,2
0.7517,-0.0062,23.16,66.83,2
0.7399,-0.0118,23.15,66.83,2
0.7353,-0.0046,23.19,66.83,2
0.7193,-0.016,23.1,66.83,2
0.7346,0.0153,23.08,66.83,2
0.7467,0.0121,23.07,66.83,2
0.7134,-0.0333,23.06,66.83,2
0.7254,0.0119,22.99,66.83,2
0.7448,0.0194,23.08,66.83,2
0.7524,0.0076,23.08,66.83,2
0.7605,0.0082,23.04,66.84,2
0.7663,0.0058,23.06,66.84,2
0.7743,0.008,23.09,66.84,2
0.7052,-0.0691,23.1,66.84,2
0.6565,-0.0487,23.15,66.83,2
0.6796,0.0231,23.14,66.83,2
0.7056,0.0259,23.04,66.83,2
0.724,0.0184,23.02,66.83,2
0.7537,0.0298,23.06,66.83,2
0.768,0.0142,22.95,66.83,2
0.7574,-0.0105,23.02,66.83,2
0.6958,-0.0617,23.01,66.83,2
0.7141,0.0183,22.95,66.83,2
0.7249,0.0108,22.96,66.83,2
0.7404,0.0155,23.05,66.83,2
0.763,0.0226,23.05,66.83,2
0.7708,0.0079,23.07,66.83,2
0.7753,0.0045,23.12,66.84,2
0.7717,-0.0036,23.19,66.84,2
0.7481,-0.0236,23.17,66.84,2
0.7436,-0.0045,23.15,66.84,2
0.7399,-0.0037,23.2,66.84,2
0.7595,0.0196,23.13,66.84,2
0.7119,-0.0476,23.11,66.84,2
0.7035,-0.0084,23.04,66.84,2
0.7078,0.0044,23.06,66.84,2
0.722,0.0142,23.11,66.84,2
0.737,0.015,23.07,66.84,2
0.759,0.022,23.14,66.84,2
0.791,0.0319,23.24,66.84,2
0.8039,0.013,23.32,66.84,2
0.8125,0.0086,23.35,66.85,2
0.8203,0.0078,23.33,66.85,2
0.8289,0.0086,23.35,66.86,2
0.8498,0.0209,23.43,66.86,2
0.8413,-0.0085,23.38,66.87,2
0.8086,-0.0326,23.28,66.87,2
0.7791,-0.0295,23.26,66.87,2
0.7895,0.0104,23.25,66.87,2
0.7756,-0.0139,23.18,66.87,2
0.7579,-0.0177,23.24,66.87,2
0.7273,-0.0306,23.24,66.87,2
0.7478,0.0204,23.19,66.87,2
0.7005,-0.0473,23.13,66.87,2
0.704,0.0035,23.07,66.87,2
0.7424,0.0384,23.09,66.87,2
0.7002,-0.0423,23.11,66.87,2
0.7174,0.0172,23.06,66.86,2
0.7107,-0.0067,23.04,66.86,2
0.7188,0.0081,22.95,66.86,2
0.7314,0.0126,22.93,66.86,2
0.7348,0.0034,22.92,66.86,2
0.7695,0.0347,22.9,66.86,2
0.7973,0.0277,22.98,66.86,2
0.7626,-0.0347,22.99,66.86,2
0.77,0.0074,23.02,66.87,2
0.7459,-0.0241,23.05,66.87,2
0.7201,-0.0259,23.01,66.86,2
0.7171,-0.003,22.97,66.86,2
0.7343,0.0172,23.03,66.86,2
0.686,-0.0484,23.09,66.86,2
0.7146,0.0286,23.06,66.86,2
0.6819,-0.0327,23.01,66.86,2
0.6875,0.0056,22.96,66.85,2
0.7142,0.0268,23.04,66.85,2
0.7369,0.0227,22.97,66.85,2
0.696,-0.0409,22.94,66.85,2
0.7185,0.0225,23.04,66.85,2
0.7409,0.0224,23.05,66.85,2
0.7186,-0.0224,23.08,66.85,2
0.709,-0.0095,23.07,66.85,2
0.6841,-0.025,23.08,66.84,2
0.6539,-0.0301,23.13,66.84,2
0.648,-0.0059,23.13,66.83,2
0.6823,0.0342,23.11,66.83,2
0.6668,-0.0155,23.06,66.83,2
0.6546,-0.0122,23.06,66.82,2
0.679,0.0245,23.1,66.82,2
0.6562,-0.0229,23.09,66.82,2
0.6305,-0.0257,23.13,66.81,2
0.6598,0.0293,23.13,66.81,2
0.6918,0.032,23.08,66.81,2
0.6378,-0.054,22.99,66.8,2
0.6271,-0.0107,22.99,66.8,2
0.6577,0.0306,23.1,66.8,2
0.6974,0.0397,23.11,66.8,2
0.702,0.0046,23.05,66.79,2
0.7325,0.0305,22.97,66.8,2
0.7539,0.0214,22.98,66.8,2
0.7611,0.0072,22.98,66.8,2
0.7659,0.0047,23.01,66.8,2
0.7717,0.0058,23.05,66.8,2
0.7624,-0.0093,23.19,66.81,2
0.7725,0.0101,23.19,66.81,2
0.7798,0.0073,23.09,66.81,2
0.7827,0.0029,23.19,66.81,2
0.7999,0.0172,23.25,66.82,2
0.8061,0.0062,23.31,66.82,2
0.8157,0.0096,23.33,66.83,2
0.7751,-0.0405,23.28,66.83,2
0.7813,0.0062,23.41,66.83,2
0.7888,0.0075,23.37,66.83,2
0.7811,-0.0077,23.46,66.84,2
0.7455,-0.0356,23.42,66.84,2
0.7216,-0.0239,23.24,66.84,2
0.7314,0.0098,23.18,66.84,2
0.7488,0.0174,23.08,66.84,2
0.7699,0.0211,23.05,66.84,2
0.8009,0.031,23.07,66.84,2
0.8133,0.0125,23.09,66.85,2
0.8078,-0.0055,23.15,66.85,2
0.8138,0.0059,23.15,66.85,2
0.7818,-0.0319,23.16,66.85,2
0.7867,0.0049,23.11,66.86,2
0.7669,-0.0198,23.21,66.86,2
0.7588,-0.0081,23.27,66.86,2
0.7691,0.0103,23.2,66.86,2
0.7601,-0.009,23.18,66.86,2
0.6932,-0.0669,23.16,66.86,2
0.699,0.0058,23.13,66.86,2
0.7021,0.0031,23.23,66.85,2
0.7039,0.0018,23.11,66.85,2
0.6878,-0.0161,23.01,66.85,2
0.6763,-0.0116,23.02,66.85,2
0.7015,0.0253,22.88,66.84,2
0.7273,0.0257,22.92,66.84,2
0.7516,0.0243,22.93,66.84,2
0.7775,0.0259,22.94,66.85,2
0.7637,-0.0138,22.93,66.85,2
0.741,-0.0227,22.92,66.85,2
0.7467,0.0057,22.93,66.85,2
0.7184,-0.0283,22.96,66.85,2
0.7107,-0.0077,22.96,66.85,2
0.7358,0.0251,22.97,66.85,2
0.773,0.0372,23.05,66.85,2
0.79,0.017,23.04,66.85,2
0.7615,-0.0285,23.07,66.85,2
0.7562,-0.0053,23.04,66.85,2
0.7742,0.0181,23.07,66.85,2
0.7422,-0.032,23.11,66.85,2
0.7276,-0.0146,23.03,66.85,2
0.7409,0.0133,23.02,66.85,2
0.711,-0.0299,22.99,66.85,2
0.7268,0.0158,23.05,66.85,2
0.7024,-0.0245,22.95,66.85,2
0.7358,0.0334,23.0,66.85,2
0.7237,-0.0121,22.96,66.85,2
0.6904,-0.0332,22.97,66.85,2
0.6768,-0.0136,22.92,66.84,2
0.6798,0.003,22.88,66.84,2
0.7204,0.0406,22.97,66.84,2
0.7077,-0.0127,23.04,66.84,2
0.7196,0.0119,23.12,66.84,2
0.7361,0.0165,23.07,66.84,2
0.746,0.0099,23.13,66.84,2
0.7197,-0.0263,23.11,66.84,2
0.7327,0.013,23.02,66.84,2
0.7021,-0.0306,22.95,66.83,2
0.7229,0.0208,22.97,66.83,2
0.6921,-0.0308,22.95,66.83,2
0.715,0.0229,22.97,66.83,2
0.7497,0.0347,22.95,66.83,2
0.7601,0.0104,22.95,66.83,2
0.7019,-0.0583,22.93,66.83,2
0.6881,-0.0137,22.94,66.83,2
0.7023,0.0142,23.01,66.83,2
0.7046,0.0023,22.9,66.83,2
0.7365,0.0319,22.9,66.83,2
0.7726,0.0361,22.8,66.83,2
0.7956,0.023,22.79,66.83,2
0.7603,-0.0353,22.78,66.83,2
0.733,-0.0273,22.84,66.83,2
0.7486,0.0157,22.85,66.83,2
0.7403,-0.0083,22.82,66.83,2
0.7511,0.0108,22.83,66.84,2
0.7742,0.0232,22.87,66.84,2
0.7831,0.0088,22.89,66.84,2
0.5815,-0.2016,22.84,66.83,2
0.5687,-0.0128,22.91,66.82,2
0.6265,0.0579,22.95,66.82,2
0.6501,0.0235,23.0,66.82,2
0.6763,0.0262,23.01,66.81,2
0.7117,0.0354,23.03,66.81,2
0.7356,0.0239,23.04,66.81,2
0.7371,0.0015,23.02,66.81,2
0.7547,0.0176,23.04,66.81,2
0.7282,-0.0264,23.1,66.81,2
0.6966,-0.0317,23.02,66.81,2
0.6676,-0.029,22.94,66.81,2
0.6755,0.0079,22.98,66.81,2
0.6984,0.0229,22.94,66.81,2
0.6517,-0.0467,22.88,66.8,2
0.6568,0.005,22.87,66.8,2
0.6919,0.0352,22.84,66.8,2
0.6423,-0.0496,22.79,66.79,2
0.6369,-0.0055,22.86,66.79,2
0.6521,0.0153,22.82,66.79,2
0.6565,0.0044,22.88,66.78,2
0.6597,0.0032,22.87,66.78,2
0.6961,0.0364,22.88,66.78,2
0.7116,0.0154,22.9,66.78,2
0.7114,-0.0002,22.9,66.78,2
0.6997,-0.0117,22.86,66.78,2
0.7202,0.0205,22.86,66.78,2
0.7352,0.015,22.83,66.78,2
0.6939,-0.0413,22.84,66.78,2
0.6545,-0.0394,22.92,66.78,2
0.6642,0.0097,22.9,66.78,2
0.6456,-0.0185,22.93,66.77,2
0.6758,0.0301,22.93,66.77,2
0.6456,-0.0301,22.86,66.77,2
0.6657,0.02,22.87,66.77,2
0.689,0.0234,22.87,66.76,2
0.7085,0.0195,22.94,66.76,2
0.7079,-0.0006,22.92,66.76,2
0.692,-0.0159,22.84,66.76,2
0.707,0.0149,22.79,66.76,2
0.703,-0.004,22.78,66.76,2
0.696,-0.007,22.88,66.76,2
0.7114,0.0154,22.76,66.76,2
0.7002,-0.0112,22.76,66.76,2
0.7127,0.0125,22.74,66.76,2
0.6936,-0.0191,22.81,66.76,2
0.7202,0.0266,22.82,66.76,2
0.7597,0.0395,22.86,66.77,2
0.7892,0.0295,22.81,66.77,2
0.7546,-0.0346,22.9,66.77,2
0.7489,-0.0057,22.91,66.78,2
0.6945,-0.0544,22.87,66.77,2
0.6876,-0.0069,22.87,66.77,2
0.6839,-0.0037,22.94,66.77,2
0.6761,-0.0078,23.03,66.77,2
0.6695,-0.0066,23.0,66.77,2
0.6862,0.0166,22.95,66.77,2
0.6439,-0.0423,22.98,66.76,2
0.6158,-0.0281,22.99,66.76,2
0.6435,0.0277,22.98,66.76,2
0.6543,0.0108,22.91,66.75,2
0.6141,-0.0402,22.96,66.75,2
0.6473,0.0332,22.92,66.75,2
0.5837,-0.0636,22.82,66.74,2
0.535,-0.0488,22.8,66.73,2
0.5391,0.0041,22.75,66.73,2
0.5661,0.0269,22.76,66.72,2
0.5935,0.0274,22.69,66.71,2
0.5401,-0.0534,22.74,66.71,2
0.5437,0.0036,22.74,66.7,2
0.5574,0.0137,22.7,66.69,2
0.5753,0.018,22.69,66.69,2
0.601,0.0256,22.63,66.69,2
0.6298,0.0288,22.68,66.68,2
0.6244,-0.0054,22.68,66.68,2
0.578,-0.0464,22.67,66.68,2
0.5563,-0.0217,22.68,66.67,2
0.5546,-0.0017,22.7,66.66,2
0.5744,0.0197,22.75,66.66,2
0.5916,0.0172,22.73,66.66,2
0.6211,0.0296,22.7,66.65,2
0.6521,0.0309,22.63,66.65,2
0.59,-0.062,22.7,66.65,2
0.587,-0.0031,22.66,66.65,2
0.6087,0.0217,22.72,66.64,2
0.6264,0.0177,22.67,66.64,2
0.6378,0.0114,22.75,66.64,2
0.6689,0.0311,22.78,66.64,2
0.7011,0.0321,22.79,66.64,2
0.6823,-0.0188,22.7,66.65,2
0.6793,-0.0029,22.67,66.65,2
0.6517,-0.0277,22.67,66.65,2
0.6362,-0.0154,22.67,66.65,2
0.6428,0.0066,22.65,66.64,2
0.6211,-0.0217,22.62,66.64,2
0.6428,0.0217,22.64,66.64,2
0.6472,0.0044,22.73,66.64,2
0.6114,-0.0358,22.78,66.64,2
0.612,0.0006,22.79,66.64,2
0.618,0.006,22.74,66.64,2
0.5956,-0.0224,22.78,66.63,2
0.5809,-0.0147,22.74,66.63,2
0.5817,0.0008,22.61,66.63,2
0.6076,0.0259,22.6,66.62,2
0.5805,-0.0272,22.62,66.62,2
0.5897,0.0092,22.64,66.62,2
0.6338,0.0442,22.58,66.62,2
0.6695,0.0357,22.65,66.62,2
0.6585,-0.011,22.65,66.62,2
0.6581,-0.0004,22.63,66.62,2
0.6327,-0.0254,22.73,66.62,2
0.6543,0.0216,22.71,66.62,2
0.656,0.0017,22.66,66.62,2
0.6163,-0.0397,22.73,66.62,2
0.6192,0.0029,22.66,66.62,2
0.6348,0.0156,22.7,66.62,2
0.6451,0.0103,22.7,66.61,2
0.6813,0.0362,22.64,66.62,2
0.6587,-0.0226,22.63,66.62,2
0.6649,0.0062,22.67,66.62,2
0.6641,-0.0008,22.74,66.62,2
0.6239,-0.0403,22.67,66.62,2
0.6562,0.0323,22.59,66.62,2
0.6691,0.0129,22.61,66.62,2
0.6873,0.0182,22.65,66.62,2
0.6561,-0.0312,22.64,66.62,2
0.6242,-0.0319,22.59,66.62,2
0.6109,-0.0133,22.54,66.62,2
0.608,-0.0029,22.55,66.62,2
0.6124,0.0044,22.59,66.62,2
0.5943,-0.018,22.67,66.61,2
0.6005,0.0062,22.68,66.61,2
0.6237,0.0232,22.77,66.61,2
0.6027,-0.021,22.8,66.61,2
0.6128,0.0101,22.9,66.61,2
0.6249,0.0121,22.89,66.6,2
0.5806,-0.0443,22.87,66.6,2
0.589,0.0083,22.88,66.6,2
0.6002,0.0113,22.82,66.6,2
0.6168,0.0166,22.87,66.6,2
0.6263,0.0094,22.89,66.6,2
0.6071,-0.0192,22.84,66.59,2
0.6358,0.0287,22.92,66.59,2
0.6799,0.0441,22.91,66.6,2
0.6722,-0.0077,22.86,66.6,2
0.6537,-0.0185,22.93,66.6,2
0.6153,-0.0384,22.91,66.6,2
0.6096,-0.0057,22.88,66.6,2
0.6032,-0.0064,22.84,66.59,2
0.5741,-0.0291,22.9,66.59,2
0.5962,0.022,22.91,66.59,2
0.5842,-0.0119,22.94,66.59,2
0.5929,0.0087,22.92,66.58,2
0.5663,-0.0266,22.96,66.58,2
0.5317,-0.0346,22.88,66.58,2
0.5433,0.0116,22.83,66.57,2
0.5654,0.0221,22.84,66.57,2
0.6076,0.0422,22.81,66.57,2
0.6102,0.0026,22.75,66.57,2
0.5943,-0.0158,22.76,66.56,2
0.5872,-0.0071,22.73,66.56,2
0.5805,-0.0067,22.73,66.56,2
0.5611,-0.0194,22.68,66.56,2
0.538,-0.0232,22.57,66.55,2
0.5512,0.0133,22.61,66.55,2
0.5774,0.0262,22.63,66.55,2
0.5893,0.0119,22.65,66.55,2
0.6231,0.0339,22.59,66.55,2
0.6005,-0.0226,22.49,66.55,2
0.5975,-0.0031,22.51,66.54,2
0.6133,0.0158,22.6,66.54,2
0.5931,-0.0202,22.55,66.54,2
0.573,-0.0201,22.52,66.54,2
0.614,0.041,22.49,66.54,2
0.5812,-0.0327,22.55,66.54,2
0.577,-0.0042,22.49,66.54,2
0.5236,-0.0534,22.49,66.53,2
0.505,-0.0186,22.5,66.53,2
0.5357,0.0307,22.5,66.52,2
0.5436,0.0079,22.44,66.52,2
0.5846,0.0409,22.48,66.52,2
0.4181,-0.1665,22.77,66.55,1
0.4439,0.0258,23.1,66.58,1
0.4751,0.0312,23.01,66.57,2
0.5088,0.0338,22.96,66.57,2
0.5061,-0.0027,22.9,66.56,2
0.5522,0.0461,22.93,66.56,2
0.5338,-0.0184,22.82,66.55,2
0.4991,-0.0348,22.76,66.55,2
0.4833,-0.0157,22.75,66.54,2
0.5321,0.0488,22.74,66.54,2
0.5134,-0.0187,22.73,66.53,2
0.531,0.0176,22.79,66.53,2
0.5327,0.0017,22.65,66.52,2
0.5108,-0.0218,22.63,66.52,2
0.5255,0.0147,22.59,66.51,2
0.5331,0.0076,22.51,66.51,2
0.3792,-0.154,22.85,66.54,1
0.4597,0.0805,23.13,66.57,1
0.4932,0.0335,23.0,66.56,2
0.4956,0.0024,22.89,66.56,2
0.4959,0.0004,22.92,66.55,2
0.482,-0.014,22.86,66.54,2
0.4618,-0.0202,22.92,66.54,2
0.4534,-0.0084,22.92,66.53,2
0.445,-0.0084,23.3,66.56,1
0.4765,0.0315,23.52,66.59,1
0.4965,0.02,23.47,66.59,2
0.3463,-0.1502,23.36,66.57,2
0.4127,0.0664,23.59,66.6,1
0.4424,0.0297,23.67,66.63,1
0.481,0.0386,23.6,66.62,2
0.5211,0.0401,23.54,66.62,2
0.5388,0.0177,23.5,66.61,2
0.5748,0.036,23.47,66.61,2
0.6037,0.0289,23.42,66.6,2
0.5598,-0.0439,23.39,66.6,2
0.3976,-0.1622,23.61,66.63,1
0.4618,0.0642,23.88,66.66,1
0.4526,-0.0092,23.75,66.65,2
0.4872,0.0346,23.68,66.64,2
0.48,-0.0072,23.56,66.63,2
0.4849,0.0049,23.44,66.62,2
0.5323,0.0474,23.34,66.62,2
0.5104,-0.0219,23.18,66.61,2
0.3578,-0.1526,23.44,66.64,1
0.3672,0.0094,23.67,66.66,1
0.3874,0.0202,23.91,66.69,1
0.4421,0.0548,24.16,66.72,1
0.452,0.0098,23.98,66.7,2
0.4587,0.0067,23.85,66.69,2
0.461,0.0024,23.72,66.68,2
0.4699,0.0088,23.55,66.67,2
0.477,0.0071,23.53,66.66,2
0.4994,0.0224,23.43,66.65,2
0.4727,-0.0267,23.29,66.64,2
0.4728,0.0001,23.27,66.64,2
0.48,0.0071,23.13,66.63,2
0.4816,0.0016,22.96,66.62,2
0.4775,-0.0041,22.89,66.61,2
0.4665,-0.0111,22.87,66.6,2
0.4739,0.0075,22.87,66.59,2
0.5273,0.0534,22.79,66.59,2
0.5613,0.034,22.79,66.58,2
0.5172,-0.0441,22.74,66.58,2
0.365,-0.1523,22.9,66.6,1
0.4645,0.0996,23.14,66.64,1
0.5397,0.0752,23.07,66.63,2
0.5768,0.0371,23.05,66.63,2
0.5973,0.0205,23.07,66.62,2
0.5855,-0.0118,23.09,66.62,2
0.5704,-0.0151,22.98,66.62,2
0.5305,-0.0399,22.95,66.61,2
0.5239,-0.0066,22.84,66.6,2
0.5633,0.0394,22.8,66.6,2
0.564,0.0007,22.78,66.6,2
0.4042,-0.1598,23.07,66.63,1
0.305,-0.0992,23.28,66.65,1
0.3595,0.0545,23.39,66.67,1
0.413,0.0535,23.66,66.7,1
0.4575,0.0445,23.57,66.69,2
0.3212,-0.1363,23.43,66.67,2
0.3759,0.0547,23.67,66.7,1
0.3814,0.0054,23.84,66.72,1
0.3722,-0.0092,24.07,66.75,1
0.3911,0.0189,24.31,66.77,1
0.4011,0.01,24.5,66.8,1
0.4335,0.0324,24.58,66.82,1
0.2942,-0.1394,24.7,66.84,1
0.3317,0.0376,24.76,66.86,1
0.226,-0.1057,25.15,66.9,0
0.2784,0.0523,25.4,66.95,0
0.3286,0.0502,25.34,66.97,1
0.2178,-0.1108,25.33,66.98,1
0.3164,0.0986,25.4,66.99,1
0.3964,0.08,25.4,67.01,1
0.408,0.0116,25.41,67.03,1
0.2774,-0.1306,25.63,67.08,0
0.3501,0.0727,25.82,67.12,0
0.2416,-0.1085,26.05,67.16,0
0.3362,0.0946,26.0,67.18,1
0.3474,0.0113,25.92,67.19,1
0.3556,0.0082,25.89,67.2,1
0.3806,0.025,25.9,67.22,1
0.372,-0.0087,25.91,67.23,1
0.3988,0.0268,25.93,67.25,1
0.2655,-0.1333,26.24,67.29,0
0.188,-0.0775,26.36,67.32,0
0.2803,0.0923,26.26,67.33,1
0.3465,0.0663,26.29,67.34,1
0.3664,0.0199,26.24,67.35,1
0.4237,0.0573,26.2,67.36,1
0.4177,-0.006,26.12,67.38,1
0.456,0.0384,25.72,67.35,2
0.4291,-0.027,25.42,67.33,2
0.4444,0.0153,25.43,67.34,1
0.4682,0.0238,25.51,67.36,1
0.4606,-0.0076,25.23,67.34,2
0.3179,-0.1427,25.04,67.31,2
0.3678,0.0499,25.13,67.32,1
0.4137,0.0459,25.17,67.33,1
0.4592,0.0455,24.88,67.31,2
0.4358,-0.0235,24.72,67.28,2
0.4409,0.0051,24.85,67.3,1
0.4421,0.0012,24.85,67.32,1
0.4312,-0.0109,24.94,67.33,1
0.4447,0.0134,24.93,67.35,1
0.4519,0.0073,24.63,67.32,2
0.4814,0.0295,24.42,67.3,2
0.3378,-0.1436,24.53,67.31,1
0.2517,-0.0862,24.56,67.32,1
0.3441,0.0924,24.63,67.33,1
0.389,0.0449,24.78,67.34,1
0.403,0.014,24.85,67.35,1
0.4299,0.0269,24.94,67.37,1
0.489,0.0591,24.65,67.35,2
0.5294,0.0404,24.48,67.33,2
0.3778,-0.1516,24.63,67.34,1
0.3948,0.017,24.78,67.35,1
0.4707,0.0759,24.57,67.33,2
0.4832,0.0124,24.34,67.31,2
0.5017,0.0185,24.09,67.28,2
0.4855,-0.0162,23.94,67.26,2
0.4945,0.009,23.76,67.24,2
0.4718,-0.0226,23.59,67.22,2
0.466,-0.0058,23.51,67.2,2
0.4721,0.0061,23.29,67.18,2
0.5018,0.0297,23.23,67.16,2
0.5016,-0.0001,23.19,67.14,2
0.3548,-0.1469,23.45,67.16,1
0.4109,0.0562,23.61,67.18,1
0.4537,0.0427,23.48,67.15,2
0.4443,-0.0094,23.4,67.13,2
0.4517,0.0074,23.3,67.11,2
0.4455,-0.0061,23.47,67.13,1
0.4396,-0.0059,23.66,67.15,1
0.5048,0.0652,23.56,67.13,2
0.5085,0.0037,23.53,67.12,2
0.5193,0.0108,23.46,67.1,2
0.5507,0.0314,23.35,67.09,2
0.5208,-0.0299,23.3,67.07,2
0.3672,-0.1536,23.45,67.09,1
0.4308,0.0636,23.68,67.11,1
0.4487,0.0179,23.94,67.13,1
0.4421,-0.0067,24.15,67.15,1
0.4476,0.0056,24.29,67.17,1
0.4739,0.0263,24.05,67.15,2
0.4815,0.0076,23.93,67.13,2
0.4915,0.0099,23.87,67.11,2
0.3439,-0.1476,24.0,67.13,1
0.3946,0.0508,24.17,67.14,1
0.2792,-0.1154,24.43,67.18,0
0.2086,-0.0707,24.7,67.22,0
0.32,0.1114,24.79,67.23,1
0.2265,-0.0934,24.8,67.24,1
0.169,-0.0576,25.11,67.27,0
0.1313,-0.0377,25.37,67.3,0
0.1051,-0.0262,25.6,67.33,0
0.2184,0.1133,25.83,67.37,0
0.3024,0.084,25.79,67.37,1
0.3421,0.0397,25.73,67.38,1
0.2257,-0.1164,25.89,67.42,0
0.271,0.0453,26.16,67.45,0
0.3068,0.0358,26.16,67.46,1
0.3404,0.0336,26.2,67.47,1
0.3619,0.0215,26.21,67.48,1
0.3873,0.0254,26.23,67.49,1
0.3727,-0.0146,26.16,67.49,1
0.3939,0.0212,26.23,67.5,1
0.3996,0.0057,26.23,67.51,1
0.4042,0.0046,26.19,67.52,1
0.4201,0.0159,26.15,67.53,1
0.44,0.0199,26.04,67.55,1
0.303,-0.137,26.02,67.55,1
0.3523,0.0493,26.07,67.56,1
0.4033,0.0509,26.01,67.57,1
0.411,0.0077,26.0,67.58,1
0.437,0.0261,25.98,67.59,1
0.4468,0.0098,26.05,67.6,1
0.4524,0.0056,25.76,67.57,2
0.458,0.0056,25.28,67.54,2
0.443,-0.015,25.44,67.55,1
0.4357,-0.0072,25.55,67.56,1
0.3001,-0.1356,25.53,67.56,1
0.373,0.0728,25.57,67.57,1
0.2627,-0.1103,25.83,67.6,0
0.1961,-0.0667,26.02,67.63,0
0.1531,-0.0429,26.25,67.66,0
0.2287,0.0755,26.45,67.68,0
0.1562,-0.0724,26.53,67.71,0
0.2516,0.0953,26.68,67.74,0
0.2946,0.043,26.6,67.74,1
0.3479,0.0533,26.54,67.74,1
0.3877,0.0399,26.42,67.74,1
0.2601,-0.1277,26.59,67.77,0
0.2983,0.0383,26.79,67.8,0
0.3432,0.0449,26.74,67.8,1
0.2282,-0.115,26.61,67.8,1
0.2792,0.051,26.82,67.83,0
0.185,-0.0942,26.95,67.85,0
0.2656,0.0807,27.12,67.88,0
0.2973,0.0317,26.96,67.87,1
0.1918,-0.1055,26.87,67.86,1
0.2672,0.0753,27.06,67.89,0
0.1747,-0.0925,27.16,67.91,0
0.1216,-0.0531,27.23,67.93,0
0.0895,-0.0321,27.37,67.95,0
0.1938,0.1043,27.49,67.97,0
0.2575,0.0637,27.59,67.99,0
0.3106,0.0532,27.43,67.99,1
0.1998,-0.1109,27.21,67.98,1
0.1372,-0.0626,27.32,67.99,0
0.1001,-0.0371,27.43,68.01,0
0.1891,0.0891,27.51,68.03,0
0.259,0.0698,27.65,68.05,0
0.2765,0.0175,27.74,68.07,0
0.1723,-0.1042,27.68,68.09,0
0.2401,0.0678,27.88,68.11,0
0.1523,-0.0878,27.98,68.13,0
0.2359,0.0836,28.1,68.15,0
0.2978,0.0619,27.85,68.14,1
0.3267,0.0289,27.77,68.13,1
0.3585,0.0318,27.61,68.13,1
0.2362,-0.1223,27.78,68.15,0
0.3139,0.0777,27.83,68.17,0
0.2124,-0.1015,27.88,68.19,0
0.2953,0.0829,27.78,68.18,1
0.1997,-0.0956,27.58,68.16,1
0.2533,0.0536,27.65,68.18,0
0.1661,-0.0872,27.69,68.2,0
0.1161,-0.05,27.78,68.21,0
0.2283,0.1122,27.84,68.23,0
0.2866,0.0584,27.71,68.22,1
0.3113,0.0247,27.54,68.21,1
0.3286,0.0173,27.4,68.2,1
0.3286,0.0,27.28,68.19,1
0.3329,0.0043,27.26,68.18,1
0.2138,-0.119,27.35,68.2,0
0.27,0.0562,27.43,68.22,0
0.1767,-0.0933,27.62,68.24,0
0.2939,0.1172,27.42,68.23,1
0.1983,-0.0955,27.3,68.21,1
0.282,0.0837,27.2,68.2,1
0.3563,0.0742,27.04,68.19,1
0.2388,-0.1174,27.1,68.21,0
0.1695,-0.0693,27.26,68.23,0
0.1263,-0.0432,27.31,68.24,0
0.2002,0.0739,27.41,68.25,0
0.1296,-0.0706,27.47,68.27,0
0.1994,0.0699,27.57,68.28,0
0.2487,0.0492,27.74,68.3,0
0.3009,0.0522,27.55,68.29,1
0.3234,0.0224,27.51,68.28,1
0.2052,-0.1181,27.52,68.29,0
0.2415,0.0363,27.66,68.31,0
0.2701,0.0286,27.76,68.32,0
0.2925,0.0225,27.58,68.31,1
0.3219,0.0294,27.5,68.3,1
0.2036,-0.1183,27.48,68.32,0
0.1376,-0.066,27.55,68.33,0
0.0989,-0.0387,27.67,68.34,0
0.0749,-0.024,27.78,68.34,0
0.164,0.0891,27.86,68.35,0
0.2415,0.0776,27.96,68.37,0
0.2918,0.0502,27.73,68.36,1
0.1838,-0.1079,27.47,68.34,1
0.3011,0.1173,27.29,68.33,1
0.3247,0.0236,27.15,68.32,1
0.3479,0.0232,26.93,68.31,1
0.2256,-0.1224,27.09,68.32,0
0.2803,0.0547,27.27,68.34,0
0.3208,0.0405,27.1,68.33,1
0.2074,-0.1134,26.92,68.31,1
0.1425,-0.065,27.05,68.32,0
0.1032,-0.0392,27.1,68.33,0
0.0781,-0.0251,27.16,68.34,0
0.1661,0.088,27.22,68.35,0
0.1029,-0.0632,27.33,68.36,0
0.0679,-0.0349,27.23,68.37,0
0.0478,-0.0202,27.37,68.37,0
0.0355,-0.0123,27.52,68.38,0
0.1325,0.097,27.73,68.38,0
0.2147,0.0823,27.78,68.4,0
0.2565,0.0418,27.86,68.41,0
0.2871,0.0306,27.74,68.4,1
0.177,-0.1101,27.54,68.38,1
0.2267,0.0497,27.64,68.39,0
0.1403,-0.0865,27.76,68.4,0
0.2054,0.0651,27.87,68.41,0
0.2694,0.0641,27.99,68.43,0
0.3397,0.0702,27.86,68.42,1
0.3619,0.0222,27.75,68.41,1
0.3819,0.02,27.63,68.4,1
0.4032,0.0213,27.52,68.39,1
0.4052,0.002,27.41,68.38,1
0.4094,0.0042,27.3,68.38,1
0.4288,0.0193,27.18,68.37,1
0.2933,-0.1354,27.12,68.36,1
0.3414,0.0481,27.04,68.35,1
0.2364,-0.105,27.23,68.36,0
0.1741,-0.0623,27.35,68.37,0
0.1348,-0.0394,27.52,68.38,0
0.2682,0.1335,27.61,68.4,0
0.1872,-0.081,27.71,68.41,0
0.2483,0.061,27.89,68.42,0
0.2845,0.0362,27.67,68.41,1
0.3139,0.0294,27.46,68.4,1
0.3228,0.0089,27.31,68.39,1
0.3378,0.015,27.19,68.37,1
0.3263,-0.0115,27.01,68.36,1
0.2068,-0.1195,27.14,68.38,0
0.2504,0.0435,27.24,68.39,0
0.1596,-0.0908,27.38,68.4,0
0.1089,-0.0506,27.54,68.41,0
0.2293,0.1203,27.57,68.42,0
0.1508,-0.0785,27.66,68.43,0
0.223,0.0722,27.77,68.44,0
0.1419,-0.0811,27.8,68.45,0
0.0963,-0.0457,27.97,68.46,0
0.1818,0.0855,28.04,68.47,0
0.1123,-0.0694,28.11,68.47,0
0.1965,0.0842,28.16,68.48,0
0.1199,-0.0766,28.2,68.49,0
0.1879,0.0679,28.22,68.5,0
0.2475,0.0597,28.29,68.51,0
0.15,-0.0975,28.29,68.52,0
0.0968,-0.0532,28.3,68.52,0
0.0665,-0.0303,28.35,68.53,0
0.0483,-0.0182,28.31,68.53,0
0.1593,0.1109,28.3,68.54,0
0.2455,0.0862,28.36,68.55,0
0.2842,0.0388,28.11,68.53,1
0.1766,-0.1076,27.84,68.51,1
0.1168,-0.0598,27.86,68.52,0
0.0819,-0.0348,27.95,68.52,0
0.183,0.1011,27.95,68.53,0
0.2656,0.0826,28.06,68.54,0
0.1672,-0.0984,28.05,68.55,0
0.1116,-0.0555,28.13,68.55,0
0.0788,-0.0329,28.12,68.56,0
0.0582,-0.0206,28.16,68.56,0
0.172,0.1138,28.18,68.56,0
0.107,-0.0651,28.21,68.57,0
0.2081,0.1011,28.29,68.58,0
0.2624,0.0543,28.28,68.59,0
0.2819,0.0195,28.03,68.57,1
0.1748,-0.1071,27.8,68.55,1
0.2334,0.0587,27.88,68.56,0
0.1461,-0.0873,27.91,68.57,0
0.0978,-0.0483,27.97,68.57,0
0.0698,-0.028,28.0,68.57,0
0.1551,0.0853,28.01,68.58,0
0.2182,0.0631,27.97,68.59,0
0.2743,0.0561,28.11,68.6,0
0.169,-0.1053,28.17,68.61,0
0.2336,0.0646,28.3,68.62,0
0.1458,-0.0878,28.35,68.62,0
0.2194,0.0737,28.27,68.63,0
0.2702,0.0508,28.26,68.64,0
0.3026,0.0324,28.08,68.62,1
0.1917,-0.1109,27.88,68.6,1
0.1301,-0.0616,27.99,68.6,0
0.0942,-0.0359,28.05,68.61,0
0.1969,0.1028,28.09,68.61,0
0.2635,0.0666,28.12,68.62,0
0.1698,-0.0937,28.26,68.63,0
0.2476,0.0778,28.39,68.64,0
0.2954,0.0478,28.16,68.62,1
0.1909,-0.1046,28.03,68.6,1
0.1321,-0.0588,28.06,68.6,0
0.0973,-0.0348,28.05,68.61,0
0.1879,0.0906,28.14,68.61,0
0.2676,0.0798,28.21,68.63,0
0.3153,0.0476,27.94,68.61,1
0.2051,-0.1102,27.71,68.59,1
0.1429,-0.0622,27.77,68.59,0
0.106,-0.0369,27.72,68.6,0
0.0826,-0.0234,27.82,68.6,0
0.1917,0.1092,27.79,68.61,0
0.2604,0.0686,27.85,68.62,0
0.1662,-0.0942,27.96,68.62,0
0.2209,0.0547,27.92,68.63,0
0.2663,0.0454,28.03,68.64,0
0.2774,0.0111,28.16,68.65,0
0.3056,0.0282,27.88,68.63,1
0.3349,0.0293,27.73,68.62,1
0.3488,0.0139,27.6,68.6,1
0.2269,-0.1219,27.7,68.61,0
0.1583,-0.0685,27.81,68.62,0
0.1177,-0.0406,27.91,68.62,0
0.1945,0.0768,27.97,68.63,0
0.2408,0.0463,28.06,68.64,0
0.2946,0.0537,27.82,68.62,1
0.3639,0.0693,27.67,68.61,1
0.2407,-0.1233,27.72,68.62,0
0.1698,-0.0709,27.78,68.62,0
0.1267,-0.0431,27.79,68.63,0
0.0988,-0.0279,27.92,68.63,0
0.2071,0.1083,27.95,68.64,0
0.2843,0.0771,27.83,68.62,1
0.1875,-0.0968,27.65,68.6,1
0.1324,-0.0551,27.69,68.6,0
0.0993,-0.0331,27.81,68.6,0
0.1806,0.0813,27.81,68.61,0
0.2298,0.0492,28.06,68.62,0
0.1414,-0.0884,28.08,68.62,0
0.0934,-0.0479,28.16,68.63,0
0.0663,-0.0271,28.21,68.63,0
0.0502,-0.0162,28.23,68.63,0
0.0398,-0.0103,28.26,68.63,0
0.1727,0.1329,28.22,68.63,0
0.1096,-0.0632,28.29,68.64,0
0.0742,-0.0354,28.29,68.64,0
0.0534,-0.0208,28.35,68.64,0
0.1429,0.0895,28.41,68.64,0
0.0838,-0.0591,28.4,68.64,0
0.1648,0.081,28.59,68.65,0
0.095,-0.0698,28.56,68.65,0
0.058,-0.037,28.45,68.65,0
0.1528,0.0948,28.54,68.65,0
0.0883,-0.0645,28.54,68.66,0
0.169,0.0807,28.62,68.66,0
0.2112,0.0422,28.63,68.67,0
0.284,0.0727,28.42,68.65,1
0.1739,-0.11,28.08,68.62,1
0.2431,0.0692,28.14,68.63,0
0.152,-0.0911,28.16,68.64,0
0.1008,-0.0512,28.11,68.64,0
0.1907,0.0899,28.22,68.65,0
0.1179,-0.0727,28.28,68.65,0
0.2274,0.1094,28.39,68.66,0
0.2583,0.031,28.39,68.67,0
0.2793,0.021,28.48,68.68,0
0.3181,0.0388,28.27,68.66,1
0.2019,-0.1163,27.98,68.64,1
0.2571,0.0552,28.09,68.65,0
0.3001,0.043,28.17,68.66,0
0.315,0.0149,27.94,68.64,1
0.3318,0.0168,27.91,68.63,1
0.3449,0.013,27.69,68.61,1
0.2234,-0.1214,27.86,68.62,0
0.1551,-0.0683,27.92,68.63,0
0.1147,-0.0405,28.07,68.63,0
0.2316,0.117,28.17,68.64,0
0.2694,0.0377,28.17,68.65,0
0.1729,-0.0965,28.23,68.65,0
0.1187,-0.0542,28.19,68.66,0
0.1991,0.0805,28.25,68.66,0
0.1265,-0.0726,28.24,68.67,0
0.0861,-0.0405,28.27,68.67,0
0.1699,0.0838,28.3,68.67,0
0.1037,-0.0662,28.21,68.68,0
0.0677,-0.036,28.22,68.68,0
0.1548,0.0872,28.29,68.68,0
0.0912,-0.0636,28.26,68.68,0
0.0573,-0.0339,28.36,68.68,0
0.0386,-0.0187,28.35,68.68,0
0.1528,0.1142,28.36,68.68,0
0.2056,0.0529,28.33,68.69,0
0.1201,-0.0855,28.32,68.69,0
0.0745,-0.0456,28.37,68.69,0
0.0495,-0.0251,28.36,68.69,0
0.035,-0.0144,28.49,68.69,0
0.0262,-0.0088,28.48,68.68,0
0.0205,-0.0057,28.36,68.68,0
0.0166,-0.0039,28.24,68.68,0
0.0137,-0.0029,28.21,68.68,0
0.1415,0.1278,28.31,68.68,0
0.2395,0.098,28.28,68.69,0
0.2651,0.0257,28.29,68.7,0
0.2987,0.0335,28.09,68.68,1
0.3303,0.0317,27.88,68.66,1
0.209,-0.1213,27.88,68.67,0
0.1408,-0.0683,27.82,68.67,0
0.1004,-0.0403,27.92,68.67,0
0.0752,-0.0252,28.03,68.67,0
0.0584,-0.0168,28.13,68.67,0
0.0466,-0.0118,28.06,68.67,0
0.1429,0.0963,28.08,68.68,0
0.2063,0.0634,28.12,68.68,0
0.1211,-0.0851,28.18,68.69,0
0.0755,-0.0456,28.14,68.69,0
0.0502,-0.0253,28.09,68.68,0
0.168,0.1178,28.06,68.69,0
0.217,0.049,28.15,68.7,0
0.1282,-0.0888,28.14,68.7,0
0.0803,-0.0479,28.18,68.7,0
0.0534,-0.0268,28.21,68.7,0
0.1452,0.0917,28.17,68.7,0
0.0839,-0.0613,28.2,68.7,0
0.1612,0.0774,28.15,68.71,0
0.2485,0.0873,28.16,68.71,0
0.2686,0.02,28.17,68.72,0
0.1629,-0.1057,28.24,68.73,0
0.1054,-0.0575,28.23,68.73,0
0.0728,-0.0326,28.25,68.73,0
0.1733,0.1005,28.38,68.73,0
0.2485,0.0752,28.52,68.74,0
0.301,0.0525,28.32,68.72,1
0.3078,0.0068,28.19,68.7,1
0.1949,-0.1129,28.29,68.71,0
0.1324,-0.0625,28.29,68.71,0
0.2061,0.0737,28.28,68.71,0
0.2577,0.0516,28.29,68.72,0
0.1615,-0.0962,28.33,68.73,0
0.1084,-0.0531,28.43,68.73,0
0.0777,-0.0307,28.47,68.73,0
0.1639,0.0862,28.45,68.73,0
0.1006,-0.0633,28.44,68.73,0
0.0663,-0.0344,28.5,68.73,0
0.1693,0.103,28.53,68.73,0
0.232,0.0627,28.6,68.74,0
0.3147,0.0827,28.33,68.72,1
0.2014,-0.1134,28.05,68.7,1
0.2571,0.0558,28.14,68.71,0
0.1648,-0.0923,28.1,68.71,0
0.1124,-0.0524,28.1,68.71,0
0.2261,0.1137,28.11,68.72,0
0.2719,0.0457,28.2,68.73,0
0.3327,0.0608,27.97,68.71,1
0.33,-0.0027,27.77,68.69,1
0.3538,0.0238,27.61,68.68,1
0.3898,0.0361,27.49,68.66,1
0.2563,-0.1335,27.64,68.67,0
0.1788,-0.0775,27.72,68.68,0
0.1312,-0.0476,27.74,68.68,0
0.1003,-0.0309,27.75,68.68,0
0.1965,0.0962,27.87,68.69,0
0.1275,-0.069,28.04,68.69,0
0.198,0.0705,28.1,68.7,0
0.2592,0.0611,28.18,68.71,0
0.1601,-0.099,28.25,68.71,0
0.2127,0.0526,28.35,68.72,0
0.2674,0.0547,28.42,68.72,0
0.3095,0.0421,28.19,68.71,1
0.319,0.0095,27.97,68.69,1
0.2015,-0.1175,28.09,68.69,0
0.136,-0.0655,28.11,68.7,0
0.2151,0.0792,28.15,68.7,0
0.2573,0.0421,28.2,68.71,0
0.2877,0.0304,27.95,68.69,1
0.1804,-0.1073,27.71,68.67,1
0.2388,0.0584,27.85,68.68,0
0.1512,-0.0876,27.9,68.68,0
0.2175,0.0663,28.0,68.69,0
0.266,0.0485,27.94,68.7,0
0.3053,0.0393,27.7,68.68,1
0.1937,-0.1116,27.47,68.65,1
0.1315,-0.0622,27.48,68.66,0
0.2177,0.0862,27.66,68.67,0
0.1406,-0.077,27.77,68.67,0
0.2021,0.0615,27.67,68.68,0
0.1252,-0.0769,27.77,68.68,0
0.083,-0.0422,27.82,68.68,0
0.0588,-0.0242,27.92,68.68,0
0.1492,0.0903,27.95,68.68,0
0.2161,0.0669,28.06,68.69,0
0.255,0.0389,28.14,68.7,0
0.153,-0.102,28.11,68.7,0
0.2277,0.0747,28.16,68.71,0
0.2888,0.0611,27.94,68.69,1
0.2969,0.0081,27.67,68.67,1
0.3168,0.0199,27.4,68.65,1
0.312,-0.0048,27.26,68.64,1
0.1949,-0.1171,27.46,68.64,0
0.2902,0.0954,27.59,68.65,0
0.1909,-0.0994,27.7,68.66,0
0.1334,-0.0575,27.83,68.66,0
0.0983,-0.0351,27.81,68.67,0
0.0756,-0.0228,27.91,68.67,0
0.0599,-0.0157,27.83,68.67,0
0.0486,-0.0114,27.91,68.67,0
0.04,-0.0086,27.96,68.66,0
0.0333,-0.0067,27.97,68.66,0
0.1429,0.1096,27.98,68.67,0
0.0856,-0.0573,28.07,68.67,0
0.1696,0.084,28.03,68.67,0
0.0992,-0.0704,28.09,68.67,0
0.2041,0.1049,28.09,68.68,0
0.1248,-0.0793,28.18,68.68,0
0.0809,-0.0439,28.21,68.68,0
0.1681,0.0872,28.31,68.69,0
0.1002,-0.0679,28.34,68.69,0
0.1908,0.0906,28.35,68.7,0
0.2723,0.0815,28.35,68.71,0
0.1717,-0.1006,28.42,68.71,0
0.1156,-0.0561,28.45,68.71,0
0.2128,0.0972,28.47,68.72,0
0.263,0.0502,28.48,68.73,0
0.294,0.031,28.27,68.71,1
0.1861,-0.1078,27.98,68.68,1
0.1264,-0.0598,27.94,68.68,0
0.0917,-0.0347,27.98,68.69,0
0.0702,-0.0214,28.07,68.69,0
0.0561,-0.0141,28.03,68.68,0
0.1486,0.0925,28.06,68.69,0
0.2351,0.0865,28.09,68.7,0
0.2738,0.0387,28.1,68.71,0
0.2914,0.0175,27.93,68.69,1
0.3034,0.0121,27.78,68.67,1
0.3339,0.0305,27.69,68.65,1
0.3322,-0.0017,27.65,68.63,1
0.3554,0.0232,27.42,68.62,1
0.3706,0.0152,27.35,68.61,1
0.3559,-0.0147,27.23,68.59,1
0.233,-0.1229,27.35,68.6,0
0.3213,0.0883,27.47,68.62,0
0.3587,0.0374,27.32,68.6,1
0.3757,0.017,27.22,68.59,1
0.3817,0.0059,27.14,68.58,1
0.2554,-0.1263,27.27,68.59,0
0.1826,-0.0728,27.38,68.59,0
0.1382,-0.0444,27.35,68.6,0
0.2543,0.1161,27.44,68.61,0
0.3505,0.0962,27.31,68.59,1
0.3564,0.006,27.19,68.58,1
0.3745,0.0181,27.05,68.57,1
0.2496,-0.1249,27.08,68.58,0
0.3199,0.0703,27.29,68.59,0
0.3232,0.0033,27.24,68.58,1
0.2117,-0.1115,27.09,68.56,1
0.263,0.0513,27.25,68.57,0
0.3316,0.0686,27.39,68.58,0
0.3603,0.0286,27.29,68.57,1
0.3749,0.0146,27.21,68.56,1
0.3984,0.0235,27.02,68.55,1
0.4182,0.0199,26.86,68.54,1
0.4381,0.0199,26.9,68.53,1
0.4509,0.0127,26.48,68.48,2
0.433,-0.0178,26.12,68.43,2
0.4589,0.0259,25.77,68.39,2
0.319,-0.1399,25.77,68.37,1
0.2359,-0.0831,25.75,68.36,1
0.3059,0.0699,25.83,68.35,1
0.3824,0.0766,25.8,68.34,1
0.4035,0.0211,25.85,68.33,1
0.3925,-0.0111,25.88,68.33,1
0.4211,0.0286,25.86,68.32,1
0.4355,0.0144,25.82,68.32,1
0.4594,0.024,25.56,68.27,2
0.3183,-0.1412,25.17,68.22,2
0.3666,0.0484,25.2,68.22,1
0.2568,-0.1098,25.14,68.2,1
0.298,0.0412,25.13,68.2,1
0.3534,0.0554,25.14,68.19,1
0.3662,0.0127,25.18,68.18,1
0.4025,0.0363,25.28,68.18,1
0.4229,0.0205,25.37,68.18,1
0.4323,0.0094,25.4,68.18,1
0.4186,-0.0137,25.45,68.17,1
0.4255,0.0069,25.52,68.17,1
0.438,0.0126,25.56,68.17,1
0.4361,-0.0019,25.6,68.17,1
0.4144,-0.0217,25.59,68.17,1
0.4276,0.0132,25.62,68.16,1
0.4192,-0.0084,25.59,68.16,1
0.4199,0.0007,25.6,68.16,1
0.4167,-0.0032,25.6,68.16,1
0.4347,0.018,25.65,68.16,1
0.4483,0.0137,25.69,68.15,1
0.4267,-0.0216,25.74,68.15,1
0.4224,-0.0043,25.75,68.15,1
0.4384,0.016,25.74,68.15,1
0.4226,-0.0158,25.78,68.15,1
0.2892,-0.1334,25.83,68.14,1
0.3414,0.0522,25.87,68.13,1
0.2371,-0.1043,26.01,68.15,0
0.3128,0.0757,26.23,68.18,0
0.3685,0.0557,26.15,68.17,1
0.368,-0.0005,26.17,68.17,1
0.2466,-0.1213,26.43,68.18,0
0.294,0.0473,26.66,68.21,0
0.3545,0.0605,26.55,68.2,1
0.3958,0.0413,26.48,68.19,1
0.3955,-0.0003,26.49,68.19,1
0.4315,0.0359,26.47,68.19,1
0.4573,0.0258,26.12,68.15,2
0.4497,-0.0076,25.77,68.11,2
0.4496,-0.0001,25.73,68.11,1
0.309,-0.1406,25.68,68.1,1
0.3606,0.0516,25.66,68.1,1
0.251,-0.1096,25.86,68.12,0
0.185,-0.066,26.13,68.13,0
0.2853,0.1003,26.19,68.13,1
0.329,0.0437,26.2,68.12,1
0.3414,0.0125,26.18,68.11,1
0.2268,-0.1146,26.33,68.13,0
0.1614,-0.0655,26.44,68.15,0
0.2618,0.1004,26.58,68.17,0
0.1782,-0.0836,26.68,68.18,0
0.1292,-0.049,26.82,68.2,0
0.0986,-0.0305,26.97,68.21,0
0.1809,0.0822,27.08,68.22,0
0.2248,0.0439,27.2,68.24,0
0.2478,0.023,27.41,68.26,0
0.2936,0.0458,27.3,68.25,1
0.3078,0.0142,27.23,68.24,1
0.3279,0.0201,27.03,68.23,1
0.2083,-0.1196,27.15,68.24,0
0.3017,0.0934,27.36,68.27,0
0.3287,0.0269,27.4,68.26,1
0.3589,0.0303,27.29,68.25,1
0.2356,-0.1233,27.37,68.27,0
0.2871,0.0515,27.46,68.28,0
0.1894,-0.0977,27.52,68.3,0
0.3104,0.121,27.34,68.29,1
0.3529,0.0425,27.16,68.28,1
0.3619,0.009,27.09,68.27,1
0.3835,0.0216,26.95,68.27,1
0.2555,-0.128,27.1,68.28,0
0.3288,0.0733,27.36,68.3,0
0.3601,0.0314,27.19,68.3,1
0.3651,0.005,27.03,68.29,1
0.3608,-0.0044,26.94,68.28,1
0.3637,0.003,26.86,68.27,1
0.3778,0.0141,26.78,68.27,1
0.2499,-0.1279,26.89,68.28,0
0.2841,0.0342,27.02,68.3,0
0.3396,0.0555,26.93,68.29,1
0.3704,0.0308,26.81,68.29,1
0.3659,-0.0044,26.77,68.28,1
0.368,0.0021,26.67,68.27,1
0.3748,0.0067,26.62,68.26,1
0.2495,-0.1253,26.7,68.28,0
0.3206,0.0711,26.9,68.3,0
0.3429,0.0222,26.92,68.29,1
0.2292,-0.1137,26.8,68.28,1
0.2712,0.042,26.96,68.3,0
0.3368,0.0655,27.1,68.32,0
0.3972,0.0605,26.97,68.31,1
0.4057,0.0085,26.88,68.31,1
0.4155,0.0098,26.74,68.3,1
0.4453,0.0297,26.69,68.3,1
0.4454,0.0002,26.63,68.29,1
0.4448,-0.0007,26.52,68.29,1
0.4395,-0.0053,26.53,68.29,1
0.303,-0.1364,26.51,68.27,1
0.2227,-0.0803,26.62,68.29,0
0.3199,0.0972,26.78,68.31,0
0.3386,0.0187,26.7,68.3,1
0.23,-0.1086,26.59,68.29,1
0.3218,0.0917,26.5,68.28,1
0.2216,-0.1001,26.7,68.29,0
0.3045,0.0828,26.9,68.31,0
0.3666,0.0621,26.82,68.3,1
0.4031,0.0365,26.82,68.3,1
0.4203,0.0172,26.68,68.29,1
0.4065,-0.0138,26.63,68.29,1
0.4116,0.005,26.56,68.28,1
0.4172,0.0057,26.56,68.28,1
0.4128,-0.0044,26.46,68.27,1
0.4222,0.0093,26.47,68.27,1
0.4327,0.0105,26.4,68.26,1
0.4428,0.0101,26.44,68.26,1
0.4379,-0.0049,26.34,68.26,1
0.4442,0.0063,26.29,68.26,1
0.4594,0.0152,25.96,68.21,2
0.4765,0.0171,25.61,68.17,2
0.3329,-0.1436,25.65,68.17,1
0.3918,0.0589,25.65,68.16,1
0.4203,0.0285,25.58,68.16,1
0.4505,0.0302,25.31,68.12,2
0.4493,-0.0013,24.96,68.08,2
0.3107,-0.1386,24.98,68.07,1
0.3529,0.0423,25.09,68.07,1
0.3898,0.0368,25.15,68.07,1
0.4446,0.0549,25.28,68.07,1
0.4626,0.0179,25.13,68.03,2
0.4499,-0.0126,24.82,67.99,2
0.4375,-0.0124,24.9,67.99,1
0.4353,-0.0022,25.05,68.0,1
0.4427,0.0074,25.13,68.0,1
0.4206,-0.0221,25.19,68.0,1
0.4191,-0.0015,25.23,68.0,1
0.2859,-0.1332,25.22,67.99,1
0.3483,0.0623,25.18,67.99,1
0.3947,0.0464,25.25,67.99,1
0.2739,-0.1207,25.54,68.02,0
0.3875,0.1136,25.83,68.04,0
0.4372,0.0497,25.82,68.05,1
0.4552,0.018,25.86,68.05,1
0.4562,0.001,25.53,68.01,2
0.4773,0.0211,25.19,67.97,2
0.4731,-0.0042,24.9,67.94,2
0.4725,-0.0006,24.73,67.9,2
0.4635,-0.009,24.54,67.87,2
0.4586,-0.0049,24.34,67.83,2
0.4857,0.0271,24.12,67.8,2
0.4994,0.0137,24.02,67.77,2
0.525,0.0257,23.91,67.74,2
0.5095,-0.0156,23.74,67.71,2
0.5254,0.0159,23.6,67.68,2
0.5399,0.0145,23.45,67.66,2
0.5486,0.0087,23.37,67.63,2
0.5762,0.0276,23.36,67.61,2
0.5775,0.0012,23.27,67.58,2
0.6045,0.027,23.32,67.56,2
0.5781,-0.0264,23.37,67.54,2
0.5741,-0.0039,23.34,67.52,2
0.5285,-0.0456,23.3,67.49,2
0.577,0.0485,23.34,67.47,2
0.5697,-0.0073,23.29,67.45,2
0.6046,0.0349,23.24,67.43,2
0.6172,0.0126,23.18,67.42,2
0.6386,0.0214,23.16,67.4,2
0.4625,-0.1761,23.07,67.37,2
0.528,0.0655,23.1,67.35,2
0.519,-0.009,23.07,67.33,2
0.5403,0.0213,22.94,67.31,2
0.572,0.0316,22.84,67.29,2
0.5623,-0.0097,22.77,67.28,2
0.5506,-0.0117,22.65,67.26,2
0.5413,-0.0093,22.64,67.24,2
0.5643,0.023,22.72,67.22,2
0.5511,-0.0132,22.73,67.21,2
0.5427,-0.0084,22.75,67.19,2
0.5041,-0.0387,22.69,67.17,2
0.5228,0.0187,22.67,67.15,2
0.558,0.0352,22.66,67.14,2
0.5336,-0.0244,22.65,67.12,2
0.5599,0.0263,22.56,67.11,2
0.5468,-0.0131,22.56,67.09,2
0.5583,0.0115,22.52,67.08,2
0.5494,-0.0089,22.5,67.07,2
0.5793,0.0299,22.57,67.05,2
0.6146,0.0353,22.6,67.04,2
0.5989,-0.0157,22.67,67.03,2
0.5939,-0.005,22.72,67.02,2
0.6164,0.0225,22.67,67.01,2
0.5951,-0.0213,22.6,67.0,2
0.6047,0.0096,22.6,66.99,2
0.5825,-0.0222,22.69,66.98,2
0.5668,-0.0157,22.73,66.97,2
0.5402,-0.0267,22.72,66.96,2
0.5423,0.0021,22.68,66.94,2
0.5519,0.0096,22.76,66.93,2
0.5931,0.0412,22.76,66.92,2
0.55,-0.0431,22.86,66.91,2
0.5612,0.0112,22.83,66.9,2
0.3996,-0.1617,23.1,66.93,1
