OCI,delta_OCI,temp_indoor,humi_indoor,ac_mode_class
0.0,0.0,27.69,60.14,1
0.115,0.115,27.48,60.28,1
0.2096,0.0946,27.58,60.46,0
0.2428,0.0332,27.65,60.63,0
0.3049,0.0621,27.55,60.77,1
0.3575,0.0526,27.44,60.92,1
0.3504,-0.0072,27.22,61.05,1
0.2245,-0.1258,27.26,61.22,0
0.3131,0.0885,27.42,61.38,0
0.3494,0.0364,27.25,61.51,1
0.3977,0.0483,27.16,61.64,1
0.425,0.0273,27.09,61.76,1
0.4153,-0.0097,27.05,61.89,1
0.4075,-0.0078,26.91,62.01,1
0.4021,-0.0054,26.76,62.13,1
0.4023,0.0001,26.63,62.25,1
0.4132,0.0109,26.61,62.37,1
0.4139,0.0007,26.63,62.48,1
0.4214,0.0075,26.52,62.59,1
0.487,0.0657,26.1,62.66,2
0.4505,-0.0366,25.74,62.73,2
0.451,0.0005,25.38,62.8,2
0.4597,0.0088,25.14,62.87,2
0.503,0.0433,24.91,62.94,2
0.5165,0.0134,24.73,63.0,2
0.4876,-0.0288,24.57,63.07,2
0.4841,-0.0035,24.37,63.13,2
0.5289,0.0448,24.17,63.19,2
0.5123,-0.0166,23.99,63.26,2
0.4676,-0.0447,23.82,63.31,2
0.4677,0.0001,23.66,63.37,2
0.4417,-0.026,23.81,63.47,1
0.4351,-0.0066,23.96,63.56,1
0.4422,0.0071,24.14,63.65,1
0.4482,0.0059,24.32,63.74,1
0.4513,0.0031,24.11,63.79,2
0.4749,0.0237,23.98,63.83,2
0.5206,0.0457,23.76,63.88,2
0.534,0.0133,23.64,63.93,2
0.5419,0.0079,23.6,63.98,2
0.5533,0.0115,23.41,64.03,2
0.5822,0.0288,23.36,64.08,2
0.6023,0.0202,23.34,64.13,2
0.6125,0.0102,23.26,64.17,2
0.6235,0.011,23.25,64.22,2
0.6218,-0.0018,23.2,64.27,2
0.6018,-0.02,23.28,64.31,2
0.6411,0.0393,23.22,64.36,2
0.6578,0.0167,23.13,64.4,2
0.6606,0.0028,23.13,64.45,2
0.6249,-0.0357,23.15,64.49,2
0.597,-0.028,23.07,64.53,2
0.6096,0.0126,23.1,64.57,2
0.6241,0.0146,23.03,64.61,2
0.5922,-0.0319,22.97,64.65,2
0.4262,-0.166,23.19,64.72,1
0.4471,0.0209,23.34,64.79,1
0.4918,0.0447,23.23,64.81,2
0.4929,0.0011,23.11,64.84,2
0.545,0.0521,23.1,64.87,2
0.5633,0.0183,23.01,64.9,2
0.5858,0.0226,22.95,64.93,2
0.5728,-0.0131,22.91,64.96,2
0.5696,-0.0032,22.93,64.99,2
0.5243,-0.0452,22.82,65.02,2
0.5186,-0.0057,22.75,65.05,2
0.5118,-0.0068,22.72,65.07,2
0.5194,0.0076,22.71,65.09,2
0.5587,0.0393,22.73,65.12,2
0.5314,-0.0273,22.73,65.15,2
0.5407,0.0093,22.72,65.17,2
0.564,0.0234,22.69,65.19,2
0.5627,-0.0013,22.71,65.22,2
0.5352,-0.0276,22.57,65.24,2
0.5568,0.0216,22.68,65.26,2
0.5988,0.042,22.7,65.29,2
0.5838,-0.015,22.67,65.31,2
0.5567,-0.0271,22.61,65.33,2
0.5541,-0.0026,22.61,65.35,2
0.57,0.0159,22.58,65.38,2
0.591,0.021,22.58,65.4,2
0.5908,-0.0002,22.69,65.42,2
0.5625,-0.0283,22.7,65.44,2
0.5666,0.0041,22.69,65.46,2
0.5668,0.0002,22.71,65.48,2
0.6084,0.0416,22.76,65.5,2
0.6239,0.0155,22.72,65.52,2
0.5875,-0.0364,22.64,65.54,2
0.5861,-0.0014,22.66,65.56,2
0.6005,0.0145,22.53,65.58,2
0.5856,-0.0149,22.48,65.59,2
0.5751,-0.0106,22.45,65.61,2
0.6174,0.0423,22.51,65.63,2
0.6603,0.043,22.58,65.65,2
0.6334,-0.0269,22.65,65.67,2
0.655,0.0216,22.68,65.69,2
0.6606,0.0056,22.74,65.71,2
0.6587,-0.0019,22.77,65.73,2
0.65,-0.0087,22.82,65.74,2
0.6245,-0.0256,22.77,65.76,2
0.6578,0.0333,22.71,65.78,2
0.6848,0.027,22.73,65.8,2
0.7119,0.0271,22.8,65.82,2
0.6864,-0.0256,22.81,65.83,2
0.6646,-0.0217,22.75,65.85,2
0.6783,0.0137,22.72,65.87,2
0.6754,-0.0029,22.72,65.88,2
0.6755,0.0001,22.75,65.9,2
0.6518,-0.0237,22.73,65.92,2
0.6782,0.0264,22.74,65.93,2
0.629,-0.0492,22.77,65.94,2
0.6298,0.0008,22.73,65.96,2
0.6204,-0.0094,22.64,65.97,2
0.5613,-0.0591,22.63,65.98,2
0.5688,0.0075,22.67,65.99,2
0.589,0.0202,22.67,66.0,2
0.6059,0.0169,22.75,66.01,2
0.6333,0.0274,22.74,66.02,2
0.6029,-0.0304,22.72,66.03,2
0.5691,-0.0338,22.69,66.03,2
0.5828,0.0137,22.65,66.04,2
0.594,0.0112,22.63,66.05,2
0.5458,-0.0482,22.67,66.06,2
0.546,0.0003,22.7,66.06,2
0.5609,0.0148,22.75,66.07,2
0.5807,0.0198,22.77,66.08,2
0.6328,0.0521,22.84,66.09,2
0.6657,0.0329,22.8,66.1,2
0.7026,0.0369,22.82,66.11,2
0.6915,-0.0111,22.84,66.13,2
0.6795,-0.012,22.86,66.14,2
0.7012,0.0216,22.9,66.15,2
0.7104,0.0092,23.01,66.16,2
0.7334,0.0231,23.02,66.18,2
0.685,-0.0485,23.02,66.19,2
0.6906,0.0056,23.04,66.2,2
0.6864,-0.0041,23.06,66.21,2
0.6942,0.0077,23.03,66.22,2
0.6703,-0.0239,23.03,66.23,2
0.6476,-0.0227,22.95,66.24,2
0.637,-0.0106,22.82,66.24,2
0.6711,0.0341,22.82,66.25,2
0.6517,-0.0193,22.84,66.26,2
0.6742,0.0225,22.77,66.27,2
0.7152,0.041,22.8,66.28,2
0.6939,-0.0213,22.83,66.29,2
0.6779,-0.0161,22.82,66.29,2
0.6593,-0.0186,22.82,66.3,2
0.6869,0.0277,22.85,66.31,2
0.7162,0.0292,22.82,66.32,2
0.7588,0.0426,22.86,66.33,2
0.7593,0.0005,22.79,66.34,2
0.7479,-0.0114,22.77,66.35,2
0.7097,-0.0382,22.86,66.36,2
0.6997,-0.01,22.84,66.37,2
0.6697,-0.0301,22.8,66.38,2
0.6232,-0.0464,22.77,66.38,2
0.6551,0.0319,22.76,66.38,2
0.6036,-0.0515,22.74,66.39,2
0.6148,0.0111,22.74,66.39,2
0.6267,0.0119,22.79,66.39,2
0.6142,-0.0125,22.83,66.4,2
0.6061,-0.0081,22.81,66.4,2
0.6162,0.0101,22.83,66.4,2
0.6508,0.0346,22.77,66.41,2
0.6273,-0.0235,22.84,66.41,2
0.6329,0.0056,22.84,66.41,2
0.6636,0.0307,22.89,66.42,2
0.6442,-0.0194,22.92,66.42,2
0.625,-0.0192,22.87,66.42,2
0.6128,-0.0122,22.89,66.43,2
0.6116,-0.0013,22.87,66.43,2
0.615,0.0034,22.82,66.43,2
0.6272,0.0122,22.82,66.43,2
0.6545,0.0273,22.83,66.44,2
0.682,0.0275,22.82,66.44,2
0.7024,0.0204,22.75,66.45,2
0.7051,0.0027,22.74,66.46,2
0.6871,-0.018,22.77,66.46,2
0.6822,-0.0048,22.82,66.47,2
0.6869,0.0047,22.88,66.47,2
0.6874,0.0005,22.88,66.48,2
0.7128,0.0254,22.9,66.48,2
0.7316,0.0188,22.82,66.49,2
0.7486,0.017,22.95,66.5,2
0.6923,-0.0563,23.02,66.5,2
0.7153,0.023,23.04,66.51,2
0.7201,0.0048,23.0,66.51,2
0.7293,0.0091,23.04,66.52,2
0.7343,0.005,23.03,66.53,2
0.6884,-0.0459,22.96,66.53,2
0.6737,-0.0147,22.95,66.53,2
0.6884,0.0147,22.97,66.54,2
0.6837,-0.0048,23.02,66.54,2
0.6536,-0.0301,23.02,66.54,2
0.6779,0.0243,22.88,66.54,2
0.6204,-0.0575,22.85,66.54,2
0.6109,-0.0095,22.86,66.54,2
0.6071,-0.0039,22.88,66.54,2
0.6396,0.0325,22.86,66.54,2
0.6435,0.0039,22.85,66.55,2
0.6215,-0.022,22.82,66.55,2
0.6266,0.0051,22.77,66.55,2
0.6373,0.0107,22.8,66.55,2
0.6391,0.0018,22.78,66.55,2
0.6895,0.0505,22.76,66.55,2
0.6798,-0.0097,22.76,66.55,2
0.6906,0.0107,22.81,66.56,2
0.6635,-0.0271,22.91,66.56,2
0.698,0.0346,22.91,66.56,2
0.6803,-0.0177,22.91,66.57,2
0.7027,0.0224,22.96,66.57,2
0.7077,0.0051,22.96,66.57,2
0.6765,-0.0313,22.98,66.58,2
0.6644,-0.0121,22.96,66.58,2
0.6641,-0.0002,22.96,66.58,2
0.6648,0.0007,22.96,66.58,2
0.6967,0.0318,22.97,66.59,2
0.6551,-0.0415,22.99,66.59,2
0.6463,-0.0088,22.94,66.59,2
0.6316,-0.0147,22.89,66.59,2
0.6312,-0.0004,22.93,66.59,2
0.6632,0.032,22.9,66.59,2
0.7019,0.0388,22.89,66.59,2
0.7249,0.023,22.82,66.6,2
0.6807,-0.0443,22.76,66.6,2
0.6547,-0.026,22.84,66.6,2
0.6839,0.0293,22.85,66.6,2
0.7171,0.0332,22.85,66.6,2
0.745,0.0278,22.86,66.61,2
0.7501,0.0051,22.99,66.62,2
0.7536,0.0035,23.01,66.62,2
0.6993,-0.0543,22.95,66.62,2
0.6901,-0.0093,23.0,66.62,2
0.7211,0.031,23.03,66.63,2
0.6836,-0.0375,23.06,66.63,2
0.6503,-0.0333,23.01,66.63,2
0.6177,-0.0326,22.95,66.63,2
0.6161,-0.0015,22.9,66.63,2
0.6544,0.0383,22.93,66.63,2
0.6937,0.0393,22.85,66.63,2
0.6835,-0.0102,22.94,66.63,2
0.6812,-0.0023,22.98,66.63,2
0.7008,0.0196,23.03,66.63,2
0.7089,0.0081,23.07,66.64,2
0.7144,0.0055,23.02,66.64,2
0.7153,0.0009,22.99,66.64,2
0.7175,0.0021,23.02,66.65,2
0.7421,0.0246,22.98,66.65,2
0.7409,-0.0012,22.97,66.65,2
0.7449,0.004,23.01,66.66,2
0.7673,0.0224,23.02,66.66,2
0.7822,0.0149,22.98,66.67,2
0.7413,-0.0409,22.99,66.67,2
0.7242,-0.0171,22.94,66.68,2
0.695,-0.0291,22.91,66.68,2
0.6745,-0.0205,22.91,66.68,2
0.6867,0.0122,22.95,66.68,2
0.6895,0.0027,22.85,66.68,2
0.7022,0.0127,22.77,66.68,2
0.7021,-0.0001,22.78,66.68,2
0.7072,0.0052,22.75,66.68,2
0.7218,0.0146,22.77,66.69,2
0.7544,0.0326,22.82,66.69,2
0.7397,-0.0146,22.76,66.69,2
0.73,-0.0097,22.77,66.7,2
0.7571,0.0271,22.72,66.7,2
0.753,-0.0041,22.81,66.7,2
0.7472,-0.0058,22.84,66.71,2
0.7699,0.0227,22.96,66.71,2
0.7451,-0.0248,22.96,66.71,2
0.7543,0.0092,23.02,66.72,2
0.7694,0.015,23.06,66.72,2
0.753,-0.0163,23.11,66.73,2
0.7355,-0.0175,23.12,66.73,2
0.7399,0.0044,23.13,66.73,2
0.7277,-0.0122,23.09,66.73,2
0.7227,-0.005,23.09,66.73,2
0.7077,-0.015,23.02,66.73,2
0.669,-0.0387,23.01,66.73,2
0.6924,0.0234,23.06,66.73,2
0.7167,0.0244,23.07,66.73,2
0.7311,0.0143,23.13,66.74,2
0.745,0.014,23.14,66.74,2
0.7063,-0.0387,23.25,66.74,2
0.721,0.0147,23.28,66.74,2
0.7297,0.0087,23.21,66.74,2
0.7356,0.0059,23.16,66.74,2
0.7245,-0.0111,23.11,66.74,2
0.7349,0.0104,23.11,66.75,2
0.7387,0.0038,23.12,66.75,2
0.742,0.0033,23.06,66.75,2
0.732,-0.0099,22.97,66.75,2
0.7323,0.0003,23.0,66.75,2
0.738,0.0057,22.97,66.76,2
0.7528,0.0149,23.02,66.76,2
0.7414,-0.0115,23.04,66.76,2
0.7212,-0.0202,22.92,66.76,2
0.7205,-0.0006,22.82,66.76,2
0.7177,-0.0028,22.83,66.76,2
0.7004,-0.0173,22.88,66.76,2
0.7106,0.0101,22.86,66.76,2
0.7138,0.0033,22.89,66.76,2
0.6845,-0.0293,22.81,66.76,2
0.6695,-0.015,22.74,66.76,2
0.671,0.0014,22.87,66.76,2
0.7044,0.0334,22.94,66.76,2
0.7472,0.0429,23.03,66.76,2
0.7542,0.007,23.04,66.76,2
0.7529,-0.0013,23.03,66.77,2
0.7242,-0.0287,23.04,66.77,2
0.7172,-0.007,23.04,66.77,2
0.7464,0.0292,23.09,66.77,2
0.7121,-0.0343,23.16,66.77,2
0.7171,0.005,23.15,66.77,2
0.7247,0.0076,23.17,66.77,2
0.7239,-0.0007,23.17,66.77,2
0.7419,0.018,23.12,66.77,2
0.7485,0.0065,23.12,66.78,2
0.672,-0.0765,23.13,66.77,2
0.6836,0.0117,23.06,66.77,2
0.6462,-0.0374,22.98,66.77,2
0.6514,0.0052,22.91,66.77,2
0.6412,-0.0103,22.8,66.76,2
0.635,-0.0061,22.77,66.76,2
0.6589,0.0239,22.82,66.76,2
0.6395,-0.0194,22.83,66.75,2
0.6677,0.0282,22.82,66.75,2
0.6641,-0.0036,22.87,66.75,2
0.6573,-0.0068,22.86,66.75,2
0.685,0.0277,22.88,66.75,2
0.7188,0.0338,22.98,66.75,2
0.7416,0.0228,23.03,66.75,2
0.7404,-0.0012,23.02,66.75,2
0.7711,0.0308,23.06,66.76,2
0.7486,-0.0225,23.07,66.76,2
0.7362,-0.0124,23.15,66.76,2
0.7342,-0.002,23.13,66.76,2
0.7679,0.0337,23.12,66.76,2
0.7817,0.0139,23.07,66.77,2
0.7348,-0.0469,23.16,66.77,2
0.7006,-0.0342,23.19,66.77,2
0.7193,0.0187,23.16,66.77,2
0.7211,0.0017,23.12,66.77,2
0.6928,-0.0282,23.1,66.77,2
0.7216,0.0288,23.04,66.77,2
0.7404,0.0189,22.97,66.77,2
0.7662,0.0257,22.93,66.78,2
0.7712,0.005,22.94,66.78,2
0.7715,0.0003,22.96,66.78,2
0.7508,-0.0207,23.02,66.78,2
0.7518,0.001,22.99,66.78,2
0.7419,-0.0099,23.05,66.79,2
0.68,-0.0619,23.07,66.78,2
0.7,0.02,23.03,66.78,2
0.6862,-0.0138,23.01,66.78,2
0.6488,-0.0374,22.88,66.78,2
0.6798,0.031,22.87,66.78,2
0.6516,-0.0281,22.94,66.77,2
0.6726,0.0209,22.94,66.77,2
0.6912,0.0186,22.89,66.77,2
0.6667,-0.0245,22.86,66.77,2
0.6815,0.0148,22.83,66.77,2
0.7032,0.0217,22.78,66.77,2
0.7047,0.0014,22.8,66.77,2
0.7113,0.0067,22.68,66.77,2
0.7306,0.0192,22.7,66.77,2
0.74,0.0094,22.71,66.77,2
0.7551,0.0151,22.74,66.77,2
0.7563,0.0012,22.76,66.78,2
0.7506,-0.0057,22.78,66.78,2
0.7719,0.0213,22.84,66.78,2
0.7531,-0.0188,22.78,66.78,2
0.7773,0.0242,22.81,66.79,2
0.7494,-0.0278,22.81,66.79,2
0.7566,0.0071,22.84,66.79,2
0.7708,0.0143,22.87,66.79,2
0.7421,-0.0287,22.83,66.79,2
0.7527,0.0106,22.83,66.8,2
0.713,-0.0397,22.9,66.8,2
0.6827,-0.0303,22.93,66.79,2
0.6467,-0.036,22.93,66.79,2
0.6479,0.0012,22.77,66.79,2
0.6716,0.0236,22.75,66.78,2
0.6146,-0.057,22.82,66.78,2
0.6463,0.0317,22.87,66.78,2
0.6961,0.0498,22.91,66.78,2
0.6956,-0.0005,22.95,66.77,2
0.6757,-0.02,22.94,66.77,2
0.6701,-0.0055,22.92,66.77,2
0.6519,-0.0182,22.99,66.77,2
0.649,-0.0029,22.96,66.77,2
0.6731,0.024,22.87,66.76,2
0.6841,0.011,22.91,66.76,2
0.6679,-0.0162,22.94,66.76,2
0.6732,0.0054,22.9,66.76,2
0.6982,0.025,22.89,66.76,2
0.6739,-0.0243,22.95,66.76,2
0.6944,0.0206,22.99,66.76,2
0.7184,0.024,23.02,66.76,2
0.6817,-0.0367,23.03,66.76,2
0.6728,-0.0089,23.01,66.76,2
0.6975,0.0247,23.02,66.76,2
0.7356,0.0381,23.06,66.76,2
0.7658,0.0303,23.05,66.76,2
0.7585,-0.0073,23.02,66.76,2
0.7784,0.0199,23.07,66.77,2
0.7974,0.019,23.01,66.77,2
0.8129,0.0155,23.07,66.78,2
0.767,-0.0459,23.08,66.78,2
0.7466,-0.0204,23.11,66.78,2
0.7532,0.0066,23.12,66.78,2
0.7693,0.0161,23.13,66.79,2
0.7756,0.0063,23.12,66.79,2
0.7654,-0.0103,23.2,66.79,2
0.7257,-0.0397,23.18,66.79,2
0.7544,0.0288,23.15,66.79,2
0.7575,0.0031,23.1,66.8,2
0.7723,0.0148,23.13,66.8,2
0.7762,0.0039,23.09,66.8,2
0.7075,-0.0687,23.08,66.8,2
0.7262,0.0188,23.12,66.8,2
0.7258,-0.0004,23.04,66.8,2
0.739,0.0132,23.01,66.8,2
0.7352,-0.0038,23.04,66.8,2
0.7442,0.009,23.07,66.8,2
0.7638,0.0196,23.08,66.81,2
0.7604,-0.0035,23.0,66.81,2
0.7582,-0.0021,23.02,66.81,2
0.7519,-0.0063,23.05,66.81,2
0.754,0.0021,23.1,66.81,2
0.7484,-0.0056,23.05,66.81,2
0.7504,0.002,23.06,66.81,2
0.721,-0.0294,23.03,66.81,2
0.7345,0.0135,23.07,66.82,2
0.7487,0.0142,23.03,66.82,2
0.7602,0.0115,23.06,66.82,2
0.7766,0.0164,23.02,66.82,2
0.7791,0.0025,23.05,66.82,2
0.7307,-0.0484,23.07,66.82,2
0.72,-0.0107,23.02,66.82,2
0.7395,0.0195,23.01,66.82,2
0.7578,0.0182,22.96,66.82,2
0.728,-0.0298,22.89,66.82,2
0.7302,0.0022,22.94,66.82,2
0.6845,-0.0457,22.86,66.82,2
0.709,0.0246,22.82,66.82,2
0.7221,0.0131,22.81,66.82,2
0.6919,-0.0302,22.79,66.82,2
0.709,0.0171,22.79,66.82,2
0.7219,0.0129,22.84,66.82,2
0.7251,0.0033,22.8,66.82,2
0.7454,0.0202,22.84,66.82,2
0.7502,0.0049,22.86,66.82,2
0.7604,0.0102,22.92,66.82,2
0.7611,0.0007,22.84,66.82,2
0.7353,-0.0258,22.81,66.82,2
0.7269,-0.0083,22.84,66.82,2
0.6928,-0.0341,22.8,66.82,2
0.7125,0.0197,22.87,66.82,2
0.7336,0.0211,22.84,66.82,2
0.7691,0.0355,22.84,66.82,2
0.7646,-0.0044,22.88,66.82,2
0.7566,-0.0081,22.86,66.83,2
0.7688,0.0123,22.87,66.83,2
0.755,-0.0138,22.9,66.83,2
0.739,-0.0161,22.93,66.83,2
0.7514,0.0124,22.94,66.83,2
0.7255,-0.0259,22.94,66.83,2
0.6892,-0.0363,22.96,66.83,2
0.6923,0.0031,22.94,66.83,2
0.6899,-0.0024,22.95,66.82,2
0.6979,0.0079,22.85,66.82,2
0.694,-0.0039,22.95,66.82,2
0.6991,0.0051,22.9,66.82,2
0.7088,0.0097,22.82,66.82,2
0.7328,0.024,22.79,66.82,2
0.7083,-0.0245,22.66,66.82,2
0.6656,-0.0426,22.75,66.81,2
0.6794,0.0137,22.73,66.81,2
0.6992,0.0199,22.72,66.81,2
0.7143,0.0151,22.73,66.81,2
0.7222,0.0078,22.77,66.81,2
0.7377,0.0155,22.8,66.81,2
0.7264,-0.0112,22.85,66.81,2
0.7103,-0.0161,22.98,66.81,2
0.716,0.0057,23.07,66.81,2
0.7237,0.0077,23.0,66.81,2
0.728,0.0043,23.02,66.81,2
0.7421,0.0141,23.07,66.81,2
0.7206,-0.0215,23.07,66.81,2
0.7471,0.0265,23.11,66.81,2
0.7676,0.0205,23.07,66.81,2
0.752,-0.0156,23.03,66.82,2
0.7655,0.0134,22.95,66.82,2
0.7327,-0.0327,23.0,66.82,2
0.7058,-0.027,22.96,66.82,2
0.7312,0.0255,23.0,66.82,2
0.6957,-0.0355,23.03,66.82,2
0.6936,-0.0021,22.99,66.81,2
0.7066,0.013,22.91,66.81,2
0.7178,0.0112,22.86,66.81,2
0.6841,-0.0336,22.87,66.81,2
0.7157,0.0316,22.91,66.81,2
0.7345,0.0188,22.92,66.81,2
0.7184,-0.0161,22.93,66.81,2
0.6688,-0.0496,22.88,66.81,2
0.6924,0.0237,22.85,66.81,2
0.6946,0.0021,22.77,66.8,2
0.7186,0.0241,22.81,66.8,2
0.6723,-0.0463,22.79,66.8,2
0.6919,0.0196,22.72,66.8,2
0.7077,0.0158,22.82,66.8,2
0.7109,0.0032,22.85,66.8,2
0.6747,-0.0362,22.85,66.8,2
0.7024,0.0277,22.83,66.8,2
0.6909,-0.0116,22.83,66.79,2
0.6679,-0.023,22.85,66.79,2
0.6792,0.0113,22.85,66.79,2
0.7055,0.0263,22.92,66.79,2
0.7115,0.006,22.86,66.79,2
0.7188,0.0073,22.82,66.79,2
0.7317,0.0129,22.91,66.79,2
0.7446,0.0129,22.98,66.79,2
0.7384,-0.0062,22.99,66.79,2
0.7547,0.0163,23.05,66.8,2
0.7505,-0.0042,23.04,66.8,2
0.7598,0.0093,22.99,66.8,2
0.7774,0.0176,22.99,66.8,2
0.7437,-0.0337,23.03,66.8,2
0.7497,0.006,23.12,66.8,2
0.7401,-0.0096,23.08,66.81,2
0.7692,0.0292,23.1,66.81,2
0.7693,0.0001,23.09,66.81,2
0.7244,-0.0449,23.09,66.81,2
0.7076,-0.0168,23.1,66.81,2
0.7098,0.0022,23.1,66.81,2
0.7367,0.0269,23.07,66.81,2
0.7135,-0.0232,23.1,66.81,2
0.719,0.0055,23.05,66.81,2
0.7372,0.0182,23.05,66.81,2
0.7518,0.0146,23.08,66.81,2
0.7291,-0.0226,23.09,66.81,2
0.7169,-0.0123,23.09,66.81,2
0.7075,-0.0094,23.12,66.81,2
0.7341,0.0266,23.16,66.81,2
0.7537,0.0196,23.23,66.81,2
0.7803,0.0266,23.21,66.81,2
0.7949,0.0146,23.17,66.82,2
0.7461,-0.0488,23.09,66.82,2
0.7608,0.0147,23.09,66.82,2
0.753,-0.0077,23.13,66.82,2
0.7314,-0.0216,23.13,66.82,2
0.7107,-0.0208,23.1,66.82,2
0.7171,0.0065,23.13,66.82,2
0.6983,-0.0188,23.07,66.82,2
0.7188,0.0205,23.06,66.82,2
0.6994,-0.0194,22.99,66.82,2
0.6865,-0.0128,23.08,66.81,2
0.7012,0.0147,23.04,66.81,2
0.7234,0.0222,23.03,66.81,2
0.736,0.0125,23.05,66.81,2
0.7315,-0.0045,23.1,66.81,2
0.7035,-0.028,23.11,66.81,2
0.6823,-0.0212,23.18,66.81,2
0.6969,0.0146,23.2,66.81,2
0.7192,0.0223,23.1,66.81,2
0.7361,0.017,23.11,66.81,2
0.7032,-0.0329,23.14,66.81,2
0.7033,0.0,23.09,66.81,2
0.7344,0.0311,22.99,66.81,2
0.7148,-0.0196,22.98,66.81,2
0.7176,0.0028,23.03,66.81,2
0.6764,-0.0412,22.95,66.81,2
0.6898,0.0134,22.91,66.8,2
0.6924,0.0026,22.85,66.8,2
0.7165,0.0241,22.83,66.8,2
0.7446,0.0281,22.9,66.8,2
0.7343,-0.0104,22.97,66.8,2
0.7369,0.0026,22.96,66.8,2
0.736,-0.0009,22.97,66.81,2
0.7246,-0.0114,22.94,66.81,2
0.7349,0.0103,22.92,66.81,2
0.7083,-0.0266,22.92,66.81,2
0.6648,-0.0434,22.87,66.8,2
0.6871,0.0223,22.85,66.8,2
0.6619,-0.0252,22.82,66.8,2
0.6842,0.0223,22.87,66.8,2
0.6734,-0.0108,22.87,66.79,2
0.7076,0.0341,22.9,66.79,2
0.7024,-0.0052,22.88,66.79,2
0.7157,0.0133,22.79,66.79,2
0.7291,0.0134,22.83,66.79,2
0.7244,-0.0047,22.89,66.79,2
0.7173,-0.0071,22.91,66.79,2
0.7354,0.018,22.91,66.79,2
0.7168,-0.0185,22.81,66.79,2
0.7101,-0.0068,22.85,66.79,2
0.6869,-0.0232,22.82,66.79,2
0.7067,0.0198,22.85,66.79,2
0.6949,-0.0118,22.81,66.79,2
0.7129,0.018,22.87,66.79,2
0.6947,-0.0182,22.8,66.79,2
0.7109,0.0162,22.78,66.79,2
0.7302,0.0193,22.73,66.79,2
0.7442,0.014,22.77,66.79,2
0.7231,-0.0211,22.85,66.79,2
0.6876,-0.0355,22.94,66.79,2
0.6955,0.0079,22.95,66.79,2
0.7118,0.0163,23.01,66.79,2
0.7204,0.0086,23.1,66.79,2
0.739,0.0186,23.18,66.79,2
0.7517,0.0127,23.13,66.79,2
0.7338,-0.0179,23.06,66.79,2
0.7292,-0.0046,23.05,66.79,2
0.7211,-0.008,23.05,66.79,2
0.6915,-0.0296,23.1,66.79,2
0.7107,0.0191,23.16,66.79,2
0.7269,0.0162,23.06,66.79,2
0.7115,-0.0154,23.07,66.79,2
0.7272,0.0158,23.06,66.79,2
0.741,0.0138,23.07,66.79,2
0.6964,-0.0446,23.01,66.79,2
0.6519,-0.0445,22.96,66.79,2
0.6496,-0.0023,23.04,66.79,2
0.6709,0.0213,23.01,66.78,2
0.6977,0.0268,23.07,66.78,2
0.7411,0.0433,23.03,66.79,2
0.7321,-0.0089,23.09,66.79,2
0.718,-0.0142,23.08,66.79,2
0.7012,-0.0167,23.05,66.79,2
0.7225,0.0213,23.11,66.79,2
0.699,-0.0235,23.08,66.79,2
0.6923,-0.0067,23.05,66.78,2
0.7262,0.034,23.07,66.78,2
0.7253,-0.0009,23.1,66.79,2
0.722,-0.0033,23.1,66.79,2
0.6833,-0.0387,23.09,66.78,2
0.6593,-0.024,23.03,66.78,2
0.6499,-0.0093,23.02,66.78,2
0.6277,-0.0223,23.03,66.77,2
0.6398,0.0121,23.03,66.77,2
0.6793,0.0395,22.94,66.77,2
0.6937,0.0145,22.89,66.77,2
0.7163,0.0226,22.88,66.77,2
0.7041,-0.0123,22.88,66.77,2
0.7191,0.0151,22.91,66.77,2
0.7514,0.0323,22.94,66.77,2
0.718,-0.0334,22.97,66.77,2
0.6839,-0.0341,22.87,66.77,2
0.6723,-0.0116,22.94,66.77,2
0.6509,-0.0213,22.89,66.77,2
0.6423,-0.0086,22.88,66.76,2
0.5978,-0.0445,22.84,66.76,2
0.5919,-0.0059,22.83,66.75,2
0.5981,0.0062,22.73,66.75,2
0.6431,0.0449,22.77,66.74,2
0.6765,0.0334,22.91,66.74,2
0.7239,0.0474,22.87,66.74,2
0.7225,-0.0014,22.91,66.75,2
0.7371,0.0146,22.89,66.75,2
0.7442,0.0072,22.9,66.75,2
0.7491,0.0049,22.98,66.75,2
0.7289,-0.0202,22.98,66.75,2
0.7347,0.0058,22.96,66.76,2
0.6797,-0.055,22.96,66.75,2
0.6448,-0.0349,22.97,66.75,2
0.653,0.0082,22.96,66.75,2
0.6936,0.0407,23.01,66.75,2
0.7086,0.015,22.98,66.75,2
0.6973,-0.0114,22.99,66.75,2
0.6993,0.0021,23.01,66.75,2
0.6404,-0.0589,22.94,66.75,2
0.6497,0.0092,22.97,66.74,2
0.6532,0.0035,23.0,66.74,2
0.6346,-0.0186,23.02,66.74,2
0.5958,-0.0388,22.99,66.73,2
0.6343,0.0385,23.07,66.73,2
0.6103,-0.024,23.08,66.73,2
0.6239,0.0136,23.08,66.72,2
0.66,0.0361,23.06,66.72,2
0.6493,-0.0108,23.0,66.72,2
0.6502,0.0009,23.04,66.72,2
0.6758,0.0256,23.03,66.72,2
0.6833,0.0075,23.0,66.72,2
0.6838,0.0005,22.9,66.72,2
0.6593,-0.0245,22.93,66.72,2
0.6691,0.0098,22.86,66.71,2
0.6917,0.0225,22.83,66.71,2
0.7254,0.0337,22.92,66.72,2
0.7171,-0.0083,22.92,66.72,2
0.7361,0.019,22.94,66.72,2
0.747,0.0108,22.9,66.72,2
0.7583,0.0113,22.92,66.73,2
0.762,0.0037,23.0,66.73,2
0.7211,-0.0408,22.94,66.73,2
0.6841,-0.037,23.05,66.73,2
0.71,0.0259,23.0,66.73,2
0.7248,0.0148,23.01,66.73,2
0.685,-0.0398,23.01,66.73,2
0.6543,-0.0307,23.04,66.73,2
0.6512,-0.003,23.03,66.73,2
0.6763,0.0251,23.0,66.73,2
0.6694,-0.007,22.92,66.73,2
0.6784,0.009,22.96,66.73,2
0.6419,-0.0364,22.96,66.72,2
0.6401,-0.0019,22.89,66.72,2
0.6658,0.0258,22.88,66.72,2
0.6508,-0.015,22.92,66.72,2
0.6708,0.0199,22.87,66.72,2
0.6149,-0.0558,22.81,66.71,2
0.6456,0.0307,22.8,66.71,2
0.678,0.0323,22.77,66.71,2
0.6494,-0.0286,22.69,66.71,2
0.6241,-0.0253,22.68,66.71,2
0.5947,-0.0294,22.66,66.7,2
0.5816,-0.013,22.66,66.7,2
0.5462,-0.0354,22.59,66.69,2
0.5652,0.0191,22.55,66.69,2
0.605,0.0397,22.65,66.68,2
0.6181,0.0131,22.73,66.68,2
0.6174,-0.0006,22.73,66.68,2
0.6164,-0.001,22.64,66.67,2
0.5985,-0.0179,22.63,66.67,2
0.6027,0.0042,22.6,66.67,2
0.5945,-0.0082,22.59,66.66,2
0.6394,0.0449,22.62,66.66,2
0.6359,-0.0035,22.67,66.66,2
0.6585,0.0226,22.74,66.66,2
0.6812,0.0228,22.75,66.66,2
0.6711,-0.0102,22.86,66.66,2
0.6758,0.0047,22.79,66.66,2
0.6773,0.0015,22.79,66.66,2
0.6764,-0.0009,22.79,66.66,2
0.6607,-0.0158,22.89,66.66,2
0.6344,-0.0263,22.89,66.66,2
0.6555,0.0211,22.88,66.66,2
0.649,-0.0064,22.92,66.66,2
0.604,-0.0451,22.93,66.66,2
0.6381,0.0341,23.01,66.66,2
0.6543,0.0162,22.99,66.66,2
0.6249,-0.0294,22.97,66.65,2
0.6176,-0.0074,22.92,66.65,2
0.6161,-0.0015,22.94,66.65,2
0.6565,0.0404,22.95,66.65,2
0.6673,0.0108,23.01,66.65,2
0.6694,0.0021,22.98,66.65,2
0.6515,-0.018,22.98,66.65,2
0.6647,0.0132,22.93,66.65,2
0.6593,-0.0054,22.93,66.65,2
0.6583,-0.0009,23.02,66.65,2
0.6663,0.008,22.99,66.65,2
0.6833,0.0169,23.0,66.65,2
0.6798,-0.0035,22.99,66.65,2
0.4967,-0.1831,22.93,66.64,2
0.5039,0.0072,22.79,66.64,2
0.505,0.001,22.86,66.63,2
0.4974,-0.0076,22.8,66.62,2
0.5525,0.0551,22.83,66.62,2
0.5865,0.0341,22.79,66.61,2
0.5616,-0.025,22.84,66.61,2
0.556,-0.0055,22.8,66.6,2
0.5769,0.0209,22.71,66.6,2
0.6134,0.0365,22.77,66.6,2
0.6267,0.0132,22.72,66.6,2
0.4528,-0.1739,22.65,66.59,2
0.4775,0.0247,22.58,66.58,2
0.5333,0.0558,22.57,66.58,2
0.5424,0.0091,22.57,66.57,2
0.5462,0.0038,22.52,66.57,2
0.5253,-0.0209,22.59,66.56,2
0.5279,0.0025,22.54,66.56,2
0.4811,-0.0468,22.47,66.55,2
0.4552,-0.0259,22.47,66.54,2
0.4329,-0.0223,22.84,66.57,1
0.4248,-0.0081,23.13,66.6,1
0.44,0.0152,23.46,66.63,1
0.433,-0.007,23.65,66.66,1
0.4587,0.0258,23.42,66.65,2
0.4697,0.0109,23.34,66.64,2
0.4794,0.0097,23.19,66.63,2
0.4889,0.0095,23.11,66.63,2
0.4763,-0.0126,23.05,66.62,2
0.478,0.0016,22.84,66.61,2
0.5074,0.0294,22.8,66.6,2
0.538,0.0306,22.77,66.6,2
0.5847,0.0467,22.79,66.59,2
0.5648,-0.02,22.76,66.59,2
0.3996,-0.1652,23.01,66.62,1
0.4091,0.0096,23.25,66.65,1
0.4193,0.0102,23.46,66.67,1
0.4289,0.0096,23.69,66.7,1
0.4316,0.0026,23.9,66.73,1
0.4488,0.0172,24.21,66.76,1
0.4677,0.0189,24.06,66.75,2
0.4648,-0.0029,23.91,66.73,2
0.4379,-0.0269,24.04,66.76,1
0.4877,0.0498,24.17,66.79,1
0.4936,0.0059,24.08,66.78,2
0.5345,0.0409,23.93,66.77,2
0.541,0.0065,23.84,66.76,2
0.5673,0.0263,23.72,66.76,2
0.6018,0.0345,23.66,66.75,2
0.4323,-0.1695,23.88,66.78,1
0.4831,0.0508,24.08,66.81,1
0.506,0.0229,23.9,66.8,2
0.5434,0.0375,23.77,66.79,2
0.5768,0.0334,23.62,66.78,2
0.5401,-0.0368,23.5,66.77,2
0.5824,0.0423,23.43,66.76,2
0.5919,0.0095,23.43,66.76,2
0.6025,0.0107,23.39,66.75,2
0.5793,-0.0232,23.4,66.75,2
0.6005,0.0212,23.35,66.74,2
0.5965,-0.004,23.2,66.74,2
0.5597,-0.0368,23.21,66.73,2
0.5588,-0.0008,23.04,66.72,2
0.3997,-0.1591,23.26,66.75,1
0.4812,0.0814,23.51,66.78,1
0.5021,0.0209,23.39,66.77,2
0.4933,-0.0088,23.36,66.76,2
0.4814,-0.0119,23.21,66.75,2
0.4773,-0.0041,23.12,66.74,2
0.5157,0.0384,23.14,66.73,2
0.5242,0.0085,23.14,66.72,2
0.3715,-0.1527,23.34,66.74,1
0.3831,0.0116,23.58,66.77,1
0.4051,0.022,23.77,66.79,1
0.428,0.0229,23.95,66.82,1
0.4784,0.0505,23.84,66.8,2
0.511,0.0326,23.75,66.79,2
0.4892,-0.0218,23.62,66.78,2
0.5011,0.0118,23.48,66.77,2
0.5216,0.0206,23.35,66.76,2
0.4874,-0.0343,23.26,66.75,2
0.4925,0.0051,23.19,66.74,2
0.5035,0.0111,23.15,66.73,2
0.5146,0.011,23.06,66.72,2
0.5312,0.0167,23.02,66.72,2
0.5454,0.0141,22.87,66.71,2
0.5324,-0.0129,22.88,66.7,2
0.552,0.0196,22.78,66.69,2
0.5297,-0.0223,22.67,66.69,2
0.5441,0.0144,22.6,66.68,2
0.5397,-0.0045,22.63,66.67,2
0.5227,-0.0169,22.62,66.67,2
0.5649,0.0421,22.67,66.66,2
0.5722,0.0073,22.74,66.66,2
0.5509,-0.0212,22.71,66.65,2
0.5565,0.0055,22.72,66.65,2
0.5504,-0.0061,22.76,66.64,2
0.5678,0.0175,22.72,66.64,2
0.5669,-0.0009,22.64,66.63,2
0.5841,0.0172,22.72,66.63,2
0.5622,-0.022,22.71,66.62,2
0.5361,-0.026,22.71,66.62,2
0.532,-0.0041,22.65,66.61,2
0.5075,-0.0245,22.73,66.61,2
0.5191,0.0116,22.79,66.6,2
0.5176,-0.0015,22.72,66.59,2
0.5315,0.0139,22.63,66.59,2
0.523,-0.0085,22.59,66.58,2
0.5102,-0.0128,22.65,66.58,2
0.4939,-0.0163,22.71,66.57,2
0.5263,0.0325,22.76,66.56,2
0.5325,0.0061,22.73,66.56,2
0.5429,0.0104,22.75,66.56,2
0.5547,0.0118,22.74,66.55,2
0.5177,-0.0369,22.76,66.55,2
0.528,0.0102,22.68,66.54,2
0.5611,0.0331,22.59,66.54,2
0.523,-0.0381,22.62,66.54,2
0.5111,-0.0119,22.55,66.53,2
0.4749,-0.0362,22.55,66.52,2
0.46,-0.0148,22.51,66.52,2
0.4859,0.0259,22.47,66.51,2
0.5244,0.0385,22.46,66.51,2
0.5276,0.0032,22.51,66.5,2
0.5048,-0.0228,22.48,66.5,2
0.5114,0.0066,22.41,66.49,2
0.4867,-0.0248,22.36,66.49,2
0.3388,-0.1478,22.56,66.51,1
0.2496,-0.0892,22.79,66.54,1
0.3374,0.0878,23.04,66.56,1
0.43,0.0926,23.19,66.59,1
0.473,0.043,23.03,66.58,2
0.486,0.013,22.86,66.58,2
0.4715,-0.0145,22.92,66.57,2
0.4913,0.0198,22.88,66.56,2
0.3424,-0.1489,23.13,66.59,1
0.3771,0.0347,23.37,66.62,1
0.4613,0.0843,23.35,66.61,2
0.4657,0.0044,23.32,66.6,2
0.5142,0.0485,23.27,66.59,2
0.4924,-0.0217,23.22,66.58,2
0.4656,-0.0269,23.16,66.58,2
0.4603,-0.0053,23.12,66.57,2
0.4739,0.0136,23.05,66.56,2
0.4837,0.0098,22.96,66.55,2
0.5009,0.0172,22.93,66.55,2
0.5286,0.0277,22.9,66.54,2
0.553,0.0243,22.91,66.54,2
0.5361,-0.0169,22.87,66.53,2
0.5332,-0.0029,22.88,66.53,2
0.5194,-0.0138,22.81,66.53,2
0.5282,0.0089,22.72,66.52,2
0.4961,-0.0321,22.66,66.52,2
0.3467,-0.1494,22.87,66.54,1
0.4337,0.087,23.22,66.57,1
0.4657,0.032,23.07,66.57,2
0.3286,-0.1371,23.03,66.55,2
0.3643,0.0357,23.31,66.58,1
0.4052,0.0409,23.48,66.61,1
0.4291,0.0239,23.63,66.64,1
0.4345,0.0054,23.79,66.67,1
0.4334,-0.0011,24.0,66.69,1
0.4407,0.0073,24.11,66.72,1
0.4539,0.0133,23.92,66.71,2
0.444,-0.01,23.82,66.7,2
0.4389,-0.005,23.97,66.73,1
0.4596,0.0207,24.16,66.75,1
0.489,0.0294,23.96,66.74,2
0.515,0.026,23.86,66.73,2
0.495,-0.02,23.82,66.72,2
0.5007,0.0056,23.72,66.72,2
0.5177,0.017,23.67,66.71,2
0.5353,0.0176,23.56,66.7,2
0.5669,0.0316,23.52,66.69,2
0.5853,0.0184,23.39,66.69,2
0.5871,0.0018,23.39,66.68,2
0.5664,-0.0207,23.33,66.68,2
0.5499,-0.0165,23.19,66.67,2
0.5192,-0.0307,23.12,66.67,2
0.51,-0.0092,23.14,66.66,2
0.4869,-0.0231,23.21,66.65,2
0.3433,-0.1436,23.42,66.67,1
0.372,0.0287,23.71,66.7,1
0.4155,0.0435,23.88,66.73,1
0.432,0.0165,24.06,66.75,1
0.4452,0.0132,24.25,66.78,1
0.4516,0.0064,24.05,66.77,2
0.446,-0.0056,23.85,66.75,2
0.3095,-0.1365,24.01,66.77,1
0.2288,-0.0807,24.11,66.79,1
0.293,0.0642,24.21,66.81,1
0.3284,0.0354,24.29,66.83,1
0.3672,0.0388,24.39,66.85,1
0.3688,0.0016,24.5,66.87,1
0.378,0.0093,24.6,66.89,1
0.3916,0.0136,24.65,66.92,1
0.3697,-0.0219,24.75,66.94,1
0.3742,0.0045,24.87,66.96,1
0.4046,0.0304,24.9,66.98,1
0.3877,-0.0169,24.94,67.0,1
0.3932,0.0055,24.97,67.02,1
0.4093,0.0161,24.97,67.04,1
0.4131,0.0038,25.05,67.06,1
0.4352,0.0221,25.14,67.08,1
0.2988,-0.1364,25.16,67.09,1
0.3562,0.0573,25.16,67.11,1
0.4023,0.0461,25.3,67.12,1
0.4175,0.0152,25.29,67.14,1
0.2875,-0.13,25.34,67.15,1
0.3706,0.0831,25.38,67.17,1
0.4002,0.0295,25.45,67.19,1
0.3899,-0.0102,25.48,67.2,1
0.4052,0.0153,25.54,67.22,1
0.4269,0.0217,25.61,67.24,1
0.4045,-0.0224,25.74,67.25,1
0.2734,-0.1311,25.97,67.29,0
0.1973,-0.0761,26.21,67.32,0
0.2605,0.0632,26.42,67.36,0
0.3503,0.0898,26.38,67.37,1
0.2381,-0.1122,26.29,67.37,1
0.282,0.044,26.27,67.38,1
0.3605,0.0784,26.29,67.39,1
0.3782,0.0177,26.26,67.4,1
0.253,-0.1252,26.55,67.44,0
0.3076,0.0545,26.69,67.47,0
0.2071,-0.1005,26.85,67.51,0
0.2856,0.0785,26.77,67.51,1
0.1915,-0.0941,26.62,67.51,1
0.2587,0.0673,26.77,67.54,0
0.3158,0.0571,26.98,67.58,0
0.3442,0.0284,26.87,67.58,1
0.3446,0.0003,26.82,67.59,1
0.3675,0.023,26.74,67.59,1
0.354,-0.0135,26.66,67.6,1
0.3584,0.0044,26.69,67.61,1
0.3609,0.0025,26.64,67.61,1
0.2362,-0.1247,26.86,67.64,0
0.2882,0.052,26.99,67.67,0
0.3117,0.0236,26.91,67.68,1
0.3319,0.0202,26.84,67.68,1
0.3749,0.043,26.7,67.68,1
0.4127,0.0378,26.57,67.69,1
0.3993,-0.0134,26.53,67.7,1
0.4461,0.0468,26.53,67.7,1
0.4666,0.0205,26.12,67.67,2
0.4908,0.0241,25.69,67.65,2
0.4615,-0.0293,25.4,67.62,2
0.4355,-0.026,25.49,67.62,1
0.4179,-0.0176,25.48,67.63,1
0.2837,-0.1342,25.43,67.63,1
0.3379,0.0542,25.52,67.64,1
0.3816,0.0438,25.53,67.65,1
0.3874,0.0058,25.59,67.65,1
0.2629,-0.1245,25.87,67.68,0
0.3055,0.0426,26.01,67.71,0
0.3534,0.0479,25.91,67.72,1
0.3516,-0.0019,25.9,67.72,1
0.2327,-0.1189,26.16,67.75,0
0.2824,0.0497,26.36,67.78,0
0.1879,-0.0944,26.54,67.8,0
0.2638,0.0759,26.79,67.83,0
0.3161,0.0523,26.66,67.83,1
0.3568,0.0407,26.51,67.83,1
0.3999,0.0431,26.51,67.83,1
0.3848,-0.0151,26.45,67.83,1
0.4076,0.0227,26.46,67.84,1
0.4555,0.0479,26.05,67.8,2
0.3125,-0.1429,25.67,67.76,2
0.2273,-0.0853,25.91,67.79,0
0.1732,-0.054,26.1,67.81,0
0.2394,0.0661,26.35,67.84,0
0.2803,0.0409,26.38,67.84,1
0.3175,0.0373,26.35,67.83,1
0.2059,-0.1117,26.54,67.86,0
0.2802,0.0744,26.74,67.89,0
0.1851,-0.0951,26.82,67.91,0
0.2377,0.0526,26.92,67.93,0
0.1528,-0.0849,26.97,67.95,0
0.2524,0.0996,26.98,67.97,0
0.2979,0.0455,26.92,67.97,1
0.3241,0.0262,26.89,67.97,1
0.2094,-0.1147,27.02,67.99,0
0.2871,0.0778,27.15,68.01,0
0.1901,-0.097,27.29,68.03,0
0.134,-0.0561,27.36,68.05,0
0.2647,0.1307,27.45,68.07,0
0.1793,-0.0853,27.56,68.09,0
0.231,0.0517,27.73,68.11,0
0.2639,0.0329,27.85,68.13,0
0.3009,0.037,27.73,68.12,1
0.1892,-0.1117,27.57,68.11,1
0.2595,0.0702,27.66,68.13,0
0.2865,0.027,27.83,68.15,0
0.1812,-0.1053,27.89,68.17,0
0.1225,-0.0587,28.04,68.18,0
0.2157,0.0932,28.08,68.2,0
0.2922,0.0765,27.89,68.19,1
0.3336,0.0415,27.73,68.18,1
0.3526,0.019,27.57,68.17,1
0.2308,-0.1217,27.66,68.19,0
0.1614,-0.0694,27.66,68.21,0
0.2246,0.0632,27.82,68.22,0
0.2925,0.0679,27.57,68.21,1
0.3552,0.0627,27.45,68.21,1
0.374,0.0188,27.35,68.2,1
0.2487,-0.1252,27.38,68.22,0
0.3014,0.0527,27.46,68.24,0
0.2023,-0.0992,27.63,68.26,0
0.287,0.0848,27.43,68.24,1
0.1929,-0.0941,27.29,68.23,1
0.2553,0.0623,27.48,68.25,0
0.1675,-0.0878,27.65,68.26,0
0.2646,0.0971,27.7,68.28,0
0.3186,0.054,27.49,68.27,1
0.3595,0.0409,27.39,68.26,1
0.2383,-0.1212,27.53,68.28,0
0.2708,0.0325,27.65,68.3,0
0.31,0.0392,27.53,68.29,1
0.2033,-0.1067,27.36,68.27,1
0.1431,-0.0601,27.48,68.28,0
0.1073,-0.0358,27.51,68.29,0
0.2196,0.1123,27.67,68.31,0
0.1471,-0.0725,27.79,68.32,0
0.1053,-0.0418,27.88,68.33,0
0.1823,0.0769,27.88,68.34,0
0.2658,0.0835,27.87,68.36,0
0.2974,0.0316,27.74,68.34,1
0.3262,0.0288,27.57,68.33,1
0.2086,-0.1176,27.68,68.35,0
0.1425,-0.0661,27.69,68.36,0
0.1034,-0.0391,27.72,68.37,0
0.1914,0.088,27.83,68.38,0
0.2462,0.0548,27.86,68.39,0
0.3111,0.065,27.71,68.38,1
0.3512,0.0401,27.49,68.37,1
0.3541,0.0029,27.39,68.36,1
0.3483,-0.0058,27.27,68.35,1
0.2259,-0.1224,27.52,68.36,0
0.267,0.041,27.58,68.38,0
0.174,-0.093,27.66,68.39,0
0.2615,0.0875,27.78,68.41,0
0.353,0.0915,27.68,68.4,1
0.2384,-0.1146,27.44,68.38,1
0.1714,-0.067,27.54,68.39,0
0.1298,-0.0416,27.56,68.4,0
0.2199,0.09,27.63,68.41,0
0.1471,-0.0728,27.68,68.42,0
0.2175,0.0704,27.9,68.43,0
0.1393,-0.0783,27.95,68.44,0
0.0954,-0.0438,28.0,68.45,0
0.0696,-0.0258,28.03,68.45,0
0.0535,-0.0161,28.09,68.46,0
0.1927,0.1392,28.04,68.47,0
0.1251,-0.0677,28.1,68.47,0
0.0863,-0.0387,28.15,68.48,0
0.2204,0.1341,28.27,68.49,0
0.2608,0.0404,28.3,68.5,0
0.2797,0.0188,28.31,68.52,0
0.1734,-0.1063,28.36,68.53,0
0.2173,0.0439,28.45,68.54,0
0.133,-0.0843,28.37,68.54,0
0.1895,0.0565,28.4,68.55,0
0.1128,-0.0767,28.5,68.56,0
0.1892,0.0764,28.5,68.56,0
0.2463,0.0571,28.45,68.58,0
0.1502,-0.096,28.34,68.58,0
0.2132,0.0629,28.38,68.59,0
0.1307,-0.0824,28.42,68.59,0
0.2407,0.11,28.43,68.61,0
0.3392,0.0984,28.19,68.59,1
0.3939,0.0547,28.05,68.58,1
0.2657,-0.1282,28.09,68.59,0
0.1902,-0.0755,28.05,68.6,0
0.143,-0.0472,28.09,68.6,0
0.1117,-0.0313,28.1,68.61,0
0.0897,-0.022,28.13,68.61,0
0.186,0.0962,28.14,68.62,0
0.121,-0.065,28.25,68.62,0
0.0841,-0.0369,28.13,68.62,0
0.167,0.0829,28.21,68.63,0
0.102,-0.065,28.2,68.63,0
0.1942,0.0922,28.28,68.64,0
0.2696,0.0754,28.31,68.65,0
0.2856,0.016,28.06,68.63,1
0.1777,-0.1079,27.84,68.61,1
0.2582,0.0806,27.85,68.62,0
0.166,-0.0922,27.89,68.62,0
0.1137,-0.0523,28.0,68.63,0
0.1926,0.0788,28.03,68.63,0
0.1208,-0.0717,28.08,68.64,0
0.191,0.0701,28.11,68.64,0
0.2427,0.0517,28.22,68.65,0
0.2841,0.0414,28.03,68.63,1
0.1767,-0.1074,27.75,68.61,1
0.2252,0.0485,27.84,68.62,0
0.2743,0.0491,28.0,68.63,0
0.1713,-0.103,28.11,68.64,0
0.222,0.0506,28.15,68.64,0
0.1376,-0.0844,28.14,68.65,0
0.0913,-0.0463,28.09,68.65,0
0.1697,0.0784,28.19,68.65,0
0.1026,-0.0671,28.24,68.66,0
0.1788,0.0763,28.23,68.66,0
0.106,-0.0728,28.32,68.66,0
0.1845,0.0785,28.4,68.67,0
0.1093,-0.0752,28.44,68.67,0
0.0689,-0.0404,28.43,68.67,0
0.1613,0.0925,28.57,68.68,0
0.0951,-0.0662,28.62,68.68,0
0.1896,0.0944,28.68,68.68,0
0.1138,-0.0758,28.67,68.69,0
0.0724,-0.0414,28.71,68.69,0
0.0489,-0.0235,28.68,68.69,0
0.0349,-0.014,28.75,68.68,0
0.1536,0.1187,28.72,68.69,0
0.0921,-0.0614,28.71,68.69,0
0.1911,0.0989,28.8,68.69,0
0.1154,-0.0756,28.74,68.7,0
0.2063,0.0909,28.89,68.7,0
0.2459,0.0395,28.88,68.71,0
0.1485,-0.0974,29.0,68.71,0
0.2203,0.0718,29.02,68.72,0
0.1351,-0.0853,29.09,68.72,0
0.2005,0.0654,29.12,68.73,0
0.1208,-0.0797,28.98,68.73,0
0.1872,0.0664,28.89,68.73,0
0.1104,-0.0768,28.89,68.74,0
0.069,-0.0414,28.82,68.73,0
0.0458,-0.0232,28.7,68.73,0
0.1347,0.0889,28.71,68.73,0
0.1859,0.0512,28.69,68.74,0
0.1032,-0.0827,28.63,68.74,0
0.1851,0.0819,28.71,68.74,0
0.1071,-0.078,28.73,68.74,0
0.0655,-0.0417,28.67,68.74,0
0.1825,0.117,28.62,68.75,0
0.1112,-0.0712,28.61,68.75,0
0.0718,-0.0394,28.55,68.75,0
0.049,-0.0228,28.5,68.74,0
0.1626,0.1136,28.49,68.75,0
0.0982,-0.0644,28.5,68.75,0
0.1877,0.0895,28.48,68.75,0
0.234,0.0463,28.42,68.76,0
0.2533,0.0193,28.49,68.77,0
0.2689,0.0156,28.53,68.77,0
0.161,-0.1079,28.54,68.78,0
0.2356,0.0745,28.54,68.78,0
0.1467,-0.0889,28.48,68.78,0
0.225,0.0783,28.52,68.79,0
0.141,-0.084,28.59,68.79,0
0.0942,-0.0469,28.57,68.79,0
0.2042,0.1101,28.63,68.79,0
0.1298,-0.0745,28.67,68.79,0
0.1976,0.0678,28.59,68.8,0
0.1206,-0.0771,28.62,68.8,0
0.1957,0.0751,28.59,68.8,0
0.2565,0.0609,28.55,68.81,0
0.2984,0.0419,28.28,68.79,1
0.3322,0.0338,28.14,68.77,1
0.33,-0.0022,27.98,68.75,1
0.2109,-0.1191,28.09,68.76,0
0.2469,0.036,28.12,68.76,0
0.1574,-0.0895,28.11,68.77,0
0.1076,-0.0497,28.14,68.77,0
0.2311,0.1235,28.28,68.77,0
0.1526,-0.0785,28.33,68.77,0
0.1073,-0.0453,28.29,68.77,0
0.2021,0.0948,28.33,68.78,0
0.2545,0.0524,28.41,68.79,0
0.2812,0.0267,28.2,68.76,1
0.1765,-0.1047,27.99,68.74,1
0.2216,0.045,28.08,68.74,0
0.138,-0.0835,28.11,68.75,0
0.0925,-0.0455,28.16,68.75,0
0.209,0.1165,28.19,68.75,0
0.1348,-0.0742,28.2,68.75,0
0.1979,0.0631,28.23,68.76,0
0.2322,0.0343,28.3,68.76,0
0.1388,-0.0934,28.3,68.77,0
0.2036,0.0648,28.46,68.77,0
0.1225,-0.0811,28.49,68.77,0
0.0787,-0.0439,28.53,68.77,0
0.1565,0.0778,28.63,68.77,0
0.0914,-0.0651,28.67,68.77,0
0.0568,-0.0346,28.51,68.77,0
0.0378,-0.019,28.52,68.77,0
0.1619,0.1241,28.51,68.77,0
0.0983,-0.0636,28.58,68.77,0
0.0634,-0.0349,28.5,68.77,0
0.0434,-0.0199,28.5,68.76,0
0.0314,-0.012,28.53,68.76,0
0.0238,-0.0077,28.52,68.75,0
0.1336,0.1098,28.52,68.76,0
0.0769,-0.0567,28.66,68.75,0
0.0467,-0.0302,28.64,68.75,0
0.0302,-0.0166,28.59,68.75,0
0.1257,0.0955,28.58,68.75,0
0.069,-0.0567,28.63,68.75,0
0.167,0.0981,28.63,68.75,0
0.0959,-0.0711,28.64,68.75,0
0.058,-0.0379,28.62,68.75,0
0.0371,-0.0209,28.61,68.75,0
0.0252,-0.012,28.63,68.74,0
0.0179,-0.0072,28.53,68.74,0
0.0133,-0.0046,28.43,68.73,0
0.1302,0.1169,28.39,68.74,0
0.074,-0.0562,28.44,68.74,0
0.1792,0.1052,28.43,68.74,0
0.1059,-0.0733,28.46,68.74,0
0.1735,0.0676,28.48,68.74,0
0.0995,-0.074,28.47,68.74,0
0.06,-0.0395,28.41,68.74,0
0.0382,-0.0218,28.48,68.74,0
0.0257,-0.0125,28.46,68.74,0
0.0182,-0.0075,28.46,68.73,0
0.0133,-0.0048,28.49,68.73,0
0.1276,0.1143,28.52,68.73,0
0.1952,0.0676,28.56,68.73,0
0.1126,-0.0826,28.59,68.74,0
0.069,-0.0436,28.6,68.73,0
0.0452,-0.0238,28.47,68.73,0
0.1442,0.099,28.43,68.73,0
0.2177,0.0734,28.53,68.74,0
0.2701,0.0525,28.54,68.75,0
0.3079,0.0377,28.31,68.73,1
0.1947,-0.1132,28.0,68.71,1
0.1319,-0.0628,28.03,68.71,0
0.2179,0.086,28.1,68.71,0
0.2894,0.0715,27.9,68.69,1
0.1866,-0.1028,27.68,68.67,1
0.1282,-0.0583,27.71,68.67,0
0.0934,-0.0349,27.76,68.67,0
0.0713,-0.0221,27.8,68.67,0
0.1664,0.0951,27.86,68.68,0
0.2178,0.0514,27.94,68.69,0
0.1313,-0.0865,27.99,68.69,0
0.0847,-0.0466,27.99,68.69,0
0.1786,0.0939,28.03,68.69,0
0.1092,-0.0694,28.1,68.7,0
0.0714,-0.0379,28.14,68.7,0
0.0498,-0.0215,28.18,68.69,0
0.1519,0.1021,28.29,68.7,0
0.0907,-0.0613,28.29,68.7,0
0.0576,-0.033,28.32,68.7,0
0.1466,0.089,28.34,68.7,0
0.0843,-0.0624,28.38,68.7,0
0.1738,0.0895,28.33,68.71,0
0.2416,0.0679,28.35,68.71,0
0.1456,-0.0961,28.37,68.72,0
0.2307,0.0851,28.39,68.72,0
0.2856,0.055,28.1,68.7,1
0.1802,-0.1055,27.94,68.68,1
0.2561,0.0759,28.0,68.69,0
0.1644,-0.0917,28.16,68.69,0
0.1121,-0.0522,28.07,68.69,0
0.0809,-0.0313,28.03,68.69,0
0.061,-0.0199,28.09,68.69,0
0.1626,0.1016,28.16,68.7,0
0.1001,-0.0625,28.07,68.7,0
0.1756,0.0755,28.09,68.7,0
0.2464,0.0708,28.15,68.71,0
0.3087,0.0623,27.94,68.69,1
0.196,-0.1127,27.77,68.67,1
0.2478,0.0517,27.83,68.68,0
0.2816,0.0338,27.9,68.69,0
0.1777,-0.1039,28.06,68.69,0
0.26,0.0824,28.17,68.7,0
0.1685,-0.0915,28.3,68.71,0
0.3014,0.1329,28.1,68.69,1
0.2031,-0.0982,27.86,68.66,1
0.1446,-0.0585,27.9,68.67,0
0.2103,0.0656,27.85,68.68,0
0.1351,-0.0751,27.92,68.68,0
0.2124,0.0772,28.09,68.69,0
0.2515,0.0392,28.26,68.69,0
0.1539,-0.0976,28.29,68.7,0
0.2128,0.0589,28.44,68.71,0
0.2803,0.0675,28.24,68.69,1
0.3434,0.0631,28.05,68.67,1
0.2236,-0.1198,28.21,68.68,0
0.1552,-0.0685,28.34,68.68,0
0.1139,-0.0413,28.34,68.68,0
0.0875,-0.0264,28.36,68.68,0
0.0694,-0.018,28.41,68.68,0
0.2065,0.137,28.51,68.69,0
0.2501,0.0436,28.59,68.7,0
0.1576,-0.0925,28.66,68.7,0
0.1061,-0.0515,28.6,68.7,0
0.1834,0.0773,28.69,68.71,0
0.2292,0.0458,28.73,68.72,0
0.1381,-0.0911,28.77,68.72,0
0.0889,-0.0492,28.74,68.72,0
0.0612,-0.0277,28.67,68.72,0
0.0449,-0.0164,28.62,68.72,0
0.2121,0.1672,28.55,68.72,0
0.2764,0.0643,28.51,68.73,0
0.1791,-0.0972,28.51,68.74,0
0.2488,0.0697,28.58,68.74,0
0.314,0.0652,28.36,68.72,1
0.3436,0.0296,28.15,68.71,1
0.3669,0.0233,27.99,68.69,1
0.2432,-0.1237,28.1,68.7,0
0.2924,0.0492,28.13,68.71,0
0.1955,-0.0969,28.18,68.72,0
0.2471,0.0516,28.26,68.72,0
0.2729,0.0258,28.34,68.73,0
0.2898,0.017,28.1,68.71,1
0.2935,0.0037,27.96,68.69,1
0.1823,-0.1112,28.04,68.7,0
0.2416,0.0593,28.08,68.71,0
0.276,0.0343,28.13,68.72,0
0.1726,-0.1034,28.23,68.72,0
0.2381,0.0655,28.23,68.73,0
0.2702,0.0321,28.31,68.74,0
0.169,-0.1012,28.39,68.74,0
0.2159,0.0469,28.42,68.75,0
0.2571,0.0412,28.47,68.75,0
0.1575,-0.0995,28.46,68.76,0
0.2208,0.0633,28.56,68.76,0
0.1365,-0.0843,28.52,68.76,0
0.2026,0.0662,28.55,68.77,0
0.1236,-0.0791,28.61,68.77,0
0.0805,-0.0431,28.51,68.77,0
0.1885,0.108,28.54,68.77,0
0.2599,0.0715,28.51,68.78,0
0.3081,0.0481,28.18,68.76,1
0.314,0.0059,27.93,68.74,1
0.1969,-0.1171,28.06,68.75,0
0.1315,-0.0655,28.13,68.75,0
0.0931,-0.0384,28.11,68.75,0
0.0692,-0.0238,28.22,68.75,0
0.0536,-0.0157,28.21,68.74,0
0.1476,0.0941,28.22,68.75,0
0.2176,0.07,28.25,68.75,0
0.132,-0.0856,28.26,68.75,0
0.086,-0.0461,28.3,68.75,0
0.0602,-0.0258,28.43,68.75,0
0.1749,0.1148,28.53,68.75,0
0.1093,-0.0656,28.51,68.75,0
0.1881,0.0787,28.51,68.76,0
0.2274,0.0393,28.51,68.77,0
0.2708,0.0434,28.5,68.77,0
0.1644,-0.1064,28.54,68.78,0
0.2413,0.0769,28.63,68.78,0
0.1512,-0.0901,28.64,68.78,0
0.1008,-0.0504,28.68,68.78,0
0.0712,-0.0296,28.77,68.78,0
0.0529,-0.0184,28.74,68.78,0
0.1558,0.1029,28.77,68.78,0
0.2012,0.0454,28.76,68.79,0
0.2377,0.0365,28.72,68.79,0
0.2745,0.0369,28.68,68.8,0
0.167,-0.1075,28.66,68.8,0
0.2588,0.0918,28.58,68.81,0
0.1661,-0.0928,28.61,68.81,0
0.1136,-0.0525,28.65,68.81,0
0.2298,0.1163,28.68,68.82,0
0.2981,0.0682,28.39,68.79,1
0.194,-0.1041,28.14,68.77,1
0.1343,-0.0597,28.25,68.77,0
0.2156,0.0814,28.34,68.77,0
0.1389,-0.0767,28.42,68.78,0
0.2078,0.0689,28.43,68.78,0
0.1292,-0.0786,28.4,68.78,0
0.0856,-0.0436,28.46,68.78,0
0.0603,-0.0253,28.5,68.78,0
0.1823,0.122,28.57,68.78,0
0.1147,-0.0676,28.53,68.78,0
0.1916,0.077,28.49,68.79,0
0.2388,0.0471,28.5,68.79,0
0.2744,0.0357,28.53,68.8,0
0.3318,0.0574,28.37,68.78,1
0.2122,-0.1195,28.21,68.76,1
0.2498,0.0376,28.24,68.76,0
0.1588,-0.091,28.33,68.77,0
0.2654,0.1065,28.5,68.77,0
0.3082,0.0428,28.3,68.75,1
0.3176,0.0094,28.05,68.73,1
0.203,-0.1146,28.04,68.74,0
0.2485,0.0455,28.09,68.75,0
0.2875,0.0389,27.81,68.73,1
0.1815,-0.1059,27.57,68.7,1
0.2424,0.0609,27.73,68.71,0
0.1537,-0.0887,27.79,68.71,0
0.104,-0.0497,27.83,68.71,0
0.1997,0.0957,27.88,68.72,0
0.1264,-0.0733,27.94,68.72,0
0.2128,0.0864,27.98,68.73,0
0.2881,0.0752,27.87,68.71,1
0.3178,0.0297,27.73,68.69,1
0.204,-0.1138,27.74,68.7,0
0.2499,0.0459,27.8,68.7,0
0.2948,0.0449,27.73,68.68,1
0.3553,0.0606,27.5,68.67,1
0.2325,-0.1228,27.49,68.68,0
0.1618,-0.0707,27.62,68.68,0
0.2238,0.062,27.63,68.69,0
0.1451,-0.0787,27.72,68.69,0
0.2228,0.0777,27.77,68.7,0
0.2838,0.061,27.63,68.68,1
0.3032,0.0194,27.41,68.66,1
0.31,0.0068,27.25,68.64,1
0.3055,-0.0045,27.09,68.63,1
0.3148,0.0092,26.99,68.61,1
0.3223,0.0076,26.86,68.59,1
0.3189,-0.0034,26.71,68.58,1
0.3122,-0.0067,26.68,68.56,1
0.3245,0.0123,26.59,68.55,1
0.2073,-0.1172,26.76,68.56,0
0.1427,-0.0645,26.96,68.56,0
0.1054,-0.0373,27.04,68.57,0
0.0824,-0.023,27.17,68.57,0
0.0672,-0.0152,27.25,68.57,0
0.0564,-0.0108,27.29,68.57,0
0.0483,-0.0081,27.39,68.57,0
0.1693,0.121,27.47,68.58,0
0.2366,0.0674,27.59,68.59,0
0.2945,0.0579,27.43,68.57,1
0.3651,0.0706,27.26,68.56,1
0.2407,-0.1243,27.43,68.57,0
0.2739,0.0332,27.6,68.58,0
0.3006,0.0267,27.51,68.57,1
0.1927,-0.1079,27.29,68.55,1
0.237,0.0443,27.4,68.56,0
0.2986,0.0616,27.49,68.57,0
0.3224,0.0239,27.39,68.55,1
0.2058,-0.1167,27.3,68.53,1
0.2699,0.0642,27.56,68.55,0
0.3057,0.0357,27.65,68.56,0
0.1965,-0.1092,27.75,68.57,0
0.2723,0.0758,27.82,68.58,0
0.3182,0.046,27.63,68.57,1
0.3488,0.0306,27.56,68.55,1
0.369,0.0202,27.41,68.54,1
0.2431,-0.1259,27.58,68.55,0
0.2883,0.0452,27.69,68.56,0
0.3054,0.0172,27.52,68.55,1
0.3215,0.016,27.47,68.53,1
0.3859,0.0644,27.35,68.52,1
0.4073,0.0214,27.22,68.51,1
0.4186,0.0113,27.19,68.5,1
0.4265,0.0079,27.14,68.49,1
0.4197,-0.0068,27.07,68.48,1
0.4041,-0.0156,27.02,68.48,1
0.2745,-0.1297,27.14,68.49,0
0.1996,-0.0749,27.3,68.5,0
0.2812,0.0816,27.14,68.48,1
0.1955,-0.0856,26.96,68.46,1
0.2574,0.0619,27.04,68.48,0
0.322,0.0646,27.21,68.49,0
0.3917,0.0697,27.11,68.48,1
0.2671,-0.1245,26.94,68.47,1
0.1941,-0.0731,27.15,68.48,0
0.2861,0.092,27.3,68.49,0
0.3291,0.043,27.17,68.48,1
0.3729,0.0438,26.99,68.47,1
0.3837,0.0109,26.87,68.46,1
0.2588,-0.1249,27.02,68.47,0
0.1865,-0.0723,27.2,68.48,0
0.2972,0.1107,27.11,68.47,1
0.358,0.0608,27.01,68.46,1
0.2455,-0.1125,27.12,68.47,0
0.1791,-0.0665,27.23,68.48,0
0.1374,-0.0417,27.29,68.49,0
0.2569,0.1196,27.4,68.5,0
0.1776,-0.0794,27.47,68.51,0
0.2851,0.1075,27.27,68.49,1
0.3515,0.0664,27.18,68.48,1
0.4326,0.0811,27.05,68.47,1
0.4854,0.0527,26.69,68.43,2
0.4759,-0.0095,26.3,68.38,2
0.4771,0.0013,25.95,68.34,2
0.4745,-0.0026,25.61,68.29,2
0.493,0.0185,25.3,68.25,2
0.4767,-0.0164,25.13,68.21,2
0.4489,-0.0278,25.11,68.21,1
0.4556,0.0067,25.21,68.21,1
0.446,-0.0096,25.31,68.21,1
0.3085,-0.1375,25.3,68.2,1
0.3423,0.0338,25.34,68.19,1
0.3681,0.0258,25.36,68.19,1
0.3823,0.0142,25.31,68.18,1
0.2598,-0.1225,25.66,68.2,0
0.1889,-0.0709,25.91,68.22,0
0.2753,0.0864,26.1,68.24,0
0.1906,-0.0847,26.31,68.25,0
0.2832,0.0925,26.31,68.24,1
0.3255,0.0423,26.23,68.23,1
0.394,0.0685,26.22,68.23,1
0.4211,0.0271,26.26,68.22,1
0.4105,-0.0106,26.19,68.22,1
0.2782,-0.1323,26.43,68.24,0
0.3333,0.0551,26.61,68.26,0
0.3772,0.0438,26.47,68.25,1
0.4039,0.0268,26.45,68.25,1
0.4071,0.0031,26.4,68.24,1
0.4287,0.0216,26.37,68.24,1
0.4179,-0.0108,26.33,68.24,1
0.4195,0.0016,26.35,68.23,1
0.4301,0.0106,26.28,68.23,1
0.4463,0.0162,26.25,68.23,1
0.4489,0.0026,26.23,68.23,1
0.4518,0.0029,25.93,68.18,2
0.4447,-0.0072,25.65,68.14,2
0.3062,-0.1384,25.52,68.13,1
0.3444,0.0382,25.57,68.13,1
0.239,-0.1054,25.86,68.15,0
0.2963,0.0573,26.1,68.17,0
0.3274,0.0311,26.08,68.16,1
0.2182,-0.1092,26.02,68.15,1
0.1555,-0.0627,26.12,68.17,0
0.2273,0.0718,26.42,68.18,0
0.1506,-0.0768,26.51,68.2,0
0.2718,0.1213,26.83,68.22,0
0.3225,0.0507,26.66,68.21,1
0.3537,0.0312,26.65,68.2,1
0.3753,0.0215,26.6,68.2,1
0.2486,-0.1267,26.8,68.22,0
0.2979,0.0493,26.96,68.24,0
0.3415,0.0435,26.9,68.23,1
0.3425,0.0011,26.72,68.22,1
0.3512,0.0087,26.65,68.21,1
0.3435,-0.0077,26.68,68.21,1
0.3571,0.0135,26.56,68.2,1
0.233,-0.1241,26.74,68.22,0
0.3428,0.1098,26.95,68.24,0
0.2349,-0.1079,27.09,68.26,0
0.328,0.0931,26.91,68.25,1
0.3634,0.0354,26.85,68.24,1
0.3817,0.0184,26.79,68.24,1
0.4233,0.0416,26.84,68.23,1
0.4068,-0.0165,26.76,68.23,1
0.2736,-0.1332,26.91,68.25,0
0.1957,-0.0779,27.04,68.26,0
0.29,0.0943,26.98,68.25,1
0.3422,0.0522,26.96,68.24,1
0.3633,0.0211,26.86,68.24,1
0.3927,0.0294,26.81,68.23,1
0.4081,0.0154,26.79,68.23,1
0.4163,0.0083,26.64,68.22,1
0.4405,0.0242,26.57,68.22,1
0.456,0.0154,26.12,68.18,2
0.4747,0.0187,25.73,68.14,2
0.3312,-0.1435,25.7,68.13,1
0.3977,0.0665,25.74,68.13,1
0.4736,0.0759,25.37,68.09,2
0.4861,0.0124,25.08,68.06,2
0.4646,-0.0214,24.89,68.02,2
0.446,-0.0187,24.99,68.02,1
0.3082,-0.1378,25.09,68.01,1
0.384,0.0758,25.13,68.01,1
0.4457,0.0617,25.23,68.02,1
0.4855,0.0398,24.96,67.98,2
0.5022,0.0167,24.78,67.94,2
0.3537,-0.1485,24.73,67.94,1
0.4554,0.1017,24.84,67.95,1
0.4821,0.0268,24.62,67.91,2
0.4964,0.0143,24.46,67.88,2
0.5057,0.0093,24.26,67.85,2
0.4763,-0.0294,23.94,67.81,2
0.4909,0.0146,23.83,67.78,2
0.5059,0.015,23.67,67.75,2
0.354,-0.1518,23.82,67.75,1
0.3665,0.0125,24.01,67.76,1
0.2557,-0.1109,24.39,67.79,0
0.3862,0.1305,24.73,67.82,0
0.2737,-0.1125,25.0,67.85,0
0.3862,0.1125,25.02,67.85,1
0.421,0.0348,25.04,67.85,1
0.4314,0.0104,25.08,67.86,1
0.4272,-0.0042,25.13,67.86,1
0.411,-0.0161,25.13,67.86,1
0.4491,0.0381,25.25,67.87,1
0.4375,-0.0116,25.27,67.87,1
0.4491,0.0116,25.32,67.88,1
0.4848,0.0357,25.03,67.85,2
0.4852,0.0003,24.84,67.81,2
0.4696,-0.0156,24.63,67.78,2
0.3228,-0.1468,24.63,67.78,1
0.3996,0.0769,24.76,67.79,1
0.4526,0.0529,24.58,67.75,2
0.4702,0.0176,24.36,67.72,2
0.444,-0.0261,24.51,67.73,1
0.4241,-0.02,24.56,67.74,1
0.4306,0.0065,24.69,67.74,1
0.4135,-0.0171,24.81,67.75,1
0.434,0.0206,24.83,67.75,1
0.4398,0.0058,24.92,67.76,1
0.4561,0.0162,24.72,67.73,2
0.5214,0.0653,24.53,67.7,2
0.5808,0.0593,24.39,67.68,2
0.5737,-0.007,24.32,67.65,2
0.5484,-0.0253,24.18,67.63,2
0.5438,-0.0046,24.06,67.6,2
0.5547,0.0109,23.86,67.58,2
0.5738,0.0191,23.72,67.55,2
0.5899,0.0161,23.63,67.53,2
0.5535,-0.0364,23.56,67.51,2
0.3956,-0.158,23.71,67.52,1
0.4054,0.0098,23.91,67.53,1
0.4463,0.0409,24.1,67.54,1
0.4639,0.0177,23.93,67.51,2
0.4821,0.0181,23.87,67.49,2
0.4732,-0.0089,23.77,67.46,2
0.4689,-0.0043,23.69,67.43,2
0.4848,0.0158,23.53,67.41,2
0.4951,0.0103,23.53,67.39,2
0.5251,0.03,23.45,67.36,2
0.5389,0.0138,23.44,67.34,2
0.5205,-0.0184,23.36,67.32,2
0.37,-0.1505,23.62,67.34,1
0.3908,0.0207,23.8,67.35,1
0.4103,0.0195,23.91,67.36,1
0.4356,0.0253,23.99,67.38,1
0.4336,-0.002,24.1,67.39,1
0.4371,0.0035,24.2,67.4,1
0.4625,0.0254,24.0,67.38,2
0.4806,0.0181,23.88,67.36,2
0.4898,0.0092,23.8,67.33,2
0.5118,0.022,23.71,67.31,2
0.5014,-0.0104,23.63,67.29,2
0.3513,-0.1501,23.79,67.3,1
0.4002,0.0489,23.97,67.32,1
0.428,0.0278,24.11,67.33,1
0.5024,0.0744,23.95,67.31,2
0.4963,-0.0061,23.87,67.29,2
0.5203,0.024,23.78,67.27,2
0.5573,0.037,23.63,67.25,2
0.5398,-0.0175,23.57,67.23,2
0.5553,0.0155,23.4,67.22,2
0.5931,0.0377,23.31,67.2,2
0.5748,-0.0183,23.24,67.19,2
0.5511,-0.0237,23.19,67.17,2
0.5698,0.0187,23.14,67.16,2
0.4059,-0.1639,23.31,67.17,1
0.4888,0.0829,23.55,67.19,1
0.5122,0.0234,23.43,67.18,2
0.5399,0.0277,23.34,67.16,2
0.5902,0.0503,23.18,67.15,2
0.6259,0.0357,23.11,67.13,2
0.5773,-0.0486,23.05,67.12,2
0.5325,-0.0448,23.05,67.1,2
0.5176,-0.0148,23.09,67.09,2
0.5415,0.0238,23.02,67.07,2
0.596,0.0545,22.96,67.06,2
0.5971,0.0011,22.87,67.05,2
0.6242,0.0271,22.89,67.04,2
0.6425,0.0183,22.92,67.03,2
0.6251,-0.0174,22.95,67.02,2
0.6271,0.002,23.01,67.01,2
0.633,0.0059,23.04,67.0,2
0.6482,0.0152,23.08,67.0,2
0.6454,-0.0029,23.06,66.99,2
0.6213,-0.0241,23.06,66.98,2
0.5842,-0.0371,22.96,66.97,2
0.5712,-0.013,22.95,66.96,2
0.5571,-0.0141,22.82,66.95,2
0.5452,-0.0119,22.81,66.94,2
0.5221,-0.0231,22.74,66.92,2
0.5174,-0.0047,22.7,66.91,2
0.5404,0.0231,22.66,66.9,2
0.5899,0.0495,22.71,66.89,2
0.5758,-0.0141,22.67,66.88,2
0.6117,0.0359,22.67,66.88,2
0.5872,-0.0245,22.73,66.87,2
0.5646,-0.0226,22.7,66.86,2
0.5427,-0.0218,22.85,66.85,2
0.5256,-0.0171,22.77,66.84,2
0.5189,-0.0067,22.8,66.83,2
0.5237,0.0048,22.83,66.82,2
0.5309,0.0071,22.81,66.81,2
0.5305,-0.0004,22.8,66.8,2
0.5216,-0.0089,22.67,66.79,2
0.5407,0.0191,22.66,66.78,2
0.5352,-0.0055,22.66,66.77,2
0.5365,0.0013,22.64,66.76,2
0.5626,0.0261,22.72,66.75,2
0.5633,0.0007,22.76,66.75,2
0.5796,0.0162,22.8,66.74,2
0.6125,0.0329,22.89,66.74,2
0.6578,0.0453,22.96,66.73,2
0.6643,0.0065,22.84,66.73,2
0.6552,-0.0091,22.9,66.73,2
0.6795,0.0243,22.88,66.73,2
0.6348,-0.0447,22.81,66.73,2
0.6192,-0.0156,22.79,66.72,2
0.6276,0.0085,22.79,66.72,2
0.5842,-0.0434,22.69,66.72,2
0.5758,-0.0084,22.63,66.71,2
0.6075,0.0316,22.65,66.71,2
0.6365,0.029,22.6,66.7,2
0.6238,-0.0126,22.61,66.7,2
0.6431,0.0192,22.62,66.7,2
0.6364,-0.0067,22.63,66.7,2
0.6391,0.0027,22.69,66.7,2
0.617,-0.0222,22.73,66.69,2
0.6019,-0.0151,22.73,66.69,2
0.5898,-0.012,22.73,66.68,2
0.612,0.0222,22.73,66.68,2
0.6162,0.0042,22.79,66.68,2
0.6399,0.0237,22.75,66.68,2
0.5912,-0.0486,22.78,66.67,2
0.5746,-0.0166,22.8,66.67,2
0.5825,0.0078,22.75,66.66,2
0.6038,0.0214,22.69,66.66,2
0.619,0.0151,22.62,66.66,2
0.6199,0.001,22.65,66.66,2
0.6476,0.0277,22.62,66.66,2
0.6548,0.0072,22.6,66.66,2
0.6822,0.0274,22.65,66.66,2
0.6333,-0.0489,22.76,66.65,2
0.6061,-0.0271,22.74,66.65,2
0.5959,-0.0102,22.72,66.65,2
0.6121,0.0162,22.79,66.65,2
0.5886,-0.0235,22.81,66.64,2
0.584,-0.0046,22.81,66.64,2
0.598,0.014,22.8,66.64,2
0.6261,0.028,22.84,66.63,2
0.6222,-0.0039,22.85,66.63,2
0.6191,-0.0031,22.76,66.63,2
0.6102,-0.0088,22.75,66.63,2
0.6116,0.0014,22.68,66.63,2
0.6043,-0.0073,22.73,66.63,2
0.6209,0.0166,22.67,66.62,2
0.6393,0.0184,22.75,66.62,2
0.6281,-0.0113,22.79,66.62,2
0.5994,-0.0287,22.82,66.62,2
0.6295,0.0301,22.87,66.62,2
0.5957,-0.0338,22.87,66.62,2
0.5716,-0.0241,22.87,66.61,2
0.5963,0.0247,22.85,66.61,2
0.5834,-0.0129,22.86,66.61,2
0.591,0.0076,22.8,66.6,2
0.617,0.026,22.81,66.6,2
0.6216,0.0046,22.8,66.6,2
0.5935,-0.028,22.82,66.6,2
0.603,0.0095,22.84,66.6,2
0.6065,0.0035,22.75,66.6,2
0.6261,0.0196,22.65,66.6,2
0.6611,0.035,22.59,66.6,2
0.6222,-0.0389,22.58,66.6,2
0.5974,-0.0248,22.53,66.59,2
0.5748,-0.0226,22.6,66.59,2
0.6042,0.0294,22.7,66.59,2
0.6278,0.0236,22.7,66.59,2
0.6585,0.0307,22.74,66.59,2
0.6187,-0.0398,22.7,66.59,2
0.6282,0.0094,22.7,66.59,2
0.594,-0.0342,22.64,66.59,2
0.608,0.0141,22.64,66.59,2
0.6508,0.0428,22.56,66.59,2
0.6611,0.0103,22.5,66.59,2
0.6766,0.0154,22.56,66.59,2
0.6704,-0.0061,22.57,66.59,2
0.6812,0.0107,22.57,66.59,2
0.6662,-0.015,22.58,66.59,2
0.626,-0.0402,22.56,66.59,2
0.6165,-0.0095,22.57,66.59,2
0.5944,-0.0221,22.65,66.59,2
0.5605,-0.0339,22.53,66.59,2
0.5513,-0.0092,22.56,66.58,2
0.5605,0.0092,22.54,66.58,2
0.5341,-0.0265,22.46,66.57,2
0.5404,0.0063,22.44,66.57,2
0.523,-0.0174,22.41,66.56,2
0.5744,0.0514,22.51,66.56,2
0.6036,0.0291,22.45,66.56,2
0.6009,-0.0026,22.53,66.56,2
0.5786,-0.0223,22.53,66.56,2
0.5694,-0.0091,22.51,66.56,2
0.5879,0.0184,22.59,66.55,2
0.6143,0.0264,22.61,66.55,2
0.5694,-0.0449,22.66,66.55,2
0.5898,0.0204,22.7,66.55,2
0.6378,0.048,22.7,66.55,2
0.6339,-0.0039,22.78,66.55,2
0.6163,-0.0176,22.81,66.55,2
0.6273,0.011,22.79,66.55,2
0.608,-0.0192,22.81,66.55,2
0.6189,0.0109,22.77,66.55,2
0.6149,-0.004,22.81,66.55,2
0.6213,0.0064,22.84,66.55,2
0.5553,-0.066,22.82,66.55,2
0.5959,0.0406,22.83,66.55,2
0.5793,-0.0166,22.84,66.54,2
0.6171,0.0378,22.9,66.54,2
0.6351,0.018,22.87,66.54,2
0.6163,-0.0188,22.87,66.54,2
0.444,-0.1723,23.11,66.58,1
0.4951,0.0511,23.3,66.61,1
0.5648,0.0697,23.32,66.6,2
0.6269,0.0621,23.27,66.6,2
0.638,0.0111,23.34,66.6,2
0.6134,-0.0245,23.29,66.6,2
0.5844,-0.029,23.24,66.6,2
0.5971,0.0127,23.18,66.6,2
0.628,0.0309,23.19,66.6,2
0.6281,0.0001,23.11,66.6,2
0.6433,0.0152,23.08,66.6,2
0.6707,0.0274,23.04,66.6,2
0.6884,0.0177,23.04,66.6,2
0.7147,0.0263,22.91,66.6,2
0.7156,0.0009,22.88,66.61,2
0.7296,0.014,22.89,66.61,2
0.7308,0.0012,22.87,66.62,2
0.7097,-0.0211,22.97,66.62,2
0.7178,0.0081,23.04,66.62,2
0.6759,-0.0419,23.1,66.62,2
0.6861,0.0102,23.01,66.63,2
0.6795,-0.0066,23.03,66.63,2
0.6476,-0.0319,23.09,66.63,2
0.6708,0.0231,23.06,66.63,2
0.6795,0.0088,23.02,66.63,2
0.6873,0.0077,22.97,66.63,2
0.7152,0.0279,22.94,66.64,2
0.7279,0.0127,22.94,66.64,2
0.7026,-0.0254,22.87,66.64,2
0.6793,-0.0233,22.78,66.64,2
0.6558,-0.0235,22.84,66.64,2
0.6565,0.0007,22.78,66.64,2
0.6498,-0.0067,22.8,66.64,2
0.6847,0.0349,22.78,66.64,2
0.7263,0.0416,22.83,66.65,2
0.6847,-0.0416,22.73,66.65,2
0.6374,-0.0472,22.73,66.65,2
0.6383,0.0009,22.76,66.65,2
0.6422,0.0039,22.82,66.65,2
0.6318,-0.0104,22.8,66.64,2
0.6373,0.0055,22.81,66.64,2
0.6708,0.0334,22.86,66.64,2
0.6664,-0.0044,22.81,66.64,2
0.648,-0.0184,22.82,66.64,2
0.6473,-0.0006,22.84,66.64,2
0.6483,0.0009,22.72,66.64,2
0.5926,-0.0557,22.69,66.64,2
0.6265,0.0339,22.78,66.64,2
0.6459,0.0194,22.76,66.64,2
0.6834,0.0375,22.82,66.64,2
0.6399,-0.0435,22.85,66.64,2
0.6452,0.0053,22.85,66.64,2
0.6633,0.0181,22.84,66.64,2
0.6873,0.0239,22.87,66.64,2
0.688,0.0008,22.86,66.64,2
0.6925,0.0044,22.84,66.64,2
0.7338,0.0413,22.88,66.65,2
0.737,0.0032,22.89,66.65,2
0.7414,0.0045,22.87,66.65,2
0.714,-0.0275,22.87,66.66,2
0.7274,0.0134,22.89,66.66,2
0.7662,0.0388,22.91,66.67,2
0.6975,-0.0687,22.95,66.67,2
0.7172,0.0197,22.91,66.67,2
0.6517,-0.0655,22.96,66.67,2
0.6582,0.0065,22.87,66.67,2
0.6806,0.0223,22.84,66.67,2
0.651,-0.0295,22.89,66.67,2
0.6594,0.0084,22.95,66.67,2
0.6717,0.0122,22.91,66.67,2
0.698,0.0263,22.93,66.67,2
0.7094,0.0114,22.94,66.67,2
0.6763,-0.0331,22.94,66.67,2
0.6889,0.0126,22.93,66.67,2
0.7069,0.018,22.91,66.67,2
0.7316,0.0247,22.84,66.68,2
0.7274,-0.0042,22.78,66.68,2
0.7561,0.0287,22.79,66.69,2
0.7467,-0.0094,22.85,66.69,2
0.7467,-0.0001,22.84,66.69,2
0.7162,-0.0304,22.79,66.69,2
0.7154,-0.0009,22.8,66.7,2
0.7219,0.0065,22.83,66.7,2
0.7531,0.0312,22.82,66.7,2
0.7508,-0.0023,22.86,66.71,2
0.7549,0.0041,22.77,66.71,2
0.736,-0.0189,22.85,66.71,2
0.7353,-0.0008,22.88,66.71,2
0.7707,0.0354,22.95,66.72,2
0.7888,0.0181,23.06,66.72,2
0.7675,-0.0213,23.08,66.73,2
0.7381,-0.0295,23.05,66.73,2
0.6816,-0.0565,22.97,66.73,2
0.6975,0.016,22.91,66.73,2
0.6742,-0.0234,22.95,66.73,2
0.6927,0.0185,22.96,66.73,2
0.7225,0.0297,22.91,66.73,2
0.7308,0.0084,22.85,66.73,2
0.7551,0.0243,22.92,66.74,2
0.7629,0.0078,23.0,66.74,2
0.7844,0.0216,23.03,66.74,2
0.7415,-0.043,22.93,66.75,2
0.7547,0.0132,22.9,66.75,2
0.7714,0.0167,22.96,66.75,2
0.7773,0.0059,23.02,66.76,2
0.7821,0.0049,23.09,66.76,2
0.7918,0.0096,23.07,66.76,2
0.8086,0.0169,23.06,66.77,2
0.8207,0.0121,23.06,66.77,2
0.7636,-0.0571,23.06,66.78,2
0.6945,-0.0691,23.08,66.78,2
0.7116,0.0171,23.14,66.78,2
0.7341,0.0225,23.17,66.78,2
0.747,0.0129,23.21,66.78,2
0.7551,0.0081,23.14,66.78,2
0.7412,-0.0139,23.13,66.78,2
0.7126,-0.0287,23.2,66.78,2
0.7277,0.0151,23.12,66.78,2
0.7201,-0.0076,23.04,66.78,2
0.6854,-0.0347,22.98,66.78,2
0.7071,0.0216,23.03,66.78,2
0.727,0.02,23.12,66.78,2
0.726,-0.0011,23.11,66.78,2
0.7465,0.0205,23.06,66.79,2
0.7604,0.0139,23.1,66.79,2
0.7667,0.0063,23.03,66.79,2
0.7518,-0.0149,23.06,66.79,2
0.752,0.0002,23.04,66.79,2
0.7575,0.0054,23.08,66.8,2
0.7425,-0.0149,23.02,66.8,2
0.7349,-0.0077,23.02,66.8,2
0.7398,0.0049,23.03,66.8,2
0.7004,-0.0395,23.01,66.8,2
0.6987,-0.0017,23.05,66.8,2
0.7132,0.0145,23.01,66.8,2
0.7008,-0.0124,22.97,66.8,2
0.677,-0.0238,23.02,66.79,2
0.6943,0.0173,23.03,66.79,2
0.6882,-0.0061,23.08,66.79,2
0.6668,-0.0214,22.99,66.79,2
0.6957,0.0288,23.02,66.79,2
0.7201,0.0244,23.02,66.79,2
0.7049,-0.0151,23.02,66.79,2
0.6979,-0.007,23.03,66.79,2
0.7177,0.0198,23.04,66.79,2
0.7399,0.0222,22.91,66.79,2
0.7213,-0.0186,22.99,66.79,2
0.7289,0.0076,22.96,66.79,2
0.7381,0.0092,22.95,66.79,2
0.7358,-0.0023,22.97,66.79,2
0.6897,-0.0461,23.05,66.79,2
0.6741,-0.0156,23.1,66.79,2
0.6959,0.0218,23.04,66.79,2
0.6624,-0.0335,23.01,66.78,2
0.6689,0.0065,23.07,66.78,2
0.6891,0.0202,22.98,66.78,2
0.6929,0.0038,23.05,66.78,2
0.689,-0.0039,23.03,66.78,2
0.6698,-0.0192,23.16,66.78,2
0.6386,-0.0312,23.26,66.77,2
0.6733,0.0347,23.28,66.77,2
0.6519,-0.0214,23.21,66.77,2
0.6552,0.0033,23.24,66.77,2
0.6876,0.0324,23.27,66.76,2
0.6621,-0.0255,23.27,66.76,2
0.6327,-0.0295,23.24,66.76,2
0.642,0.0093,23.23,66.76,2
0.6283,-0.0137,23.29,66.75,2
0.6613,0.033,23.19,66.75,2
0.6473,-0.014,23.21,66.75,2
0.6486,0.0014,23.24,66.75,2
0.6129,-0.0357,23.24,66.74,2
0.6313,0.0184,23.12,66.74,2
0.6229,-0.0085,22.97,66.73,2
0.6606,0.0377,22.89,66.73,2
0.6858,0.0252,22.87,66.73,2
0.682,-0.0038,22.88,66.73,2
0.698,0.016,22.87,66.73,2
0.7079,0.0099,22.87,66.73,2
0.7472,0.0393,22.9,66.74,2
0.7632,0.016,22.87,66.74,2
0.7571,-0.0061,22.94,66.74,2
0.761,0.0039,22.88,66.74,2
0.7701,0.0092,22.86,66.75,2
0.7812,0.011,22.86,66.75,2
0.7991,0.0179,22.81,66.76,2
0.7994,0.0003,22.84,66.76,2
0.8054,0.006,22.85,66.77,2
0.7832,-0.0223,22.81,66.77,2
0.7998,0.0166,22.8,66.78,2
0.7819,-0.0179,22.73,66.78,2
0.7423,-0.0396,22.74,66.78,2
0.7424,0.0001,22.83,66.78,2
0.7542,0.0117,22.89,66.78,2
0.746,-0.0082,22.87,66.79,2
0.7434,-0.0026,22.96,66.79,2
0.7494,0.006,23.02,66.79,2
0.7254,-0.024,23.03,66.79,2
0.7528,0.0274,23.01,66.79,2
0.7204,-0.0324,22.95,66.79,2
0.7296,0.0092,22.88,66.79,2
0.7175,-0.0121,22.87,66.79,2
0.7132,-0.0042,22.83,66.79,2
0.7078,-0.0054,22.8,66.79,2
0.7271,0.0193,22.86,66.79,2
0.6908,-0.0363,22.85,66.79,2
0.6982,0.0074,22.91,66.79,2
0.6914,-0.0067,22.95,66.79,2
0.6921,0.0007,23.01,66.79,2
0.6842,-0.0079,23.11,66.79,2
0.718,0.0338,23.15,66.79,2
0.7438,0.0258,23.11,66.79,2
0.7104,-0.0334,23.08,66.79,2
0.7297,0.0193,23.05,66.79,2
0.7156,-0.0141,23.08,66.79,2
0.7522,0.0366,23.04,66.79,2
0.7568,0.0046,23.07,66.79,2
0.7278,-0.0291,23.02,66.79,2
0.7234,-0.0044,22.94,66.79,2
0.7226,-0.0008,22.95,66.79,2
0.727,0.0044,22.83,66.79,2
0.7584,0.0315,22.86,66.8,2
0.7703,0.0119,22.79,66.8,2
0.7333,-0.0371,22.87,66.8,2
0.7458,0.0125,22.95,66.8,2
0.7725,0.0267,22.91,66.8,2
0.7785,0.006,22.98,66.81,2
0.7757,-0.0028,23.03,66.81,2
0.7429,-0.0328,23.06,66.81,2
0.7366,-0.0063,23.05,66.81,2
0.7408,0.0043,23.08,66.81,2
0.7515,0.0106,23.06,66.81,2
0.7766,0.0251,23.1,66.81,2
0.7756,-0.001,23.03,66.82,2
0.7615,-0.0141,22.98,66.82,2
0.7745,0.0131,23.09,66.82,2
0.7231,-0.0514,23.02,66.82,2
0.7359,0.0128,23.02,66.82,2
0.7365,0.0006,23.08,66.82,2
0.7468,0.0103,23.06,66.82,2
0.7744,0.0275,23.09,66.83,2
0.7539,-0.0205,22.97,66.83,2
0.7442,-0.0097,22.99,66.83,2
0.7395,-0.0046,22.93,66.83,2
0.7334,-0.0062,22.98,66.83,2
0.7438,0.0104,23.05,66.83,2
0.7457,0.0019,22.99,66.83,2
0.7518,0.0061,23.03,66.83,2
0.7417,-0.0101,23.03,66.83,2
0.7572,0.0154,23.03,66.83,2
0.7811,0.0239,23.08,66.83,2
0.7839,0.0028,23.07,66.84,2
0.8027,0.0188,23.12,66.84,2
0.8122,0.0095,23.07,66.84,2
0.8289,0.0167,23.1,66.85,2
0.8043,-0.0246,23.06,66.85,2
0.8086,0.0043,22.99,66.86,2
0.7712,-0.0374,22.98,66.86,2
0.7736,0.0024,23.01,66.86,2
0.7897,0.0161,23.04,66.86,2
0.7969,0.0072,23.04,66.86,2
0.7921,-0.0049,23.05,66.87,2
0.7978,0.0057,23.0,66.87,2
0.7915,-0.0063,23.05,66.87,2
0.7582,-0.0333,23.01,66.87,2
0.7376,-0.0206,22.99,66.87,2
0.7595,0.0219,23.02,66.87,2
0.7393,-0.0202,22.98,66.87,2
0.7058,-0.0335,22.9,66.87,2
0.7071,0.0013,22.91,66.87,2
0.7219,0.0148,22.85,66.86,2
0.6927,-0.0292,22.8,66.86,2
0.6477,-0.0449,22.85,66.86,2
0.6523,0.0046,22.8,66.85,2
0.6768,0.0245,22.89,66.85,2
0.6949,0.0182,22.86,66.85,2
0.6897,-0.0053,22.77,66.84,2
0.7078,0.0181,22.8,66.84,2
0.7295,0.0218,22.8,66.84,2
0.7056,-0.0239,22.84,66.84,2
0.7084,0.0028,22.8,66.84,2
0.7152,0.0068,22.79,66.84,2
0.6806,-0.0346,22.75,66.84,2
0.6641,-0.0165,22.72,66.83,2
0.6927,0.0286,22.72,66.83,2
0.7257,0.033,22.73,66.83,2
0.7108,-0.0149,22.71,66.83,2
0.738,0.0272,22.67,66.83,2
0.7196,-0.0184,22.58,66.83,2
0.6571,-0.0625,22.55,66.83,2
0.6804,0.0232,22.57,66.82,2
0.6954,0.0151,22.61,66.82,2
0.7151,0.0197,22.74,66.82,2
0.7351,0.02,22.82,66.82,2
0.7075,-0.0276,22.88,66.82,2
0.7218,0.0143,22.86,66.82,2
0.7593,0.0375,22.8,66.82,2
0.7683,0.009,22.84,66.82,2
0.7462,-0.0221,22.82,66.82,2
0.7688,0.0226,22.87,66.83,2
0.7744,0.0056,22.91,66.83,2
0.7513,-0.023,22.93,66.83,2
0.758,0.0067,23.0,66.83,2
0.7906,0.0326,23.06,66.83,2
0.7844,-0.0062,23.01,66.84,2
0.778,-0.0064,23.05,66.84,2
0.7849,0.0069,23.08,66.84,2
0.7992,0.0142,23.01,66.84,2
0.791,-0.0081,22.95,66.85,2
0.8017,0.0107,22.94,66.85,2
0.7772,-0.0245,22.97,66.85,2
0.7677,-0.0094,22.98,66.85,2
0.7643,-0.0035,22.98,66.85,2
0.7815,0.0172,23.06,66.86,2
0.8039,0.0225,23.12,66.86,2
0.8056,0.0017,23.12,66.86,2
0.775,-0.0306,23.22,66.86,2
0.7736,-0.0014,23.17,66.86,2
0.7741,0.0005,23.24,66.87,2
0.7475,-0.0267,23.26,66.87,2
0.7617,0.0143,23.13,66.87,2
0.7739,0.0122,23.04,66.87,2
0.7297,-0.0442,23.0,66.87,2
0.6886,-0.0411,22.99,66.86,2
0.694,0.0054,23.02,66.86,2
0.6955,0.0015,22.95,66.86,2
0.7107,0.0152,22.96,66.86,2
0.7149,0.0043,22.94,66.86,2
0.6932,-0.0218,22.88,66.85,2
0.7105,0.0173,22.96,66.85,2
0.6891,-0.0214,22.9,66.85,2
0.6907,0.0016,22.84,66.85,2
0.7165,0.0258,22.82,66.85,2
0.7075,-0.009,22.84,66.84,2
0.7233,0.0158,22.9,66.84,2
0.741,0.0177,22.92,66.84,2
0.7687,0.0277,23.02,66.85,2
0.7494,-0.0192,22.99,66.85,2
0.7521,0.0027,22.9,66.85,2
0.7605,0.0084,22.91,66.85,2
0.7753,0.0148,22.93,66.85,2
0.7795,0.0042,22.9,66.85,2
0.7477,-0.0318,22.92,66.85,2
0.7419,-0.0059,22.92,66.85,2
0.7332,-0.0087,22.92,66.85,2
0.743,0.0098,22.95,66.85,2
0.7119,-0.031,22.92,66.85,2
0.6915,-0.0205,22.93,66.85,2
0.6811,-0.0104,22.95,66.85,2
0.6969,0.0158,22.99,66.84,2
0.6917,-0.0052,23.01,66.84,2
0.7293,0.0376,22.95,66.84,2
0.7415,0.0122,22.92,66.84,2
0.7549,0.0134,22.89,66.84,2
0.7518,-0.0031,22.88,66.84,2
0.7251,-0.0267,22.85,66.84,2
0.6978,-0.0273,22.92,66.84,2
0.7212,0.0234,22.82,66.84,2
0.7396,0.0185,22.91,66.84,2
0.7567,0.0171,22.93,66.84,2
0.7062,-0.0505,22.88,66.84,2
0.6705,-0.0357,22.91,66.84,2
0.6963,0.0258,23.0,66.83,2
0.7353,0.039,22.96,66.83,2
0.7527,0.0174,23.0,66.83,2
0.765,0.0123,22.9,66.84,2
0.7599,-0.0051,23.08,66.84,2
0.7738,0.0139,23.12,66.84,2
0.8007,0.0269,23.12,66.84,2
0.8085,0.0079,23.11,66.85,2
0.8231,0.0146,23.09,66.85,2
0.8333,0.0102,23.07,66.86,2
0.8096,-0.0238,23.1,66.86,2
0.8059,-0.0036,23.13,66.86,2
0.7979,-0.008,23.14,66.86,2
0.7723,-0.0256,23.08,66.87,2
0.7257,-0.0466,23.03,66.86,2
0.7426,0.0168,22.95,66.86,2
0.7659,0.0233,23.01,66.87,2
0.7724,0.0065,23.03,66.87,2
0.772,-0.0004,23.14,66.87,2
0.7793,0.0073,23.1,66.87,2
0.7818,0.0025,23.03,66.87,2
0.7524,-0.0294,23.03,66.87,2
0.776,0.0236,23.04,66.87,2
0.7236,-0.0524,23.07,66.87,2
0.7361,0.0125,23.11,66.87,2
0.7596,0.0235,23.07,66.87,2
0.7916,0.0321,23.12,66.87,2
0.76,-0.0316,23.09,66.87,2
0.7605,0.0005,23.07,66.87,2
0.7792,0.0188,23.11,66.88,2
0.8012,0.022,23.12,66.88,2
0.7722,-0.029,23.08,66.88,2
0.7662,-0.006,23.04,66.88,2
0.7645,-0.0017,22.98,66.88,2
0.7787,0.0142,23.02,66.88,2
0.7864,0.0077,23.02,66.88,2
0.7989,0.0125,23.04,66.89,2
0.7949,-0.004,23.05,66.89,2
0.7514,-0.0435,22.98,66.89,2
0.7578,0.0065,22.96,66.89,2
0.7773,0.0195,22.93,66.89,2
0.8016,0.0243,22.98,66.89,2
0.7914,-0.0101,22.96,66.89,2
0.8,0.0086,23.03,66.9,2
0.8007,0.0007,23.03,66.9,2
0.7924,-0.0083,23.01,66.9,2
0.7951,0.0027,23.04,66.9,2
0.7672,-0.0278,23.03,66.9,2
0.7843,0.0171,23.0,66.9,2
0.7611,-0.0232,23.02,66.9,2
0.7569,-0.0043,23.03,66.9,2
0.7355,-0.0214,23.02,66.9,2
0.684,-0.0514,23.06,66.9,2
0.6684,-0.0156,22.98,66.89,2
0.6641,-0.0043,22.99,66.89,2
0.6433,-0.0208,23.03,66.88,2
0.655,0.0116,23.08,66.88,2
0.6205,-0.0345,23.06,66.87,2
0.6387,0.0182,22.93,66.87,2
0.672,0.0333,22.94,66.86,2
0.6408,-0.0313,22.95,66.86,2
0.6475,0.0067,22.88,66.85,2
0.654,0.0065,22.9,66.85,2
0.6441,-0.0099,22.87,66.84,2
0.6394,-0.0046,22.85,66.84,2
0.6311,-0.0083,22.81,66.83,2
0.6311,-0.0,22.84,66.83,2
0.6541,0.023,22.79,66.82,2
0.6642,0.0101,22.8,66.82,2
0.6834,0.0192,22.79,66.82,2
0.6943,0.0108,22.78,66.82,2
0.7285,0.0342,22.86,66.82,2
0.6963,-0.0321,22.91,66.82,2
0.6765,-0.0198,22.96,66.81,2
0.6406,-0.036,22.98,66.81,2
0.6655,0.0249,22.87,66.81,2
0.6575,-0.0079,22.79,66.8,2
0.6712,0.0137,22.8,66.8,2
0.6674,-0.0038,22.83,66.8,2
0.6766,0.0092,22.87,66.8,2
0.6477,-0.0288,22.97,66.79,2
0.6699,0.0222,22.96,66.79,2
0.6602,-0.0097,22.92,66.79,2
0.668,0.0078,22.9,66.78,2
0.6614,-0.0066,22.95,66.78,2
0.7003,0.0389,22.95,66.78,2
0.663,-0.0373,22.95,66.78,2
0.6896,0.0266,23.02,66.78,2
0.7155,0.0259,22.98,66.78,2
0.6365,-0.079,22.93,66.77,2
0.6467,0.0102,22.92,66.77,2
0.617,-0.0297,22.87,66.77,2
0.6422,0.0253,22.93,66.76,2
0.6832,0.0409,22.95,66.76,2
0.6845,0.0014,22.95,66.76,2
0.7258,0.0413,22.96,66.76,2
0.714,-0.0118,22.89,66.76,2
0.7119,-0.0021,22.94,66.76,2
0.7134,0.0014,22.9,66.76,2
0.6917,-0.0216,22.98,66.76,2
0.6899,-0.0018,23.06,66.76,2
0.6308,-0.0591,22.98,66.76,2
0.6444,0.0136,22.99,66.76,2
0.6709,0.0265,22.9,66.75,2
0.6754,0.0045,22.88,66.75,2
0.6923,0.0169,22.83,66.75,2
0.6848,-0.0075,22.87,66.75,2
0.7042,0.0194,22.91,66.75,2
0.7145,0.0103,22.9,66.75,2
0.6779,-0.0366,22.86,66.75,2
0.6846,0.0067,22.85,66.75,2
0.7011,0.0165,22.82,66.75,2
0.7208,0.0197,22.72,66.75,2
0.7089,-0.0119,22.72,66.75,2
0.7254,0.0166,22.75,66.75,2
0.6745,-0.0509,22.79,66.75,2
0.6778,0.0033,22.78,66.75,2
0.7185,0.0407,22.78,66.75,2
0.6853,-0.0332,22.82,66.75,2
0.7111,0.0258,22.83,66.75,2
0.6412,-0.0699,22.85,66.75,2
0.6541,0.0128,22.84,66.75,2
0.6668,0.0128,22.84,66.74,2
0.6646,-0.0022,22.73,66.74,2
0.6601,-0.0045,22.66,66.74,2
0.6408,-0.0193,22.78,66.74,2
0.6711,0.0303,22.79,66.74,2
0.6541,-0.017,22.83,66.73,2
0.6478,-0.0063,22.8,66.73,2
0.6326,-0.0152,22.85,66.73,2
0.6529,0.0203,22.76,66.73,2
0.6674,0.0146,22.85,66.73,2
0.6647,-0.0027,22.83,66.72,2
0.6634,-0.0014,22.85,66.72,2
0.6843,0.0209,22.83,66.72,2
0.6433,-0.041,22.83,66.72,2
0.639,-0.0043,22.88,66.72,2
0.631,-0.008,22.89,66.72,2
0.6374,0.0064,22.9,66.71,2
0.6511,0.0137,22.91,66.71,2
0.6588,0.0077,22.91,66.71,2
0.6232,-0.0356,22.95,66.71,2
0.6117,-0.0115,22.99,66.7,2
0.6127,0.0011,22.97,66.7,2
0.6163,0.0036,22.95,66.7,2
0.5968,-0.0195,22.92,66.69,2
0.6362,0.0394,23.03,66.69,2
0.6127,-0.0234,22.94,66.69,2
0.5851,-0.0277,23.04,66.68,2
0.5925,0.0074,23.06,66.68,2
0.6008,0.0084,23.02,66.68,2
0.5973,-0.0035,22.99,66.67,2
0.6105,0.0131,22.97,66.67,2
0.6301,0.0196,22.94,66.67,2
0.6364,0.0063,22.88,66.67,2
0.62,-0.0164,22.87,66.66,2
0.6136,-0.0063,22.94,66.66,2
0.5555,-0.0581,22.91,66.66,2
0.5554,-0.0002,22.84,66.65,2
0.5606,0.0052,22.79,66.65,2
0.5634,0.0028,22.76,66.64,2
0.61,0.0466,22.76,66.64,2
0.6446,0.0346,22.74,66.64,2
0.6427,-0.0019,22.68,66.64,2
0.6684,0.0257,22.76,66.64,2
0.6373,-0.0311,22.78,66.64,2
0.623,-0.0143,22.84,66.64,2
0.6312,0.0082,22.85,66.63,2
0.6297,-0.0015,22.87,66.63,2
0.6182,-0.0114,22.93,66.63,2
0.606,-0.0122,22.86,66.63,2
0.56,-0.046,22.88,66.62,2
0.5834,0.0234,22.84,66.62,2
0.5961,0.0127,22.81,66.62,2
0.6403,0.0442,22.72,66.62,2
0.6163,-0.024,22.74,66.62,2
0.6521,0.0357,22.7,66.62,2
0.6424,-0.0096,22.7,66.62,2
0.6791,0.0367,22.64,66.62,2
0.6474,-0.0317,22.66,66.62,2
0.631,-0.0165,22.62,66.62,2
0.6321,0.0011,22.71,66.62,2
0.6219,-0.0102,22.75,66.62,2
0.6249,0.003,22.75,66.61,2
0.6272,0.0023,22.68,66.61,2
0.6544,0.0272,22.7,66.61,2
0.6527,-0.0017,22.76,66.61,2
0.6647,0.012,22.79,66.62,2
0.6069,-0.0578,22.77,66.61,2
0.6082,0.0013,22.83,66.61,2
0.6401,0.0319,22.92,66.61,2
0.6344,-0.0057,22.89,66.61,2
0.6699,0.0355,22.92,66.61,2
0.6596,-0.0103,22.91,66.61,2
0.675,0.0154,22.87,66.61,2
0.7018,0.0268,22.87,66.62,2
0.6717,-0.03,22.78,66.62,2
0.6689,-0.0029,22.75,66.62,2
0.66,-0.0088,22.78,66.62,2
0.6503,-0.0098,22.72,66.62,2
0.6374,-0.0129,22.69,66.62,2
0.6237,-0.0137,22.69,66.62,2
0.6317,0.0081,22.72,66.62,2
0.6537,0.0219,22.67,66.62,2
0.6864,0.0327,22.65,66.62,2
0.7071,0.0207,22.69,66.62,2
0.6546,-0.0525,22.73,66.62,2
0.6831,0.0285,22.73,66.62,2
0.6616,-0.0215,22.62,66.63,2
0.6954,0.0338,22.58,66.63,2
0.6596,-0.0359,22.56,66.63,2
0.64,-0.0196,22.63,66.63,2
0.6318,-0.0082,22.64,66.63,2
0.6394,0.0076,22.68,66.63,2
0.6576,0.0182,22.62,66.63,2
0.656,-0.0016,22.57,66.63,2
0.6033,-0.0527,22.47,66.62,2
0.5871,-0.0162,22.5,66.62,2
0.5823,-0.0048,22.55,66.62,2
0.5968,0.0144,22.65,66.62,2
0.6339,0.0372,22.64,66.61,2
0.6376,0.0036,22.59,66.61,2
0.6158,-0.0218,22.73,66.61,2
0.5799,-0.0359,22.69,66.61,2
0.5673,-0.0127,22.72,66.61,2
0.5796,0.0123,22.78,66.6,2
0.5604,-0.0192,22.75,66.6,2
0.5667,0.0064,22.65,66.59,2
0.5826,0.0159,22.67,66.59,2
0.5979,0.0153,22.65,66.59,2
0.6272,0.0293,22.7,66.59,2
0.6441,0.0169,22.66,66.59,2
0.6413,-0.0028,22.7,66.59,2
0.6302,-0.0112,22.72,66.59,2
0.6366,0.0064,22.67,66.59,2
0.6496,0.0131,22.73,66.59,2
0.6673,0.0176,22.68,66.59,2
0.6377,-0.0295,22.69,66.59,2
0.6162,-0.0216,22.71,66.59,2
0.5983,-0.0178,22.67,66.59,2
0.6058,0.0074,22.6,66.59,2
0.5752,-0.0306,22.45,66.58,2
0.574,-0.0012,22.46,66.58,2
0.5832,0.0092,22.48,66.58,2
0.6052,0.022,22.51,66.58,2
0.5683,-0.0369,22.56,66.57,2
0.5746,0.0064,22.58,66.57,2
0.5926,0.0179,22.52,66.57,2
0.6031,0.0106,22.54,66.57,2
0.5718,-0.0313,22.47,66.57,2
0.5782,0.0064,22.54,66.56,2
0.6127,0.0345,22.56,66.56,2
0.5625,-0.0503,22.61,66.56,2
0.5711,0.0087,22.65,66.56,2
0.5704,-0.0008,22.63,66.55,2
0.5781,0.0078,22.64,66.55,2
0.6066,0.0285,22.59,66.55,2
0.5771,-0.0295,22.55,66.55,2
0.5557,-0.0215,22.59,66.55,2
0.5295,-0.0262,22.54,66.54,2
0.5345,0.005,22.51,66.54,2
0.3792,-0.1553,22.78,66.57,1
0.4088,0.0296,23.0,66.6,1
0.4867,0.0779,22.98,66.59,2
0.4981,0.0114,22.93,66.58,2
0.5118,0.0138,22.9,66.57,2
0.5065,-0.0053,22.78,66.57,2
0.5415,0.035,22.73,66.56,2
0.5635,0.022,22.74,66.56,2
0.5787,0.0152,22.7,66.56,2
0.6248,0.0461,22.83,66.56,2
0.5907,-0.0341,22.73,66.56,2
0.6005,0.0098,22.71,66.56,2
0.5829,-0.0176,22.68,66.55,2
0.5447,-0.0382,22.6,66.55,2
0.5062,-0.0385,22.53,66.54,2
0.5408,0.0346,22.54,66.54,2
0.5158,-0.0249,22.57,66.54,2
0.5421,0.0263,22.55,66.53,2
0.3847,-0.1574,22.74,66.56,1
0.4002,0.0155,22.96,66.59,1
0.471,0.0708,22.92,66.58,2
0.4831,0.0121,22.85,66.57,2
0.4989,0.0158,22.9,66.57,2
0.4805,-0.0184,22.9,66.56,2
0.4869,0.0064,22.92,66.55,2
0.4819,-0.005,22.94,66.55,2
0.5135,0.0316,22.92,66.54,2
0.5312,0.0177,22.94,66.54,2
0.5108,-0.0204,22.92,66.53,2
0.3579,-0.1529,23.26,66.56,1
0.4171,0.0592,23.47,66.59,1
0.4153,-0.0018,23.62,66.62,1
0.4016,-0.0136,23.81,66.65,1
0.4375,0.0358,24.0,66.67,1
0.4945,0.057,23.89,66.67,2
0.5074,0.0129,23.73,66.66,2
0.5084,0.0009,23.65,66.65,2
0.4802,-0.0281,23.57,66.64,2
0.5295,0.0493,23.47,66.63,2
0.5407,0.0112,23.38,66.63,2
0.5428,0.0021,23.23,66.62,2
0.581,0.0382,23.15,66.62,2
0.5602,-0.0208,23.08,66.62,2
0.57,0.0097,23.04,66.61,2
0.6114,0.0414,22.95,66.61,2
0.4395,-0.1719,23.21,66.64,1
0.4985,0.059,23.52,66.67,1
0.5088,0.0103,23.35,66.66,2
0.5333,0.0246,23.16,66.66,2
0.564,0.0306,23.04,66.65,2
0.5634,-0.0006,23.03,66.65,2
0.5785,0.0151,23.02,66.64,2
0.5744,-0.0041,23.0,66.64,2
0.5894,0.015,22.98,66.64,2
0.6132,0.0238,22.95,66.63,2
0.6428,0.0296,22.89,66.63,2
0.6808,0.0379,22.94,66.63,2
0.6781,-0.0027,22.94,66.64,2
0.6417,-0.0365,22.99,66.64,2
0.6246,-0.0171,23.02,66.63,2
0.6138,-0.0108,22.95,66.63,2
0.6162,0.0024,22.99,66.63,2
0.6197,0.0035,22.99,66.63,2
0.4516,-0.1681,22.9,66.62,2
0.463,0.0114,22.98,66.61,2
0.5043,0.0412,22.92,66.6,2
0.3626,-0.1417,23.21,66.63,1
0.4218,0.0592,23.51,66.66,1
0.4804,0.0586,23.4,66.65,2
0.4572,-0.0232,23.37,66.64,2
0.4849,0.0277,23.37,66.63,2
0.4898,0.0049,23.26,66.62,2
0.4654,-0.0244,23.17,66.61,2
0.4714,0.006,23.04,66.6,2
0.4915,0.0201,23.01,66.6,2
0.4997,0.0082,22.89,66.59,2
0.5101,0.0104,22.84,66.58,2
0.506,-0.0041,22.8,66.58,2
0.5413,0.0353,22.74,66.57,2
0.5032,-0.0381,22.72,66.57,2
0.3535,-0.1497,22.89,66.59,1
0.4026,0.0491,23.12,66.62,1
0.4315,0.0288,23.34,66.65,1
0.4448,0.0134,23.59,66.68,1
0.3107,-0.1341,23.71,66.7,1
0.3329,0.0222,23.95,66.72,1
0.3771,0.0442,24.17,66.75,1
0.4162,0.0391,24.35,66.77,1
0.4517,0.0355,24.21,66.76,2
0.4412,-0.0105,24.05,66.75,2
0.4519,0.0107,23.88,66.74,2
0.4649,0.013,23.79,66.72,2
0.3237,-0.1412,23.95,66.75,1
0.3644,0.0407,24.11,66.77,1
0.394,0.0296,24.29,66.79,1
0.4152,0.0212,24.5,66.82,1
0.4289,0.0137,24.56,66.84,1
0.4166,-0.0123,24.64,66.87,1
0.4393,0.0227,24.7,66.89,1
0.505,0.0657,24.48,66.88,2
0.486,-0.0189,24.24,66.87,2
0.472,-0.0141,24.13,66.85,2
0.4831,0.0111,23.89,66.84,2
0.4695,-0.0135,23.75,66.83,2
0.4596,-0.01,23.63,66.81,2
0.4886,0.029,23.52,66.8,2
0.4638,-0.0247,23.5,66.79,2
0.4557,-0.0081,23.33,66.77,2
0.4601,0.0044,23.34,66.76,2
0.3181,-0.142,23.5,66.78,1
0.3609,0.0429,23.73,66.81,1
0.3901,0.0292,23.89,66.83,1
0.3969,0.0068,24.01,66.85,1
0.4373,0.0404,24.14,66.88,1
0.4305,-0.0068,24.28,66.9,1
0.425,-0.0055,24.46,66.92,1
0.4199,-0.0051,24.5,66.95,1
0.4161,-0.0038,24.56,66.97,1
0.4547,0.0386,24.31,66.95,2
0.4604,0.0058,24.12,66.94,2
0.4586,-0.0018,23.91,66.92,2
0.4395,-0.0191,24.2,66.94,1
0.4219,-0.0176,24.33,66.97,1
0.428,0.0062,24.45,66.99,1
0.2913,-0.1368,24.56,67.0,1
0.3685,0.0772,24.72,67.02,1
0.3811,0.0126,24.83,67.04,1
0.3956,0.0145,24.83,67.06,1
0.4225,0.0269,24.96,67.08,1
0.4352,0.0127,25.07,67.1,1
0.299,-0.1362,25.12,67.11,1
0.3836,0.0846,25.13,67.13,1
0.2701,-0.1135,25.38,67.17,0
0.3285,0.0583,25.61,67.21,0
0.3505,0.022,25.69,67.23,1
0.4105,0.06,25.77,67.24,1
0.2802,-0.1303,25.64,67.25,1
0.2029,-0.0773,25.86,67.29,0
0.2967,0.0938,26.07,67.33,0
0.3694,0.0727,26.06,67.34,1
0.3726,0.0032,26.12,67.35,1
0.368,-0.0047,26.08,67.36,1
0.3589,-0.009,26.02,67.37,1
0.3607,0.0018,25.96,67.38,1
0.3427,-0.018,25.96,67.39,1
0.2202,-0.1225,26.18,67.42,0
0.309,0.0888,26.41,67.46,0
0.3481,0.0391,26.33,67.47,1
0.3634,0.0153,26.21,67.48,1
0.3715,0.0081,26.09,67.49,1
0.3767,0.0052,26.04,67.5,1
0.3717,-0.005,26.05,67.51,1
0.3862,0.0145,25.99,67.51,1
0.2579,-0.1283,26.14,67.55,0
0.3018,0.0439,26.34,67.58,0
0.3548,0.053,26.28,67.59,1
0.3567,0.0019,26.28,67.59,1
0.4184,0.0617,26.16,67.6,1
0.4536,0.0352,25.77,67.57,2
0.4411,-0.0125,25.54,67.54,2
0.4614,0.0203,25.32,67.52,2
0.4531,-0.0082,25.0,67.49,2
0.4772,0.024,24.74,67.46,2
0.5083,0.0311,24.58,67.44,2
0.5327,0.0245,24.27,67.42,2
0.5108,-0.022,24.15,67.39,2
0.3584,-0.1524,24.3,67.4,1
0.408,0.0496,24.44,67.42,1
0.4354,0.0274,24.51,67.43,1
0.439,0.0037,24.67,67.44,1
0.4277,-0.0113,24.8,67.46,1
0.4104,-0.0173,24.82,67.47,1
0.3973,-0.0131,24.85,67.48,1
0.4362,0.0389,24.92,67.49,1
0.4179,-0.0184,25.01,67.5,1
0.3886,-0.0293,25.01,67.51,1
0.4292,0.0406,25.12,67.52,1
0.2906,-0.1386,25.15,67.53,1
0.319,0.0284,25.08,67.53,1
0.3637,0.0447,25.09,67.54,1
0.3749,0.0112,25.21,67.55,1
0.3968,0.0219,25.26,67.56,1
0.2664,-0.1305,25.57,67.59,0
0.3003,0.034,25.8,67.62,0
0.362,0.0617,25.85,67.63,1
0.4203,0.0583,25.93,67.63,1
0.4404,0.0201,25.91,67.64,1
0.3018,-0.1386,25.9,67.65,1
0.3418,0.0399,25.85,67.65,1
0.3756,0.0339,25.85,67.66,1
0.3867,0.0111,25.83,67.66,1
0.3803,-0.0064,25.86,67.67,1
0.2547,-0.1257,26.02,67.7,0
0.3073,0.0527,26.21,67.73,0
0.3767,0.0693,26.15,67.73,1
0.2563,-0.1203,26.16,67.73,1
0.2955,0.0391,26.12,67.73,1
0.3353,0.0399,26.06,67.73,1
0.2229,-0.1124,26.25,67.76,0
0.1581,-0.0648,26.38,67.78,0
0.2236,0.0655,26.62,67.81,0
0.1469,-0.0767,26.84,67.83,0
0.2809,0.1339,26.83,67.83,1
0.3399,0.0591,26.68,67.83,1
0.3773,0.0373,26.68,67.83,1
0.4078,0.0306,26.68,67.83,1
0.3925,-0.0153,26.62,67.84,1
0.3924,-0.0001,26.53,67.84,1
0.374,-0.0184,26.45,67.84,1
0.3612,-0.0128,26.35,67.84,1
0.2359,-0.1253,26.49,67.87,0
0.1649,-0.071,26.78,67.89,0
0.2525,0.0876,26.91,67.91,0
0.3305,0.078,26.86,67.91,1
0.2215,-0.109,26.75,67.9,1
0.278,0.0566,26.95,67.93,0
0.3299,0.0519,27.15,67.96,0
0.3261,-0.0039,26.97,67.96,1
0.3248,-0.0013,26.88,67.95,1
0.2073,-0.1175,26.96,67.97,0
0.2591,0.0519,27.17,68.0,0
0.1671,-0.092,27.3,68.02,0
0.2427,0.0757,27.49,68.04,0
0.3087,0.0659,27.33,68.03,1
0.3293,0.0206,27.19,68.03,1
0.3779,0.0486,27.08,68.03,1
0.4018,0.024,26.97,68.03,1
0.4014,-0.0004,26.88,68.03,1
0.2676,-0.1338,27.12,68.05,0
0.1897,-0.0779,27.31,68.07,0
0.2641,0.0745,27.49,68.09,0
0.2945,0.0304,27.3,68.08,1
0.3388,0.0443,27.1,68.08,1
0.3706,0.0318,27.04,68.07,1
0.2464,-0.1242,27.12,68.09,0
0.3074,0.061,27.29,68.12,0
0.3295,0.0221,27.15,68.11,1
0.3739,0.0444,27.11,68.11,1
0.2493,-0.1246,27.14,68.13,0
0.2845,0.0352,27.4,68.15,0
0.1886,-0.0959,27.47,68.17,0
0.1334,-0.0552,27.55,68.18,0
0.0998,-0.0336,27.65,68.19,0
0.2081,0.1082,27.78,68.21,0
0.2844,0.0763,27.59,68.2,1
0.365,0.0806,27.44,68.19,1
0.3547,-0.0103,27.29,68.19,1
0.376,0.0213,27.19,68.18,1
0.3726,-0.0034,27.09,68.18,1
0.2448,-0.1278,27.13,68.2,0
0.2791,0.0343,27.22,68.22,0
0.2938,0.0148,27.13,68.21,1
0.3073,0.0135,27.01,68.2,1
0.3227,0.0154,26.93,68.19,1
0.3482,0.0255,26.85,68.18,1
0.3985,0.0503,26.79,68.18,1
0.3766,-0.0219,26.73,68.17,1
0.3903,0.0137,26.65,68.17,1
0.4261,0.0358,26.6,68.17,1
0.4303,0.0042,26.62,68.17,1
0.429,-0.0014,26.61,68.16,1
0.2928,-0.1362,26.59,68.16,1
0.3154,0.0226,26.61,68.15,1
0.2151,-0.1003,26.74,68.17,0
0.269,0.054,26.93,68.19,0
0.3045,0.0355,26.79,68.18,1
0.3601,0.0556,26.78,68.17,1
0.3643,0.0042,26.71,68.17,1
0.3708,0.0065,26.6,68.16,1
0.3737,0.0029,26.52,68.16,1
0.3651,-0.0086,26.44,68.15,1
0.384,0.0188,26.44,68.15,1
0.408,0.024,26.45,68.15,1
0.2762,-0.1318,26.61,68.17,0
0.1998,-0.0764,26.75,68.18,0
0.1528,-0.047,26.76,68.2,0
0.2444,0.0916,26.95,68.22,0
0.2995,0.0551,26.86,68.21,1
0.3408,0.0413,26.87,68.2,1
0.3892,0.0485,26.85,68.2,1
0.4313,0.042,26.79,68.19,1
0.4327,0.0014,26.73,68.19,1
0.299,-0.1336,26.57,68.18,1
0.2205,-0.0785,26.78,68.2,0
0.2989,0.0784,26.93,68.22,0
0.3635,0.0647,26.79,68.21,1
0.3819,0.0184,26.78,68.21,1
0.4195,0.0375,26.7,68.21,1
0.4346,0.0151,26.61,68.2,1
0.2998,-0.1348,26.52,68.19,1
0.2202,-0.0796,26.72,68.21,0
0.3077,0.0875,26.93,68.23,0
0.359,0.0513,26.83,68.23,1
0.3792,0.0202,26.8,68.22,1
0.2594,-0.1198,26.95,68.24,0
0.2946,0.0353,27.13,68.26,0
0.3337,0.0391,27.05,68.25,1
0.3647,0.0309,27.03,68.24,1
0.2431,-0.1215,27.13,68.26,0
0.1731,-0.07,27.25,68.27,0
0.1304,-0.0427,27.25,68.29,0
0.1026,-0.0278,27.3,68.29,0
0.1859,0.0833,27.36,68.31,0
0.1213,-0.0646,27.37,68.32,0
0.085,-0.0363,27.45,68.33,0
0.1761,0.091,27.54,68.34,0
0.2399,0.0638,27.62,68.35,0
0.2746,0.0347,27.72,68.37,0
0.3029,0.0284,27.47,68.36,1
0.1913,-0.1116,27.45,68.34,1
0.2573,0.066,27.57,68.36,0
0.1663,-0.091,27.74,68.37,0
0.1151,-0.0512,27.9,68.38,0
0.2273,0.1122,27.92,68.39,0
0.1497,-0.0776,27.95,68.4,0
0.2125,0.0628,28.06,68.41,0
0.1339,-0.0787,28.1,68.42,0
0.0901,-0.0438,28.19,68.43,0
0.0646,-0.0255,28.08,68.43,0
0.1763,0.1117,28.14,68.44,0
0.2653,0.0889,28.11,68.46,0
0.3163,0.0511,27.87,68.44,1
0.2055,-0.1108,27.66,68.42,1
0.1429,-0.0627,27.78,68.43,0
0.218,0.0752,27.84,68.44,0
0.2567,0.0386,27.95,68.46,0
0.3279,0.0713,27.63,68.45,1
0.2119,-0.116,27.44,68.43,1
0.2532,0.0414,27.61,68.44,0
0.1621,-0.0912,27.65,68.45,0
0.2281,0.066,27.73,68.46,0
0.2782,0.0501,27.79,68.48,0
0.3051,0.027,27.63,68.46,1
0.193,-0.1121,27.44,68.44,1
0.243,0.05,27.55,68.46,0
0.2941,0.0511,27.66,68.47,0
0.3405,0.0463,27.41,68.46,1
0.3712,0.0307,27.27,68.45,1
0.3582,-0.0131,27.16,68.44,1
0.2338,-0.1243,27.25,68.45,0
0.2757,0.0419,27.36,68.47,0
0.181,-0.0948,27.47,68.48,0
0.2545,0.0735,27.54,68.49,0
0.279,0.0245,27.73,68.5,0
0.1773,-0.1017,27.77,68.51,0
0.2258,0.0485,27.78,68.52,0
0.2882,0.0624,27.62,68.51,1
0.3086,0.0204,27.5,68.49,1
0.3448,0.0362,27.3,68.48,1
0.2232,-0.1216,27.54,68.49,0
0.2993,0.0761,27.66,68.51,0
0.3235,0.0241,27.51,68.49,1
0.2113,-0.1122,27.32,68.47,1
0.2596,0.0484,27.48,68.49,0
0.293,0.0333,27.61,68.5,0
0.188,-0.105,27.7,68.51,0
0.2368,0.0488,27.81,68.52,0
0.2878,0.051,27.71,68.51,1
0.3202,0.0325,27.51,68.49,1
0.3282,0.008,27.33,68.48,1
0.2112,-0.117,27.44,68.49,0
0.2909,0.0797,27.53,68.5,0
0.3259,0.0349,27.41,68.49,1
0.2159,-0.1099,27.14,68.47,1
0.1534,-0.0626,27.29,68.48,0
0.1157,-0.0377,27.38,68.49,0
0.194,0.0783,27.46,68.5,0
0.1268,-0.0672,27.6,68.5,0
0.2243,0.0974,27.69,68.51,0
0.1451,-0.0792,27.84,68.52,0
0.233,0.0879,27.91,68.53,0
0.278,0.045,28.02,68.55,0
0.1763,-0.1017,28.06,68.55,0
0.2395,0.0632,28.08,68.56,0
0.1521,-0.0873,28.04,68.57,0
0.1032,-0.049,28.02,68.57,0
0.2443,0.1412,28.12,68.59,0
0.1624,-0.082,28.11,68.59,0
0.1142,-0.0482,28.14,68.6,0
0.0843,-0.0299,28.11,68.6,0
0.1921,0.1078,28.2,68.61,0
0.1229,-0.0692,28.29,68.61,0
0.2385,0.1156,28.35,68.62,0
0.1539,-0.0846,28.42,68.62,0
0.1052,-0.0488,28.47,68.63,0
0.1806,0.0754,28.45,68.63,0
0.1105,-0.07,28.45,68.64,0
0.0718,-0.0387,28.61,68.64,0
0.1619,0.0901,28.64,68.64,0
0.2304,0.0685,28.6,68.65,0
0.2628,0.0324,28.66,68.66,0
0.2851,0.0223,28.39,68.64,1
0.309,0.0239,28.17,68.63,1
0.193,-0.116,28.29,68.63,0
0.1289,-0.064,28.29,68.64,0
0.2194,0.0905,28.32,68.64,0
0.2558,0.0364,28.33,68.65,0
0.2735,0.0177,28.41,68.66,0
0.2847,0.0112,28.2,68.65,1
0.1741,-0.1107,28.0,68.62,1
0.2363,0.0622,28.05,68.63,0
0.1475,-0.0888,28.13,68.64,0
0.0984,-0.0491,28.18,68.64,0
0.0699,-0.0285,28.22,68.64,0
0.1824,0.1125,28.24,68.65,0
0.2381,0.0557,28.3,68.65,0
0.1478,-0.0903,28.35,68.66,0
0.0984,-0.0494,28.32,68.66,0
0.0701,-0.0283,28.36,68.66,0
0.1755,0.1054,28.4,68.67,0
0.1099,-0.0656,28.51,68.67,0
0.0737,-0.0362,28.53,68.67,0
0.0527,-0.021,28.44,68.67,0
0.1648,0.1121,28.42,68.67,0
0.1014,-0.0634,28.38,68.67,0
0.0665,-0.0349,28.46,68.67,0
0.0465,-0.02,28.45,68.67,0
0.1619,0.1154,28.37,68.68,0
0.2396,0.0778,28.47,68.69,0
0.3004,0.0608,28.17,68.67,1
0.19,-0.1104,28.01,68.64,1
0.1279,-0.0621,28.06,68.65,0
0.2212,0.0933,28.11,68.66,0
0.2798,0.0586,28.18,68.67,0
0.3066,0.0268,27.97,68.65,1
0.196,-0.1106,27.77,68.62,1
0.2716,0.0756,27.83,68.64,0
0.1777,-0.0939,27.88,68.64,0
0.124,-0.0537,28.01,68.65,0
0.219,0.095,28.1,68.65,0
0.2505,0.0315,28.18,68.66,0
0.1556,-0.0949,28.3,68.67,0
0.1032,-0.0524,28.19,68.67,0
0.073,-0.0302,28.24,68.67,0
0.0545,-0.0185,28.33,68.67,0
0.155,0.1005,28.37,68.67,0
0.2269,0.0718,28.45,68.68,0
0.1381,-0.0888,28.46,68.68,0
0.0897,-0.0484,28.48,68.69,0
0.0621,-0.0275,28.43,68.68,0
0.0457,-0.0165,28.45,68.68,0
0.0352,-0.0105,28.39,68.68,0
0.1381,0.1029,28.37,68.68,0
0.234,0.0959,28.34,68.69,0
0.1433,-0.0908,28.34,68.7,0
0.2132,0.0699,28.43,68.7,0
0.1304,-0.0828,28.48,68.71,0
0.0846,-0.0457,28.44,68.71,0
0.1783,0.0937,28.57,68.71,0
0.1083,-0.07,28.52,68.71,0
0.0698,-0.0385,28.57,68.71,0
0.0477,-0.0221,28.63,68.71,0
0.0344,-0.0133,28.6,68.71,0
0.0259,-0.0085,28.57,68.7,0
0.0201,-0.0058,28.65,68.7,0
0.016,-0.0041,28.72,68.7,0
0.0129,-0.0031,28.66,68.69,0
0.1555,0.1426,28.66,68.7,0
0.2287,0.0732,28.68,68.71,0
0.1409,-0.0878,28.73,68.71,0
0.2004,0.0595,28.72,68.71,0
0.2546,0.0543,28.68,68.72,0
0.1565,-0.0981,28.7,68.73,0
0.103,-0.0535,28.7,68.73,0
0.0726,-0.0305,28.7,68.73,0
0.0543,-0.0183,28.64,68.72,0
0.0425,-0.0117,28.63,68.72,0
0.152,0.1095,28.66,68.72,0
0.0926,-0.0593,28.69,68.72,0
0.1729,0.0802,28.63,68.73,0
0.1021,-0.0708,28.63,68.73,0
0.0642,-0.0379,28.69,68.73,0
0.0431,-0.021,28.65,68.73,0
0.0309,-0.0122,28.51,68.72,0
0.1633,0.1324,28.49,68.73,0
0.2528,0.0895,28.47,68.73,0
0.2958,0.043,28.24,68.71,1
0.3215,0.0257,27.99,68.7,1
0.2085,-0.113,28.01,68.7,0
0.1455,-0.063,28.06,68.71,0
0.236,0.0905,28.23,68.71,0
0.1574,-0.0787,28.3,68.72,0
0.1124,-0.045,28.24,68.72,0
0.2577,0.1453,28.29,68.73,0
0.3445,0.0868,28.11,68.71,1
0.3546,0.0101,27.92,68.69,1
0.2365,-0.1181,28.05,68.7,0
0.3257,0.0892,28.11,68.71,0
0.2224,-0.1033,28.15,68.72,0
0.2734,0.051,28.19,68.73,0
0.3375,0.0641,28.06,68.71,1
0.3502,0.0128,27.83,68.7,1
0.2296,-0.1207,27.93,68.7,0
0.1602,-0.0694,27.97,68.71,0
0.1181,-0.0421,28.01,68.71,0
0.0909,-0.0272,28.01,68.71,0
0.0723,-0.0186,28.16,68.71,0
0.1664,0.094,28.19,68.71,0
0.2217,0.0554,28.22,68.72,0
0.2429,0.0212,28.26,68.73,0
0.1444,-0.0985,28.32,68.73,0
0.0916,-0.0527,28.33,68.73,0
0.1824,0.0907,28.32,68.73,0
0.1113,-0.071,28.27,68.74,0
0.0726,-0.0387,28.38,68.73,0
0.1731,0.1005,28.42,68.74,0
0.1053,-0.0677,28.43,68.74,0
0.1733,0.068,28.49,68.74,0
0.1012,-0.0721,28.48,68.74,0
0.0627,-0.0385,28.47,68.74,0
0.1815,0.1188,28.58,68.75,0
0.2385,0.057,28.63,68.75,0
0.2777,0.0392,28.67,68.76,0
0.1719,-0.1058,28.62,68.76,0
0.2188,0.0469,28.63,68.77,0
0.2606,0.0418,28.63,68.78,0
0.1602,-0.1004,28.65,68.78,0
0.1053,-0.0548,28.62,68.78,0
0.0741,-0.0312,28.67,68.78,0
0.0553,-0.0188,28.62,68.78,0
0.0433,-0.0121,28.65,68.77,0
0.035,-0.0083,28.62,68.77,0
0.134,0.099,28.66,68.77,0
0.0784,-0.0556,28.58,68.77,0
0.1665,0.0881,28.65,68.77,0
0.0969,-0.0696,28.59,68.77,0
0.0599,-0.037,28.63,68.77,0
0.1546,0.0947,28.68,68.77,0
0.0899,-0.0647,28.6,68.77,0
0.193,0.103,28.69,68.77,0
0.2477,0.0547,28.74,68.78,0
0.1506,-0.0971,28.75,68.78,0
0.0975,-0.0532,28.68,68.78,0
0.2471,0.1496,28.66,68.79,0
0.3005,0.0534,28.44,68.77,1
0.1953,-0.1052,28.19,68.74,1
0.2798,0.0846,28.27,68.75,0
0.3363,0.0565,28.26,68.76,0
0.3574,0.0211,28.11,68.75,1
0.2373,-0.1201,27.83,68.72,1
0.1683,-0.069,27.82,68.73,0
0.2564,0.0881,27.85,68.73,0
0.1732,-0.0832,27.91,68.74,0
0.1247,-0.0486,27.99,68.74,0
0.0946,-0.0301,28.01,68.74,0
0.0747,-0.0199,28.06,68.74,0
0.0608,-0.0139,28.16,68.74,0
0.1705,0.1097,28.14,68.74,0
0.2532,0.0827,28.24,68.75,0
0.1607,-0.0925,28.31,68.75,0
0.2189,0.0583,28.42,68.76,0
0.2637,0.0447,28.51,68.77,0
0.1642,-0.0995,28.65,68.77,0
0.1096,-0.0546,28.71,68.77,0
0.0782,-0.0314,28.73,68.77,0
0.1941,0.1159,28.74,68.77,0
0.1247,-0.0694,28.82,68.77,0
0.0855,-0.0392,28.85,68.77,0
0.0622,-0.0233,28.86,68.77,0
0.0475,-0.0147,28.81,68.77,0
0.0376,-0.0099,28.73,68.76,0
0.0306,-0.007,28.59,68.76,0
0.1353,0.1047,28.62,68.76,0
0.2097,0.0744,28.67,68.77,0
0.2458,0.0361,28.77,68.77,0
0.2847,0.0389,28.52,68.75,1
0.1753,-0.1094,28.23,68.73,1
0.1156,-0.0597,28.24,68.73,0
0.1865,0.0709,28.33,68.73,0
0.2587,0.0722,28.33,68.74,0
0.3514,0.0927,28.14,68.72,1
0.2302,-0.1212,27.97,68.7,1
0.3351,0.1049,27.81,68.68,1
0.336,0.0009,27.6,68.67,1
0.3407,0.0047,27.46,68.65,1
0.2191,-0.1216,27.6,68.66,0
0.287,0.0679,27.77,68.67,0
0.1876,-0.0994,27.94,68.67,0
0.1299,-0.0577,27.9,68.68,0
0.0945,-0.0354,27.88,68.68,0
0.0715,-0.023,27.88,68.68,0
0.2283,0.1567,27.93,68.69,0
0.2876,0.0593,27.71,68.67,1
0.3437,0.0561,27.57,68.65,1
0.3734,0.0297,27.52,68.64,1
0.3766,0.0033,27.37,68.62,1
0.3867,0.01,27.18,68.61,1
0.2573,-0.1294,27.22,68.62,0
0.1826,-0.0747,27.39,68.63,0
0.3095,0.1269,27.29,68.61,1
0.2153,-0.0942,27.18,68.59,1
0.2907,0.0754,27.04,68.57,1
0.3165,0.0258,26.94,68.56,1
0.3244,0.0079,26.79,68.54,1
0.21,-0.1144,26.87,68.55,0
0.2554,0.0454,27.03,68.56,0
0.2704,0.015,27.22,68.57,0
0.3,0.0296,27.13,68.56,1
0.3124,0.0124,26.96,68.54,1
0.3395,0.0271,26.78,68.53,1
0.217,-0.1225,26.98,68.54,0
0.1481,-0.0689,27.05,68.55,0
0.1073,-0.0408,27.05,68.55,0
0.0817,-0.0256,27.2,68.55,0
0.0645,-0.0171,27.22,68.56,0
0.1549,0.0904,27.3,68.56,0
0.0953,-0.0596,27.39,68.57,0
0.1954,0.1001,27.52,68.57,0
0.2305,0.0351,27.48,68.58,0
0.2678,0.0373,27.72,68.6,0
0.1618,-0.1059,27.75,68.6,0
0.2216,0.0598,27.79,68.61,0
0.1353,-0.0863,27.89,68.62,0
0.2654,0.1301,28.03,68.63,0
0.3181,0.0527,27.86,68.61,1
0.207,-0.1111,27.72,68.59,1
0.2656,0.0586,27.81,68.6,0
0.1723,-0.0933,27.8,68.61,0
0.2562,0.0839,27.93,68.62,0
0.3599,0.1037,27.77,68.6,1
0.4247,0.0648,27.58,68.59,1
0.2892,-0.1355,27.45,68.57,1
0.3254,0.0362,27.19,68.56,1
0.2202,-0.1052,27.33,68.57,0
0.1576,-0.0626,27.48,68.58,0
0.1181,-0.0395,27.55,68.58,0
0.0917,-0.0264,27.66,68.58,0
0.2306,0.1388,27.77,68.59,0
0.3123,0.0818,27.61,68.58,1
0.3633,0.051,27.52,68.56,1
0.2426,-0.1207,27.56,68.57,0
0.172,-0.0706,27.67,68.58,0
0.2558,0.0838,27.75,68.59,0
0.1715,-0.0843,27.78,68.6,0
0.2396,0.068,27.9,68.61,0
0.2928,0.0533,27.65,68.59,1
0.3246,0.0318,27.46,68.58,1
0.3176,-0.007,27.44,68.56,1
0.2013,-0.1162,27.62,68.57,0
0.1366,-0.0648,27.65,68.57,0
0.0987,-0.0379,27.74,68.58,0
0.0752,-0.0235,27.83,68.58,0
0.1721,0.0969,27.88,68.59,0
0.2469,0.0747,27.98,68.6,0
0.2902,0.0434,27.8,68.58,1
0.1851,-0.1051,27.64,68.56,1
0.2694,0.0843,27.85,68.57,0
0.1771,-0.0923,27.94,68.58,0
0.2544,0.0773,28.06,68.59,0
0.2824,0.028,27.92,68.57,1
0.312,0.0296,27.68,68.56,1
0.3431,0.0312,27.48,68.54,1
0.2212,-0.1219,27.52,68.55,0
0.3021,0.0809,27.71,68.57,0
0.2008,-0.1013,27.71,68.57,0
0.2716,0.0708,27.73,68.59,0
0.308,0.0364,27.58,68.57,1
0.3292,0.0211,27.35,68.56,1
0.2125,-0.1167,27.47,68.56,0
0.2789,0.0664,27.63,68.58,0
0.2983,0.0194,27.54,68.56,1
0.1905,-0.1078,27.39,68.54,1
0.2598,0.0694,27.52,68.55,0
0.1679,-0.0919,27.64,68.56,0
0.2281,0.0602,27.77,68.57,0
0.1442,-0.0839,27.81,68.57,0
0.2148,0.0705,27.9,68.58,0
0.1336,-0.0811,27.98,68.59,0
0.0886,-0.045,27.98,68.59,0
0.205,0.1164,28.1,68.6,0
0.1304,-0.0746,28.14,68.6,0
0.2006,0.0702,28.23,68.61,0
0.1229,-0.0777,28.26,68.62,0
0.08,-0.0429,28.24,68.62,0
0.0553,-0.0247,28.24,68.62,0
0.0403,-0.015,28.27,68.62,0
0.1406,0.1003,28.35,68.62,0
0.0819,-0.0586,28.22,68.62,0
0.1906,0.1086,28.3,68.63,0
0.1152,-0.0754,28.37,68.63,0
0.2038,0.0886,28.34,68.64,0
0.124,-0.0797,28.32,68.65,0
0.1949,0.0709,28.25,68.65,0
0.1164,-0.0785,28.26,68.66,0
0.2186,0.1021,28.27,68.66,0
0.3178,0.0993,28.09,68.65,1
0.3529,0.0351,27.94,68.63,1
0.3721,0.0192,27.82,68.62,1
0.4051,0.0331,27.54,68.6,1
0.4123,0.0071,27.36,68.59,1
0.4083,-0.004,27.25,68.58,1
0.273,-0.1353,27.41,68.59,0
0.309,0.036,27.6,68.61,0
0.3278,0.0189,27.42,68.59,1
0.3554,0.0276,27.28,68.58,1
0.3757,0.0202,27.26,68.56,1
0.2482,-0.1274,27.38,68.58,0
0.3023,0.054,27.48,68.59,0
0.3581,0.0558,27.4,68.58,1
0.3669,0.0088,27.24,68.56,1
0.4056,0.0387,27.05,68.55,1
0.2736,-0.132,27.23,68.56,0
0.3389,0.0652,27.29,68.58,0
0.3901,0.0512,27.22,68.57,1
0.4132,0.0231,27.22,68.56,1
0.42,0.0068,27.09,68.55,1
0.2864,-0.1336,26.97,68.53,1
0.3402,0.0538,26.86,68.52,1
0.3627,0.0225,26.81,68.5,1
0.2449,-0.1178,27.05,68.52,0
0.2786,0.0337,27.3,68.53,0
0.1855,-0.0931,27.37,68.54,0
0.2594,0.074,27.44,68.55,0
0.1714,-0.0881,27.51,68.56,0
0.2308,0.0595,27.68,68.57,0
0.2862,0.0554,27.52,68.55,1
0.1825,-0.1037,27.36,68.53,1
0.1243,-0.0583,27.41,68.54,0
0.2398,0.1156,27.51,68.55,0
0.3005,0.0607,27.38,68.53,1
0.3372,0.0367,27.32,68.52,1
0.3466,0.0093,27.16,68.5,1
0.3689,0.0223,27.2,68.49,1
0.4138,0.0449,27.1,68.48,1
0.449,0.0353,27.04,68.48,1
0.5039,0.0548,26.59,68.43,2
0.4638,-0.04,26.17,68.39,2
0.3197,-0.1441,26.18,68.37,1
0.3535,0.0338,26.16,68.36,1
0.3969,0.0434,26.11,68.36,1
0.4441,0.0472,26.14,68.35,1
0.4494,0.0053,26.18,68.35,1
0.4557,0.0062,25.89,68.3,2
0.4494,-0.0063,25.65,68.26,2
0.4368,-0.0126,25.71,68.26,1
0.3009,-0.1358,25.73,68.25,1
0.3235,0.0226,25.64,68.24,1
0.3817,0.0582,25.66,68.23,1
0.3871,0.0054,25.72,68.23,1
0.3978,0.0107,25.68,68.22,1
0.4395,0.0416,25.62,68.22,1
0.3002,-0.1392,25.58,68.21,1
0.3276,0.0274,25.62,68.2,1
0.349,0.0214,25.64,68.2,1
0.3788,0.0298,25.72,68.19,1
0.4303,0.0514,25.74,68.19,1
0.4571,0.0268,25.42,68.15,2
0.4437,-0.0134,25.15,68.11,2
0.4426,-0.0011,25.19,68.11,1
0.4783,0.0358,25.31,68.11,1
0.4584,-0.02,24.95,68.07,2
0.4636,0.0052,24.69,68.03,2
0.4378,-0.0258,24.75,68.03,1
0.424,-0.0138,24.86,68.03,1
0.2878,-0.1362,24.97,68.03,1
0.3354,0.0477,25.08,68.02,1
0.3562,0.0208,25.17,68.02,1
0.2393,-0.1169,25.39,68.04,0
0.2964,0.057,25.75,68.07,0
0.1995,-0.0969,25.97,68.08,0
0.288,0.0885,25.96,68.08,1
0.3537,0.0657,25.89,68.07,1
0.3998,0.0461,25.84,68.07,1
0.4265,0.0267,25.86,68.07,1
0.4647,0.0382,25.51,68.03,2
0.4527,-0.012,25.32,68.0,2
0.4635,0.0107,25.09,67.96,2
0.4822,0.0187,24.87,67.92,2
0.4755,-0.0067,24.62,67.89,2
0.4919,0.0164,24.5,67.86,2
0.3431,-0.1488,24.55,67.86,1
0.3581,0.015,24.64,67.86,1
0.3946,0.0365,24.69,67.86,1
0.4507,0.056,24.35,67.82,2
0.4611,0.0104,24.15,67.79,2
0.4805,0.0194,23.89,67.76,2
0.3331,-0.1474,23.99,67.76,1
0.3464,0.0133,24.13,67.76,1
0.2387,-0.1078,24.55,67.79,0
0.3392,0.1005,24.86,67.82,0
0.3995,0.0603,25.02,67.82,1
0.3943,-0.0052,25.09,67.83,1
0.4023,0.0079,25.22,67.83,1
0.4266,0.0243,25.28,67.84,1
0.4384,0.0119,25.22,67.84,1
0.4262,-0.0122,25.37,67.85,1
0.4572,0.0311,25.11,67.81,2
0.4449,-0.0123,24.9,67.78,2
0.4334,-0.0115,24.99,67.78,1
0.426,-0.0074,25.09,67.79,1
0.4481,0.0221,25.19,67.8,1
0.3077,-0.1404,25.22,67.8,1
0.3319,0.0242,25.3,67.8,1
0.3696,0.0377,25.33,67.8,1
0.4131,0.0435,25.37,67.8,1
0.4373,0.0242,25.51,67.81,1
0.4292,-0.0082,25.64,67.81,1
0.4212,-0.0079,25.65,67.82,1
0.4292,0.008,25.61,67.82,1
0.4477,0.0185,25.65,67.83,1
0.4355,-0.0123,25.68,67.84,1
0.4439,0.0085,25.77,67.84,1
0.4577,0.0137,25.56,67.81,2
0.4536,-0.0041,25.33,67.77,2
0.478,0.0244,25.0,67.74,2
0.5145,0.0365,24.79,67.71,2
0.3606,-0.1539,24.89,67.72,1
0.3991,0.0385,24.91,67.72,1
0.4397,0.0406,25.04,67.73,1
0.4853,0.0456,24.87,67.7,2
0.4832,-0.0021,24.59,67.67,2
0.4548,-0.0284,24.43,67.64,2
0.4568,0.0019,24.26,67.61,2
0.4807,0.024,24.11,67.58,2
0.4986,0.0179,23.99,67.55,2
0.4939,-0.0048,23.89,67.53,2
0.5419,0.0481,23.71,67.5,2
0.5386,-0.0033,23.55,67.48,2
0.3814,-0.1572,23.76,67.49,1
0.4546,0.0732,23.92,67.5,1
0.4954,0.0408,23.78,67.48,2
0.3528,-0.1426,23.66,67.45,2
0.3991,0.0463,23.74,67.46,1
0.4316,0.0325,23.91,67.47,1
0.4425,0.0109,24.02,67.48,1
0.4298,-0.0127,24.05,67.49,1
0.4336,0.0038,24.13,67.51,1
0.4639,0.0303,24.03,67.48,2
0.4489,-0.015,23.89,67.45,2
0.3095,-0.1395,24.13,67.46,1
0.3493,0.0398,24.28,67.47,1
0.3793,0.03,24.42,67.48,1
0.4416,0.0624,24.6,67.49,1
0.4536,0.012,24.4,67.46,2
0.4784,0.0248,24.24,67.44,2
0.4815,0.0031,24.03,67.41,2
0.4829,0.0013,23.76,67.39,2
0.4919,0.0091,23.59,67.36,2
0.5058,0.0139,23.47,67.34,2
0.4993,-0.0066,23.47,67.32,2
0.5528,0.0536,23.35,67.3,2
0.559,0.0062,23.29,67.28,2
0.551,-0.008,23.13,67.27,2
0.5615,0.0104,23.07,67.25,2
0.5327,-0.0288,22.99,67.23,2
0.5032,-0.0294,22.86,67.21,2
0.5223,0.0191,22.75,67.19,2
0.5487,0.0264,22.71,67.18,2
0.5525,0.0037,22.74,67.16,2
0.5628,0.0103,22.67,67.15,2
0.5539,-0.0089,22.55,67.13,2
0.5601,0.0062,22.61,67.12,2
0.574,0.0139,22.61,67.1,2
0.5303,-0.0437,22.68,67.09,2
0.5408,0.0104,22.62,67.07,2
0.5224,-0.0184,22.59,67.06,2
0.5074,-0.015,22.55,67.04,2
0.5003,-0.0071,22.53,67.02,2
0.5093,0.0091,22.52,67.01,2
0.5074,-0.002,22.58,66.99,2
0.55,0.0426,22.59,66.98,2
0.5729,0.0229,22.56,66.97,2
0.6171,0.0442,22.56,66.96,2
0.5772,-0.04,22.57,66.95,2
0.4118,-0.1654,22.83,66.97,1
0.4885,0.0767,23.0,67.0,1
0.4808,-0.0076,22.95,66.98,2
0.4773,-0.0035,22.9,66.97,2
0.4854,0.0081,22.88,66.95,2
0.4911,0.0057,22.84,66.94,2
0.519,0.0279,22.82,66.92,2
0.4854,-0.0336,22.72,66.91,2
0.4674,-0.018,22.69,66.9,2
0.4924,0.025,22.72,66.88,2
0.5259,0.0335,22.71,66.87,2
0.5594,0.0335,22.69,66.86,2
0.5608,0.0014,22.76,66.85,2
0.5722,0.0114,22.73,66.84,2
0.5459,-0.0263,22.76,66.83,2
0.5461,0.0002,22.8,66.83,2
0.545,-0.0011,22.76,66.82,2
0.5313,-0.0136,22.62,66.81,2
0.5164,-0.0149,22.58,66.8,2
0.5158,-0.0007,22.63,66.79,2
0.5128,-0.003,22.55,66.78,2
0.5307,0.018,22.59,66.77,2
0.5372,0.0065,22.57,66.76,2
0.5475,0.0103,22.57,66.75,2
0.5444,-0.0031,22.48,66.74,2
0.5314,-0.013,22.57,66.73,2
0.5049,-0.0265,22.57,66.72,2
0.4953,-0.0097,22.57,66.72,2
0.4683,-0.027,22.68,66.7,2
0.4468,-0.0215,22.92,66.73,1
0.4927,0.0459,23.22,66.76,1
0.5077,0.015,23.11,66.75,2
0.5575,0.0497,23.13,66.75,2
0.5897,0.0323,23.1,66.74,2
0.5773,-0.0124,23.01,66.73,2
0.5718,-0.0056,22.85,66.73,2
0.603,0.0312,22.79,66.72,2
0.5694,-0.0336,22.8,66.72,2
0.5801,0.0107,22.83,66.71,2
0.583,0.0029,22.85,66.71,2
0.5667,-0.0163,22.88,66.7,2
0.5727,0.006,22.83,66.7,2
0.5893,0.0166,22.76,66.69,2
0.5822,-0.0072,22.73,66.69,2
0.6341,0.0519,22.72,66.68,2
0.644,0.0099,22.73,66.68,2
0.6232,-0.0207,22.7,66.68,2
0.6588,0.0356,22.65,66.68,2
0.6484,-0.0105,22.73,66.68,2
0.6746,0.0262,22.78,66.68,2
0.6547,-0.0199,22.68,66.68,2
0.6557,0.001,22.72,66.68,2
0.6321,-0.0236,22.91,66.68,2
0.6109,-0.0211,22.88,66.67,2
0.4413,-0.1696,23.11,66.7,1
0.4494,0.0081,23.32,66.73,1
0.5262,0.0768,23.3,66.72,2
0.5792,0.0531,23.22,66.72,2
0.5976,0.0184,23.15,66.71,2
0.6118,0.0142,23.05,66.71,2
0.5763,-0.0355,23.18,66.7,2
0.6155,0.0391,23.13,66.7,2
0.6319,0.0164,23.08,66.7,2
0.6492,0.0173,23.13,66.7,2
0.6593,0.0101,23.07,66.69,2
0.6504,-0.0089,23.08,66.69,2
0.6411,-0.0094,23.06,66.69,2
0.6268,-0.0142,23.03,66.69,2
0.619,-0.0078,22.98,66.69,2
0.6121,-0.0069,22.89,66.68,2
0.595,-0.0171,22.94,66.68,2
0.591,-0.004,22.92,66.67,2
0.582,-0.009,22.91,66.67,2
0.5887,0.0068,22.81,66.67,2
0.604,0.0152,22.76,66.66,2
0.5865,-0.0175,22.7,66.66,2
0.6079,0.0214,22.69,66.66,2
0.6153,0.0074,22.72,66.65,2
0.5997,-0.0156,22.65,66.65,2
0.5708,-0.0289,22.64,66.65,2
0.5775,0.0066,22.59,66.64,2
0.5732,-0.0042,22.46,66.64,2
0.6116,0.0384,22.49,66.64,2
0.5957,-0.0159,22.56,66.63,2
0.5979,0.0022,22.55,66.63,2
0.5904,-0.0074,22.59,66.63,2
0.5755,-0.0149,22.56,66.62,2
0.6173,0.0418,22.56,66.62,2
0.6567,0.0394,22.59,66.62,2
0.6639,0.0071,22.57,66.62,2
0.6325,-0.0314,22.61,66.62,2
0.6109,-0.0215,22.59,66.62,2
0.6231,0.0122,22.67,66.62,2
0.6548,0.0317,22.7,66.62,2
0.6815,0.0267,22.71,66.62,2
0.6534,-0.0281,22.77,66.62,2
0.646,-0.0074,22.77,66.62,2
0.672,0.0261,22.71,66.62,2
0.6686,-0.0035,22.75,66.62,2
0.6655,-0.0031,22.81,66.62,2
0.6473,-0.0182,22.87,66.62,2
0.6457,-0.0016,22.89,66.62,2
0.6346,-0.0111,22.79,66.62,2
0.5863,-0.0483,22.73,66.62,2
0.5734,-0.0129,22.73,66.62,2
0.5812,0.0078,22.73,66.61,2
0.6287,0.0475,22.77,66.61,2
0.6758,0.0471,22.71,66.61,2
0.7095,0.0338,22.77,66.62,2
0.7272,0.0177,22.73,66.62,2
0.6839,-0.0433,22.74,66.62,2
0.6072,-0.0767,22.7,66.62,2
0.5761,-0.0311,22.64,66.62,2
0.5789,0.0027,22.62,66.61,2
0.6239,0.0451,22.61,66.61,2
0.6489,0.025,22.62,66.61,2
0.6524,0.0034,22.63,66.61,2
0.6492,-0.0032,22.58,66.61,2
0.631,-0.0182,22.69,66.61,2
0.6405,0.0095,22.76,66.61,2
0.6523,0.0118,22.82,66.61,2
0.6669,0.0146,22.85,66.61,2
0.6575,-0.0094,22.83,66.61,2
0.4808,-0.1767,22.78,66.61,2
0.5329,0.0521,22.79,66.6,2
0.5883,0.0554,22.7,66.6,2
0.6416,0.0533,22.8,66.6,2
0.6104,-0.0311,22.81,66.6,2
0.597,-0.0135,22.74,66.59,2
0.609,0.012,22.73,66.59,2
0.6549,0.0459,22.81,66.59,2
0.7076,0.0527,22.83,66.6,2
0.6741,-0.0335,22.82,66.6,2
0.6594,-0.0146,22.81,66.6,2
0.6735,0.0141,22.82,66.6,2
0.6807,0.0072,22.81,66.6,2
0.6323,-0.0484,22.82,66.6,2
0.6642,0.0319,22.92,66.6,2
0.7063,0.0421,23.0,66.61,2
0.698,-0.0083,23.08,66.61,2
0.7024,0.0044,23.04,66.61,2
0.6999,-0.0026,23.0,66.62,2
0.7101,0.0102,22.99,66.62,2
0.7096,-0.0005,23.02,66.62,2
0.73,0.0204,23.07,66.63,2
0.7534,0.0233,23.16,66.63,2
0.74,-0.0134,23.14,66.64,2
0.7196,-0.0204,23.06,66.64,2
0.7465,0.0269,23.01,66.64,2
0.7118,-0.0346,22.96,66.65,2
0.7309,0.0191,22.94,66.65,2
0.7288,-0.0022,22.95,66.65,2
0.6969,-0.0319,23.03,66.66,2
0.6701,-0.0268,23.01,66.66,2
0.6408,-0.0292,22.97,66.65,2
0.6614,0.0205,23.02,66.65,2
0.6508,-0.0106,23.01,66.65,2
0.6475,-0.0033,23.07,66.65,2
0.6865,0.039,23.13,66.65,2
0.6935,0.0071,23.13,66.66,2
0.7081,0.0146,23.01,66.66,2
0.6898,-0.0183,22.96,66.66,2
0.6578,-0.032,22.96,66.66,2
0.6281,-0.0296,22.94,66.66,2
0.4556,-0.1725,22.87,66.65,2
0.5463,0.0907,22.84,66.64,2
0.5764,0.0302,22.82,66.64,2
0.6218,0.0454,22.82,66.64,2
0.5965,-0.0253,22.88,66.63,2
0.6142,0.0177,22.91,66.63,2
0.6267,0.0125,23.01,66.63,2
0.6207,-0.006,22.93,66.63,2
0.6378,0.0171,22.89,66.63,2
0.6388,0.0009,22.83,66.63,2
0.6137,-0.025,22.76,66.63,2
0.6201,0.0063,22.8,66.62,2
0.6433,0.0232,22.83,66.62,2
0.6585,0.0152,22.86,66.62,2
0.6808,0.0223,22.91,66.63,2
0.6724,-0.0085,22.97,66.63,2
0.6494,-0.023,22.99,66.63,2
0.6663,0.0168,22.96,66.63,2
0.689,0.0227,22.95,66.63,2
0.6995,0.0106,22.95,66.63,2
0.6682,-0.0313,22.97,66.63,2
0.6658,-0.0025,22.97,66.63,2
0.6939,0.0281,22.84,66.64,2
0.6736,-0.0203,22.83,66.64,2
0.6603,-0.0133,22.86,66.64,2
0.6745,0.0142,22.96,66.64,2
0.6711,-0.0034,22.91,66.64,2
0.6959,0.0248,23.0,66.64,2
0.6897,-0.0062,22.96,66.64,2
0.7116,0.0219,23.05,66.64,2
0.7511,0.0395,22.97,66.65,2
0.725,-0.0261,23.02,66.65,2
0.7287,0.0036,23.05,66.66,2
0.7373,0.0086,23.01,66.66,2
0.7118,-0.0255,23.03,66.66,2
0.6952,-0.0167,22.94,66.66,2
0.7302,0.035,22.88,66.67,2
0.7298,-0.0004,22.86,66.67,2
0.7475,0.0177,22.83,66.67,2
0.7535,0.006,22.86,66.68,2
0.7405,-0.013,22.85,66.68,2
0.7322,-0.0083,22.82,66.68,2
0.6579,-0.0743,22.74,66.68,2
0.6259,-0.032,22.76,66.68,2
0.6433,0.0174,22.75,66.68,2
0.6936,0.0503,22.85,66.68,2
0.7212,0.0276,22.8,66.68,2
0.6918,-0.0293,22.84,66.68,2
0.717,0.0252,22.87,66.69,2
0.7202,0.0032,22.91,66.69,2
0.7059,-0.0143,22.89,66.69,2
0.662,-0.0439,22.95,66.69,2
0.6351,-0.027,22.97,66.69,2
0.647,0.012,23.07,66.69,2
0.6789,0.0318,23.05,66.69,2
0.6911,0.0123,22.98,66.69,2
0.6768,-0.0144,22.92,66.69,2
0.6817,0.0049,22.94,66.69,2
0.6612,-0.0205,23.05,66.69,2
0.6679,0.0067,23.04,66.69,2
0.6509,-0.017,23.06,66.69,2
0.6616,0.0106,23.02,66.68,2
0.6286,-0.033,23.03,66.68,2
0.6557,0.0271,23.09,66.68,2
0.6912,0.0356,23.05,66.68,2
0.6842,-0.0071,23.05,66.68,2
0.6645,-0.0197,23.02,66.68,2
0.694,0.0295,23.06,66.68,2
0.6751,-0.0188,22.98,66.68,2
0.6799,0.0048,23.03,66.68,2
0.6604,-0.0195,23.06,66.68,2
0.6605,0.0001,22.96,66.68,2
0.6709,0.0105,23.0,66.68,2
0.7069,0.0359,22.89,66.68,2
0.7323,0.0254,22.92,66.69,2
0.7182,-0.014,22.95,66.69,2
0.6898,-0.0284,22.94,66.69,2
0.6833,-0.0066,22.89,66.69,2
0.6894,0.0061,22.84,66.69,2
0.6724,-0.017,22.78,66.69,2
0.6481,-0.0243,22.77,66.69,2
0.6577,0.0096,22.79,66.69,2
0.6378,-0.0198,22.85,66.69,2
0.6427,0.0049,22.77,66.69,2
0.6815,0.0387,22.81,66.69,2
0.7071,0.0257,22.86,66.69,2
0.6679,-0.0392,22.91,66.69,2
0.6664,-0.0015,22.93,66.69,2
0.6814,0.0149,22.87,66.69,2
0.6959,0.0146,22.82,66.69,2
0.6876,-0.0084,22.95,66.69,2
0.7004,0.0128,22.93,66.69,2
0.702,0.0016,22.93,66.69,2
0.7072,0.0052,23.0,66.69,2
0.7356,0.0285,23.03,66.7,2
0.7421,0.0065,23.0,66.7,2
0.7392,-0.0029,23.04,66.7,2
0.7501,0.0108,23.04,66.71,2
0.7459,-0.0042,23.01,66.71,2
0.77,0.0241,23.01,66.71,2
0.7491,-0.0209,22.97,66.72,2
0.7656,0.0164,22.98,66.72,2
0.7642,-0.0014,23.06,66.72,2
0.7448,-0.0194,23.06,66.73,2
0.6978,-0.047,23.13,66.73,2
0.7025,0.0047,23.14,66.73,2
0.7334,0.0309,23.15,66.73,2
0.7194,-0.014,23.16,66.73,2
0.7207,0.0012,23.15,66.73,2
0.7057,-0.015,23.09,66.73,2
0.7213,0.0156,23.04,66.73,2
0.7048,-0.0165,23.01,66.73,2
0.6716,-0.0332,23.01,66.73,2
0.6492,-0.0223,23.04,66.73,2
0.6517,0.0025,23.12,66.73,2
0.6434,-0.0083,23.2,66.73,2
0.6506,0.0072,23.24,66.73,2
0.6496,-0.001,23.25,66.72,2
0.6692,0.0196,23.22,66.72,2
0.6819,0.0127,23.29,66.72,2
0.632,-0.0499,23.24,66.72,2
0.6605,0.0285,23.22,66.72,2
0.6347,-0.0258,23.15,66.71,2
0.6546,0.0199,23.05,66.71,2
0.6865,0.0319,23.01,66.71,2
0.7061,0.0196,23.03,66.71,2
0.7354,0.0293,23.04,66.72,2
0.7259,-0.0095,23.15,66.72,2
0.7282,0.0023,23.21,66.72,2
0.7566,0.0285,23.22,66.72,2
0.7557,-0.0009,23.15,66.73,2
0.7707,0.015,23.15,66.73,2
0.7883,0.0176,23.15,66.74,2
0.7488,-0.0396,23.17,66.74,2
0.7258,-0.023,23.15,66.74,2
0.7225,-0.0033,23.18,66.74,2
0.7226,0.0001,23.19,66.74,2
0.7478,0.0252,23.19,66.75,2
0.7199,-0.0279,23.28,66.75,2
0.7325,0.0126,23.19,66.75,2
0.7163,-0.0162,23.09,66.75,2
0.7136,-0.0027,23.12,66.75,2
0.7169,0.0033,23.1,66.75,2
0.741,0.0241,23.15,66.75,2
0.7559,0.0148,23.18,66.76,2
0.7534,-0.0024,23.12,66.76,2
0.7127,-0.0407,23.07,66.76,2
0.675,-0.0378,23.05,66.76,2
0.6982,0.0233,23.06,66.76,2
0.6971,-0.0011,22.91,66.76,2
0.6864,-0.0107,22.95,66.76,2
0.6642,-0.0222,22.93,66.75,2
0.6814,0.0171,22.91,66.75,2
0.6406,-0.0408,22.81,66.75,2
0.6702,0.0296,22.87,66.75,2
0.698,0.0279,22.94,66.75,2
0.7305,0.0325,22.97,66.75,2
0.7342,0.0037,22.86,66.75,2
0.717,-0.0173,22.91,66.75,2
0.7267,0.0097,22.86,66.75,2
0.7573,0.0306,22.97,66.76,2
0.7667,0.0094,22.98,66.76,2
0.7707,0.004,23.03,66.76,2
0.7814,0.0107,23.06,66.77,2
0.7131,-0.0683,22.99,66.77,2
0.7285,0.0155,22.98,66.77,2
0.7425,0.0139,23.01,66.77,2
0.7258,-0.0167,22.99,66.77,2
0.7371,0.0114,23.04,66.77,2
0.7222,-0.0149,22.94,66.77,2
0.7322,0.0101,22.98,66.77,2
0.7447,0.0125,22.84,66.78,2
0.7519,0.0072,22.87,66.78,2
0.7358,-0.0162,22.86,66.78,2
0.7343,-0.0015,22.88,66.78,2
0.7328,-0.0015,22.96,66.78,2
0.7515,0.0188,22.94,66.78,2
0.7386,-0.0129,22.94,66.78,2
0.7405,0.002,22.97,66.79,2
0.7275,-0.013,22.96,66.79,2
0.7013,-0.0262,22.94,66.79,2
0.7138,0.0125,22.99,66.79,2
0.7232,0.0094,23.06,66.79,2
0.7332,0.0101,23.07,66.79,2
0.7514,0.0182,23.08,66.79,2
0.7249,-0.0265,23.01,66.79,2
0.6862,-0.0387,23.04,66.79,2
0.6568,-0.0294,23.06,66.79,2
0.6859,0.029,23.01,66.78,2
0.6386,-0.0473,23.03,66.78,2
0.6509,0.0123,22.98,66.78,2
0.6429,-0.008,23.03,66.77,2
0.612,-0.0309,23.01,66.77,2
0.6071,-0.0049,22.9,66.76,2
0.6355,0.0284,22.79,66.76,2
0.5987,-0.0368,22.82,66.75,2
0.6345,0.0357,22.82,66.75,2
0.6528,0.0183,22.84,66.75,2
0.6877,0.0349,22.85,66.75,2
0.7133,0.0256,22.88,66.75,2
0.6898,-0.0235,22.86,66.75,2
0.6886,-0.0012,22.88,66.75,2
0.7103,0.0217,22.92,66.75,2
0.7297,0.0194,22.86,66.75,2
0.7094,-0.0202,22.79,66.75,2
0.6826,-0.0268,22.78,66.75,2
0.6907,0.0081,22.69,66.75,2
0.6345,-0.0562,22.69,66.75,2
0.6535,0.019,22.78,66.74,2
0.6807,0.0272,22.8,66.74,2
0.6596,-0.0211,22.74,66.74,2
0.6941,0.0345,22.73,66.74,2
0.7266,0.0325,22.76,66.74,2
0.7641,0.0375,22.81,66.75,2
0.7252,-0.0389,22.85,66.75,2
0.7374,0.0121,22.83,66.75,2
0.7312,-0.0062,22.73,66.75,2
0.6742,-0.057,22.7,66.75,2
0.6764,0.0022,22.69,66.75,2
0.6699,-0.0064,22.63,66.75,2
0.6938,0.0238,22.67,66.75,2
0.719,0.0252,22.68,66.75,2
0.7296,0.0106,22.76,66.75,2
0.7613,0.0317,22.88,66.75,2
0.7602,-0.0011,22.84,66.76,2
0.714,-0.0462,22.85,66.76,2
0.6819,-0.0321,22.81,66.75,2
0.6741,-0.0078,22.86,66.75,2
0.6838,0.0097,22.8,66.75,2
0.6856,0.0018,22.87,66.75,2
0.6947,0.0092,22.87,66.75,2
0.7135,0.0188,22.86,66.75,2
0.733,0.0196,22.82,66.75,2
0.7463,0.0133,22.87,66.76,2
0.7607,0.0144,22.91,66.76,2
0.7598,-0.0009,22.97,66.76,2
0.7427,-0.0171,22.96,66.76,2
0.7513,0.0086,22.92,66.77,2
0.7798,0.0286,22.78,66.77,2
0.7547,-0.0251,22.8,66.77,2
0.7617,0.0069,22.84,66.77,2
0.7218,-0.0399,22.83,66.78,2
0.7008,-0.021,22.8,66.77,2
0.7286,0.0278,22.93,66.78,2
0.7458,0.0172,22.86,66.78,2
0.7514,0.0056,22.76,66.78,2
0.7299,-0.0215,22.84,66.78,2
0.7289,-0.001,22.86,66.78,2
0.7494,0.0204,22.75,66.78,2
0.7567,0.0073,22.71,66.79,2
0.7155,-0.0412,22.79,66.79,2
0.7086,-0.0068,22.74,66.78,2
0.716,0.0074,22.74,66.79,2
0.7353,0.0192,22.83,66.79,2
0.7106,-0.0247,22.74,66.79,2
0.7183,0.0077,22.76,66.79,2
0.6641,-0.0542,22.74,66.78,2
0.6629,-0.0012,22.75,66.78,2
0.6815,0.0186,22.59,66.78,2
0.6992,0.0177,22.63,66.78,2
0.7122,0.013,22.66,66.78,2
0.743,0.0308,22.65,66.78,2
0.7675,0.0245,22.73,66.78,2
0.7622,-0.0053,22.75,66.79,2
0.7439,-0.0183,22.75,66.79,2
0.7447,0.0008,22.79,66.79,2
0.7124,-0.0323,22.79,66.79,2
0.7208,0.0084,22.77,66.79,2
0.7038,-0.017,22.78,66.79,2
0.695,-0.0088,22.82,66.79,2
0.7141,0.0191,22.85,66.79,2
0.706,-0.0081,22.85,66.79,2
0.7349,0.0289,22.89,66.79,2
0.7694,0.0345,22.94,66.79,2
0.7645,-0.0049,22.91,66.79,2
0.7817,0.0172,22.89,66.8,2
0.7984,0.0167,22.9,66.8,2
0.7343,-0.064,22.93,66.8,2
0.7466,0.0123,22.91,66.8,2
0.7068,-0.0398,22.91,66.8,2
0.671,-0.0358,22.89,66.8,2
0.6764,0.0054,22.97,66.8,2
0.6941,0.0177,22.97,66.8,2
0.674,-0.0201,22.99,66.79,2
0.6791,0.0051,23.05,66.79,2
0.7118,0.0327,23.02,66.79,2
0.7233,0.0115,23.0,66.79,2
0.7511,0.0278,22.95,66.79,2
0.7073,-0.0439,22.94,66.79,2
0.7001,-0.0071,22.92,66.79,2
0.7087,0.0086,22.79,66.79,2
0.7373,0.0286,22.88,66.79,2
0.774,0.0366,22.93,66.8,2
0.7898,0.0158,23.04,66.8,2
0.7873,-0.0025,23.0,66.8,2
0.7961,0.0087,23.05,66.81,2
0.7925,-0.0035,23.11,66.81,2
0.7419,-0.0506,23.05,66.81,2
0.7384,-0.0035,22.97,66.81,2
0.7166,-0.0218,22.92,66.81,2
0.735,0.0184,22.97,66.81,2
0.7584,0.0234,22.97,66.81,2
0.7629,0.0044,23.04,66.81,2
0.7376,-0.0253,22.99,66.82,2
0.7157,-0.0219,22.96,66.81,2
0.6967,-0.019,23.0,66.81,2
0.6392,-0.0575,22.97,66.81,2
0.6628,0.0237,22.99,66.81,2
0.6671,0.0043,23.08,66.8,2
0.6979,0.0308,23.06,66.8,2
0.7212,0.0233,23.09,66.8,2
0.7089,-0.0123,23.09,66.8,2
0.7265,0.0176,23.11,66.8,2
0.7335,0.007,23.1,66.8,2
0.7404,0.0069,23.21,66.8,2
0.7188,-0.0215,23.17,66.8,2
0.7063,-0.0125,23.11,66.8,2
0.7322,0.0259,23.15,66.8,2
0.7503,0.0181,23.19,66.8,2
0.7596,0.0093,23.09,66.81,2
0.7653,0.0058,23.15,66.81,2
0.7804,0.0151,23.09,66.81,2
0.7477,-0.0327,23.04,66.81,2
0.7566,0.0089,23.01,66.81,2
0.7761,0.0195,22.95,66.82,2
0.7609,-0.0152,22.89,66.82,2
0.7553,-0.0056,22.88,66.82,2
0.7837,0.0284,22.93,66.82,2
0.7946,0.0109,22.94,66.83,2
0.8054,0.0107,23.0,66.83,2
0.776,-0.0294,22.99,66.83,2
0.7715,-0.0045,23.0,66.83,2
0.7567,-0.0148,22.96,66.84,2
0.764,0.0074,23.03,66.84,2
0.7914,0.0273,22.95,66.84,2
0.8138,0.0224,22.97,66.84,2
0.8002,-0.0136,23.04,66.85,2
0.8099,0.0097,23.07,66.85,2
0.8111,0.0012,23.12,66.85,2
0.826,0.015,23.07,66.86,2
0.8058,-0.0202,23.07,66.86,2
0.77,-0.0359,23.06,66.86,2
0.7554,-0.0146,23.13,66.86,2
0.7666,0.0113,23.11,66.86,2
0.7749,0.0083,23.07,66.87,2
0.774,-0.0009,23.02,66.87,2
0.7848,0.0108,22.96,66.87,2
0.7961,0.0113,22.92,66.87,2
0.8062,0.0101,22.93,66.87,2
0.7922,-0.014,22.8,66.88,2
0.7804,-0.0118,22.82,66.88,2
0.774,-0.0064,22.84,66.88,2
0.7817,0.0077,22.85,66.88,2
0.8022,0.0205,22.98,66.88,2
0.7459,-0.0564,23.09,66.88,2
0.7539,0.008,23.05,66.88,2
0.7446,-0.0093,23.0,66.88,2
0.7504,0.0058,22.94,66.88,2
0.7477,-0.0027,22.97,66.88,2
0.6901,-0.0576,22.91,66.88,2
0.6856,-0.0045,22.92,66.88,2
0.6601,-0.0255,22.88,66.87,2
0.6878,0.0277,23.04,66.87,2
0.6749,-0.0129,22.97,66.86,2
0.6845,0.0095,23.02,66.86,2
0.717,0.0326,22.95,66.86,2
0.6875,-0.0295,22.96,66.86,2
0.7088,0.0213,23.03,66.86,2
0.7026,-0.0062,22.96,66.85,2
0.701,-0.0017,23.04,66.85,2
0.7217,0.0207,23.01,66.85,2
0.7083,-0.0134,23.01,66.85,2
0.6953,-0.013,22.99,66.85,2
0.7174,0.0221,22.99,66.85,2
0.6976,-0.0197,23.05,66.84,2
0.692,-0.0057,23.04,66.84,2
0.7136,0.0217,23.09,66.84,2
0.7535,0.0399,23.09,66.84,2
0.7285,-0.025,23.08,66.84,2
0.7483,0.0198,23.16,66.84,2
0.7574,0.0091,23.27,66.84,2
0.7895,0.0321,23.26,66.84,2
0.7258,-0.0638,23.23,66.84,2
0.7038,-0.0219,23.23,66.84,2
0.6962,-0.0076,23.25,66.84,2
0.6827,-0.0136,23.15,66.84,2
0.6855,0.0029,23.14,66.84,2
0.6688,-0.0167,23.09,66.83,2
0.6727,0.0039,23.07,66.83,2
0.6631,-0.0096,23.03,66.83,2
0.6941,0.031,22.96,66.82,2
0.7252,0.0312,22.96,66.82,2
0.7356,0.0103,23.0,66.82,2
0.7497,0.0141,23.04,66.82,2
0.7637,0.014,23.04,66.83,2
0.7447,-0.0189,22.99,66.83,2
0.7527,0.0079,22.87,66.83,2
0.7642,0.0115,22.92,66.83,2
0.7888,0.0245,22.91,66.83,2
0.7568,-0.0319,23.0,66.83,2
0.7421,-0.0148,23.03,66.83,2
0.7353,-0.0068,23.1,66.83,2
0.7125,-0.0228,23.05,66.83,2
0.7267,0.0141,22.99,66.83,2
0.7042,-0.0225,22.99,66.83,2
0.6975,-0.0067,22.91,66.83,2
0.7292,0.0316,23.0,66.83,2
0.741,0.0119,23.0,66.83,2
0.7185,-0.0225,22.99,66.83,2
0.6861,-0.0325,22.98,66.83,2
0.6942,0.0082,22.95,66.83,2
0.6539,-0.0403,23.0,66.82,2
0.6293,-0.0246,22.83,66.82,2
0.6433,0.014,22.88,66.81,2
0.6101,-0.0332,22.79,66.81,2
0.6203,0.0102,22.86,66.8,2
0.6338,0.0135,22.9,66.8,2
0.5987,-0.0352,22.77,66.79,2
0.6021,0.0034,22.71,66.79,2
0.6402,0.0381,22.67,66.78,2
0.6893,0.0491,22.63,66.78,2
0.6806,-0.0088,22.72,66.78,2
0.6995,0.0189,22.75,66.78,2
0.6727,-0.0268,22.81,66.78,2
0.6929,0.0202,22.85,66.78,2
0.6828,-0.0102,22.88,66.77,2
0.7008,0.0181,22.92,66.77,2
0.6891,-0.0117,22.93,66.77,2
0.7103,0.0212,22.89,66.77,2
0.6969,-0.0134,22.83,66.77,2
0.6976,0.0007,22.82,66.77,2
0.6948,-0.0028,22.73,66.77,2
0.7031,0.0083,22.72,66.77,2
0.7359,0.0328,22.72,66.77,2
0.717,-0.0189,22.76,66.77,2
0.7085,-0.0085,22.79,66.77,2
0.7095,0.001,22.8,66.77,2
0.693,-0.0165,22.91,66.77,2
0.6903,-0.0027,22.94,66.77,2
0.7051,0.0148,23.0,66.77,2
0.7194,0.0142,23.06,66.77,2
0.6786,-0.0407,22.97,66.77,2
0.6844,0.0058,22.91,66.77,2
0.6634,-0.021,22.92,66.77,2
0.6945,0.031,22.96,66.77,2
0.7154,0.0209,23.02,66.77,2
0.7526,0.0372,23.0,66.77,2
0.7626,0.0101,22.95,66.77,2
0.7784,0.0157,22.95,66.77,2
0.7933,0.0149,22.97,66.78,2
0.7809,-0.0124,23.05,66.78,2
0.7437,-0.0371,23.07,66.78,2
0.7542,0.0105,23.03,66.79,2
0.6837,-0.0705,22.99,66.78,2
0.6852,0.0015,23.0,66.78,2
0.7153,0.0301,23.07,66.78,2
0.7241,0.0088,23.09,66.78,2
0.7338,0.0097,23.13,66.78,2
0.7249,-0.0089,23.07,66.79,2
0.7375,0.0126,23.06,66.79,2
0.688,-0.0495,23.03,66.79,2
0.6779,-0.0101,23.02,66.78,2
0.6847,0.0068,23.0,66.78,2
0.65,-0.0347,23.03,66.78,2
0.6801,0.0302,23.01,66.78,2
0.663,-0.0171,23.0,66.77,2
0.6689,0.0059,23.0,66.77,2
0.6904,0.0215,23.07,66.77,2
0.6984,0.008,23.06,66.77,2
0.716,0.0176,23.05,66.77,2
0.7184,0.0024,23.01,66.77,2
0.7387,0.0203,23.01,66.77,2
0.7431,0.0044,23.02,66.78,2
0.7176,-0.0255,23.07,66.78,2
0.7121,-0.0055,23.12,66.78,2
0.7002,-0.0119,23.08,66.78,2
0.6997,-0.0005,23.12,66.77,2
0.7343,0.0346,23.09,66.78,2
0.7168,-0.0175,23.09,66.78,2
0.7238,0.0071,23.16,66.78,2
0.7135,-0.0103,23.08,66.78,2
0.7234,0.0099,22.98,66.78,2
0.7326,0.0092,23.0,66.78,2
0.7116,-0.021,23.01,66.78,2
0.7142,0.0026,23.03,66.78,2
0.7326,0.0184,22.98,66.78,2
0.7299,-0.0026,22.99,66.78,2
0.755,0.025,23.03,66.78,2
0.7602,0.0052,23.12,66.79,2
0.7687,0.0085,23.04,66.79,2
0.7848,0.0161,23.04,66.79,2
0.7989,0.014,23.05,66.8,2
0.7625,-0.0363,23.06,66.8,2
0.7087,-0.0539,23.03,66.8,2
0.6995,-0.0092,23.01,66.8,2
0.6708,-0.0287,22.93,66.79,2
0.6686,-0.0023,22.94,66.79,2
0.7092,0.0407,22.88,66.79,2
0.7332,0.024,22.92,66.79,2
0.7316,-0.0016,22.89,66.79,2
0.7447,0.0131,22.88,66.79,2
0.7267,-0.018,22.86,66.79,2
0.6742,-0.0525,22.89,66.79,2
0.6777,0.0035,22.95,66.79,2
0.6444,-0.0333,22.97,66.79,2
0.6714,0.027,22.97,66.78,2
0.668,-0.0034,22.89,66.78,2
0.679,0.011,22.85,66.78,2
0.7054,0.0263,22.86,66.78,2
0.6997,-0.0057,22.9,66.78,2
0.6514,-0.0482,22.88,66.78,2
0.6493,-0.0021,22.82,66.77,2
0.6667,0.0174,22.74,66.77,2
0.6669,0.0002,22.8,66.77,2
0.6961,0.0292,22.84,66.77,2
0.6951,-0.001,22.87,66.77,2
0.726,0.0309,22.92,66.77,2
0.7392,0.0132,22.89,66.77,2
0.7229,-0.0162,22.92,66.77,2
0.7355,0.0126,22.87,66.77,2
0.7097,-0.0258,22.82,66.77,2
0.6873,-0.0224,22.79,66.77,2
0.6669,-0.0204,22.9,66.77,2
0.6644,-0.0025,22.94,66.77,2
0.6723,0.008,22.99,66.77,2
0.6825,0.0101,22.95,66.76,2
0.7144,0.0319,22.94,66.76,2
0.6662,-0.0481,22.88,66.76,2
0.6627,-0.0036,22.86,66.76,2
0.6889,0.0262,22.8,66.76,2
0.6641,-0.0248,22.8,66.76,2
0.6344,-0.0298,22.83,66.75,2
0.6419,0.0075,22.95,66.75,2
0.6736,0.0317,23.04,66.75,2
0.653,-0.0206,22.98,66.75,2
0.6493,-0.0036,23.0,66.75,2
0.6466,-0.0027,23.0,66.74,2
0.6739,0.0273,23.01,66.74,2
0.66,-0.014,22.95,66.74,2
0.6573,-0.0027,22.98,66.74,2
0.4815,-0.1758,22.95,66.73,2
0.5343,0.0528,22.93,66.72,2
0.598,0.0637,22.93,66.71,2
0.5946,-0.0034,22.9,66.71,2
0.589,-0.0057,22.89,66.71,2
0.5898,0.0008,22.97,66.7,2
0.6058,0.016,22.89,66.7,2
0.6437,0.0379,22.82,66.7,2
0.6585,0.0149,22.83,66.69,2
0.6587,0.0002,22.83,66.69,2
0.629,-0.0297,22.77,66.69,2
0.6422,0.0132,22.78,66.69,2
0.6775,0.0354,22.8,66.69,2
0.661,-0.0165,22.77,66.69,2
0.6371,-0.0239,22.81,66.69,2
0.6714,0.0343,22.86,66.69,2
0.6573,-0.0141,22.9,66.69,2
0.6578,0.0005,23.02,66.68,2
0.6562,-0.0016,23.01,66.68,2
0.6637,0.0075,23.0,66.68,2
0.6496,-0.0141,23.05,66.68,2
0.6581,0.0086,23.0,66.68,2
0.6548,-0.0034,23.05,66.68,2
0.6796,0.0248,23.01,66.68,2
0.6768,-0.0028,22.99,66.68,2
0.6452,-0.0316,23.01,66.68,2
0.6657,0.0205,23.06,66.68,2
0.6995,0.0338,23.1,66.68,2
0.674,-0.0255,23.1,66.68,2
0.6382,-0.0359,23.02,66.68,2
0.6082,-0.0299,23.03,66.68,2
0.6112,0.003,23.06,66.67,2
0.6124,0.0011,23.01,66.67,2
0.6163,0.0039,23.06,66.67,2
0.5987,-0.0175,23.06,66.66,2
0.5972,-0.0015,23.03,66.66,2
0.6338,0.0365,23.04,66.66,2
0.6063,-0.0275,22.98,66.66,2
0.5865,-0.0198,22.92,66.65,2
0.5724,-0.0141,22.9,66.65,2
0.5896,0.0172,22.89,66.64,2
0.6323,0.0427,22.92,66.64,2
0.6474,0.0151,22.84,66.64,2
0.6169,-0.0305,22.76,66.64,2
0.5879,-0.029,22.69,66.64,2
0.5985,0.0106,22.69,66.63,2
0.6436,0.045,22.75,66.63,2
0.6587,0.0152,22.7,66.63,2
0.675,0.0163,22.78,66.64,2
0.6521,-0.0229,22.77,66.64,2
0.6559,0.0037,22.83,66.64,2
0.6651,0.0092,22.82,66.64,2
0.4872,-0.1779,22.72,66.63,2
0.5408,0.0536,22.74,66.62,2
0.5676,0.0268,22.75,66.62,2
0.606,0.0384,22.7,66.62,2
0.5938,-0.0122,22.67,66.61,2
0.5681,-0.0258,22.63,66.61,2
0.5503,-0.0178,22.61,66.6,2
0.5623,0.0119,22.6,66.6,2
0.5643,0.0021,22.57,66.6,2
0.5758,0.0115,22.56,66.59,2
0.5329,-0.0429,22.55,66.59,2
0.5069,-0.026,22.59,66.58,2
0.5217,0.0147,22.5,66.58,2
0.5218,0.0001,22.54,66.57,2
0.538,0.0162,22.52,66.57,2
0.3808,-0.1572,22.87,66.59,1
0.4215,0.0407,23.13,66.62,1
0.4607,0.0392,23.2,66.61,2
0.4873,0.0266,23.08,66.61,2
0.5242,0.0369,23.05,66.6,2
0.5617,0.0375,23.02,66.6,2
0.5806,0.0189,23.01,66.59,2
0.5286,-0.052,23.01,66.59,2
0.5525,0.0239,23.02,66.58,2
0.553,0.0005,22.95,66.58,2
0.5251,-0.0279,22.92,66.57,2
0.5733,0.0482,22.97,66.57,2
0.6009,0.0276,22.91,66.57,2
0.6266,0.0256,22.92,66.57,2
0.6231,-0.0035,22.96,66.57,2
0.6102,-0.0129,23.02,66.57,2
0.6273,0.0171,22.98,66.57,2
0.6607,0.0334,22.92,66.57,2
0.6633,0.0027,22.93,66.57,2
0.6313,-0.0321,22.94,66.57,2
0.6141,-0.0172,22.96,66.57,2
0.6534,0.0393,22.89,66.57,2
0.6907,0.0373,22.98,66.58,2
0.5057,-0.185,22.93,66.57,2
0.5139,0.0082,22.89,66.56,2
0.5335,0.0197,22.93,66.56,2
0.5648,0.0312,22.9,66.56,2
0.5689,0.0041,22.86,66.55,2
0.5774,0.0085,22.8,66.55,2
0.5595,-0.0179,22.8,66.55,2
0.5382,-0.0213,22.74,66.54,2
0.4893,-0.0489,22.68,66.54,2
0.5076,0.0183,22.7,66.53,2
0.538,0.0304,22.67,66.53,2
0.5233,-0.0147,22.67,66.52,2
0.5337,0.0103,22.64,66.52,2
0.5327,-0.001,22.68,66.52,2
0.5412,0.0085,22.64,66.51,2
0.5712,0.0299,22.64,66.51,2
0.6042,0.033,22.67,66.51,2
0.5936,-0.0106,22.67,66.51,2
0.5899,-0.0036,22.77,66.51,2
0.5786,-0.0114,22.74,66.51,2
0.6171,0.0385,22.79,66.51,2
0.6497,0.0326,22.77,66.51,2
0.6133,-0.0364,22.81,66.51,2
0.5847,-0.0286,22.82,66.51,2
0.6121,0.0274,22.82,66.51,2
0.5813,-0.0308,22.83,66.51,2
0.5973,0.016,22.8,66.51,2
0.4294,-0.1679,23.05,66.54,1
0.4914,0.062,23.24,66.58,1
0.54,0.0486,23.22,66.57,2
0.5823,0.0423,23.27,66.57,2
0.6324,0.0501,23.19,66.57,2
0.5949,-0.0374,23.16,66.57,2
0.5669,-0.028,23.13,66.56,2
0.5633,-0.0037,23.04,66.56,2
0.5774,0.0142,22.98,66.56,2
0.5691,-0.0084,22.99,66.56,2
0.5442,-0.0248,22.88,66.55,2
0.571,0.0268,22.82,66.55,2
0.5685,-0.0025,22.76,66.55,2
0.5259,-0.0426,22.77,66.54,2
0.4995,-0.0264,22.66,66.54,2
0.5157,0.0162,22.7,66.53,2
0.5196,0.0039,22.68,66.53,2
0.5371,0.0175,22.63,66.52,2
0.5416,0.0045,22.69,66.52,2
0.5328,-0.0088,22.72,66.52,2
0.5403,0.0075,22.8,66.51,2
0.5067,-0.0336,22.82,66.51,2
0.524,0.0173,22.87,66.5,2
0.5295,0.0055,22.96,66.5,2
0.5359,0.0064,22.9,66.5,2
0.3828,-0.1531,23.17,66.53,1
0.4464,0.0636,23.37,66.56,1
0.4835,0.0372,23.26,66.55,2
0.5229,0.0393,23.24,66.55,2
0.5363,0.0134,23.13,66.54,2
0.3839,-0.1524,23.37,66.57,1
0.3972,0.0134,23.57,66.6,1
0.4347,0.0375,23.74,66.63,1
0.4722,0.0374,23.69,66.62,2
0.5075,0.0353,23.61,66.61,2
0.4757,-0.0317,23.54,66.6,2
0.3325,-0.1432,23.7,66.63,1
0.4239,0.0914,23.89,66.66,1
0.4662,0.0423,23.72,66.65,2
0.4674,0.0011,23.56,66.64,2
0.4839,0.0165,23.52,66.63,2
0.4747,-0.0092,23.44,66.62,2
0.461,-0.0136,23.36,66.61,2
0.524,0.0629,23.37,66.61,2
0.5232,-0.0008,23.29,66.6,2
0.542,0.0187,23.23,66.59,2
0.5747,0.0328,23.21,66.59,2
0.5806,0.0059,23.21,66.59,2
0.5869,0.0062,23.1,66.59,2
0.5517,-0.0352,23.0,66.58,2
0.5726,0.021,23.03,66.58,2
0.5294,-0.0432,22.95,66.57,2
0.5191,-0.0103,22.93,66.57,2
0.5509,0.0317,22.87,66.56,2
0.5529,0.002,22.78,66.56,2
0.5413,-0.0116,22.79,66.56,2
0.5515,0.0102,22.78,66.55,2
0.5368,-0.0147,22.78,66.55,2
0.5531,0.0163,22.83,66.55,2
0.5262,-0.0269,22.86,66.54,2
0.5396,0.0134,22.82,66.54,2
0.5156,-0.0239,22.79,66.53,2
0.5041,-0.0115,22.75,66.53,2
0.5157,0.0116,22.79,66.52,2
0.5087,-0.0071,22.74,66.52,2
0.4735,-0.0351,22.72,66.51,2
0.4746,0.0011,22.69,66.5,2
0.4695,-0.0051,22.62,66.5,2
0.447,-0.0225,22.89,66.53,1
0.4492,0.0022,23.19,66.56,1
0.49,0.0408,23.16,66.55,2
0.343,-0.147,23.04,66.54,2
0.3642,0.0213,23.36,66.57,1
0.3727,0.0084,23.52,66.6,1
0.3984,0.0257,23.73,66.62,1
0.4578,0.0594,23.59,66.61,2
0.4752,0.0174,23.49,66.61,2
0.4824,0.0071,23.28,66.6,2
0.3362,-0.1462,23.42,66.62,1
0.418,0.0818,23.57,66.65,1
0.4277,0.0097,23.71,66.68,1
0.4279,0.0002,23.92,66.71,1
0.4538,0.026,23.8,66.7,2
0.4697,0.0158,23.74,66.69,2
0.4526,-0.017,23.61,66.67,2
0.4707,0.0181,23.42,66.66,2
0.3258,-0.145,23.6,66.69,1
0.3488,0.023,23.74,66.71,1
0.3659,0.0171,23.86,66.73,1
0.3892,0.0233,24.04,66.76,1
0.3978,0.0085,24.11,66.78,1
0.4145,0.0168,24.15,66.81,1
0.4591,0.0446,24.11,66.8,2
0.3172,-0.1419,23.98,66.78,2
0.37,0.0528,24.1,66.8,1
0.3988,0.0288,24.24,66.82,1
0.4255,0.0267,24.43,66.85,1
0.4478,0.0223,24.48,66.87,1
0.4596,0.0118,24.36,66.86,2
0.4824,0.0228,24.14,66.85,2
0.5188,0.0364,23.97,66.83,2
0.4978,-0.021,23.87,66.82,2
0.5113,0.0135,23.74,66.81,2
0.5196,0.0083,23.61,66.8,2
0.5181,-0.0015,23.47,66.79,2
0.5001,-0.018,23.43,66.78,2
0.3522,-0.1478,23.52,66.8,1
0.2628,-0.0895,23.67,66.82,1
0.3551,0.0923,23.79,66.84,1
0.4241,0.069,24.03,66.87,1
0.4287,0.0047,24.19,66.89,1
0.4398,0.011,24.41,66.91,1
0.443,0.0033,24.46,66.94,1
0.4858,0.0428,24.3,66.92,2
0.4752,-0.0106,24.16,66.91,2
0.3338,-0.1415,24.29,66.93,1
0.2491,-0.0847,24.32,66.94,1
0.1951,-0.054,24.62,66.98,0
0.2783,0.0832,24.92,67.03,0
0.3727,0.0944,24.97,67.04,1
0.4109,0.0382,25.05,67.06,1
0.398,-0.0129,25.14,67.08,1
0.4309,0.0329,25.28,67.1,1
0.4078,-0.0231,25.33,67.12,1
0.3986,-0.0091,25.29,67.14,1
0.4006,0.0019,25.26,67.16,1
0.3916,-0.009,25.38,67.17,1
0.3997,0.0081,25.4,67.19,1
0.268,-0.1317,25.65,67.23,0
0.3168,0.0488,25.91,67.27,0
0.3531,0.0363,25.89,67.28,1
0.3485,-0.0045,25.83,67.29,1
0.3695,0.0209,25.74,67.31,1
0.2436,-0.1258,25.97,67.34,0
0.2814,0.0378,26.16,67.38,0
0.3169,0.0354,26.14,67.39,1
0.3601,0.0432,26.05,67.4,1
0.2374,-0.1227,26.22,67.43,0
0.2717,0.0344,26.4,67.47,0
0.3442,0.0724,26.31,67.47,1
0.2274,-0.1167,26.29,67.48,1
0.1596,-0.0678,26.45,67.51,0
0.118,-0.0416,26.6,67.53,0
0.2534,0.1354,26.77,67.56,0
0.293,0.0395,26.8,67.57,1
0.3088,0.0158,26.67,67.57,1
0.3413,0.0325,26.56,67.58,1
0.221,-0.1203,26.62,67.61,0
0.2852,0.0641,26.79,67.64,0
0.3097,0.0246,26.78,67.64,1
0.1998,-0.1099,26.65,67.64,1
0.2775,0.0777,26.8,67.67,0
0.3298,0.0523,26.96,67.7,0
0.2183,-0.1115,27.16,67.73,0
0.2818,0.0635,27.05,67.73,1
0.3276,0.0458,26.99,67.73,1
0.367,0.0394,26.85,67.73,1
0.4014,0.0344,26.73,67.74,1
0.4272,0.0258,26.71,67.75,1
0.4334,0.0062,26.62,67.75,1
0.4697,0.0362,26.12,67.72,2
0.4764,0.0068,25.88,67.69,2
0.4386,-0.0378,25.84,67.7,1
0.4091,-0.0295,25.92,67.71,1
0.4058,-0.0034,25.89,67.71,1
0.3972,-0.0086,25.86,67.72,1
0.2668,-0.1303,26.12,67.75,0
0.3141,0.0473,26.32,67.78,0
0.333,0.0189,26.29,67.78,1
0.2212,-0.1118,26.24,67.77,1
0.2898,0.0686,26.25,67.77,1
0.3445,0.0547,26.3,67.77,1
0.2299,-0.1147,26.45,67.8,0
0.1633,-0.0665,26.7,67.82,0
0.235,0.0717,26.85,67.85,0
0.2967,0.0617,26.76,67.85,1
0.3567,0.06,26.71,67.85,1
0.2374,-0.1192,26.89,67.87,0
0.1685,-0.0689,27.14,67.89,0
0.1263,-0.0422,27.28,67.91,0
0.2138,0.0875,27.4,67.93,0
0.1418,-0.0721,27.53,67.95,0
0.2454,0.1036,27.58,67.97,0
0.2834,0.038,27.43,67.97,1
0.1817,-0.1017,27.27,67.96,1
0.257,0.0753,27.41,67.98,0
0.1667,-0.0903,27.47,68.0,0
0.2878,0.1211,27.24,68.0,1
0.1924,-0.0954,27.09,67.99,1
0.2436,0.0512,27.29,68.01,0
0.2769,0.0333,27.26,68.03,0
0.3156,0.0386,27.06,68.03,1
0.2009,-0.1147,26.93,68.02,1
0.1363,-0.0646,27.07,68.03,0
0.2006,0.0643,27.23,68.05,0
0.3113,0.1108,27.14,68.05,1
0.3214,0.01,27.09,68.04,1
0.3669,0.0455,26.92,68.04,1
0.3721,0.0052,26.74,68.04,1
0.3574,-0.0147,26.58,68.03,1
0.2318,-0.1256,26.77,68.06,0
0.2805,0.0486,26.85,68.08,0
0.2934,0.0129,26.74,68.07,1
0.3109,0.0176,26.63,68.07,1
0.3709,0.06,26.57,68.06,1
0.4426,0.0717,26.43,68.06,1
0.3016,-0.141,26.36,68.06,1
0.3702,0.0686,26.3,68.05,1
0.2567,-0.1135,26.46,68.08,0
0.3303,0.0736,26.66,68.1,0
0.3354,0.0051,26.64,68.1,1
0.3372,0.0018,26.61,68.09,1
0.2192,-0.118,26.85,68.11,0
0.2995,0.0803,26.97,68.13,0
0.1996,-0.0999,27.07,68.15,0
0.2888,0.0891,26.96,68.14,1
0.1932,-0.0956,26.86,68.13,1
0.2594,0.0662,26.97,68.15,0
0.3165,0.0572,27.12,68.17,0
0.3705,0.054,26.99,68.17,1
0.427,0.0565,26.94,68.16,1
0.4526,0.0256,26.58,68.12,2
0.4432,-0.0095,26.16,68.08,2
0.4399,-0.0033,26.16,68.08,1
0.4411,0.0013,26.14,68.08,1
0.4419,0.0008,26.14,68.09,1
0.3046,-0.1373,26.07,68.08,1
0.3261,0.0215,26.06,68.07,1
0.379,0.0529,26.06,68.07,1
0.2589,-0.1201,26.23,68.09,0
0.3107,0.0518,26.42,68.12,0
0.3392,0.0284,26.43,68.11,1
0.3412,0.002,26.32,68.11,1
0.2253,-0.1158,26.47,68.12,0
0.1597,-0.0656,26.74,68.14,0
0.228,0.0682,26.83,68.16,0
0.1514,-0.0766,27.02,68.17,0
0.248,0.0966,27.18,68.19,0
0.164,-0.084,27.33,68.21,0
0.2834,0.1194,27.16,68.2,1
0.3299,0.0465,27.1,68.19,1
0.2185,-0.1115,27.11,68.21,0
0.1538,-0.0647,27.33,68.22,0
0.2442,0.0904,27.47,68.24,0
0.3025,0.0584,27.36,68.23,1
0.364,0.0614,27.19,68.22,1
0.2414,-0.1225,27.34,68.24,0
0.275,0.0336,27.45,68.26,0
0.3063,0.0313,27.28,68.25,1
0.3263,0.02,27.06,68.24,1
0.2117,-0.1146,27.24,68.26,0
0.2673,0.0556,27.38,68.27,0
0.2994,0.0321,27.24,68.26,1
0.1927,-0.1067,27.03,68.25,1
0.2353,0.0426,27.15,68.26,0
0.1495,-0.0859,27.28,68.28,0
0.2469,0.0974,27.46,68.29,0
0.2796,0.0327,27.59,68.31,0
0.2929,0.0133,27.4,68.3,1
0.326,0.0331,27.29,68.29,1
0.3409,0.0149,27.19,68.28,1
0.2207,-0.1202,27.24,68.3,0
0.1532,-0.0674,27.41,68.31,0
0.2533,0.1001,27.51,68.33,0
0.1702,-0.0831,27.61,68.34,0
0.2545,0.0842,27.66,68.35,0
0.2802,0.0258,27.48,68.34,1
0.3095,0.0293,27.33,68.33,1
0.3189,0.0094,27.19,68.32,1
0.2043,-0.1146,27.29,68.33,0
0.2482,0.0439,27.35,68.35,0
0.1596,-0.0886,27.46,68.36,0
0.2503,0.0907,27.53,68.37,0
0.3196,0.0693,27.32,68.36,1
0.2117,-0.1079,27.23,68.35,1
0.2724,0.0608,27.43,68.36,0
0.3552,0.0828,27.57,68.38,0
0.3521,-0.0031,27.5,68.37,1
0.3502,-0.0019,27.41,68.36,1
0.2273,-0.123,27.61,68.38,0
0.2598,0.0325,27.7,68.39,0
0.3071,0.0473,27.56,68.38,1
0.3189,0.0119,27.45,68.37,1
0.3484,0.0295,27.25,68.36,1
0.2255,-0.123,27.42,68.37,0
0.2931,0.0677,27.54,68.39,0
0.3513,0.0582,27.33,68.38,1
0.2345,-0.1168,27.27,68.36,1
0.2741,0.0396,27.33,68.38,0
0.3109,0.0368,27.44,68.4,0
0.2026,-0.1083,27.55,68.41,0
0.2512,0.0486,27.59,68.42,0
0.2922,0.041,27.46,68.41,1
0.3129,0.0206,27.33,68.4,1
0.3442,0.0313,27.24,68.39,1
0.3788,0.0345,27.18,68.38,1
0.2507,-0.1281,27.37,68.39,0
0.2995,0.0488,27.53,68.41,0
0.3605,0.061,27.44,68.4,1
0.3979,0.0374,27.29,68.39,1
0.27,-0.1279,27.44,68.41,0
0.3025,0.0325,27.6,68.43,0
0.3293,0.0267,27.43,68.41,1
0.2194,-0.1099,27.22,68.4,1
0.1567,-0.0627,27.36,68.41,0
0.2314,0.0746,27.43,68.42,0
0.2672,0.0359,27.54,68.43,0
0.2965,0.0293,27.26,68.42,1
0.1893,-0.1073,27.13,68.4,1
0.1299,-0.0594,27.27,68.41,0
0.0954,-0.0345,27.31,68.42,0
0.1816,0.0862,27.34,68.43,0
0.1159,-0.0656,27.48,68.43,0
0.2072,0.0913,27.5,68.45,0
0.1307,-0.0765,27.59,68.45,0
0.2308,0.1001,27.71,68.47,0
0.2544,0.0236,27.74,68.48,0
0.1566,-0.0979,27.84,68.49,0
0.2254,0.0688,27.93,68.5,0
0.2871,0.0617,27.86,68.48,1
0.314,0.0269,27.67,68.47,1
0.2012,-0.1128,27.78,68.48,0
0.1383,-0.063,27.81,68.49,0
0.2263,0.088,27.97,68.5,0
0.2728,0.0465,28.04,68.51,0
0.1747,-0.0981,28.0,68.52,0
0.12,-0.0548,28.08,68.53,0
0.0878,-0.0321,28.11,68.53,0
0.1828,0.095,28.18,68.54,0
0.2335,0.0507,28.18,68.55,0
0.2705,0.037,28.27,68.56,0
0.3046,0.0341,28.07,68.55,1
0.3326,0.028,27.87,68.53,1
0.334,0.0014,27.66,68.52,1
0.329,-0.005,27.55,68.5,1
0.3407,0.0117,27.46,68.49,1
0.2199,-0.1207,27.53,68.5,0
0.2625,0.0426,27.69,68.52,0
0.1709,-0.0916,27.82,68.52,0
0.1195,-0.0514,27.89,68.53,0
0.0891,-0.0304,27.99,68.53,0
0.0699,-0.0192,27.98,68.54,0
0.1694,0.0995,28.09,68.54,0
0.248,0.0786,28.1,68.56,0
0.1561,-0.0919,28.11,68.56,0
0.1051,-0.051,28.11,68.57,0
0.0754,-0.0297,28.1,68.57,0
0.1796,0.1042,28.17,68.58,0
0.113,-0.0665,28.26,68.58,0
0.1985,0.0855,28.27,68.59,0
0.1224,-0.0761,28.3,68.59,0
0.0804,-0.042,28.35,68.6,0
0.0562,-0.0242,28.36,68.6,0
0.0415,-0.0147,28.41,68.6,0
0.032,-0.0095,28.4,68.6,0
0.0255,-0.0065,28.5,68.6,0
0.1432,0.1178,28.48,68.6,0
0.2059,0.0626,28.57,68.61,0
0.1209,-0.085,28.56,68.61,0
0.0754,-0.0455,28.52,68.61,0
0.1676,0.0922,28.57,68.62,0
0.0994,-0.0682,28.5,68.62,0
0.1651,0.0657,28.49,68.63,0
0.094,-0.0711,28.54,68.63,0
0.1614,0.0675,28.54,68.64,0
0.2145,0.053,28.64,68.64,0
0.1225,-0.092,28.7,68.65,0
0.0737,-0.0487,28.74,68.65,0
0.1722,0.0984,28.75,68.65,0
0.222,0.0498,28.74,68.66,0
0.2559,0.034,28.74,68.67,0
0.1537,-0.1022,28.71,68.68,0
0.2436,0.0899,28.78,68.68,0
0.1538,-0.0898,28.81,68.69,0
0.1035,-0.0503,28.76,68.69,0
0.0739,-0.0296,28.73,68.69,0
0.0554,-0.0184,28.79,68.69,0
0.0432,-0.0122,28.73,68.69,0
0.0346,-0.0086,28.64,68.68,0
0.0283,-0.0063,28.6,68.68,0
0.0235,-0.0048,28.6,68.68,0
0.1272,0.1037,28.59,68.68,0
0.202,0.0749,28.61,68.69,0
0.1176,-0.0844,28.72,68.69,0
0.175,0.0574,28.82,68.7,0
0.2252,0.0502,28.79,68.7,0
0.1304,-0.0949,28.81,68.71,0
0.0797,-0.0507,28.85,68.71,0
0.1643,0.0846,28.8,68.71,0
0.0957,-0.0686,28.79,68.71,0
0.0589,-0.0368,28.82,68.71,0
0.1536,0.0946,28.76,68.71,0
0.0887,-0.0648,28.77,68.71,0
0.1741,0.0854,28.75,68.72,0
0.2528,0.0787,28.84,68.73,0
0.2645,0.0117,28.85,68.73,0
0.1588,-0.1057,28.91,68.74,0
0.1014,-0.0574,28.93,68.74,0
0.1814,0.0801,28.89,68.74,0
0.1097,-0.0718,28.93,68.74,0
0.0705,-0.0391,28.93,68.74,0
0.0483,-0.0222,28.82,68.74,0
0.035,-0.0133,28.82,68.74,0
0.1716,0.1366,28.82,68.74,0
0.1069,-0.0647,28.79,68.74,0
0.0707,-0.0362,28.72,68.74,0
0.0494,-0.0213,28.72,68.74,0
0.0362,-0.0132,28.67,68.73,0
0.1351,0.0988,28.67,68.74,0
0.0775,-0.0575,28.66,68.74,0
0.182,0.1044,28.62,68.74,0
0.2377,0.0557,28.68,68.75,0
0.272,0.0343,28.69,68.76,0
0.2808,0.0088,28.49,68.73,1
0.2915,0.0107,28.32,68.71,1
0.1777,-0.1139,28.38,68.72,0
0.2331,0.0554,28.47,68.73,0
0.1443,-0.0888,28.51,68.73,0
0.2003,0.056,28.58,68.73,0
0.1211,-0.0792,28.67,68.74,0
0.0781,-0.043,28.68,68.73,0
0.1613,0.0832,28.7,68.74,0
0.0954,-0.0659,28.78,68.74,0
0.1951,0.0997,28.79,68.74,0
0.1184,-0.0766,28.8,68.74,0
0.2264,0.108,28.85,68.75,0
0.1424,-0.084,28.88,68.75,0
0.1974,0.055,28.89,68.76,0
0.2364,0.0389,28.86,68.76,0
0.1401,-0.0963,28.78,68.77,0
0.223,0.0829,28.83,68.77,0
0.1366,-0.0863,28.87,68.77,0
0.1963,0.0596,28.9,68.78,0
0.117,-0.0792,28.84,68.78,0
0.0739,-0.0432,28.82,68.78,0
0.0495,-0.0244,28.73,68.77,0
0.1449,0.0955,28.69,68.77,0
0.2023,0.0574,28.79,68.78,0
0.1173,-0.085,28.76,68.78,0
0.1947,0.0775,28.81,68.78,0
0.2437,0.049,28.84,68.79,0
0.147,-0.0967,28.81,68.79,0
0.0947,-0.0523,28.82,68.79,0
0.0654,-0.0294,28.74,68.79,0
0.188,0.1226,28.7,68.79,0
0.1191,-0.0689,28.75,68.79,0
0.1978,0.0788,28.73,68.8,0
0.1215,-0.0764,28.78,68.8,0
0.1944,0.0729,28.79,68.8,0
0.2578,0.0634,28.83,68.81,0
0.3009,0.0431,28.6,68.79,1
0.1905,-0.1104,28.32,68.76,1
0.2692,0.0787,28.33,68.77,0
0.2953,0.0261,28.38,68.78,0
0.1883,-0.107,28.48,68.78,0
0.1283,-0.0601,28.48,68.78,0
0.2028,0.0746,28.48,68.79,0
0.1286,-0.0742,28.53,68.79,0
0.2022,0.0736,28.61,68.79,0
0.125,-0.0773,28.64,68.79,0
0.1925,0.0675,28.68,68.8,0
0.1161,-0.0764,28.71,68.8,0
0.2097,0.0936,28.73,68.8,0
0.1293,-0.0804,28.66,68.8,0
0.0849,-0.0445,28.64,68.8,0
0.0591,-0.0257,28.61,68.8,0
0.1559,0.0968,28.69,68.8,0
0.0932,-0.0627,28.64,68.8,0
0.0592,-0.034,28.59,68.79,0
0.1751,0.1158,28.67,68.8,0
0.2577,0.0827,28.74,68.8,0
0.3059,0.0482,28.47,68.78,1
0.1953,-0.1106,28.18,68.76,1
0.1331,-0.0621,28.28,68.76,0
0.0964,-0.0367,28.31,68.76,0
0.1834,0.087,28.44,68.76,0
0.2681,0.0847,28.52,68.77,0
0.3003,0.0322,28.35,68.75,1
0.1912,-0.1091,28.06,68.72,1
0.1302,-0.061,28.02,68.73,0
0.0943,-0.0359,28.09,68.73,0
0.1995,0.1051,28.11,68.73,0
0.2774,0.0779,28.2,68.74,0
0.1791,-0.0983,28.19,68.75,0
0.2635,0.0843,28.29,68.75,0
0.1723,-0.0912,28.32,68.76,0
0.1198,-0.0524,28.3,68.76,0
0.193,0.0732,28.37,68.76,0
0.1215,-0.0715,28.31,68.76,0
0.0816,-0.0398,28.3,68.76,0
0.0584,-0.0233,28.29,68.76,0
0.044,-0.0144,28.33,68.76,0
0.0345,-0.0095,28.32,68.75,0
0.1753,0.1409,28.43,68.76,0
0.2634,0.0881,28.54,68.77,0
0.3127,0.0493,28.33,68.75,1
0.2028,-0.1099,28.07,68.72,1
0.2706,0.0679,28.09,68.73,0
0.3025,0.0319,28.15,68.74,0
0.3331,0.0306,27.94,68.72,1
0.3425,0.0094,27.79,68.7,1
0.3688,0.0263,27.61,68.69,1
0.3591,-0.0097,27.53,68.67,1
0.235,-0.1242,27.64,68.68,0
0.3146,0.0797,27.87,68.69,0
0.349,0.0343,27.7,68.68,1
0.3587,0.0098,27.62,68.66,1
0.3534,-0.0053,27.5,68.65,1
0.2336,-0.1198,27.57,68.65,0
0.3185,0.0848,27.66,68.67,0
0.2176,-0.1009,27.84,68.68,0
0.2834,0.0658,27.58,68.66,1
0.3394,0.056,27.47,68.64,1
0.377,0.0377,27.34,68.63,1
0.254,-0.1231,27.5,68.64,0
0.1824,-0.0716,27.64,68.64,0
0.2682,0.0859,27.77,68.65,0
0.3083,0.04,27.56,68.64,1
0.2051,-0.1031,27.41,68.61,1
0.2712,0.066,27.46,68.62,0
0.3178,0.0466,27.59,68.64,0
0.3417,0.0239,27.5,68.62,1
0.3639,0.0222,27.41,68.61,1
0.2417,-0.1222,27.58,68.62,0
0.172,-0.0697,27.76,68.62,0
0.2625,0.0904,27.82,68.63,0
0.1788,-0.0836,27.86,68.64,0
0.2324,0.0536,27.9,68.65,0
0.1516,-0.0809,27.93,68.65,0
0.216,0.0645,27.95,68.66,0
0.2656,0.0496,28.09,68.67,0
0.1666,-0.0991,28.17,68.68,0
0.1119,-0.0547,28.17,68.68,0
0.0802,-0.0316,28.26,68.68,0
0.0608,-0.0194,28.28,68.68,0
0.1706,0.1098,28.3,68.68,0
0.2373,0.0667,28.4,68.69,0
0.1474,-0.0899,28.42,68.7,0
0.2031,0.0556,28.45,68.7,0
0.1237,-0.0793,28.53,68.7,0
0.2057,0.082,28.59,68.71,0
0.1264,-0.0793,28.63,68.71,0
0.2404,0.114,28.69,68.72,0
0.154,-0.0864,28.66,68.72,0
0.2448,0.0908,28.68,68.73,0
0.3084,0.0636,28.46,68.71,1
0.1993,-0.109,28.17,68.69,1
0.2569,0.0575,28.25,68.7,0
0.2928,0.0359,28.31,68.71,0
0.3251,0.0323,28.08,68.69,1
0.2096,-0.1155,27.83,68.67,1
0.1445,-0.0651,28.05,68.67,0
0.2084,0.0639,28.13,68.68,0
0.1336,-0.0749,28.14,68.68,0
0.0918,-0.0418,28.15,68.68,0
0.0672,-0.0245,28.18,68.68,0
0.1644,0.0972,28.25,68.69,0
0.2364,0.072,28.37,68.69,0
0.2705,0.0341,28.35,68.7,0
0.1675,-0.103,28.45,68.71,0
0.2612,0.0937,28.41,68.72,0
0.1691,-0.0921,28.42,68.72,0
0.1167,-0.0524,28.5,68.72,0
0.2053,0.0886,28.52,68.73,0
0.1313,-0.074,28.45,68.73,0
0.1945,0.0633,28.49,68.73,0
0.2462,0.0517,28.51,68.74,0
0.1496,-0.0966,28.51,68.75,0
0.2118,0.0622,28.5,68.75,0
0.2666,0.0549,28.56,68.76,0
0.2708,0.0042,28.62,68.77,0
0.2895,0.0187,28.37,68.75,1
0.1761,-0.1134,28.1,68.72,1
0.114,-0.062,28.08,68.72,0
0.0786,-0.0354,28.1,68.72,0
0.0574,-0.0213,28.12,68.72,0
0.1713,0.1139,28.11,68.72,0
0.1066,-0.0647,28.13,68.72,0
0.1881,0.0815,28.17,68.73,0
0.2447,0.0567,28.24,68.74,0
0.1502,-0.0946,28.29,68.74,0
0.2162,0.066,28.29,68.75,0
0.1334,-0.0828,28.34,68.75,0
0.088,-0.0454,28.36,68.75,0
0.1696,0.0815,28.41,68.75,0
0.2187,0.0491,28.5,68.76,0
0.2613,0.0426,28.55,68.76,0
0.2769,0.0156,28.53,68.77,0
0.3026,0.0257,28.41,68.75,1
0.1895,-0.113,28.14,68.73,1
0.1278,-0.0618,28.1,68.73,0
0.0924,-0.0353,28.18,68.73,0
0.2185,0.126,28.28,68.74,0
0.145,-0.0734,28.35,68.74,0
0.1027,-0.0423,28.34,68.74,0
0.1969,0.0942,28.36,68.74,0
0.1262,-0.0707,28.42,68.74,0
0.2339,0.1077,28.42,68.75,0
0.3173,0.0834,28.19,68.73,1
0.2078,-0.1095,27.97,68.71,1
0.292,0.0842,27.82,68.69,1
0.1939,-0.0981,28.02,68.69,0
0.2638,0.0699,28.1,68.7,0
0.3111,0.0474,27.98,68.69,1
0.2019,-0.1093,27.74,68.66,1
0.1393,-0.0626,27.83,68.67,0
0.2115,0.0722,27.94,68.67,0
0.2638,0.0523,27.94,68.68,0
0.1651,-0.0987,27.95,68.69,0
0.215,0.0499,27.97,68.69,0
0.1318,-0.0832,27.97,68.7,0
0.0861,-0.0457,27.99,68.7,0
0.1673,0.0812,27.99,68.7,0
0.2437,0.0764,28.08,68.71,0
0.2759,0.0322,28.15,68.72,0
0.1691,-0.1068,28.18,68.72,0
0.1103,-0.0588,28.18,68.72,0
0.0765,-0.0338,28.2,68.72,0
0.1836,0.107,28.26,68.73,0
0.1149,-0.0687,28.29,68.73,0
0.189,0.0741,28.36,68.73,0
0.114,-0.075,28.4,68.74,0
0.0731,-0.0409,28.43,68.73,0
0.1748,0.1017,28.41,68.74,0
0.2446,0.0698,28.5,68.75,0
0.2608,0.0161,28.54,68.75,0
0.1576,-0.1032,28.54,68.76,0
0.1016,-0.056,28.46,68.76,0
0.07,-0.0316,28.54,68.76,0
0.1937,0.1237,28.56,68.76,0
0.2719,0.0782,28.69,68.77,0
0.3053,0.0334,28.44,68.75,1
0.3239,0.0187,28.18,68.73,1
0.3561,0.0322,28.0,68.71,1
0.2316,-0.1244,28.15,68.72,0
0.3032,0.0716,28.24,68.73,0
0.3613,0.0581,28.12,68.71,1
0.2419,-0.1194,27.97,68.69,1
0.2745,0.0326,28.07,68.7,0
0.3163,0.0418,28.14,68.71,0
0.3729,0.0565,27.87,68.7,1
0.2474,-0.1255,27.72,68.68,1
0.2869,0.0395,27.56,68.66,1
0.1896,-0.0974,27.64,68.66,0
0.2507,0.0612,27.67,68.67,0
0.1628,-0.0879,27.69,68.68,0
0.1126,-0.0502,27.79,68.68,0
0.185,0.0723,27.82,68.69,0
0.2387,0.0538,27.99,68.69,0
0.1459,-0.0928,28.05,68.7,0
0.2351,0.0893,28.1,68.7,0
0.2762,0.0411,28.22,68.71,0
0.2951,0.0189,27.93,68.69,1
0.3228,0.0277,27.75,68.68,1
0.3429,0.0201,27.55,68.66,1
0.3531,0.0102,27.4,68.65,1
0.23,-0.1231,27.56,68.65,0
0.298,0.068,27.71,68.67,0
0.3341,0.0361,27.55,68.65,1
0.3762,0.0421,27.34,68.63,1
0.4092,0.033,27.27,68.62,1
0.4202,0.0109,27.15,68.61,1
0.4159,-0.0043,27.0,68.6,1
0.4045,-0.0114,26.92,68.59,1
0.3935,-0.011,26.81,68.58,1
0.2658,-0.1277,26.9,68.59,0
0.1924,-0.0733,27.03,68.6,0
0.2528,0.0603,27.13,68.61,0
0.3095,0.0567,27.06,68.59,1
0.3807,0.0711,26.93,68.58,1
0.4329,0.0523,26.88,68.57,1
0.2977,-0.1352,26.85,68.55,1
0.2173,-0.0804,27.05,68.56,0
0.1665,-0.0508,27.15,68.57,0
0.1324,-0.0342,27.25,68.57,0
0.253,0.1206,27.46,68.58,0
0.3583,0.1053,27.29,68.57,1
0.2466,-0.1117,27.14,68.55,1
0.3021,0.0555,27.08,68.54,1
0.2049,-0.0972,27.22,68.54,0
0.1474,-0.0575,27.43,68.55,0
0.2464,0.099,27.49,68.56,0
0.3203,0.0739,27.33,68.55,1
0.3744,0.054,27.14,68.54,1
0.4243,0.0499,27.11,68.53,1
0.4167,-0.0076,26.99,68.52,1
0.281,-0.1357,26.87,68.5,1
0.3186,0.0376,26.86,68.49,1
0.2152,-0.1034,27.03,68.5,0
0.3043,0.0891,27.17,68.51,0
0.3265,0.0221,27.14,68.5,1
0.3446,0.0181,27.03,68.49,1
0.3546,0.01,26.9,68.47,1
0.2312,-0.1233,27.1,68.49,0
0.3384,0.1071,27.27,68.5,0
0.3866,0.0482,27.12,68.49,1
0.4404,0.0538,27.03,68.48,1
0.4275,-0.0129,26.94,68.48,1
0.4475,0.02,26.94,68.47,1
0.4986,0.0511,26.49,68.42,2
0.4726,-0.026,26.15,68.38,2
0.3261,-0.1465,26.07,68.37,1
0.3855,0.0594,26.12,68.36,1
0.3862,0.0006,26.12,68.35,1
0.4052,0.019,26.18,68.35,1
0.4206,0.0154,26.1,68.34,1
0.2855,-0.1351,26.06,68.33,1
0.3558,0.0703,26.08,68.32,1
0.3654,0.0096,26.1,68.31,1
0.3999,0.0345,26.14,68.3,1
0.2699,-0.13,26.39,68.32,0
0.3083,0.0384,26.52,68.34,0
0.3446,0.0363,26.43,68.33,1
0.3699,0.0253,26.37,68.32,1
0.387,0.0171,26.34,68.32,1
0.3922,0.0052,26.36,68.31,1
0.4046,0.0124,26.43,68.3,1
0.2722,-0.1323,26.68,68.32,0
0.3128,0.0406,26.91,68.34,0
0.362,0.0492,26.84,68.33,1
0.4027,0.0407,26.78,68.32,1
0.4211,0.0184,26.6,68.32,1
0.4398,0.0187,26.55,68.31,1
0.3015,-0.1383,26.44,68.3,1
0.3246,0.023,26.45,68.29,1
0.3468,0.0222,26.51,68.28,1
0.3477,0.0009,26.37,68.28,1
0.3505,0.0028,26.36,68.27,1
0.3961,0.0456,26.37,68.26,1
0.2639,-0.1322,26.57,68.28,0
0.322,0.0581,26.79,68.3,0
0.3467,0.0247,26.73,68.29,1
0.353,0.0063,26.75,68.28,1
0.357,0.004,26.69,68.28,1
0.3681,0.0111,26.68,68.27,1
0.3799,0.0118,26.63,68.26,1
0.2532,-0.1267,26.78,68.28,0
0.1808,-0.0725,26.89,68.29,0
0.2669,0.0861,26.97,68.31,0
0.3574,0.0905,26.91,68.3,1
0.3777,0.0203,26.82,68.3,1
0.3985,0.0207,26.78,68.29,1
0.4573,0.0588,26.3,68.25,2
0.459,0.0017,25.94,68.21,2
0.4622,0.0032,25.52,68.16,2
0.47,0.0078,25.29,68.12,2
0.4902,0.0202,25.07,68.09,2
0.5076,0.0174,24.94,68.05,2
0.531,0.0235,24.76,68.02,2
0.5392,0.0081,24.52,67.98,2
0.5071,-0.0321,24.38,67.95,2
0.3586,-0.1485,24.45,67.95,1
0.3935,0.0349,24.49,67.95,1
0.3979,0.0045,24.6,67.95,1
0.4016,0.0037,24.78,67.95,1
0.4187,0.0171,24.87,67.95,1
0.4227,0.004,24.96,67.95,1
0.2908,-0.1319,25.04,67.95,1
0.4012,0.1103,25.11,67.95,1
0.4326,0.0314,25.19,67.95,1
0.4557,0.0231,24.88,67.92,2
0.4412,-0.0145,24.52,67.88,2
0.4775,0.0363,24.31,67.85,2
0.4503,-0.0273,24.09,67.81,2
0.4412,-0.009,24.28,67.82,1
0.4477,0.0065,24.32,67.82,1
0.446,-0.0017,24.49,67.83,1
0.4762,0.0302,24.36,67.8,2
0.4571,-0.0191,24.13,67.76,2
0.4584,0.0013,23.91,67.73,2
0.4316,-0.0268,24.13,67.74,1
0.4175,-0.0141,24.37,67.74,1
0.4399,0.0225,24.5,67.75,1
0.4588,0.0189,24.28,67.72,2
0.4729,0.014,24.16,67.69,2
0.4894,0.0165,24.06,67.66,2
0.4799,-0.0094,23.94,67.63,2
0.4753,-0.0046,23.82,67.6,2
0.4751,-0.0002,23.7,67.57,2
0.4672,-0.008,23.59,67.55,2
0.4925,0.0253,23.38,67.52,2
0.4585,-0.034,23.32,67.49,2
0.4874,0.0289,23.08,67.47,2
0.3396,-0.1478,23.28,67.47,1
0.3929,0.0533,23.49,67.48,1
0.4315,0.0386,23.68,67.5,1
0.4812,0.0497,23.6,67.47,2
0.5296,0.0484,23.54,67.45,2
0.5553,0.0256,23.44,67.43,2
0.5754,0.0202,23.35,67.41,2
0.4129,-0.1626,23.57,67.42,1
0.4738,0.061,23.75,67.43,1
0.5424,0.0685,23.64,67.41,2
0.5401,-0.0023,23.45,67.39,2
0.5348,-0.0053,23.3,67.37,2
0.3812,-0.1536,23.45,67.38,1
0.4262,0.045,23.63,67.4,1
0.4152,-0.011,23.82,67.41,1
0.4093,-0.0059,24.08,67.42,1
0.4458,0.0365,24.24,67.43,1
0.4411,-0.0048,24.43,67.45,1
0.4448,0.0037,24.61,67.46,1
0.3039,-0.1409,24.8,67.47,1
0.3703,0.0663,24.91,67.48,1
0.2575,-0.1128,25.22,67.51,0
0.3166,0.0591,25.51,67.55,0
0.3813,0.0647,25.59,67.55,1
0.2596,-0.1217,25.68,67.56,1
0.3271,0.0674,25.67,67.56,1
0.3807,0.0536,25.71,67.57,1
0.4301,0.0494,25.71,67.58,1
0.4496,0.0195,25.74,67.59,1
0.4744,0.0248,25.46,67.56,2
0.4766,0.0022,25.16,67.53,2
0.4774,0.0008,24.83,67.51,2
0.4779,0.0005,24.6,67.48,2
0.4803,0.0024,24.38,67.46,2
0.4693,-0.011,24.17,67.43,2
0.4758,0.0065,23.98,67.4,2
0.4738,-0.002,23.83,67.38,2
0.5069,0.033,23.75,67.36,2
0.4856,-0.0212,23.63,67.34,2
0.4604,-0.0253,23.55,67.31,2
0.4494,-0.0109,23.82,67.33,1
0.4706,0.0212,23.96,67.34,1
0.5216,0.0509,23.91,67.32,2
0.4926,-0.029,23.82,67.3,2
0.5322,0.0396,23.6,67.28,2
0.5374,0.0053,23.57,67.26,2
0.5605,0.023,23.48,67.25,2
0.5061,-0.0544,23.32,67.23,2
0.4745,-0.0316,23.27,67.21,2
0.4842,0.0097,23.22,67.19,2
0.4593,-0.0249,23.19,67.17,2
0.4525,-0.0068,23.13,67.14,2
0.5006,0.0481,23.0,67.13,2
0.5255,0.0249,23.02,67.11,2
0.5591,0.0337,23.0,67.1,2
0.5456,-0.0135,22.93,67.08,2
0.5406,-0.0051,22.95,67.07,2
0.5167,-0.0238,22.97,67.05,2
0.5359,0.0192,22.97,67.04,2
0.5522,0.0163,22.9,67.02,2
0.5457,-0.0065,22.85,67.01,2
0.5235,-0.0223,22.81,67.0,2
0.5077,-0.0158,22.69,66.98,2
0.5114,0.0037,22.76,66.97,2
0.5131,0.0017,22.64,66.95,2
0.5162,0.0031,22.7,66.94,2
0.5261,0.0098,22.69,66.93,2
