OCI,delta_OCI,temp_indoor,humi_indoor,ac_mode_class
0.115,0.115,27.79,60.15,1
0.223,0.108,27.63,60.29,1
0.3168,0.0937,27.52,60.44,1
0.3378,0.021,27.38,60.59,1
0.3543,0.0166,27.16,60.74,1
0.2273,-0.127,27.31,60.9,0
0.292,0.0647,27.44,61.07,0
0.3681,0.0761,27.33,61.21,1
0.3804,0.0122,27.19,61.34,1
0.4013,0.0209,27.04,61.48,1
0.4409,0.0396,26.88,61.61,1
0.5051,0.0642,26.54,61.7,2
0.501,-0.0041,26.11,61.79,2
0.5185,0.0175,25.81,61.88,2
0.542,0.0235,25.54,61.97,2
0.5374,-0.0046,25.23,62.06,2
0.5582,0.0208,24.94,62.15,2
0.587,0.0287,24.8,62.23,2
0.6095,0.0226,24.67,62.32,2
0.4388,-0.1707,24.68,62.43,1
0.4986,0.0598,24.83,62.55,1
0.5491,0.0505,24.62,62.63,2
0.5605,0.0115,24.46,62.7,2
0.5525,-0.008,24.29,62.78,2
0.3931,-0.1594,24.37,62.88,1
0.4438,0.0506,24.49,62.98,1
0.4523,0.0085,24.32,63.05,2
0.3167,-0.1356,24.13,63.1,2
0.3912,0.0745,24.25,63.2,1
0.4097,0.0185,24.45,63.3,1
0.4063,-0.0034,24.58,63.39,1
0.436,0.0298,24.71,63.48,1
0.4484,0.0123,24.8,63.58,1
0.4806,0.0323,24.61,63.63,2
0.4667,-0.0139,24.46,63.68,2
0.4971,0.0304,24.25,63.73,2
0.4946,-0.0025,24.05,63.78,2
0.5268,0.0322,23.91,63.83,2
0.5212,-0.0055,23.72,63.88,2
0.5531,0.0319,23.63,63.93,2
0.5328,-0.0203,23.52,63.98,2
0.5314,-0.0015,23.46,64.03,2
0.5416,0.0102,23.39,64.07,2
0.563,0.0215,23.38,64.12,2
0.5815,0.0184,23.33,64.17,2
0.6016,0.0202,23.27,64.21,2
0.5984,-0.0032,23.25,64.26,2
0.578,-0.0204,23.24,64.3,2
0.5625,-0.0154,23.23,64.35,2
0.5743,0.0117,23.17,64.39,2
0.4118,-0.1625,23.36,64.46,1
0.4255,0.0138,23.55,64.53,1
0.4566,0.0311,23.43,64.56,2
0.481,0.0244,23.36,64.6,2
0.4973,0.0163,23.3,64.63,2
0.4999,0.0026,23.23,64.66,2
0.5509,0.051,23.15,64.7,2
0.5675,0.0166,23.0,64.73,2
0.5692,0.0017,22.93,64.76,2
0.5742,0.005,22.87,64.8,2
0.6243,0.0501,22.9,64.83,2
0.6253,0.001,22.93,64.87,2
0.5677,-0.0576,22.93,64.9,2
0.558,-0.0097,22.89,64.93,2
0.5701,0.0122,22.94,64.96,2
0.4075,-0.1626,23.18,65.02,1
0.5063,0.0988,23.32,65.09,1
0.5628,0.0566,23.24,65.11,2
0.5878,0.025,23.24,65.14,2
0.6029,0.0151,23.23,65.17,2
0.6423,0.0394,23.15,65.19,2
0.6238,-0.0185,23.05,65.22,2
0.6171,-0.0067,22.97,65.25,2
0.6319,0.0148,23.01,65.28,2
0.6336,0.0017,22.97,65.3,2
0.619,-0.0146,22.97,65.33,2
0.5775,-0.0415,22.94,65.35,2
0.5984,0.0209,22.92,65.37,2
0.6143,0.0159,22.99,65.39,2
0.5804,-0.0339,22.87,65.42,2
0.5924,0.012,22.81,65.44,2
0.564,-0.0284,22.78,65.46,2
0.6058,0.0418,22.76,65.48,2
0.6562,0.0504,22.79,65.5,2
0.6655,0.0093,22.75,65.52,2
0.6753,0.0098,22.8,65.55,2
0.678,0.0027,22.82,65.57,2
0.6131,-0.0649,22.81,65.59,2
0.5885,-0.0246,22.74,65.61,2
0.5804,-0.0081,22.77,65.62,2
0.5664,-0.0139,22.72,65.64,2
0.5855,0.019,22.68,65.66,2
0.6218,0.0364,22.66,65.67,2
0.6585,0.0366,22.7,65.69,2
0.6715,0.013,22.7,65.71,2
0.6933,0.0219,22.74,65.73,2
0.6753,-0.0181,22.8,65.75,2
0.6725,-0.0027,22.82,65.77,2
0.6623,-0.0103,22.75,65.79,2
0.6723,0.01,22.85,65.81,2
0.6916,0.0193,22.86,65.83,2
0.7105,0.0189,22.89,65.84,2
0.6906,-0.0199,22.89,65.86,2
0.7093,0.0187,22.87,65.88,2
0.7372,0.0279,22.95,65.9,2
0.7335,-0.0038,22.92,65.92,2
0.7484,0.015,22.91,65.94,2
0.7382,-0.0103,22.91,65.96,2
0.6873,-0.0509,22.94,65.97,2
0.6484,-0.0389,22.99,65.98,2
0.6666,0.0182,22.95,66.0,2
0.6485,-0.0182,22.97,66.01,2
0.6775,0.029,22.92,66.02,2
0.6657,-0.0118,22.9,66.04,2
0.6455,-0.0202,22.82,66.05,2
0.6496,0.0041,22.82,66.06,2
0.6264,-0.0231,22.8,66.07,2
0.6051,-0.0213,22.78,66.08,2
0.6093,0.0042,22.73,66.09,2
0.6162,0.0069,22.7,66.1,2
0.641,0.0248,22.67,66.11,2
0.6357,-0.0053,22.6,66.12,2
0.6198,-0.0158,22.58,66.12,2
0.6072,-0.0126,22.58,66.13,2
0.6042,-0.003,22.61,66.14,2
0.5731,-0.0311,22.76,66.15,2
0.5556,-0.0175,22.76,66.15,2
0.5509,-0.0047,22.75,66.16,2
0.5092,-0.0417,22.69,66.16,2
0.5364,0.0272,22.67,66.16,2
0.5561,0.0196,22.67,66.17,2
0.5972,0.0411,22.65,66.17,2
0.6595,0.0622,22.65,66.18,2
0.6408,-0.0187,22.68,66.19,2
0.6146,-0.0262,22.64,66.2,2
0.5942,-0.0205,22.63,66.2,2
0.6343,0.0401,22.7,66.21,2
0.6599,0.0256,22.62,66.22,2
0.6891,0.0292,22.55,66.23,2
0.6553,-0.0338,22.56,66.24,2
0.6668,0.0115,22.52,66.25,2
0.6279,-0.0389,22.52,66.25,2
0.6207,-0.0072,22.47,66.26,2
0.6227,0.002,22.54,66.26,2
0.5879,-0.0348,22.6,66.27,2
0.6257,0.0378,22.57,66.27,2
0.6233,-0.0024,22.56,66.28,2
0.6503,0.027,22.59,66.29,2
0.6543,0.004,22.61,66.29,2
0.6409,-0.0135,22.67,66.3,2
0.6286,-0.0122,22.67,66.31,2
0.638,0.0094,22.59,66.31,2
0.6232,-0.0148,22.68,66.32,2
0.6477,0.0245,22.64,66.32,2
0.6699,0.0221,22.66,66.33,2
0.6357,-0.0341,22.7,66.34,2
0.6364,0.0007,22.67,66.34,2
0.6576,0.0212,22.69,66.35,2
0.6475,-0.0101,22.67,66.35,2
0.6478,0.0003,22.75,66.36,2
0.6756,0.0278,22.72,66.36,2
0.656,-0.0196,22.72,66.37,2
0.6334,-0.0226,22.72,66.37,2
0.6644,0.0309,22.73,66.38,2
0.6831,0.0187,22.67,66.39,2
0.6972,0.0142,22.68,66.39,2
0.7136,0.0164,22.8,66.4,2
0.6999,-0.0137,22.86,66.41,2
0.5103,-0.1896,22.9,66.41,2
0.5376,0.0273,22.88,66.4,2
0.5717,0.0341,22.86,66.4,2
0.5675,-0.0042,22.87,66.4,2
0.5859,0.0184,22.85,66.41,2
0.5813,-0.0047,22.82,66.41,2
0.5997,0.0185,22.78,66.41,2
0.6345,0.0347,22.76,66.41,2
0.6316,-0.0029,22.76,66.42,2
0.62,-0.0116,22.72,66.42,2
0.6408,0.0208,22.79,66.42,2
0.6459,0.0051,22.75,66.43,2
0.6273,-0.0187,22.68,66.43,2
0.6287,0.0014,22.7,66.43,2
0.6033,-0.0254,22.7,66.43,2
0.5802,-0.0231,22.73,66.43,2
0.5869,0.0067,22.63,66.43,2
0.5702,-0.0167,22.67,66.43,2
0.5972,0.027,22.74,66.44,2
0.5985,0.0013,22.73,66.44,2
0.6403,0.0419,22.74,66.44,2
0.6364,-0.0039,22.71,66.44,2
0.6551,0.0187,22.83,66.45,2
0.6923,0.0372,22.92,66.45,2
0.7025,0.0101,22.85,66.46,2
0.6818,-0.0207,22.85,66.46,2
0.6971,0.0154,22.83,66.47,2
0.7159,0.0188,22.88,66.48,2
0.6881,-0.0278,22.99,66.48,2
0.667,-0.0212,22.98,66.48,2
0.6243,-0.0426,23.01,66.49,2
0.6429,0.0186,23.08,66.49,2
0.6462,0.0033,23.01,66.49,2
0.6502,0.004,22.99,66.49,2
0.6367,-0.0135,22.96,66.5,2
0.6448,0.0081,22.86,66.5,2
0.6727,0.0279,22.88,66.5,2
0.6624,-0.0103,22.85,66.5,2
0.6812,0.0189,22.81,66.51,2
0.6923,0.0111,22.87,66.51,2
0.6956,0.0033,22.91,66.52,2
0.7321,0.0365,22.92,66.52,2
0.7525,0.0204,22.95,66.53,2
0.7468,-0.0057,22.97,66.54,2
0.6886,-0.0582,22.96,66.54,2
0.7,0.0114,22.9,66.55,2
0.7042,0.0042,22.82,66.55,2
0.7296,0.0254,22.78,66.55,2
0.756,0.0264,22.84,66.56,2
0.7705,0.0145,22.8,66.57,2
0.7631,-0.0074,22.77,66.58,2
0.7627,-0.0004,22.75,66.58,2
0.7664,0.0036,22.81,66.59,2
0.7503,-0.0161,22.87,66.59,2
0.7268,-0.0235,22.88,66.6,2
0.7028,-0.0239,22.84,66.6,2
0.6984,-0.0044,22.81,66.61,2
0.7017,0.0032,22.85,66.61,2
0.7253,0.0237,22.86,66.61,2
0.729,0.0037,22.86,66.62,2
0.7425,0.0134,22.91,66.62,2
0.7663,0.0238,22.97,66.63,2
0.78,0.0137,23.0,66.63,2
0.759,-0.021,23.01,66.64,2
0.7412,-0.0177,23.0,66.64,2
0.7569,0.0157,22.99,66.65,2
0.7718,0.0148,22.99,66.65,2
0.7816,0.0098,23.06,66.66,2
0.7983,0.0167,23.01,66.67,2
0.7927,-0.0056,23.01,66.67,2
0.7304,-0.0623,23.11,66.68,2
0.7442,0.0138,23.17,66.68,2
0.7666,0.0224,23.13,66.68,2
0.7572,-0.0094,23.2,66.69,2
0.7655,0.0083,23.08,66.69,2
0.7268,-0.0386,23.08,66.7,2
0.679,-0.0478,23.06,66.7,2
0.658,-0.021,23.1,66.69,2
0.6736,0.0156,23.17,66.69,2
0.6931,0.0195,23.1,66.7,2
0.6601,-0.0329,23.15,66.69,2
0.6617,0.0016,23.14,66.69,2
0.6836,0.0218,23.14,66.69,2
0.7059,0.0223,23.15,66.7,2
0.7279,0.022,23.1,66.7,2
0.7569,0.029,23.12,66.7,2
0.7562,-0.0006,23.14,66.71,2
0.7409,-0.0153,23.16,66.71,2
0.7594,0.0185,23.14,66.71,2
0.7517,-0.0078,23.12,66.72,2
0.7613,0.0097,22.99,66.72,2
0.7663,0.005,23.04,66.72,2
0.7691,0.0028,23.09,66.73,2
0.725,-0.0441,23.05,66.73,2
0.68,-0.045,22.99,66.73,2
0.6546,-0.0253,23.0,66.73,2
0.6857,0.0311,23.0,66.73,2
0.7142,0.0285,23.01,66.73,2
0.7134,-0.0008,23.01,66.73,2
0.7319,0.0185,23.08,66.73,2
0.7072,-0.0248,23.06,66.73,2
0.7101,0.0029,23.06,66.73,2
0.7261,0.016,23.09,66.73,2
0.7164,-0.0097,23.03,66.73,2
0.7037,-0.0127,22.94,66.74,2
0.7269,0.0232,22.89,66.74,2
0.7105,-0.0163,22.84,66.74,2
0.687,-0.0236,22.82,66.74,2
0.7005,0.0136,22.93,66.74,2
0.6933,-0.0072,22.89,66.74,2
0.6543,-0.0391,22.95,66.74,2
0.6337,-0.0206,22.91,66.73,2
0.6635,0.0298,22.89,66.73,2
0.6762,0.0127,22.91,66.73,2
0.697,0.0208,22.82,66.73,2
0.6634,-0.0336,22.89,66.73,2
0.6545,-0.0088,22.91,66.73,2
0.6843,0.0297,22.88,66.73,2
0.7134,0.0291,22.97,66.73,2
0.6724,-0.041,22.95,66.73,2
0.6925,0.0201,22.94,66.73,2
0.6615,-0.031,22.93,66.73,2
0.6868,0.0253,22.9,66.73,2
0.6881,0.0013,22.96,66.73,2
0.7122,0.0241,22.98,66.73,2
0.7135,0.0013,22.92,66.73,2
0.728,0.0144,22.9,66.73,2
0.7383,0.0103,22.93,66.73,2
0.7439,0.0056,22.89,66.73,2
0.7617,0.0178,22.81,66.74,2
0.786,0.0243,22.92,66.74,2
0.7818,-0.0042,23.0,66.75,2
0.7384,-0.0435,22.97,66.75,2
0.7318,-0.0066,22.96,66.75,2
0.7323,0.0005,23.0,66.75,2
0.7274,-0.0049,22.98,66.75,2
0.7291,0.0018,22.95,66.75,2
0.7533,0.0242,22.98,66.76,2
0.7382,-0.0151,22.99,66.76,2
0.7108,-0.0274,23.03,66.76,2
0.6836,-0.0272,23.08,66.76,2
0.6933,0.0097,23.02,66.76,2
0.7264,0.0331,23.08,66.76,2
0.727,0.0006,22.97,66.76,2
0.727,0.0001,22.99,66.76,2
0.7429,0.0159,22.95,66.76,2
0.7356,-0.0074,22.96,66.76,2
0.7199,-0.0156,23.0,66.77,2
0.7382,0.0183,22.98,66.77,2
0.7589,0.0207,23.02,66.77,2
0.7726,0.0137,22.94,66.77,2
0.7575,-0.0151,23.01,66.78,2
0.7637,0.0062,22.96,66.78,2
0.7413,-0.0224,23.0,66.78,2
0.7386,-0.0027,23.03,66.78,2
0.7544,0.0158,23.11,66.78,2
0.775,0.0206,23.22,66.79,2
0.798,0.0229,23.18,66.79,2
0.8124,0.0145,23.19,66.79,2
0.7822,-0.0302,23.15,66.8,2
0.7793,-0.0029,23.11,66.8,2
0.7708,-0.0085,23.13,66.8,2
0.7222,-0.0486,23.07,66.8,2
0.7158,-0.0064,23.01,66.8,2
0.7398,0.0239,23.06,66.8,2
0.7616,0.0218,23.05,66.81,2
0.7465,-0.015,23.03,66.81,2
0.7511,0.0046,23.05,66.81,2
0.755,0.0039,23.01,66.81,2
0.787,0.032,22.97,66.81,2
0.7828,-0.0042,23.01,66.82,2
0.7881,0.0053,22.97,66.82,2
0.7978,0.0097,23.04,66.82,2
0.769,-0.0288,23.01,66.83,2
0.7538,-0.0152,23.03,66.83,2
0.7616,0.0078,23.01,66.83,2
0.7617,0.0001,23.02,66.83,2
0.7513,-0.0104,23.02,66.83,2
0.7409,-0.0104,23.01,66.83,2
0.7261,-0.0148,22.97,66.83,2
0.7246,-0.0015,22.95,66.83,2
0.6972,-0.0275,22.91,66.83,2
0.7106,0.0135,22.86,66.83,2
0.7244,0.0137,22.88,66.83,2
0.7117,-0.0126,22.8,66.83,2
0.7124,0.0007,22.86,66.83,2
0.7362,0.0237,22.95,66.83,2
0.6912,-0.045,22.91,66.82,2
0.6916,0.0003,22.89,66.82,2
0.6849,-0.0066,22.95,66.82,2
0.7091,0.0242,22.93,66.82,2
0.7043,-0.0049,22.91,66.82,2
0.6965,-0.0077,22.93,66.82,2
0.6948,-0.0017,22.92,66.81,2
0.6618,-0.033,22.9,66.81,2
0.6736,0.0118,22.86,66.81,2
0.6763,0.0027,22.8,66.81,2
0.7148,0.0384,22.81,66.81,2
0.7357,0.0209,22.74,66.81,2
0.7513,0.0156,22.79,66.81,2
0.7492,-0.002,22.9,66.81,2
0.7633,0.0141,22.97,66.81,2
0.7088,-0.0545,23.0,66.81,2
0.7265,0.0177,23.05,66.81,2
0.7515,0.025,22.96,66.81,2
0.7333,-0.0182,22.98,66.81,2
0.7613,0.028,22.96,66.81,2
0.7652,0.0039,23.02,66.82,2
0.741,-0.0242,23.06,66.82,2
0.7334,-0.0076,23.1,66.82,2
0.731,-0.0024,23.11,66.82,2
0.7103,-0.0207,23.05,66.82,2
0.7128,0.0025,23.05,66.82,2
0.6801,-0.0327,23.08,66.81,2
0.7003,0.0202,23.05,66.81,2
0.7116,0.0114,23.07,66.81,2
0.73,0.0184,23.11,66.81,2
0.7324,0.0024,23.1,66.81,2
0.7514,0.019,23.13,66.81,2
0.7797,0.0283,23.07,66.82,2
0.7528,-0.0269,23.04,66.82,2
0.7637,0.0108,23.04,66.82,2
0.761,-0.0026,22.94,66.82,2
0.7436,-0.0174,23.01,66.82,2
0.7553,0.0117,23.0,66.82,2
0.7854,0.0301,23.0,66.83,2
0.7931,0.0076,22.99,66.83,2
0.8038,0.0107,23.06,66.83,2
0.7888,-0.0149,23.16,66.84,2
0.8033,0.0144,23.16,66.84,2
0.756,-0.0473,23.05,66.84,2
0.7152,-0.0408,23.09,66.84,2
0.6943,-0.021,23.04,66.84,2
0.6836,-0.0106,22.98,66.83,2
0.6861,0.0024,22.96,66.83,2
0.7065,0.0205,22.9,66.83,2
0.6976,-0.0089,22.95,66.83,2
0.7194,0.0218,22.99,66.83,2
0.7408,0.0214,22.99,66.83,2
0.776,0.0353,23.04,66.83,2
0.784,0.008,23.09,66.83,2
0.7395,-0.0445,23.13,66.83,2
0.7527,0.0132,22.98,66.83,2
0.7183,-0.0344,23.09,66.83,2
0.7297,0.0113,23.07,66.83,2
0.7156,-0.014,23.05,66.83,2
0.6868,-0.0289,22.97,66.83,2
0.6989,0.0121,22.96,66.83,2
0.7239,0.025,22.85,66.83,2
0.7504,0.0265,22.9,66.83,2
0.7504,0.0001,22.88,66.83,2
0.7224,-0.028,22.95,66.83,2
0.7058,-0.0166,23.01,66.83,2
0.7119,0.0061,23.1,66.83,2
0.7444,0.0325,23.09,66.83,2
0.7704,0.026,22.99,66.83,2
0.7649,-0.0055,22.95,66.83,2
0.7621,-0.0029,22.99,66.83,2
0.7722,0.0101,23.02,66.84,2
0.7778,0.0056,22.95,66.84,2
0.7962,0.0184,22.98,66.84,2
0.7804,-0.0158,22.97,66.84,2
0.774,-0.0064,22.99,66.84,2
0.7838,0.0098,22.97,66.85,2
0.8002,0.0164,22.92,66.85,2
0.8078,0.0076,22.95,66.85,2
0.8244,0.0166,22.96,66.86,2
0.7981,-0.0263,22.96,66.86,2
0.8029,0.0048,23.06,66.86,2
0.7473,-0.0556,23.07,66.86,2
0.7365,-0.0108,23.06,66.86,2
0.7228,-0.0137,23.1,66.86,2
0.7255,0.0027,23.09,66.86,2
0.6957,-0.0297,23.04,66.86,2
0.6891,-0.0066,22.94,66.86,2
0.7031,0.014,22.92,66.85,2
0.7201,0.0171,22.87,66.85,2
0.7483,0.0282,22.98,66.85,2
0.7113,-0.037,22.97,66.85,2
0.7213,0.01,22.9,66.85,2
0.7394,0.0181,22.94,66.85,2
0.749,0.0095,22.86,66.85,2
0.7654,0.0165,22.91,66.85,2
0.7577,-0.0078,22.86,66.85,2
0.7585,0.0008,22.84,66.85,2
0.7242,-0.0343,22.86,66.85,2
0.7436,0.0194,22.81,66.85,2
0.7297,-0.0139,22.84,66.85,2
0.7439,0.0142,22.88,66.85,2
0.7683,0.0244,22.96,66.85,2
0.7452,-0.0231,22.95,66.85,2
0.736,-0.0091,22.96,66.85,2
0.749,0.013,22.89,66.85,2
0.7471,-0.0019,22.92,66.85,2
0.7568,0.0097,22.89,66.86,2
0.7534,-0.0034,22.92,66.86,2
0.7378,-0.0156,22.89,66.86,2
0.7459,0.0081,22.81,66.86,2
0.7591,0.0133,22.82,66.86,2
0.717,-0.0421,22.84,66.86,2
0.7254,0.0084,22.88,66.85,2
0.7356,0.0102,22.91,66.85,2
0.7547,0.0191,22.93,66.85,2
0.7509,-0.0038,23.0,66.86,2
0.7324,-0.0185,23.0,66.85,2
0.7281,-0.0043,23.06,66.85,2
0.722,-0.0061,23.05,66.85,2
0.6961,-0.0259,23.05,66.85,2
0.6972,0.0011,22.97,66.85,2
0.7184,0.0212,23.03,66.85,2
0.7476,0.0292,22.97,66.85,2
0.776,0.0284,22.99,66.85,2
0.7926,0.0166,22.88,66.85,2
0.8066,0.014,22.9,66.86,2
0.8036,-0.0029,22.89,66.86,2
0.8121,0.0084,22.95,66.86,2
0.8093,-0.0028,23.0,66.87,2
0.8166,0.0074,22.98,66.87,2
0.8106,-0.006,22.95,66.87,2
0.757,-0.0536,23.05,66.87,2
0.7674,0.0104,23.07,66.87,2
0.7669,-0.0005,23.1,66.87,2
0.7579,-0.0089,23.12,66.87,2
0.7667,0.0088,23.19,66.88,2
0.7629,-0.0038,23.18,66.88,2
0.7693,0.0064,23.18,66.88,2
0.7846,0.0153,23.12,66.88,2
0.773,-0.0116,23.13,66.88,2
0.7828,0.0097,23.07,66.88,2
0.7668,-0.016,23.06,66.88,2
0.7722,0.0054,23.06,66.88,2
0.7721,-0.0001,23.08,66.88,2
0.7625,-0.0095,23.11,66.88,2
0.7166,-0.0459,23.09,66.88,2
0.7343,0.0177,23.11,66.88,2
0.7574,0.0231,23.1,66.88,2
0.7661,0.0087,23.12,66.88,2
0.7569,-0.0092,23.11,66.88,2
0.7311,-0.0259,23.14,66.88,2
0.743,0.012,23.16,66.88,2
0.7324,-0.0106,23.15,66.88,2
0.7642,0.0319,23.14,66.88,2
0.7624,-0.0018,23.18,66.88,2
0.7889,0.0265,23.16,66.88,2
0.7978,0.009,23.15,66.89,2
0.7697,-0.0281,23.05,66.89,2
0.7712,0.0014,23.06,66.89,2
0.7996,0.0285,23.09,66.89,2
0.7748,-0.0248,23.03,66.89,2
0.754,-0.0208,22.98,66.89,2
0.6947,-0.0592,23.0,66.89,2
0.7026,0.0078,22.91,66.88,2
0.7329,0.0303,22.88,66.88,2
0.7503,0.0174,22.94,66.88,2
0.7452,-0.0051,22.98,66.88,2
0.7393,-0.0059,23.03,66.88,2
0.767,0.0277,22.98,66.88,2
0.7468,-0.0203,22.96,66.88,2
0.7707,0.0239,22.99,66.88,2
0.7876,0.0168,22.99,66.89,2
0.7635,-0.0241,22.94,66.89,2
0.7395,-0.024,22.98,66.88,2
0.7554,0.0159,23.0,66.88,2
0.7691,0.0137,23.02,66.89,2
0.7748,0.0057,22.92,66.89,2
0.7958,0.021,22.86,66.89,2
0.7333,-0.0624,22.95,66.89,2
0.7289,-0.0044,23.01,66.89,2
0.7228,-0.0061,23.05,66.88,2
0.7478,0.025,23.03,66.88,2
0.7424,-0.0053,23.07,66.88,2
0.7195,-0.023,23.12,66.88,2
0.7222,0.0027,23.1,66.88,2
0.7065,-0.0157,23.1,66.88,2
0.6868,-0.0196,23.04,66.88,2
0.6828,-0.0041,23.08,66.87,2
0.676,-0.0067,23.01,66.87,2
0.6997,0.0237,22.93,66.87,2
0.7231,0.0234,22.96,66.86,2
0.7114,-0.0117,22.97,66.86,2
0.7229,0.0115,22.88,66.86,2
0.6802,-0.0428,22.87,66.86,2
0.705,0.0248,22.93,66.86,2
0.6763,-0.0287,22.99,66.85,2
0.6682,-0.0081,23.02,66.85,2
0.6469,-0.0212,22.93,66.85,2
0.6395,-0.0075,22.81,66.84,2
0.6451,0.0056,22.75,66.84,2
0.6737,0.0286,22.83,66.83,2
0.6959,0.0221,22.81,66.83,2
0.6794,-0.0165,22.92,66.83,2
0.6851,0.0057,23.01,66.83,2
0.6767,-0.0084,22.98,66.82,2
0.6878,0.0111,22.92,66.82,2
0.7185,0.0307,22.86,66.82,2
0.6991,-0.0194,22.84,66.82,2
0.6911,-0.008,22.89,66.82,2
0.7016,0.0105,22.98,66.82,2
0.6838,-0.0178,22.86,66.81,2
0.6764,-0.0074,22.85,66.81,2
0.676,-0.0004,22.85,66.81,2
0.6952,0.0192,22.84,66.81,2
0.6671,-0.0281,22.9,66.8,2
0.6604,-0.0067,22.91,66.8,2
0.6741,0.0137,22.93,66.8,2
0.6844,0.0103,22.89,66.8,2
0.7001,0.0156,22.82,66.8,2
0.6776,-0.0224,22.82,66.79,2
0.6974,0.0198,22.85,66.79,2
0.6663,-0.0311,22.84,66.79,2
0.6668,0.0005,22.74,66.79,2
0.6426,-0.0242,22.65,66.78,2
0.6433,0.0007,22.66,66.78,2
0.6583,0.015,22.7,66.78,2
0.6636,0.0053,22.77,66.78,2
0.646,-0.0176,22.78,66.77,2
0.6439,-0.002,22.72,66.77,2
0.6185,-0.0254,22.67,66.77,2
0.6347,0.0162,22.71,66.76,2
0.6694,0.0347,22.74,66.76,2
0.688,0.0186,22.79,66.76,2
0.6668,-0.0213,22.9,66.76,2
0.6432,-0.0236,22.86,66.75,2
0.6287,-0.0145,22.83,66.75,2
0.6547,0.0259,22.84,66.75,2
0.6736,0.0189,22.82,66.75,2
0.7066,0.033,22.86,66.75,2
0.6578,-0.0488,22.91,66.75,2
0.4783,-0.1796,22.92,66.73,2
0.5634,0.0851,22.91,66.73,2
0.6045,0.0411,22.9,66.72,2
0.6394,0.0349,22.88,66.72,2
0.6867,0.0472,22.88,66.72,2
0.7076,0.0209,22.85,66.72,2
0.6552,-0.0524,22.8,66.72,2
0.664,0.0088,22.64,66.72,2
0.6867,0.0227,22.68,66.72,2
0.6951,0.0083,22.69,66.72,2
0.661,-0.0341,22.6,66.72,2
0.6696,0.0087,22.63,66.72,2
0.6672,-0.0024,22.63,66.72,2
0.6242,-0.0431,22.73,66.71,2
0.6449,0.0208,22.67,66.71,2
0.665,0.0201,22.71,66.71,2
0.6896,0.0246,22.79,66.71,2
0.6862,-0.0034,22.89,66.71,2
0.5028,-0.1834,22.83,66.7,2
0.5472,0.0444,22.78,66.69,2
0.5493,0.0021,22.74,66.69,2
0.597,0.0477,22.68,66.68,2
0.6186,0.0217,22.73,66.68,2
0.6058,-0.0128,22.69,66.68,2
0.6174,0.0116,22.75,66.68,2
0.6214,0.004,22.84,66.67,2
0.6522,0.0307,22.86,66.67,2
0.6392,-0.0129,22.86,66.67,2
0.6355,-0.0037,22.86,66.67,2
0.6528,0.0172,22.9,66.67,2
0.6573,0.0045,22.93,66.67,2
0.6776,0.0202,22.97,66.67,2
0.6817,0.0041,22.91,66.67,2
0.6702,-0.0115,22.86,66.67,2
0.6748,0.0046,22.84,66.67,2
0.6614,-0.0134,22.79,66.67,2
0.6699,0.0084,22.81,66.67,2
0.6958,0.026,22.86,66.67,2
0.6981,0.0022,22.85,66.67,2
0.6866,-0.0115,22.87,66.67,2
0.6917,0.0051,22.89,66.67,2
0.6894,-0.0024,22.89,66.68,2
0.6787,-0.0107,22.96,66.68,2
0.6672,-0.0115,23.06,66.68,2
0.6719,0.0047,23.07,66.68,2
0.6557,-0.0163,23.08,66.67,2
0.6531,-0.0026,23.09,66.67,2
0.4775,-0.1756,23.09,66.66,2
0.5655,0.088,23.06,66.66,2
0.6234,0.0579,23.07,66.66,2
0.6439,0.0205,23.14,66.66,2
0.6792,0.0352,23.15,66.66,2
0.6818,0.0026,23.12,66.66,2
0.7024,0.0206,23.07,66.66,2
0.6679,-0.0344,23.2,66.66,2
0.6803,0.0124,23.09,66.66,2
0.6631,-0.0173,22.97,66.66,2
0.6356,-0.0274,22.91,66.66,2
0.6443,0.0087,22.97,66.66,2
0.6427,-0.0016,22.95,66.66,2
0.6783,0.0356,22.91,66.66,2
0.6775,-0.0008,22.91,66.66,2
0.6816,0.0041,22.8,66.66,2
0.7048,0.0232,22.81,66.66,2
0.6939,-0.0108,22.9,66.66,2
0.7013,0.0073,22.83,66.67,2
0.6733,-0.028,22.82,66.67,2
0.6658,-0.0074,22.91,66.67,2
0.6314,-0.0344,22.94,66.66,2
0.6377,0.0062,22.92,66.66,2
0.662,0.0244,22.87,66.66,2
0.6866,0.0246,22.84,66.66,2
0.7072,0.0205,22.84,66.67,2
0.7105,0.0034,22.89,66.67,2
0.7042,-0.0063,22.83,66.67,2
0.7349,0.0306,22.78,66.67,2
0.6855,-0.0494,22.8,66.67,2
0.6672,-0.0183,22.81,66.67,2
0.689,0.0218,22.83,66.67,2
0.6766,-0.0125,22.83,66.68,2
0.673,-0.0035,22.78,66.68,2
0.6351,-0.038,22.72,66.67,2
0.6516,0.0165,22.73,66.67,2
0.637,-0.0147,22.77,66.67,2
0.671,0.034,22.76,66.67,2
0.687,0.016,22.79,66.67,2
0.6445,-0.0425,22.87,66.67,2
0.6408,-0.0037,22.87,66.67,2
0.6544,0.0136,22.92,66.67,2
0.6406,-0.0138,22.85,66.67,2
0.671,0.0303,22.76,66.67,2
0.6086,-0.0623,22.82,66.66,2
0.6085,-0.0001,22.86,66.66,2
0.6241,0.0156,22.9,66.66,2
0.6557,0.0316,22.86,66.66,2
0.6061,-0.0495,22.77,66.66,2
0.6389,0.0328,22.76,66.66,2
0.6095,-0.0294,22.75,66.65,2
0.6102,0.0008,22.83,66.65,2
0.6243,0.014,22.77,66.65,2
0.6552,0.0309,22.85,66.65,2
0.6195,-0.0356,22.9,66.65,2
0.6011,-0.0184,22.9,66.64,2
0.6123,0.0112,22.82,66.64,2
0.6265,0.0142,22.84,66.64,2
0.6178,-0.0086,22.79,66.64,2
0.622,0.0041,22.83,66.64,2
0.6058,-0.0162,22.79,66.63,2
0.604,-0.0017,22.76,66.63,2
0.6083,0.0043,22.82,66.63,2
0.6002,-0.0081,22.79,66.63,2
0.5844,-0.0159,22.75,66.62,2
0.5889,0.0045,22.75,66.62,2
0.6049,0.016,22.64,66.62,2
0.6074,0.0025,22.54,66.62,2
0.6351,0.0277,22.66,66.62,2
0.6137,-0.0215,22.72,66.61,2
0.6163,0.0027,22.67,66.61,2
0.6133,-0.003,22.66,66.61,2
0.5933,-0.02,22.63,66.61,2
0.6069,0.0136,22.65,66.61,2
0.5852,-0.0218,22.65,66.6,2
0.6041,0.0189,22.7,66.6,2
0.6219,0.0178,22.73,66.6,2
0.582,-0.0399,22.68,66.6,2
0.5864,0.0044,22.65,66.6,2
0.5558,-0.0306,22.64,66.59,2
0.5691,0.0134,22.64,66.59,2
0.5881,0.0189,22.58,66.59,2
0.5745,-0.0136,22.48,66.58,2
0.5656,-0.0089,22.45,66.58,2
0.5979,0.0323,22.5,66.58,2
0.585,-0.0129,22.46,66.57,2
0.563,-0.022,22.56,66.57,2
0.5575,-0.0055,22.52,66.57,2
0.536,-0.0214,22.57,66.56,2
0.5258,-0.0103,22.65,66.56,2
0.5293,0.0036,22.66,66.55,2
0.5144,-0.0149,22.66,66.55,2
0.5121,-0.0023,22.66,66.54,2
0.5593,0.0472,22.75,66.54,2
0.6018,0.0426,22.78,66.54,2
0.5715,-0.0303,22.76,66.54,2
0.597,0.0255,22.75,66.54,2
0.6207,0.0237,22.67,66.54,2
0.6211,0.0004,22.61,66.54,2
0.6038,-0.0174,22.55,66.54,2
0.592,-0.0117,22.57,66.54,2
0.6035,0.0115,22.59,66.53,2
0.6011,-0.0024,22.62,66.53,2
0.6069,0.0058,22.62,66.53,2
0.5773,-0.0297,22.55,66.53,2
0.5555,-0.0218,22.56,66.53,2
0.5254,-0.0301,22.58,66.52,2
0.5386,0.0132,22.54,66.52,2
0.5735,0.0349,22.56,66.52,2
0.5508,-0.0228,22.52,66.52,2
0.5885,0.0377,22.5,66.52,2
0.5912,0.0027,22.58,66.51,2
0.604,0.0128,22.61,66.51,2
0.5992,-0.0049,22.69,66.51,2
0.611,0.0118,22.72,66.51,2
0.5872,-0.0238,22.76,66.51,2
0.594,0.0068,22.82,66.51,2
0.5514,-0.0426,22.81,66.51,2
0.5564,0.005,22.81,66.51,2
0.5617,0.0053,22.82,66.51,2
0.5186,-0.0431,22.89,66.5,2
0.5219,0.0033,22.86,66.5,2
0.4914,-0.0305,22.75,66.49,2
0.5261,0.0347,22.75,66.49,2
0.5392,0.0131,22.75,66.49,2
0.5897,0.0505,22.73,66.49,2
0.5889,-0.0008,22.72,66.49,2
0.6178,0.0289,22.69,66.49,2
0.6454,0.0276,22.73,66.49,2
0.6023,-0.043,22.79,66.49,2
0.6068,0.0045,22.74,66.49,2
0.5742,-0.0326,22.68,66.49,2
0.5885,0.0143,22.75,66.49,2
0.5944,0.0059,22.64,66.49,2
0.6194,0.0251,22.65,66.49,2
0.632,0.0126,22.58,66.49,2
0.6559,0.0238,22.6,66.49,2
0.6368,-0.019,22.6,66.5,2
0.663,0.0262,22.72,66.5,2
0.6563,-0.0067,22.74,66.5,2
0.6418,-0.0145,22.69,66.5,2
0.6367,-0.0051,22.69,66.51,2
0.6139,-0.0228,22.76,66.51,2
0.5963,-0.0176,22.79,66.51,2
0.5603,-0.036,22.75,66.5,2
0.5451,-0.0152,22.73,66.5,2
0.5619,0.0168,22.83,66.5,2
0.5764,0.0145,22.8,66.5,2
0.5699,-0.0066,22.77,66.5,2
0.5764,0.0066,22.8,66.5,2
0.6078,0.0313,22.75,66.5,2
0.6533,0.0455,22.93,66.5,2
0.6845,0.0312,22.87,66.5,2
0.6533,-0.0312,22.81,66.51,2
0.6143,-0.039,22.79,66.51,2
0.6327,0.0184,22.73,66.51,2
0.6217,-0.011,22.8,66.51,2
0.6342,0.0126,22.82,66.51,2
0.6099,-0.0243,22.79,66.51,2
0.5885,-0.0214,22.73,66.51,2
0.559,-0.0295,22.75,66.51,2
0.5855,0.0265,22.83,66.51,2
0.5471,-0.0384,22.81,66.5,2
0.5617,0.0146,22.82,66.5,2
0.6187,0.057,22.8,66.5,2
0.6414,0.0227,22.78,66.51,2
0.604,-0.0374,22.71,66.51,2
0.6254,0.0214,22.73,66.51,2
0.6296,0.0042,22.68,66.51,2
0.5982,-0.0314,22.7,66.51,2
0.5732,-0.025,22.75,66.51,2
0.5519,-0.0214,22.72,66.5,2
0.5508,-0.001,22.7,66.5,2
0.5848,0.0339,22.68,66.5,2
0.4216,-0.1632,22.84,66.53,1
0.4872,0.0656,23.14,66.56,1
0.5442,0.0571,23.06,66.56,2
0.5476,0.0034,23.03,66.56,2
0.5524,0.0048,23.0,66.55,2
0.5588,0.0064,22.98,66.55,2
0.6011,0.0422,22.89,66.55,2
0.5801,-0.021,22.85,66.55,2
0.5869,0.0068,22.81,66.55,2
0.5939,0.007,22.79,66.54,2
0.5775,-0.0165,22.75,66.54,2
0.5663,-0.0112,22.72,66.54,2
0.5751,0.0088,22.66,66.54,2
0.5804,0.0053,22.63,66.54,2
0.545,-0.0355,22.6,66.53,2
0.5578,0.0128,22.58,66.53,2
0.5512,-0.0065,22.58,66.53,2
0.557,0.0057,22.58,66.52,2
0.5273,-0.0297,22.48,66.52,2
0.3753,-0.152,22.72,66.55,1
0.4199,0.0446,23.05,66.58,1
0.4539,0.034,23.0,66.57,2
0.4714,0.0176,23.0,66.56,2
0.4678,-0.0037,22.99,66.55,2
0.5043,0.0366,22.95,66.55,2
0.5012,-0.0031,22.9,66.54,2
0.4791,-0.0221,22.8,66.54,2
0.516,0.0369,22.81,66.53,2
0.5432,0.0272,22.78,66.53,2
0.5359,-0.0073,22.7,66.52,2
0.5473,0.0114,22.79,66.52,2
0.5812,0.0339,22.79,66.52,2
0.5556,-0.0256,22.82,66.52,2
0.3968,-0.1588,23.08,66.55,1
0.4185,0.0217,23.35,66.58,1
0.4385,0.0199,23.57,66.61,1
0.4632,0.0247,23.52,66.6,2
0.4956,0.0324,23.45,66.59,2
0.571,0.0754,23.4,66.59,2
0.561,-0.01,23.3,66.58,2
0.5511,-0.0099,23.22,66.58,2
0.5452,-0.0059,23.14,66.57,2
0.5337,-0.0115,23.05,66.57,2
0.3786,-0.1551,23.19,66.6,1
0.4133,0.0347,23.35,66.63,1
0.4851,0.0718,23.25,66.62,2
0.5286,0.0435,23.2,66.61,2
0.5167,-0.012,23.14,66.61,2
0.5105,-0.0062,23.01,66.6,2
0.496,-0.0145,23.0,66.59,2
0.4974,0.0014,22.95,66.58,2
0.5306,0.0332,22.91,66.58,2
0.5362,0.0056,22.91,66.57,2
0.5491,0.0129,22.82,66.57,2
0.5844,0.0353,22.71,66.57,2
0.5863,0.0019,22.72,66.57,2
0.5629,-0.0234,22.77,66.56,2
0.5536,-0.0093,22.79,66.56,2
0.5597,0.0061,22.81,66.56,2
0.5491,-0.0106,22.87,66.55,2
0.5265,-0.0226,22.79,66.55,2
0.5237,-0.0028,22.77,66.54,2
0.3724,-0.1513,23.02,66.57,1
0.4325,0.0601,23.33,66.6,1
0.4746,0.042,23.37,66.59,2
0.4975,0.023,23.27,66.59,2
0.4825,-0.015,23.17,66.58,2
0.4829,0.0004,23.08,66.57,2
0.3397,-0.1431,23.31,66.6,1
0.3985,0.0588,23.44,66.62,1
0.4339,0.0354,23.61,66.65,1
0.3048,-0.1291,23.74,66.68,1
0.3543,0.0494,23.91,66.7,1
0.3778,0.0235,24.02,66.73,1
0.378,0.0003,24.14,66.75,1
0.394,0.016,24.25,66.77,1
0.4199,0.0259,24.36,66.8,1
0.4195,-0.0004,24.48,66.82,1
0.4213,0.0018,24.55,66.85,1
0.445,0.0238,24.74,66.87,1
0.4414,-0.0036,24.91,66.9,1
0.4446,0.0032,24.94,66.92,1
0.4768,0.0322,24.69,66.91,2
0.5092,0.0323,24.51,66.9,2
0.4697,-0.0395,24.25,66.88,2
0.3265,-0.1432,24.35,66.9,1
0.4034,0.0769,24.48,66.92,1
0.4951,0.0917,24.28,66.91,2
0.521,0.0258,24.15,66.9,2
0.5591,0.0381,24.06,66.89,2
0.5224,-0.0367,23.93,66.87,2
0.4963,-0.0261,23.87,66.86,2
0.5064,0.0101,23.69,66.85,2
0.5231,0.0167,23.58,66.84,2
0.5074,-0.0158,23.5,66.83,2
0.5009,-0.0065,23.41,66.82,2
0.5035,0.0027,23.31,66.81,2
0.5187,0.0152,23.2,66.8,2
0.5147,-0.004,23.19,66.79,2
0.5076,-0.0071,23.14,66.77,2
0.501,-0.0065,23.11,66.76,2
0.4951,-0.006,23.06,66.75,2
0.5303,0.0352,23.02,66.75,2
0.5723,0.0419,23.09,66.74,2
0.5657,-0.0066,22.94,66.73,2
0.5641,-0.0016,22.96,66.73,2
0.525,-0.0392,22.95,66.72,2
0.517,-0.0079,22.97,66.71,2
0.4915,-0.0255,22.94,66.7,2
0.476,-0.0156,22.84,66.69,2
0.4684,-0.0076,22.75,66.68,2
0.463,-0.0054,22.67,66.67,2
0.4531,-0.01,22.49,66.66,2
0.4735,0.0204,22.46,66.65,2
0.4827,0.0093,22.5,66.64,2
0.3401,-0.1427,22.76,66.66,1
0.3795,0.0395,23.03,66.69,1
0.4244,0.0449,23.27,66.72,1
0.2986,-0.1258,23.44,66.74,1
0.3455,0.0469,23.6,66.76,1
0.4178,0.0723,23.76,66.79,1
0.4181,0.0003,23.94,66.81,1
0.4185,0.0004,24.09,66.84,1
0.4108,-0.0077,24.34,66.86,1
0.4573,0.0465,24.22,66.85,2
0.483,0.0257,24.05,66.83,2
0.3344,-0.1486,24.23,66.85,1
0.3622,0.0277,24.34,66.87,1
0.3803,0.0181,24.52,66.9,1
0.3825,0.0022,24.67,66.92,1
0.4465,0.064,24.69,66.94,1
0.3055,-0.141,24.79,66.96,1
0.2211,-0.0844,25.05,67.0,0
0.2725,0.0514,25.3,67.04,0
0.319,0.0465,25.29,67.06,1
0.3387,0.0197,25.36,67.07,1
0.3643,0.0256,25.41,67.09,1
0.3556,-0.0087,25.47,67.11,1
0.4037,0.0482,25.44,67.12,1
0.4117,0.008,25.4,67.14,1
0.2759,-0.1357,25.67,67.18,0
0.3615,0.0856,26.0,67.23,0
0.415,0.0535,26.01,67.24,1
0.2849,-0.1301,26.0,67.25,1
0.3741,0.0891,25.92,67.27,1
0.399,0.0249,25.82,67.28,1
0.2734,-0.1256,26.05,67.32,0
0.3131,0.0397,26.27,67.36,0
0.3605,0.0473,26.28,67.37,1
0.3854,0.0249,26.13,67.38,1
0.4598,0.0744,25.76,67.36,2
0.4444,-0.0154,25.4,67.33,2
0.4521,0.0076,25.14,67.31,2
0.4145,-0.0376,25.16,67.32,1
0.4028,-0.0117,25.2,67.34,1
0.4197,0.0169,25.23,67.35,1
0.4435,0.0238,25.33,67.37,1
0.4523,0.0088,25.03,67.34,2
0.4408,-0.0115,24.71,67.32,2
0.4401,-0.0007,24.78,67.33,1
0.3002,-0.1398,24.78,67.34,1
0.3425,0.0423,24.9,67.35,1
0.376,0.0334,24.95,67.36,1
0.3826,0.0067,24.93,67.37,1
0.3963,0.0136,24.94,67.39,1
0.4645,0.0682,24.66,67.36,2
0.5038,0.0393,24.45,67.34,2
0.4909,-0.0128,24.14,67.32,2
0.345,-0.1459,24.21,67.33,1
0.2569,-0.0881,24.29,67.33,1
0.3353,0.0784,24.29,67.34,1
0.3782,0.0429,24.47,67.36,1
0.4258,0.0476,24.55,67.37,1
0.4122,-0.0136,24.53,67.38,1
0.4116,-0.0006,24.64,67.4,1
0.2812,-0.1304,24.79,67.4,1
0.3177,0.0364,24.86,67.41,1
0.3424,0.0248,24.89,67.42,1
0.2295,-0.1129,25.12,67.45,0
0.2745,0.045,25.51,67.49,0
0.3247,0.0502,25.58,67.49,1
0.3269,0.0022,25.61,67.5,1
0.3291,0.0022,25.61,67.51,1
0.2121,-0.117,25.85,67.54,0
0.2618,0.0497,26.16,67.57,0
0.3116,0.0499,26.17,67.57,1
0.3312,0.0196,26.21,67.58,1
0.3515,0.0203,26.22,67.59,1
0.3541,0.0026,26.22,67.59,1
0.3547,0.0006,26.2,67.6,1
0.3989,0.0442,26.29,67.61,1
0.4045,0.0056,26.24,67.61,1
0.4192,0.0146,26.16,67.62,1
0.2834,-0.1358,26.12,67.62,1
0.3139,0.0305,26.15,67.63,1
0.2126,-0.1013,26.34,67.65,0
0.2659,0.0533,26.58,67.69,0
0.2818,0.0159,26.58,67.69,1
0.1798,-0.102,26.54,67.68,1
0.2355,0.0557,26.69,67.71,0
0.2822,0.0467,26.88,67.74,0
0.3176,0.0354,26.77,67.74,1
0.3596,0.042,26.61,67.74,1
0.354,-0.0056,26.52,67.75,1
0.3625,0.0085,26.52,67.75,1
0.389,0.0265,26.59,67.75,1
0.4369,0.0479,26.53,67.76,1
0.4314,-0.0055,26.47,67.77,1
0.404,-0.0274,26.49,67.77,1
0.453,0.0489,26.14,67.74,2
0.3108,-0.1421,25.71,67.7,2
0.3438,0.0329,25.67,67.7,1
0.388,0.0442,25.72,67.71,1
0.3777,-0.0103,25.74,67.71,1
0.3836,0.0059,25.71,67.72,1
0.4363,0.0527,25.83,67.73,1
0.4415,0.0052,25.79,67.73,1
0.4343,-0.0072,25.79,67.74,1
0.4601,0.0258,25.45,67.71,2
0.466,0.0059,25.16,67.68,2
0.4608,-0.0052,24.81,67.65,2
0.3201,-0.1407,24.87,67.65,1
0.2363,-0.0837,24.96,67.65,1
0.2858,0.0495,25.11,67.65,1
0.1995,-0.0864,25.32,67.68,0
0.2733,0.0738,25.54,67.71,0
0.3048,0.0315,25.59,67.71,1
0.3569,0.0521,25.63,67.71,1
0.3897,0.0328,25.68,67.72,1
0.3939,0.0042,25.66,67.72,1
0.2636,-0.1303,25.98,67.75,0
0.293,0.0294,26.17,67.78,0
0.3249,0.0319,26.05,67.78,1
0.2155,-0.1094,26.0,67.78,1
0.2659,0.0504,26.26,67.8,0
0.2977,0.0318,26.46,67.83,0
0.3501,0.0524,26.5,67.83,1
0.3995,0.0494,26.47,67.84,1
0.4173,0.0178,26.38,67.84,1
0.2826,-0.1348,26.38,67.84,1
0.3234,0.0409,26.31,67.84,1
0.3592,0.0358,26.19,67.84,1
0.3894,0.0301,26.09,67.84,1
0.4202,0.0308,26.01,67.85,1
0.4473,0.0271,26.04,67.85,1
0.4433,-0.004,25.97,67.86,1
0.44,-0.0033,26.08,67.86,1
0.4334,-0.0066,26.09,67.87,1
0.4238,-0.0096,26.11,67.87,1
0.4346,0.0108,25.99,67.87,1
0.2987,-0.1358,26.05,67.87,1
0.2189,-0.0798,26.27,67.9,0
0.1691,-0.0498,26.4,67.92,0
0.2758,0.1067,26.55,67.94,0
0.3367,0.0609,26.48,67.94,1
0.2293,-0.1074,26.4,67.93,1
0.1661,-0.0632,26.59,67.95,0
0.1266,-0.0394,26.75,67.97,0
0.2679,0.1413,26.84,67.99,0
0.1858,-0.0821,26.99,68.01,0
0.2437,0.0579,27.2,68.03,0
0.2846,0.0409,27.03,68.03,1
0.3338,0.0492,26.94,68.02,1
0.3468,0.013,26.78,68.02,1
0.3342,-0.0126,26.66,68.02,1
0.3269,-0.0073,26.57,68.01,1
0.3282,0.0012,26.49,68.01,1
0.2079,-0.1203,26.64,68.03,0
0.141,-0.0669,26.83,68.05,0
0.2444,0.1034,26.94,68.07,0
0.1617,-0.0827,27.17,68.08,0
0.1139,-0.0478,27.24,68.1,0
0.1997,0.0858,27.33,68.12,0
0.1277,-0.072,27.41,68.13,0
0.1922,0.0645,27.43,68.15,0
0.2633,0.0711,27.6,68.17,0
0.1633,-0.1,27.58,68.18,0
0.2103,0.047,27.7,68.2,0
0.261,0.0506,27.78,68.22,0
0.1592,-0.1018,27.81,68.23,0
0.2382,0.079,27.93,68.25,0
0.149,-0.0892,28.0,68.26,0
0.099,-0.0501,28.14,68.27,0
0.187,0.088,28.22,68.29,0
0.2475,0.0605,28.29,68.3,0
0.3116,0.0641,28.03,68.29,1
0.3311,0.0195,27.83,68.28,1
0.3466,0.0154,27.68,68.27,1
0.2255,-0.1211,27.82,68.29,0
0.1571,-0.0683,27.99,68.3,0
0.1165,-0.0407,27.96,68.31,0
0.0907,-0.0258,28.03,68.32,0
0.1858,0.0951,28.11,68.33,0
0.1207,-0.0651,28.13,68.34,0
0.0842,-0.0365,28.16,68.35,0
0.1926,0.1084,28.3,68.36,0
0.2664,0.0738,28.34,68.38,0
0.1708,-0.0956,28.43,68.39,0
0.2273,0.0566,28.54,68.4,0
0.1439,-0.0834,28.49,68.41,0
0.0976,-0.0462,28.52,68.42,0
0.0707,-0.0269,28.5,68.42,0
0.1841,0.1134,28.57,68.43,0
0.2598,0.0757,28.66,68.45,0
0.1646,-0.0953,28.67,68.46,0
0.1112,-0.0534,28.58,68.46,0
0.0798,-0.0314,28.54,68.47,0
0.1953,0.1154,28.6,68.48,0
0.2653,0.07,28.61,68.49,0
0.3306,0.0654,28.48,68.48,1
0.3364,0.0058,28.28,68.47,1
0.3306,-0.0058,28.14,68.45,1
0.3355,0.0049,27.96,68.44,1
0.3375,0.002,27.85,68.43,1
0.3429,0.0055,27.64,68.42,1
0.3623,0.0193,27.51,68.41,1
0.3998,0.0375,27.39,68.4,1
0.2668,-0.1329,27.6,68.42,0
0.1897,-0.0771,27.64,68.43,0
0.1424,-0.0473,27.71,68.44,0
0.1115,-0.0309,27.8,68.44,0
0.195,0.0835,27.92,68.45,0
0.2625,0.0674,28.05,68.47,0
0.3152,0.0527,27.83,68.45,1
0.2046,-0.1105,27.71,68.43,1
0.2921,0.0875,27.56,68.42,1
0.339,0.0468,27.51,68.41,1
0.2257,-0.1133,27.66,68.42,0
0.1603,-0.0654,27.73,68.43,0
0.2553,0.095,27.78,68.45,0
0.3272,0.072,27.64,68.43,1
0.3383,0.011,27.46,68.42,1
0.3593,0.021,27.32,68.41,1
0.374,0.0147,27.25,68.4,1
0.3569,-0.0171,27.17,68.39,1
0.233,-0.1239,27.32,68.41,0
0.1629,-0.0701,27.34,68.42,0
0.226,0.0631,27.4,68.43,0
0.1483,-0.0777,27.46,68.44,0
0.1044,-0.0439,27.62,68.44,0
0.2132,0.1088,27.69,68.46,0
0.1395,-0.0737,27.77,68.46,0
0.0975,-0.042,27.79,68.47,0
0.2247,0.1273,27.85,68.48,0
0.2604,0.0357,27.91,68.49,0
0.1645,-0.0959,28.0,68.5,0
0.1111,-0.0535,28.05,68.51,0
0.0798,-0.0313,28.16,68.51,0
0.0604,-0.0194,28.21,68.51,0
0.0475,-0.0128,28.27,68.52,0
0.1485,0.101,28.33,68.52,0
0.2344,0.0858,28.37,68.53,0
0.1439,-0.0904,28.35,68.54,0
0.0941,-0.0498,28.36,68.55,0
0.1704,0.0763,28.35,68.55,0
0.2142,0.0438,28.34,68.56,0
0.2337,0.0195,28.42,68.57,0
0.1349,-0.0988,28.48,68.58,0
0.0827,-0.0522,28.55,68.58,0
0.1842,0.1015,28.53,68.59,0
0.112,-0.0722,28.63,68.59,0
0.21,0.098,28.65,68.6,0
0.2973,0.0873,28.45,68.58,1
0.3139,0.0166,28.21,68.57,1
0.1983,-0.1156,28.21,68.58,0
0.2555,0.0572,28.31,68.59,0
0.2913,0.0358,28.1,68.57,1
0.3426,0.0513,28.0,68.56,1
0.3457,0.0031,27.81,68.54,1
0.2221,-0.1236,27.91,68.55,0
0.2994,0.0773,27.96,68.57,0
0.1979,-0.1015,28.02,68.58,0
0.2661,0.0683,27.98,68.59,0
0.3246,0.0585,27.8,68.57,1
0.2138,-0.1108,27.59,68.55,1
0.1499,-0.0639,27.62,68.56,0
0.2435,0.0936,27.74,68.57,0
0.1619,-0.0816,27.84,68.57,0
0.1144,-0.0475,27.91,68.58,0
0.0852,-0.0292,27.85,68.58,0
0.0661,-0.0191,28.0,68.58,0
0.0528,-0.0133,28.09,68.58,0
0.1731,0.1203,28.14,68.59,0
0.2318,0.0587,28.24,68.6,0
0.2544,0.0227,28.28,68.61,0
0.1539,-0.1005,28.23,68.62,0
0.0995,-0.0544,28.33,68.62,0
0.2113,0.1119,28.41,68.63,0
0.2892,0.0779,28.14,68.61,1
0.186,-0.1032,27.92,68.59,1
0.2473,0.0613,28.0,68.6,0
0.3093,0.062,28.06,68.61,0
0.341,0.0317,27.84,68.6,1
0.3477,0.0067,27.67,68.58,1
0.2265,-0.1212,27.76,68.59,0
0.2704,0.0438,27.88,68.6,0
0.1768,-0.0936,27.92,68.61,0
0.2787,0.1019,28.02,68.62,0
0.3081,0.0294,27.87,68.6,1
0.2015,-0.1066,27.75,68.58,1
0.3084,0.1069,27.59,68.57,1
0.3536,0.0452,27.47,68.55,1
0.3646,0.0109,27.37,68.54,1
0.2444,-0.1201,27.47,68.55,0
0.3028,0.0584,27.53,68.57,0
0.2052,-0.0976,27.6,68.57,0
0.2609,0.0557,27.73,68.59,0
0.3221,0.0612,27.64,68.57,1
0.333,0.011,27.44,68.56,1
0.3488,0.0158,27.32,68.54,1
0.3495,0.0006,27.17,68.53,1
0.3594,0.01,27.13,68.52,1
0.237,-0.1224,27.25,68.53,0
0.1679,-0.0691,27.41,68.54,0
0.1267,-0.0412,27.52,68.54,0
0.2204,0.0937,27.69,68.55,0
0.1484,-0.072,27.75,68.56,0
0.2222,0.0737,27.84,68.57,0
0.144,-0.0781,27.89,68.57,0
0.2428,0.0987,27.96,68.58,0
0.3094,0.0667,27.83,68.57,1
0.338,0.0286,27.68,68.55,1
0.3539,0.0159,27.53,68.54,1
0.2318,-0.122,27.61,68.55,0
0.1623,-0.0695,27.65,68.56,0
0.2555,0.0932,27.73,68.57,0
0.1718,-0.0838,27.73,68.58,0
0.2254,0.0536,27.84,68.59,0
0.2652,0.0398,27.93,68.6,0
0.1658,-0.0993,27.87,68.6,0
0.2408,0.075,27.98,68.61,0
0.2952,0.0543,27.7,68.6,1
0.3272,0.032,27.51,68.58,1
0.3249,-0.0023,27.33,68.57,1
0.2079,-0.117,27.45,68.57,0
0.2501,0.0422,27.64,68.59,0
0.2791,0.029,27.7,68.6,0
0.1767,-0.1024,27.82,68.6,0
0.1203,-0.0564,27.9,68.61,0
0.1927,0.0724,27.99,68.62,0
0.2475,0.0548,28.07,68.63,0
0.1535,-0.094,28.04,68.63,0
0.2071,0.0535,28.14,68.64,0
0.1266,-0.0804,28.23,68.64,0
0.083,-0.0436,28.28,68.64,0
0.0584,-0.0247,28.23,68.64,0
0.1487,0.0903,28.25,68.65,0
0.2288,0.0802,28.28,68.66,0
0.1386,-0.0902,28.36,68.66,0
0.0894,-0.0492,28.52,68.66,0
0.0614,-0.028,28.55,68.66,0
0.0447,-0.0167,28.59,68.66,0
0.0341,-0.0106,28.59,68.66,0
0.1619,0.1278,28.61,68.66,0
0.0998,-0.0621,28.63,68.67,0
0.0653,-0.0344,28.69,68.67,0
0.1504,0.085,28.61,68.67,0
0.0872,-0.0632,28.61,68.67,0
0.156,0.0688,28.67,68.68,0
0.2401,0.0842,28.66,68.68,0
0.1435,-0.0967,28.58,68.69,0
0.2182,0.0747,28.67,68.69,0
0.2565,0.0383,28.75,68.7,0
0.2762,0.0198,28.73,68.71,0
0.3101,0.0339,28.46,68.69,1
0.3392,0.0291,28.31,68.68,1
0.219,-0.1202,28.34,68.69,0
0.2741,0.0551,28.46,68.7,0
0.3507,0.0766,28.28,68.68,1
0.3989,0.0482,28.09,68.67,1
0.2703,-0.1287,28.13,68.68,0
0.1947,-0.0756,28.28,68.68,0
0.2501,0.0554,28.41,68.69,0
0.2784,0.0283,28.49,68.7,0
0.1792,-0.0992,28.53,68.71,0
0.1237,-0.0556,28.54,68.71,0
0.2159,0.0922,28.57,68.71,0
0.2831,0.0673,28.38,68.69,1
0.1826,-0.1006,28.12,68.67,1
0.1257,-0.0569,28.16,68.67,0
0.0919,-0.0338,28.25,68.67,0
0.1755,0.0836,28.23,68.68,0
0.2266,0.0511,28.28,68.69,0
0.1376,-0.089,28.26,68.69,0
0.1943,0.0568,28.28,68.7,0
0.1161,-0.0782,28.34,68.7,0
0.1991,0.083,28.4,68.7,0
0.1208,-0.0784,28.46,68.71,0
0.0781,-0.0427,28.44,68.71,0
0.0538,-0.0242,28.43,68.7,0
0.0394,-0.0145,28.52,68.7,0
0.0302,-0.0092,28.51,68.7,0
0.024,-0.0062,28.52,68.7,0
0.0195,-0.0044,28.48,68.69,0
0.1462,0.1267,28.54,68.7,0
0.0876,-0.0586,28.51,68.7,0
0.1682,0.0806,28.52,68.7,0
0.244,0.0758,28.66,68.71,0
0.2886,0.0446,28.4,68.69,1
0.3204,0.0318,28.15,68.67,1
0.3191,-0.0013,27.91,68.65,1
0.3344,0.0153,27.77,68.64,1
0.2159,-0.1185,27.84,68.65,0
0.2549,0.0391,27.93,68.66,0
0.1653,-0.0896,27.95,68.66,0
0.2429,0.0776,28.05,68.67,0
0.1582,-0.0848,28.08,68.67,0
0.248,0.0898,28.19,68.68,0
0.3091,0.0612,27.99,68.67,1
0.2033,-0.1059,27.76,68.64,1
0.2506,0.0473,27.76,68.65,0
0.1629,-0.0877,27.86,68.66,0
0.1135,-0.0494,27.85,68.66,0
0.0842,-0.0293,27.83,68.66,0
0.1706,0.0865,27.97,68.67,0
0.2202,0.0495,28.06,68.67,0
0.2509,0.0307,28.06,68.68,0
0.2914,0.0405,27.83,68.66,1
0.183,-0.1084,27.66,68.64,1
0.1239,-0.0591,27.73,68.64,0
0.0902,-0.0337,27.76,68.64,0
0.1973,0.1071,27.79,68.65,0
0.1285,-0.0688,27.96,68.66,0
0.2099,0.0813,28.01,68.66,0
0.1329,-0.0769,28.04,68.67,0
0.2103,0.0773,28.09,68.67,0
0.2514,0.0411,28.19,68.68,0
0.2834,0.032,28.05,68.66,1
0.3053,0.0219,27.87,68.64,1
0.1927,-0.1126,27.98,68.65,0
0.1307,-0.062,28.09,68.65,0
0.0949,-0.0357,28.21,68.66,0
0.1756,0.0806,28.21,68.66,0
0.1107,-0.0649,28.26,68.66,0
0.2202,0.1095,28.32,68.67,0
0.2638,0.0436,28.43,68.68,0
0.1664,-0.0974,28.45,68.69,0
0.2227,0.0563,28.59,68.69,0
0.1396,-0.0831,28.58,68.7,0
0.1988,0.0593,28.63,68.7,0
0.1215,-0.0773,28.64,68.71,0
0.1996,0.0781,28.67,68.71,0
0.2591,0.0594,28.7,68.72,0
0.2883,0.0292,28.4,68.7,1
0.1801,-0.1082,28.18,68.67,1
0.2506,0.0705,28.27,68.68,0
0.2911,0.0406,28.37,68.69,0
0.3134,0.0223,28.08,68.68,1
0.1994,-0.114,27.82,68.65,1
0.2607,0.0613,27.85,68.66,0
0.3209,0.0602,27.96,68.68,0
0.2103,-0.1105,28.05,68.68,0
0.1473,-0.063,28.15,68.69,0
0.1094,-0.0379,28.16,68.69,0
0.1926,0.0832,28.27,68.69,0
0.1246,-0.0681,28.29,68.7,0
0.0863,-0.0382,28.32,68.7,0
0.1962,0.1099,28.35,68.7,0
0.1255,-0.0707,28.35,68.7,0
0.2233,0.0977,28.47,68.71,0
0.1423,-0.081,28.46,68.71,0
0.209,0.0667,28.55,68.72,0
0.1293,-0.0797,28.59,68.72,0
0.0852,-0.0441,28.66,68.72,0
0.0597,-0.0255,28.65,68.72,0
0.0441,-0.0156,28.69,68.72,0
0.034,-0.0101,28.75,68.72,0
0.027,-0.007,28.72,68.71,0
0.1619,0.1349,28.67,68.72,0
0.1,-0.0618,28.64,68.72,0
0.2006,0.1006,28.69,68.72,0
0.2545,0.0539,28.68,68.73,0
0.2696,0.0151,28.71,68.74,0
0.3012,0.0316,28.43,68.72,1
0.319,0.0178,28.19,68.7,1
0.1989,-0.1201,28.26,68.71,0
0.2719,0.073,28.33,68.72,0
0.1748,-0.0972,28.42,68.72,0
0.1192,-0.0556,28.46,68.72,0
0.0857,-0.0335,28.48,68.72,0
0.1919,0.1061,28.48,68.73,0
0.272,0.0801,28.55,68.74,0
0.1753,-0.0967,28.52,68.74,0
0.1207,-0.0546,28.51,68.74,0
0.2033,0.0826,28.56,68.75,0
0.1299,-0.0735,28.63,68.75,0
0.0887,-0.0412,28.7,68.75,0
0.1944,0.1057,28.77,68.75,0
0.2511,0.0567,28.86,68.76,0
0.2809,0.0298,28.62,68.74,1
0.1754,-0.1055,28.45,68.71,1
0.2274,0.052,28.49,68.72,0
0.2686,0.0412,28.47,68.73,0
0.2848,0.0162,28.24,68.71,1
0.292,0.0071,28.0,68.69,1
0.1805,-0.1115,28.07,68.7,0
0.2348,0.0543,28.09,68.7,0
0.2843,0.0495,27.97,68.68,1
0.1799,-0.1044,27.73,68.66,1
0.2296,0.0497,27.86,68.67,0
0.1445,-0.0851,27.9,68.67,0
0.0975,-0.047,28.03,68.67,0
0.1853,0.0878,28.03,68.68,0
0.2531,0.0678,28.15,68.69,0
0.1578,-0.0953,28.25,68.69,0
0.2201,0.0623,28.24,68.7,0
0.1366,-0.0835,28.26,68.7,0
0.2005,0.0639,28.31,68.71,0
0.2468,0.0463,28.36,68.72,0
0.1492,-0.0976,28.36,68.72,0
0.2186,0.0693,28.34,68.73,0
0.2663,0.0477,28.4,68.73,0
0.3288,0.0625,28.16,68.72,1
0.3496,0.0208,27.96,68.7,1
0.2267,-0.123,28.12,68.71,0
0.2867,0.0601,28.23,68.72,0
0.3174,0.0306,28.06,68.7,1
0.3402,0.0228,27.94,68.68,1
0.2221,-0.1181,28.0,68.69,0
0.1551,-0.067,28.04,68.69,0
0.225,0.0699,28.12,68.7,0
0.2675,0.0425,28.24,68.71,0
0.3399,0.0724,28.04,68.69,1
0.3451,0.0052,27.75,68.68,1
0.3568,0.0117,27.55,68.66,1
0.3581,0.0013,27.39,68.64,1
0.3776,0.0195,27.3,68.63,1
0.367,-0.0106,27.14,68.62,1
0.2412,-0.1258,27.27,68.63,0
0.1697,-0.0715,27.43,68.63,0
0.2468,0.0771,27.5,68.64,0
0.1653,-0.0815,27.66,68.65,0
0.1184,-0.047,27.76,68.65,0
0.0897,-0.0287,27.87,68.65,0
0.181,0.0913,28.01,68.66,0
0.2294,0.0484,28.15,68.67,0
0.2762,0.0469,28.12,68.68,0
0.172,-0.1042,28.11,68.68,0
0.2497,0.0778,28.19,68.69,0
0.3238,0.0741,28.0,68.67,1
0.3534,0.0296,27.91,68.66,1
0.366,0.0126,27.71,68.64,1
0.2423,-0.1237,27.83,68.65,0
0.2941,0.0518,27.94,68.66,0
0.1968,-0.0973,28.03,68.67,0
0.1406,-0.0562,28.08,68.67,0
0.2438,0.1031,28.21,68.68,0
0.3305,0.0867,28.04,68.66,1
0.3333,0.0028,27.84,68.65,1
0.3464,0.0131,27.62,68.63,1
0.3655,0.0191,27.49,68.62,1
0.3617,-0.0038,27.28,68.6,1
0.3779,0.0161,27.19,68.59,1
0.2499,-0.128,27.4,68.6,0
0.1766,-0.0733,27.52,68.61,0
0.2422,0.0656,27.62,68.62,0
0.2843,0.0421,27.34,68.6,1
0.3122,0.0279,27.27,68.58,1
0.3244,0.0122,27.28,68.57,1
0.3542,0.0298,27.1,68.55,1
0.3589,0.0047,26.94,68.54,1
0.3689,0.0101,26.83,68.53,1
0.3793,0.0104,26.72,68.52,1
0.2523,-0.127,26.86,68.53,0
0.3047,0.0524,27.08,68.54,0
0.2058,-0.0989,27.15,68.55,0
0.2935,0.0877,27.0,68.54,1
0.3059,0.0124,26.94,68.52,1
0.1997,-0.1063,27.13,68.53,0
0.2619,0.0622,27.3,68.54,0
0.1714,-0.0906,27.38,68.55,0
0.1198,-0.0516,27.54,68.56,0
0.2113,0.0915,27.68,68.57,0
0.279,0.0677,27.76,68.58,0
0.3117,0.0327,27.51,68.56,1
0.3389,0.0273,27.38,68.55,1
0.2199,-0.119,27.5,68.56,0
0.1526,-0.0673,27.59,68.56,0
0.2349,0.0824,27.63,68.58,0
0.155,-0.08,27.68,68.58,0
0.2616,0.1067,27.83,68.59,0
0.3059,0.0442,27.71,68.58,1
0.3172,0.0113,27.63,68.56,1
0.3562,0.039,27.53,68.55,1
0.3693,0.0131,27.35,68.53,1
0.3973,0.028,27.19,68.52,1
0.4179,0.0206,27.08,68.51,1
0.4045,-0.0134,26.95,68.5,1
0.2724,-0.1321,27.05,68.52,0
0.3132,0.0409,27.28,68.53,0
0.3898,0.0766,27.27,68.52,1
0.4084,0.0187,27.19,68.51,1
0.4218,0.0134,27.13,68.5,1
0.4255,0.0036,27.02,68.49,1
0.4312,0.0058,26.95,68.49,1
0.4254,-0.0059,26.92,68.48,1
0.4327,0.0073,26.87,68.47,1
0.4538,0.0211,26.52,68.42,2
0.4693,0.0155,26.09,68.38,2
0.4432,-0.0261,26.11,68.37,1
0.4268,-0.0164,26.06,68.37,1
0.2924,-0.1344,25.99,68.35,1
0.2138,-0.0786,26.17,68.37,0
0.2675,0.0536,26.4,68.38,0
0.301,0.0335,26.37,68.37,1
0.3285,0.0276,26.29,68.36,1
0.3537,0.0252,26.25,68.35,1
0.4038,0.0501,26.22,68.34,1
0.4088,0.005,26.17,68.34,1
0.4111,0.0023,26.09,68.33,1
0.417,0.0059,26.04,68.32,1
0.442,0.025,26.04,68.32,1
0.4715,0.0295,25.79,68.28,2
0.3266,-0.1449,25.53,68.23,2
0.2397,-0.0869,25.86,68.25,0
0.2893,0.0496,26.12,68.27,0
0.2008,-0.0886,26.42,68.28,0
0.328,0.1272,26.44,68.27,1
0.2286,-0.0995,26.35,68.26,1
0.2906,0.0621,26.35,68.25,1
0.311,0.0204,26.3,68.24,1
0.3806,0.0696,26.21,68.23,1
0.4154,0.0348,26.24,68.23,1
0.4155,0.0001,26.18,68.22,1
0.4226,0.0071,26.22,68.22,1
0.4294,0.0068,26.29,68.22,1
0.4321,0.0027,26.32,68.21,1
0.427,-0.0051,26.23,68.21,1
0.4388,0.0119,26.26,68.21,1
0.4634,0.0246,25.87,68.17,2
0.3197,-0.1437,25.49,68.12,2
0.3638,0.0441,25.54,68.12,1
0.4218,0.0581,25.53,68.12,1
0.2944,-0.1275,25.55,68.11,1
0.3402,0.0458,25.57,68.1,1
0.3639,0.0237,25.61,68.1,1
0.39,0.0261,25.67,68.1,1
0.2638,-0.1262,25.86,68.12,0
0.3124,0.0486,26.09,68.14,0
0.3472,0.0348,26.12,68.14,1
0.3693,0.0222,26.1,68.13,1
0.2479,-0.1214,26.31,68.15,0
0.333,0.085,26.51,68.17,0
0.4124,0.0795,26.5,68.17,1
0.44,0.0275,26.49,68.17,1
0.451,0.0111,26.03,68.13,2
0.4662,0.0152,25.76,68.09,2
0.4331,-0.0331,25.81,68.09,1
0.4716,0.0385,25.85,68.09,1
0.4738,0.0022,25.56,68.05,2
0.4764,0.0026,25.36,68.02,2
0.4677,-0.0087,25.05,67.98,2
0.4718,0.0041,24.82,67.94,2
0.3262,-0.1456,24.94,67.94,1
0.3689,0.0427,25.0,67.94,1
0.4337,0.0648,25.06,67.94,1
0.4756,0.042,24.86,67.91,2
0.3326,-0.143,24.61,67.87,2
0.4155,0.0829,24.74,67.87,1
0.4628,0.0473,24.76,67.88,1
0.3258,-0.137,24.95,67.87,1
0.389,0.0632,24.97,67.88,1
0.4453,0.0563,25.04,67.88,1
0.4363,-0.009,25.23,67.89,1
0.4633,0.027,24.96,67.85,2
0.4822,0.0189,24.74,67.82,2
0.4966,0.0144,24.54,67.79,2
0.4884,-0.0082,24.32,67.76,2
0.4877,-0.0007,24.13,67.72,2
0.4984,0.0108,23.93,67.7,2
0.4914,-0.007,23.74,67.67,2
0.4576,-0.0338,23.6,67.64,2
0.4836,0.0261,23.46,67.61,2
0.5104,0.0268,23.34,67.58,2
0.499,-0.0114,23.26,67.55,2
0.5003,0.0014,23.25,67.53,2
0.4901,-0.0102,23.19,67.5,2
0.4781,-0.0121,23.11,67.48,2
0.4667,-0.0114,23.02,67.45,2
0.3242,-0.1425,23.14,67.46,1
0.4166,0.0924,23.31,67.47,1
0.4509,0.0344,23.25,67.44,2
0.4572,0.0063,23.27,67.42,2
0.4616,0.0043,23.23,67.39,2
0.4731,0.0116,23.16,67.37,2
0.491,0.0179,23.08,67.34,2
0.491,-0.0,22.95,67.32,2
0.4628,-0.0282,22.87,67.3,2
0.4767,0.0139,22.81,67.28,2
0.4554,-0.0213,22.79,67.25,2
0.4517,-0.0037,22.64,67.23,2
0.4375,-0.0142,22.82,67.25,1
0.4365,-0.001,23.1,67.26,1
0.2979,-0.1385,23.35,67.27,1
0.3312,0.0333,23.57,67.29,1
0.3796,0.0484,23.75,67.3,1
0.4368,0.0572,23.93,67.31,1
0.446,0.0091,24.1,67.33,1
0.4775,0.0315,23.93,67.31,2
0.4909,0.0135,23.85,67.29,2
0.4988,0.0078,23.73,67.27,2
0.4695,-0.0293,23.6,67.24,2
0.4698,0.0003,23.45,67.22,2
0.4918,0.022,23.32,67.2,2
0.3423,-0.1495,23.49,67.22,1
0.3868,0.0445,23.59,67.23,1
0.4375,0.0508,23.8,67.25,1
0.4682,0.0306,23.64,67.23,2
0.4932,0.0251,23.61,67.21,2
0.5349,0.0417,23.56,67.19,2
0.5359,0.001,23.43,67.17,2
0.3805,-0.1555,23.66,67.19,1
0.4772,0.0968,23.9,67.21,1
0.4835,0.0062,23.69,67.19,2
0.4948,0.0113,23.49,67.17,2
0.4793,-0.0156,23.38,67.15,2
0.337,-0.1423,23.55,67.16,1
0.396,0.0591,23.71,67.18,1
0.2818,-0.1143,23.81,67.19,1
0.3467,0.0649,23.95,67.2,1
0.3967,0.05,24.09,67.22,1
0.4058,0.0091,24.19,67.24,1
0.4294,0.0237,24.28,67.25,1
0.4575,0.0281,24.11,67.23,2
0.4768,0.0193,24.0,67.21,2
0.3343,-0.1425,24.03,67.22,1
0.2488,-0.0855,24.1,67.23,1
0.1942,-0.0547,24.39,67.26,0
0.2644,0.0702,24.67,67.3,0
0.3276,0.0633,24.79,67.31,1
0.356,0.0284,24.96,67.32,1
0.3848,0.0287,25.04,67.34,1
0.4397,0.0549,25.08,67.35,1
0.4402,0.0005,25.19,67.37,1
0.461,0.0208,24.85,67.34,2
0.4758,0.0148,24.58,67.32,2
0.5142,0.0384,24.37,67.3,2
0.5051,-0.0091,24.16,67.28,2
0.5147,0.0096,24.02,67.26,2
0.5036,-0.0111,23.87,67.24,2
0.4859,-0.0176,23.72,67.22,2
0.3413,-0.1447,23.79,67.23,1
0.3893,0.048,24.0,67.25,1
0.4517,0.0623,23.88,67.22,2
0.4719,0.0203,23.72,67.2,2
0.4822,0.0103,23.65,67.18,2
0.4676,-0.0146,23.59,67.16,2
0.4812,0.0135,23.4,67.14,2
0.336,-0.1451,23.58,67.16,1
0.3861,0.0501,23.71,67.17,1
0.4554,0.0692,23.57,67.15,2
0.4546,-0.0008,23.49,67.13,2
0.4917,0.0371,23.39,67.11,2
0.4743,-0.0174,23.33,67.1,2
0.4621,-0.0123,23.34,67.08,2
0.5221,0.06,23.22,67.06,2
0.5273,0.0051,23.19,67.05,2
0.3707,-0.1566,23.5,67.06,1
0.402,0.0313,23.64,67.08,1
0.4638,0.0618,23.51,67.06,2
0.4846,0.0208,23.46,67.05,2
0.497,0.0124,23.31,67.03,2
0.4872,-0.0097,23.26,67.02,2
0.4798,-0.0075,23.11,67.0,2
0.5013,0.0216,23.02,66.98,2
0.5037,0.0023,23.03,66.97,2
0.5311,0.0274,22.93,66.96,2
0.5436,0.0125,22.89,66.94,2
0.512,-0.0316,22.85,66.93,2
0.5221,0.0101,22.85,66.92,2
0.5144,-0.0077,22.81,66.91,2
0.5277,0.0134,22.77,66.89,2
0.5024,-0.0253,22.74,66.88,2
0.4893,-0.0132,22.62,66.87,2
0.5437,0.0544,22.59,66.86,2
0.5314,-0.0123,22.57,66.85,2
0.5255,-0.006,22.55,66.84,2
0.3713,-0.1542,22.87,66.86,1
0.4468,0.0756,23.1,66.88,1
0.4645,0.0176,23.05,66.87,2
0.4887,0.0242,23.02,66.86,2
0.53,0.0413,22.9,66.85,2
0.5642,0.0342,22.88,66.84,2
0.5332,-0.031,22.89,66.83,2
0.567,0.0337,22.83,66.82,2
0.5149,-0.0521,22.81,66.81,2
0.5025,-0.0123,22.76,66.8,2
0.4939,-0.0087,22.76,66.79,2
0.4945,0.0006,22.74,66.78,2
0.5199,0.0254,22.68,66.77,2
0.4981,-0.0218,22.73,66.76,2
0.509,0.0108,22.83,66.75,2
0.5328,0.0238,22.85,66.74,2
0.5024,-0.0303,22.76,66.73,2
0.5168,0.0144,22.73,66.72,2
0.497,-0.0197,22.77,66.71,2
0.5022,0.0051,22.7,66.7,2
0.4996,-0.0026,22.63,66.69,2
0.5207,0.0211,22.65,66.68,2
0.4969,-0.0238,22.63,66.67,2
0.5071,0.0102,22.56,66.67,2
0.5326,0.0255,22.54,66.66,2
0.5279,-0.0047,22.58,66.65,2
0.4848,-0.043,22.59,66.64,2
0.4669,-0.0179,22.53,66.63,2
0.5029,0.036,22.45,66.63,2
0.4948,-0.0081,22.44,66.62,2
0.5003,0.0054,22.47,66.61,2
0.4859,-0.0144,22.49,66.6,2
0.489,0.0031,22.47,66.6,2
0.4901,0.0011,22.45,66.59,2
0.474,-0.0161,22.4,66.58,2
0.4861,0.0121,22.38,66.57,2
0.5027,0.0166,22.34,66.57,2
0.5412,0.0385,22.41,66.56,2
0.5461,0.0049,22.36,66.56,2
0.5818,0.0357,22.37,66.56,2
0.5765,-0.0053,22.39,66.55,2
0.5791,0.0025,22.44,66.55,2
0.5804,0.0013,22.37,66.55,2
0.5949,0.0145,22.47,66.55,2
0.5909,-0.004,22.45,66.55,2
0.571,-0.0199,22.49,66.55,2
0.5458,-0.0251,22.53,66.54,2
0.5382,-0.0077,22.57,66.54,2
0.5513,0.0132,22.53,66.53,2
0.5695,0.0182,22.49,66.53,2
0.5656,-0.0039,22.53,66.53,2
0.6162,0.0506,22.56,66.53,2
0.6234,0.0072,22.58,66.53,2
0.6583,0.035,22.58,66.53,2
0.6301,-0.0282,22.53,66.53,2
0.6437,0.0137,22.44,66.54,2
0.6359,-0.0078,22.45,66.54,2
0.6319,-0.004,22.48,66.54,2
0.6319,-0.0,22.55,66.54,2
0.6632,0.0313,22.55,66.54,2
0.6233,-0.04,22.51,66.54,2
0.6094,-0.0139,22.54,66.54,2
0.5907,-0.0187,22.59,66.54,2
0.611,0.0203,22.55,66.54,2
0.6131,0.002,22.59,66.54,2
0.6085,-0.0046,22.64,66.54,2
0.5737,-0.0348,22.73,66.54,2
0.5997,0.0259,22.77,66.54,2
0.5854,-0.0143,22.73,66.53,2
0.6243,0.0389,22.72,66.53,2
0.5809,-0.0434,22.7,66.53,2
0.5633,-0.0176,22.73,66.53,2
0.5465,-0.0167,22.75,66.53,2
0.5368,-0.0097,22.72,66.52,2
0.5468,0.01,22.69,66.52,2
0.5712,0.0244,22.7,66.52,2
0.5999,0.0286,22.68,66.52,2
0.6488,0.049,22.61,66.52,2
0.6631,0.0143,22.59,66.52,2
0.6954,0.0323,22.63,66.53,2
0.7254,0.03,22.68,66.53,2
0.7313,0.0059,22.78,66.54,2
0.7523,0.021,22.84,66.55,2
0.7245,-0.0278,22.88,66.55,2
0.7068,-0.0177,22.9,66.56,2
0.7298,0.023,22.86,66.56,2
0.7135,-0.0163,22.85,66.57,2
0.7172,0.0037,22.87,66.57,2
0.6575,-0.0597,22.91,66.57,2
0.6161,-0.0415,22.9,66.57,2
0.5894,-0.0266,22.84,66.57,2
0.5743,-0.0151,22.83,66.57,2
0.5691,-0.0052,22.82,66.56,2
0.5696,0.0005,22.82,66.56,2
0.5995,0.0299,22.84,66.56,2
0.6136,0.0142,22.82,66.56,2
0.6136,-0.0,22.85,66.56,2
0.6402,0.0266,22.81,66.56,2
0.671,0.0308,22.76,66.56,2
0.6855,0.0145,22.78,66.56,2
0.6997,0.0143,22.75,66.57,2
0.6923,-0.0074,22.8,66.57,2
0.6736,-0.0187,22.88,66.57,2
0.6783,0.0047,22.87,66.58,2
0.6951,0.0168,22.91,66.58,2
0.6723,-0.0228,22.93,66.58,2
0.6924,0.0201,22.94,66.58,2
0.6935,0.0012,22.8,66.59,2
0.6832,-0.0103,22.8,66.59,2
0.7154,0.0321,22.82,66.59,2
0.7159,0.0006,22.82,66.6,2
0.6856,-0.0303,22.81,66.6,2
0.665,-0.0207,22.8,66.6,2
0.6584,-0.0065,22.69,66.6,2
0.6129,-0.0455,22.68,66.6,2
0.6406,0.0277,22.69,66.6,2
0.6111,-0.0295,22.68,66.6,2
0.6271,0.016,22.66,66.6,2
0.6419,0.0148,22.67,66.6,2
0.6031,-0.0388,22.74,66.6,2
0.6061,0.003,22.71,66.6,2
0.5685,-0.0376,22.77,66.59,2
0.5793,0.0108,22.78,66.59,2
0.5913,0.0121,22.73,66.59,2
0.5838,-0.0075,22.81,66.58,2
0.6088,0.025,22.78,66.58,2
0.6467,0.0379,22.78,66.58,2
0.6679,0.0212,22.79,66.59,2
0.6779,0.01,22.82,66.59,2
0.6858,0.0078,22.77,66.59,2
0.7074,0.0216,22.8,66.59,2
0.6976,-0.0098,22.78,66.6,2
0.7306,0.033,22.85,66.6,2
0.7458,0.0152,22.9,66.61,2
0.7552,0.0094,22.94,66.61,2
0.7668,0.0116,22.92,66.62,2
0.71,-0.0567,22.84,66.62,2
0.6713,-0.0388,22.88,66.62,2
0.6258,-0.0454,22.8,66.62,2
0.5865,-0.0393,22.77,66.62,2
0.6183,0.0318,22.78,66.62,2
0.6273,0.009,22.8,66.62,2
0.6378,0.0104,22.83,66.62,2
0.6382,0.0005,22.8,66.62,2
0.6537,0.0154,22.76,66.62,2
0.6911,0.0374,22.78,66.62,2
0.7184,0.0273,22.87,66.62,2
0.701,-0.0173,22.92,66.62,2
0.6478,-0.0532,22.93,66.62,2
0.6597,0.0119,22.89,66.62,2
0.6294,-0.0304,23.0,66.62,2
0.6402,0.0108,22.98,66.62,2
0.6679,0.0277,23.02,66.62,2
0.693,0.0251,22.97,66.63,2
0.6312,-0.0618,23.0,66.62,2
0.6013,-0.0299,22.99,66.62,2
0.6373,0.036,22.92,66.62,2
0.6386,0.0013,22.91,66.62,2
0.6135,-0.0251,22.84,66.62,2
0.6496,0.0361,23.01,66.62,2
0.6546,0.005,23.05,66.62,2
0.6907,0.0362,23.04,66.62,2
0.6992,0.0084,23.08,66.62,2
0.7131,0.0139,23.09,66.63,2
0.6739,-0.0392,23.05,66.63,2
0.6633,-0.0105,23.0,66.63,2
0.6216,-0.0418,23.06,66.63,2
0.5747,-0.0469,23.02,66.62,2
0.5934,0.0187,22.95,66.62,2
0.6274,0.0339,22.82,66.62,2
0.6486,0.0212,22.81,66.62,2
0.6742,0.0256,22.83,66.62,2
0.6649,-0.0093,22.83,66.62,2
0.6506,-0.0143,22.76,66.62,2
0.6267,-0.0239,22.73,66.62,2
0.5997,-0.027,22.75,66.62,2
0.574,-0.0257,22.7,66.62,2
0.6095,0.0356,22.64,66.61,2
0.6421,0.0326,22.81,66.61,2
0.6432,0.0011,22.76,66.61,2
0.6674,0.0242,22.85,66.61,2
0.656,-0.0114,22.84,66.61,2
0.66,0.004,22.76,66.62,2
0.6447,-0.0153,22.85,66.62,2
0.6381,-0.0066,22.88,66.62,2
0.6426,0.0045,22.88,66.61,2
0.668,0.0254,22.9,66.62,2
0.646,-0.022,22.85,66.62,2
0.6733,0.0273,22.91,66.62,2
0.7069,0.0336,22.9,66.62,2
0.7252,0.0183,22.98,66.62,2
0.7211,-0.0041,22.95,66.63,2
0.7117,-0.0093,22.87,66.63,2
0.6881,-0.0236,22.9,66.63,2
0.6846,-0.0035,22.88,66.63,2
0.6473,-0.0374,22.86,66.63,2
0.6832,0.0359,22.9,66.64,2
0.708,0.0248,22.93,66.64,2
0.7367,0.0287,22.92,66.64,2
0.7428,0.0061,22.86,66.65,2
0.7194,-0.0235,22.94,66.65,2
0.7166,-0.0028,22.94,66.65,2
0.7258,0.0092,22.94,66.66,2
0.5352,-0.1906,22.84,66.65,2
0.5862,0.0511,22.8,66.65,2
0.6333,0.047,22.84,66.64,2
0.6543,0.021,22.87,66.64,2
0.6739,0.0195,22.89,66.64,2
0.6838,0.01,22.91,66.65,2
0.7126,0.0288,22.97,66.65,2
0.6598,-0.0528,22.97,66.65,2
0.6669,0.007,22.96,66.65,2
0.7061,0.0392,23.04,66.65,2
0.7297,0.0236,23.04,66.66,2
0.699,-0.0307,22.92,66.66,2
0.6698,-0.0292,22.83,66.66,2
0.6553,-0.0145,22.79,66.66,2
0.6762,0.021,22.73,66.66,2
0.6991,0.0228,22.76,66.66,2
0.7282,0.0291,22.77,66.66,2
0.7471,0.0189,22.73,66.67,2
0.7814,0.0343,22.78,66.67,2
0.7836,0.0022,22.8,66.68,2
0.7756,-0.0079,22.85,66.68,2
0.7496,-0.0261,22.8,66.69,2
0.7022,-0.0473,22.8,66.69,2
0.6871,-0.0152,22.83,66.69,2
0.7122,0.0251,22.82,66.69,2
0.7047,-0.0074,22.85,66.69,2
0.7065,0.0017,22.81,66.69,2
0.727,0.0205,22.88,66.7,2
0.7474,0.0204,22.88,66.7,2
0.7492,0.0018,22.92,66.7,2
0.7399,-0.0094,22.96,66.71,2
0.7402,0.0004,22.97,66.71,2
0.722,-0.0182,22.9,66.71,2
0.7288,0.0068,22.83,66.71,2
0.7298,0.001,22.91,66.72,2
0.7482,0.0184,22.9,66.72,2
0.7272,-0.021,23.03,66.72,2
0.7325,0.0053,23.03,66.72,2
0.692,-0.0405,23.01,66.72,2
0.6713,-0.0207,23.05,66.72,2
0.6648,-0.0065,22.95,66.72,2
0.6876,0.0228,22.98,66.72,2
0.7068,0.0192,22.99,66.72,2
0.723,0.0161,23.08,66.72,2
0.6979,-0.025,23.09,66.72,2
0.6963,-0.0017,23.11,66.72,2
0.6691,-0.0272,23.08,66.72,2
0.6873,0.0183,23.13,66.72,2
0.7106,0.0233,23.19,66.72,2
0.7219,0.0112,23.13,66.73,2
0.7221,0.0003,23.18,66.73,2
0.7012,-0.021,23.09,66.73,2
0.6987,-0.0025,23.03,66.73,2
0.689,-0.0097,23.0,66.73,2
0.718,0.029,23.06,66.73,2
0.7194,0.0015,23.06,66.73,2
0.7161,-0.0033,23.1,66.73,2
0.7183,0.0022,23.04,66.73,2
0.69,-0.0283,22.94,66.73,2
0.6674,-0.0227,22.98,66.73,2
0.6739,0.0066,22.88,66.73,2
0.6887,0.0148,22.82,66.73,2
0.7131,0.0243,22.77,66.73,2
0.7338,0.0207,22.78,66.73,2
0.7548,0.021,22.72,66.74,2
0.7593,0.0045,22.83,66.74,2
0.7891,0.0298,22.84,66.74,2
0.7826,-0.0065,22.81,66.75,2
0.7441,-0.0385,22.84,66.75,2
0.6964,-0.0476,22.84,66.75,2
0.7209,0.0244,22.69,66.75,2
0.709,-0.0119,22.8,66.75,2
0.6686,-0.0404,22.76,66.75,2
0.6418,-0.0269,22.73,66.75,2
0.6663,0.0245,22.72,66.75,2
0.6662,-0.0001,22.66,66.74,2
0.6656,-0.0006,22.65,66.74,2
0.6562,-0.0094,22.62,66.74,2
0.6449,-0.0113,22.66,66.74,2
0.6797,0.0348,22.63,66.74,2
0.7032,0.0236,22.61,66.74,2
0.7166,0.0133,22.65,66.74,2
0.7359,0.0193,22.69,66.74,2
0.7411,0.0052,22.68,66.74,2
0.7383,-0.0027,22.7,66.75,2
0.7469,0.0086,22.66,66.75,2
0.7182,-0.0287,22.68,66.75,2
0.7416,0.0234,22.78,66.75,2
0.7641,0.0225,22.76,66.75,2
0.7365,-0.0276,22.76,66.76,2
0.7444,0.0079,22.78,66.76,2
0.776,0.0316,22.87,66.76,2
0.7733,-0.0026,22.81,66.76,2
0.75,-0.0233,22.77,66.77,2
0.7235,-0.0265,22.78,66.77,2
0.7275,0.004,22.77,66.77,2
0.7366,0.0091,22.8,66.77,2
0.7608,0.0242,22.84,66.77,2
0.7758,0.015,22.87,66.78,2
0.7989,0.0231,22.86,66.78,2
0.8071,0.0082,22.86,66.79,2
0.7682,-0.039,22.87,66.79,2
0.7649,-0.0032,22.85,66.79,2
0.7337,-0.0312,22.87,66.79,2
0.7196,-0.0141,22.89,66.79,2
0.7189,-0.0007,22.85,66.79,2
0.7151,-0.0038,22.91,66.79,2
0.7362,0.0211,22.96,66.79,2
0.6971,-0.0391,23.05,66.79,2
0.7138,0.0167,23.05,66.79,2
0.7271,0.0133,23.1,66.79,2
0.7228,-0.0043,23.02,66.79,2
0.7265,0.0036,23.04,66.79,2
0.7316,0.0052,22.98,66.79,2
0.7534,0.0218,22.91,66.8,2
0.7477,-0.0057,22.86,66.8,2
0.7695,0.0218,22.89,66.8,2
0.7678,-0.0017,22.94,66.8,2
0.7869,0.0191,23.02,66.81,2
0.7885,0.0016,22.99,66.81,2
0.7536,-0.0349,23.04,66.81,2
0.6847,-0.0689,22.99,66.81,2
0.6992,0.0145,22.89,66.81,2
0.6922,-0.0071,22.98,66.81,2
0.7054,0.0132,23.0,66.8,2
0.7132,0.0078,23.01,66.8,2
0.7341,0.0209,23.06,66.8,2
0.7175,-0.0165,23.15,66.8,2
0.7272,0.0097,23.13,66.8,2
0.7497,0.0225,23.1,66.81,2
0.7398,-0.01,23.09,66.81,2
0.7399,0.0002,23.06,66.81,2
0.7379,-0.0021,23.05,66.81,2
0.7323,-0.0056,23.04,66.81,2
0.7208,-0.0115,23.06,66.81,2
0.7216,0.0008,23.07,66.81,2
0.7436,0.022,23.09,66.81,2
0.7278,-0.0158,23.07,66.81,2
0.722,-0.0058,23.09,66.81,2
0.7372,0.0152,23.06,66.81,2
0.7493,0.0121,23.02,66.81,2
0.7185,-0.0307,23.03,66.81,2
0.7382,0.0197,23.07,66.81,2
0.73,-0.0082,22.97,66.81,2
0.718,-0.0121,22.92,66.81,2
0.6982,-0.0198,22.85,66.81,2
0.7191,0.0209,22.82,66.81,2
0.7324,0.0134,22.87,66.81,2
0.7113,-0.0212,22.84,66.81,2
0.7319,0.0206,22.79,66.81,2
0.7327,0.0008,22.77,66.81,2
0.7376,0.0048,22.77,66.81,2
0.7136,-0.024,22.74,66.81,2
0.7304,0.0168,22.79,66.81,2
0.7562,0.0258,22.79,66.81,2
0.7256,-0.0306,22.73,66.81,2
0.7457,0.0201,22.75,66.81,2
0.7705,0.0248,22.82,66.82,2
0.7757,0.0052,22.87,66.82,2
0.7854,0.0097,22.97,66.82,2
0.7672,-0.0182,23.0,66.82,2
0.7757,0.0085,23.0,66.83,2
0.751,-0.0247,22.99,66.83,2
0.7253,-0.0257,23.04,66.83,2
0.718,-0.0073,23.06,66.83,2
0.7262,0.0082,23.01,66.83,2
0.7402,0.014,23.09,66.83,2
0.7482,0.008,23.04,66.83,2
0.7617,0.0135,22.98,66.83,2
0.7827,0.021,23.1,66.83,2
0.7862,0.0034,23.08,66.83,2
0.7887,0.0026,22.97,66.84,2
0.7537,-0.035,22.93,66.84,2
0.7652,0.0116,23.01,66.84,2
0.7793,0.0141,23.0,66.84,2
0.7717,-0.0076,22.98,66.84,2
0.775,0.0033,22.91,66.85,2
0.7661,-0.009,23.02,66.85,2
0.7619,-0.0042,23.08,66.85,2
0.7509,-0.011,23.1,66.85,2
0.7634,0.0125,23.12,66.85,2
0.7532,-0.0101,23.12,66.85,2
0.7491,-0.0042,23.11,66.85,2
0.7588,0.0097,23.18,66.85,2
0.7625,0.0037,23.27,66.85,2
0.7468,-0.0157,23.26,66.85,2
0.737,-0.0098,23.34,66.85,2
0.7417,0.0047,23.29,66.85,2
0.7155,-0.0262,23.22,66.85,2
0.713,-0.0025,23.17,66.85,2
0.7415,0.0285,23.12,66.85,2
0.7425,0.001,23.1,66.85,2
0.7479,0.0054,23.14,66.85,2
0.7557,0.0078,23.13,66.85,2
0.7493,-0.0065,23.06,66.85,2
0.7549,0.0057,23.09,66.85,2
0.7615,0.0066,23.19,66.85,2
0.7649,0.0034,23.14,66.85,2
0.757,-0.0079,23.17,66.86,2
0.7331,-0.0239,23.09,66.86,2
0.7479,0.0148,23.04,66.86,2
0.7261,-0.0219,23.07,66.85,2
0.7359,0.0099,23.01,66.85,2
0.7487,0.0128,22.98,66.85,2
0.773,0.0243,22.99,66.86,2
0.7881,0.015,23.0,66.86,2
0.7564,-0.0317,23.0,66.86,2
0.7618,0.0054,22.96,66.86,2
0.7407,-0.0211,23.0,66.86,2
0.6937,-0.047,22.97,66.86,2
0.7069,0.0132,22.94,66.86,2
0.7284,0.0215,22.99,66.85,2
0.7492,0.0208,23.01,66.86,2
0.6979,-0.0513,22.97,66.85,2
0.71,0.0122,22.99,66.85,2
0.7278,0.0178,23.01,66.85,2
0.7438,0.0159,23.08,66.85,2
0.7521,0.0083,23.04,66.85,2
0.7495,-0.0026,23.0,66.85,2
0.7622,0.0127,23.03,66.85,2
0.7417,-0.0205,22.96,66.85,2
0.689,-0.0527,22.93,66.85,2
0.6545,-0.0345,22.81,66.85,2
0.6695,0.015,22.83,66.84,2
0.6721,0.0026,22.81,66.84,2
0.6795,0.0074,22.82,66.84,2
0.6941,0.0146,22.85,66.83,2
0.7183,0.0242,22.82,66.83,2
0.7377,0.0194,22.84,66.83,2
0.7659,0.0282,22.89,66.84,2
0.7231,-0.0428,22.85,66.84,2
0.7403,0.0172,22.8,66.84,2
0.7194,-0.0209,22.77,66.83,2
0.7362,0.0167,22.67,66.83,2
0.7503,0.0141,22.68,66.84,2
0.7482,-0.0021,22.79,66.84,2
0.7531,0.0049,22.78,66.84,2
0.7341,-0.019,22.8,66.84,2
0.7503,0.0163,22.76,66.84,2
0.7602,0.0099,22.81,66.84,2
0.7387,-0.0215,22.82,66.84,2
0.736,-0.0027,22.78,66.84,2
0.7505,0.0145,22.75,66.84,2
0.7592,0.0086,22.82,66.84,2
0.7447,-0.0145,22.87,66.84,2
0.7353,-0.0093,22.9,66.84,2
0.7499,0.0145,22.95,66.84,2
0.7785,0.0286,23.02,66.84,2
0.7815,0.003,23.03,66.85,2
0.7716,-0.0099,22.99,66.85,2
0.7853,0.0137,23.08,66.85,2
0.8081,0.0228,23.07,66.85,2
0.8306,0.0225,23.12,66.86,2
0.7817,-0.0488,23.11,66.86,2
0.7829,0.0012,23.13,66.86,2
0.7676,-0.0153,23.08,66.86,2
0.7336,-0.034,23.11,66.86,2
0.7251,-0.0085,23.15,66.86,2
0.7436,0.0185,23.09,66.86,2
0.7372,-0.0064,23.11,66.86,2
0.7382,0.0009,23.07,66.86,2
0.7583,0.0201,23.07,66.86,2
0.75,-0.0083,23.09,66.86,2
0.7644,0.0143,23.08,66.86,2
0.7123,-0.0521,23.15,66.86,2
0.7342,0.0219,23.13,66.86,2
0.7654,0.0312,23.22,66.86,2
0.7249,-0.0405,23.19,66.86,2
0.7374,0.0125,23.16,66.86,2
0.7214,-0.016,23.06,66.86,2
0.6991,-0.0224,23.1,66.86,2
0.7099,0.0109,23.07,66.86,2
0.7347,0.0248,23.08,66.86,2
0.7585,0.0237,23.12,66.86,2
0.7527,-0.0058,23.05,66.86,2
0.7632,0.0105,23.06,66.86,2
0.7682,0.0051,23.04,66.86,2
0.7562,-0.0121,22.99,66.86,2
0.7439,-0.0123,23.0,66.86,2
0.7141,-0.0299,22.97,66.86,2
0.6974,-0.0167,22.97,66.86,2
0.7131,0.0157,22.97,66.85,2
0.7097,-0.0034,22.9,66.85,2
0.6649,-0.0448,22.96,66.85,2
0.6874,0.0225,23.01,66.85,2
0.7071,0.0197,22.93,66.84,2
0.7193,0.0122,22.91,66.84,2
0.741,0.0217,22.91,66.84,2
0.7385,-0.0025,22.91,66.84,2
0.7265,-0.0119,22.88,66.84,2
0.7315,0.005,22.89,66.84,2
0.7218,-0.0097,22.83,66.84,2
0.7403,0.0185,22.83,66.84,2
0.7238,-0.0166,22.84,66.84,2
0.7488,0.025,22.87,66.84,2
0.7353,-0.0135,22.91,66.84,2
0.7354,0.0002,22.92,66.84,2
0.7243,-0.0111,22.98,66.84,2
0.7454,0.0211,22.94,66.84,2
0.7327,-0.0127,22.93,66.84,2
0.7109,-0.0218,22.92,66.84,2
0.7291,0.0182,22.97,66.84,2
0.7529,0.0237,22.98,66.84,2
0.7819,0.0291,23.07,66.84,2
0.8083,0.0263,23.16,66.85,2
0.7765,-0.0318,23.14,66.85,2
0.7877,0.0112,23.1,66.85,2
0.7697,-0.018,23.19,66.85,2
0.7767,0.007,23.21,66.85,2
0.7476,-0.0291,23.19,66.85,2
0.7509,0.0033,23.27,66.86,2
0.7103,-0.0406,23.21,66.85,2
0.6699,-0.0404,23.16,66.85,2
0.6954,0.0255,23.19,66.85,2
0.7111,0.0157,23.15,66.85,2
0.7513,0.0402,23.13,66.85,2
0.7723,0.021,23.05,66.85,2
0.7757,0.0033,23.06,66.85,2
0.7774,0.0017,23.07,66.85,2
0.7744,-0.003,23.18,66.85,2
0.7625,-0.0119,23.18,66.86,2
0.7501,-0.0124,23.19,66.86,2
0.7369,-0.0132,23.13,66.86,2
0.7477,0.0108,23.03,66.86,2
0.7542,0.0065,23.06,66.86,2
0.7399,-0.0143,23.07,66.86,2
0.7546,0.0147,23.09,66.86,2
0.7328,-0.0218,23.07,66.86,2
0.6875,-0.0453,23.08,66.85,2
0.6698,-0.0176,23.05,66.85,2
0.666,-0.0039,23.03,66.85,2
0.6958,0.0298,23.05,66.84,2
0.6991,0.0034,23.0,66.84,2
0.7148,0.0157,22.99,66.84,2
0.7347,0.0199,23.01,66.84,2
0.7547,0.02,23.05,66.84,2
0.7267,-0.028,23.06,66.84,2
0.7274,0.0007,23.01,66.84,2
0.7504,0.023,23.02,66.84,2
0.7267,-0.0237,22.98,66.84,2
0.7249,-0.0018,23.03,66.84,2
0.7279,0.0031,22.99,66.84,2
0.7447,0.0168,23.01,66.84,2
0.7193,-0.0254,22.94,66.84,2
0.7111,-0.0081,22.98,66.84,2
0.7188,0.0077,23.09,66.84,2
0.7189,0.0001,23.09,66.84,2
0.7363,0.0174,23.16,66.84,2
0.7531,0.0168,23.23,66.84,2
0.7265,-0.0265,23.16,66.84,2
0.7338,0.0072,23.04,66.84,2
0.7349,0.0011,23.0,66.84,2
0.766,0.0311,23.0,66.84,2
0.7818,0.0159,22.99,66.84,2
0.7105,-0.0714,23.01,66.84,2
0.7245,0.014,23.08,66.84,2
0.7244,-0.0001,23.04,66.84,2
0.7452,0.0208,23.0,66.84,2
0.7666,0.0213,23.03,66.84,2
0.784,0.0175,23.04,66.84,2
0.7863,0.0023,22.99,66.85,2
0.783,-0.0033,23.01,66.85,2
0.7417,-0.0413,22.89,66.85,2
0.7189,-0.0228,22.9,66.85,2
0.7326,0.0136,22.98,66.85,2
0.7201,-0.0125,23.01,66.85,2
0.7069,-0.0132,23.01,66.84,2
0.7112,0.0043,22.99,66.84,2
0.7334,0.0221,22.94,66.84,2
0.7439,0.0105,22.89,66.84,2
0.728,-0.0159,22.84,66.84,2
0.7516,0.0236,22.89,66.84,2
0.752,0.0004,22.98,66.84,2
0.7181,-0.0339,22.97,66.84,2
0.6852,-0.0329,22.93,66.84,2
0.68,-0.0052,22.95,66.84,2
0.6913,0.0113,22.98,66.84,2
0.6869,-0.0044,22.99,66.83,2
0.7052,0.0183,22.96,66.83,2
0.7294,0.0242,22.84,66.83,2
0.6778,-0.0516,22.85,66.83,2
0.7,0.0222,22.88,66.83,2
0.7073,0.0073,22.79,66.83,2
0.7278,0.0205,22.8,66.83,2
0.7158,-0.012,22.68,66.83,2
0.7216,0.0058,22.72,66.82,2
0.7451,0.0235,22.75,66.83,2
0.7631,0.018,22.86,66.83,2
0.7325,-0.0307,22.88,66.83,2
0.742,0.0096,22.91,66.83,2
0.7501,0.008,22.97,66.83,2
0.7667,0.0166,22.96,66.83,2
0.7071,-0.0596,22.97,66.83,2
0.6859,-0.0212,22.98,66.83,2
0.7028,0.0169,22.95,66.83,2
0.7236,0.0209,22.99,66.83,2
0.7037,-0.0199,22.96,66.82,2
0.6707,-0.0329,23.0,66.82,2
0.6688,-0.0019,23.02,66.82,2
0.6398,-0.029,22.98,66.81,2
0.6581,0.0183,22.99,66.81,2
0.6605,0.0024,22.96,66.81,2
0.6749,0.0144,22.95,66.8,2
0.6553,-0.0196,22.97,66.8,2
0.6792,0.0239,23.02,66.8,2
0.7166,0.0373,23.03,66.8,2
0.7247,0.0082,22.94,66.8,2
0.7328,0.0081,22.88,66.8,2
0.7404,0.0076,22.98,66.8,2
0.7579,0.0175,23.09,66.8,2
0.7014,-0.0565,23.13,66.8,2
0.6281,-0.0733,23.01,66.8,2
0.6394,0.0113,23.05,66.79,2
0.6816,0.0422,23.01,66.79,2
0.7105,0.0289,22.98,66.79,2
0.7332,0.0227,22.99,66.79,2
0.7069,-0.0262,22.96,66.79,2
0.7106,0.0037,23.02,66.79,2
0.7034,-0.0072,22.96,66.79,2
0.7183,0.0148,22.98,66.79,2
0.7194,0.0012,22.97,66.79,2
0.695,-0.0244,22.95,66.79,2
0.7004,0.0054,22.9,66.79,2
0.6753,-0.0251,22.87,66.79,2
0.6801,0.0048,22.87,66.79,2
0.6936,0.0134,22.91,66.78,2
0.6744,-0.0192,22.92,66.78,2
0.6616,-0.0128,22.95,66.78,2
0.6858,0.0242,22.94,66.78,2
0.686,0.0002,22.98,66.78,2
0.6633,-0.0227,23.04,66.77,2
0.6649,0.0017,23.05,66.77,2
0.6619,-0.0031,23.1,66.77,2
0.6677,0.0059,23.09,66.77,2
0.6896,0.0219,22.98,66.77,2
0.6496,-0.04,22.95,66.76,2
0.6699,0.0204,22.96,66.76,2
0.6497,-0.0203,22.95,66.76,2
0.6893,0.0397,22.91,66.76,2
0.6889,-0.0004,22.82,66.76,2
0.6712,-0.0177,22.81,66.76,2
0.6971,0.0259,22.76,66.76,2
0.7051,0.008,22.76,66.76,2
0.7153,0.0103,22.75,66.76,2
0.7312,0.0158,22.75,66.76,2
0.6871,-0.0441,22.77,66.76,2
0.6868,-0.0003,22.81,66.76,2
0.6815,-0.0053,22.82,66.76,2
0.6729,-0.0086,22.9,66.75,2
0.6426,-0.0304,22.96,66.75,2
0.6557,0.0131,22.98,66.75,2
0.6556,-0.0001,22.95,66.75,2
0.7018,0.0463,22.94,66.75,2
0.6425,-0.0593,23.03,66.74,2
0.6692,0.0267,23.07,66.74,2
0.6351,-0.0341,22.98,66.74,2
0.6205,-0.0147,23.02,66.74,2
0.6533,0.0328,22.99,66.73,2
0.636,-0.0173,22.93,66.73,2
0.6653,0.0293,22.99,66.73,2
0.6409,-0.0244,23.03,66.73,2
0.6599,0.019,22.94,66.73,2
0.6028,-0.0572,23.02,66.72,2
0.6073,0.0045,22.99,66.72,2
0.6415,0.0342,23.04,66.71,2
0.6439,0.0024,23.14,66.71,2
0.654,0.0101,23.14,66.71,2
0.6625,0.0084,23.07,66.71,2
0.6461,-0.0163,23.01,66.71,2
0.6447,-0.0014,22.93,66.71,2
0.616,-0.0287,22.92,66.7,2
0.6516,0.0356,22.9,66.7,2
0.6532,0.0016,22.91,66.7,2
0.6298,-0.0234,22.91,66.7,2
0.6495,0.0197,22.89,66.7,2
0.6732,0.0237,22.95,66.7,2
0.6197,-0.0536,22.93,66.69,2
0.6068,-0.0128,22.84,66.69,2
0.6301,0.0233,22.84,66.69,2
0.6311,0.001,22.85,66.69,2
0.6177,-0.0134,22.86,66.68,2
0.6137,-0.004,22.81,66.68,2
0.6093,-0.0044,22.88,66.68,2
0.6241,0.0148,22.88,66.67,2
0.6157,-0.0083,22.89,66.67,2
0.4431,-0.1727,23.19,66.7,1
0.4864,0.0433,23.5,66.73,1
0.499,0.0126,23.52,66.72,2
0.5351,0.0362,23.41,66.71,2
0.5521,0.017,23.27,66.71,2
0.5555,0.0034,23.15,66.7,2
0.5503,-0.0052,23.16,66.69,2
0.5745,0.0242,23.14,66.69,2
0.4101,-0.1644,23.3,66.71,1
0.495,0.0849,23.53,66.75,1
0.5243,0.0293,23.47,66.74,2
0.5489,0.0246,23.38,66.73,2
0.6031,0.0542,23.31,66.73,2
0.6094,0.0063,23.19,66.72,2
0.6129,0.0035,23.23,66.72,2
0.6025,-0.0104,23.13,66.71,2
0.6268,0.0243,23.03,66.71,2
0.5892,-0.0376,22.98,66.71,2
0.5612,-0.0279,22.97,66.7,2
0.589,0.0278,22.92,66.69,2
0.5827,-0.0064,22.89,66.69,2
0.5352,-0.0475,22.85,66.68,2
0.5253,-0.0098,22.82,66.68,2
0.5402,0.0149,22.81,66.67,2
0.5665,0.0263,22.75,66.66,2
0.5618,-0.0047,22.76,66.66,2
0.6048,0.043,22.72,66.66,2
0.6397,0.0349,22.73,66.65,2
0.6846,0.0449,22.81,66.66,2
0.6853,0.0007,22.81,66.66,2
0.5009,-0.1844,22.81,66.65,2
0.5471,0.0462,22.72,66.64,2
0.6037,0.0566,22.76,66.64,2
0.6642,0.0605,22.82,66.64,2
0.6205,-0.0437,22.76,66.64,2
0.6259,0.0055,22.84,66.64,2
0.5987,-0.0272,22.85,66.63,2
0.5932,-0.0055,22.77,66.63,2
0.6027,0.0095,22.82,66.63,2
0.6196,0.0169,22.78,66.63,2
0.657,0.0374,22.79,66.63,2
0.6627,0.0057,22.81,66.63,2
0.6663,0.0036,22.87,66.63,2
0.634,-0.0323,22.82,66.63,2
0.6592,0.0252,22.84,66.63,2
0.6462,-0.013,22.85,66.63,2
0.6336,-0.0126,22.86,66.63,2
0.6279,-0.0056,22.91,66.63,2
0.592,-0.0359,22.9,66.62,2
0.5907,-0.0013,22.84,66.62,2
0.5461,-0.0445,22.83,66.62,2
0.5262,-0.02,22.84,66.61,2
0.5524,0.0262,22.9,66.6,2
0.537,-0.0154,22.9,66.6,2
0.5076,-0.0294,22.89,66.59,2
0.5166,0.009,22.95,66.59,2
0.5184,0.0018,22.88,66.58,2
0.4938,-0.0246,22.84,66.57,2
0.5049,0.0111,22.84,66.57,2
0.5273,0.0224,22.85,66.56,2
0.5785,0.0513,22.73,66.56,2
0.5771,-0.0014,22.73,66.56,2
0.588,0.0108,22.65,66.56,2
0.5813,-0.0066,22.68,66.55,2
0.6077,0.0264,22.73,66.55,2
0.5916,-0.0161,22.73,66.55,2
0.5574,-0.0342,22.62,66.55,2
0.5437,-0.0137,22.56,66.55,2
0.5422,-0.0015,22.62,66.54,2
0.5685,0.0263,22.65,66.54,2
0.5868,0.0183,22.65,66.54,2
0.5891,0.0024,22.62,66.54,2
0.5767,-0.0125,22.54,66.53,2
0.5819,0.0053,22.58,66.53,2
0.6093,0.0274,22.56,66.53,2
0.5963,-0.013,22.55,66.53,2
0.586,-0.0103,22.49,66.53,2
0.5374,-0.0486,22.48,66.53,2
0.5328,-0.0046,22.46,66.52,2
0.537,0.0042,22.43,66.52,2
0.5251,-0.0119,22.53,66.52,2
0.5095,-0.0156,22.48,66.51,2
0.4937,-0.0158,22.47,66.5,2
0.4886,-0.005,22.5,66.5,2
0.5394,0.0507,22.4,66.5,2
0.5273,-0.0121,22.38,66.49,2
0.5359,0.0086,22.33,66.49,2
0.567,0.0311,22.37,66.49,2
0.5449,-0.0221,22.41,66.49,2
0.5449,0.0,22.43,66.48,2
0.5266,-0.0182,22.42,66.48,2
0.5503,0.0237,22.41,66.48,2
0.5908,0.0405,22.37,66.48,2
0.6133,0.0225,22.37,66.48,2
0.5842,-0.029,22.44,66.48,2
0.5582,-0.026,22.49,66.48,2
0.5405,-0.0177,22.49,66.47,2
0.5472,0.0066,22.56,66.47,2
0.5597,0.0126,22.61,66.47,2
0.4014,-0.1584,22.86,66.5,1
0.4358,0.0344,23.14,66.53,1
0.4766,0.0408,23.11,66.53,2
0.4681,-0.0085,23.05,66.52,2
0.4546,-0.0136,23.0,66.51,2
0.4704,0.0158,23.01,66.5,2
0.5019,0.0315,22.97,66.5,2
0.5029,0.0011,22.95,66.49,2
0.5163,0.0133,22.88,66.49,2
0.3639,-0.1524,23.16,66.52,1
0.4333,0.0694,23.4,66.55,1
0.4893,0.056,23.34,66.54,2
0.5287,0.0393,23.29,66.54,2
0.5054,-0.0232,23.28,66.53,2
0.5222,0.0167,23.18,66.53,2
0.5025,-0.0196,23.16,66.52,2
0.5331,0.0306,23.11,66.52,2
0.5501,0.017,22.97,66.52,2
0.5291,-0.021,22.92,66.51,2
0.3758,-0.1533,23.18,66.54,1
0.4169,0.0411,23.35,66.57,1
0.4576,0.0407,23.22,66.56,2
0.5011,0.0435,23.14,66.56,2
0.5167,0.0156,23.09,66.55,2
0.5586,0.042,23.06,66.55,2
0.5389,-0.0197,23.0,66.54,2
0.3837,-0.1552,23.21,66.57,1
0.4231,0.0394,23.41,66.6,1
0.477,0.0539,23.34,66.59,2
0.4623,-0.0147,23.26,66.59,2
0.5066,0.0442,23.12,66.58,2
0.4925,-0.0141,23.06,66.57,2
0.4868,-0.0057,23.0,66.57,2
0.5184,0.0316,22.98,66.56,2
0.5167,-0.0017,22.9,66.55,2
0.4907,-0.026,22.97,66.55,2
0.4822,-0.0085,22.94,66.54,2
0.5049,0.0227,22.93,66.54,2
0.4921,-0.0127,22.91,66.53,2
0.5159,0.0238,22.86,66.52,2
0.5774,0.0615,22.98,66.52,2
0.5579,-0.0195,22.97,66.52,2
0.572,0.0141,22.96,66.52,2
0.5925,0.0205,22.93,66.52,2
0.5926,0.0001,23.03,66.52,2
0.5715,-0.0211,22.98,66.52,2
0.5464,-0.025,22.96,66.51,2
0.5152,-0.0313,22.84,66.51,2
0.4834,-0.0318,22.78,66.5,2
0.5224,0.039,22.65,66.5,2
0.5212,-0.0012,22.63,66.49,2
0.3659,-0.1552,22.88,66.52,1
0.3883,0.0224,23.18,66.55,1
0.2729,-0.1154,23.63,66.6,0
0.3324,0.0595,24.11,66.66,0
0.3681,0.0357,24.27,66.68,1
0.4196,0.0515,24.44,66.71,1
0.4354,0.0158,24.56,66.74,1
0.5044,0.0691,24.37,66.73,2
0.5109,0.0065,24.29,66.72,2
0.3579,-0.153,24.36,66.74,1
0.4344,0.0765,24.44,66.77,1
0.4801,0.0457,24.27,66.76,2
0.4875,0.0074,24.07,66.75,2
0.3403,-0.1472,24.15,66.77,1
0.3526,0.0122,24.32,66.79,1
0.3786,0.0261,24.41,66.82,1
0.4188,0.0402,24.58,66.84,1
0.2839,-0.1349,24.63,66.86,1
0.3135,0.0296,24.72,66.88,1
0.3735,0.06,24.81,66.9,1
0.3952,0.0216,24.81,66.92,1
0.4289,0.0338,24.9,66.94,1
0.4073,-0.0216,25.03,66.96,1
0.4048,-0.0025,25.04,66.98,1
0.3934,-0.0114,25.09,67.0,1
0.3706,-0.0228,25.15,67.02,1
0.243,-0.1275,25.48,67.06,0
0.3428,0.0998,25.65,67.11,0
0.2345,-0.1083,25.84,67.15,0
0.3098,0.0753,25.87,67.16,1
0.3661,0.0563,25.93,67.18,1
0.4006,0.0345,25.95,67.19,1
0.4295,0.0289,25.89,67.21,1
0.4272,-0.0023,25.89,67.23,1
0.4379,0.0107,25.85,67.25,1
0.4238,-0.0141,25.85,67.26,1
0.4682,0.0444,25.56,67.24,2
0.4782,0.01,25.15,67.22,2
0.4728,-0.0054,24.86,67.2,2
0.4932,0.0204,24.63,67.18,2
0.5214,0.0282,24.56,67.16,2
0.4878,-0.0336,24.32,67.14,2
0.4901,0.0023,24.15,67.12,2
0.4586,-0.0315,24.03,67.11,2
0.4495,-0.0091,24.13,67.13,1
0.4694,0.0199,24.2,67.15,1
0.3247,-0.1447,24.23,67.16,1
0.393,0.0683,24.31,67.18,1
0.3906,-0.0023,24.48,67.19,1
0.2676,-0.1231,24.71,67.23,0
0.3346,0.067,25.0,67.27,0
0.3465,0.0119,25.09,67.29,1
0.3691,0.0226,25.15,67.3,1
0.351,-0.018,25.2,67.31,1
0.3391,-0.0119,25.29,67.32,1
0.3392,0.0001,25.38,67.33,1
0.2173,-0.1218,25.66,67.37,0
0.3091,0.0917,25.89,67.4,0
0.3793,0.0702,25.97,67.41,1
0.3803,0.0011,25.98,67.43,1
0.3753,-0.005,25.99,67.44,1
0.2494,-0.1258,26.19,67.47,0
0.1771,-0.0724,26.34,67.5,0
0.2956,0.1185,26.28,67.5,1
0.3503,0.0547,26.27,67.51,1
0.4071,0.0568,26.18,67.52,1
0.4254,0.0183,26.2,67.53,1
0.2906,-0.1349,26.15,67.54,1
0.2105,-0.08,26.38,67.57,0
0.2726,0.0621,26.54,67.6,0
0.1863,-0.0863,26.61,67.63,0
0.1353,-0.051,26.76,67.65,0
0.2809,0.1455,26.73,67.65,1
0.3753,0.0945,26.68,67.66,1
0.4418,0.0665,26.57,67.67,1
0.4608,0.019,26.23,67.64,2
0.4648,0.0039,25.89,67.61,2
0.4406,-0.0242,25.86,67.62,1
0.4413,0.0007,25.76,67.63,1
0.3027,-0.1386,25.66,67.63,1
0.3908,0.088,25.66,67.64,1
0.4097,0.0189,25.64,67.64,1
0.2835,-0.1262,25.69,67.64,1
0.323,0.0395,25.66,67.65,1
0.3622,0.0392,25.64,67.65,1
0.3777,0.0155,25.63,67.66,1
0.3969,0.0192,25.67,67.67,1
0.2698,-0.1271,25.98,67.7,0
0.1961,-0.0738,26.17,67.72,0
0.1506,-0.0454,26.36,67.74,0
0.2532,0.1026,26.64,67.77,0
0.1756,-0.0776,26.85,67.8,0
0.2472,0.0716,26.95,67.82,0
0.1647,-0.0824,27.19,67.84,0
0.2499,0.0852,27.24,67.87,0
0.3191,0.0691,27.14,67.87,1
0.3852,0.0661,26.98,67.87,1
0.2587,-0.1265,27.21,67.9,0
0.1844,-0.0743,27.36,67.92,0
0.2582,0.0738,27.53,67.94,0
0.3142,0.056,27.37,67.94,1
0.3173,0.0031,27.27,67.94,1
0.2048,-0.1124,27.37,67.96,0
0.2665,0.0616,27.45,67.98,0
0.3352,0.0687,27.33,67.98,1
0.4139,0.0787,27.25,67.98,1
0.4212,0.0073,27.23,67.98,1
0.2861,-0.135,27.17,67.98,1
0.3464,0.0602,27.05,67.97,1
0.3462,-0.0001,26.93,67.97,1
0.3414,-0.0049,26.87,67.97,1
0.3557,0.0143,26.79,67.97,1
0.3435,-0.0122,26.76,67.96,1
0.367,0.0235,26.7,67.96,1
0.2393,-0.1277,26.86,67.99,0
0.2963,0.0571,27.07,68.01,0
0.3391,0.0428,26.98,68.01,1
0.2237,-0.1154,26.81,68.0,1
0.2745,0.0509,26.95,68.02,0
0.3223,0.0477,27.09,68.05,0
0.3522,0.03,27.0,68.05,1
0.3615,0.0093,26.9,68.04,1
0.3535,-0.008,26.82,68.04,1
0.3718,0.0183,26.82,68.04,1
0.3676,-0.0042,26.75,68.03,1
0.3801,0.0125,26.63,68.03,1
0.2499,-0.1302,26.87,68.06,0
0.2851,0.0352,27.06,68.08,0
0.1877,-0.0974,27.17,68.1,0
0.1318,-0.0559,27.28,68.11,0
0.2379,0.1061,27.43,68.13,0
0.1581,-0.0799,27.42,68.15,0
0.2291,0.0711,27.43,68.16,0
0.2922,0.0631,27.25,68.16,1
0.187,-0.1052,27.18,68.14,1
0.1273,-0.0597,27.3,68.16,0
0.2517,0.1244,27.46,68.17,0
0.1671,-0.0846,27.5,68.19,0
0.1174,-0.0497,27.52,68.2,0
0.1915,0.0741,27.68,68.22,0
0.1201,-0.0714,27.79,68.23,0
0.0801,-0.04,27.81,68.24,0
0.2241,0.144,27.88,68.25,0
0.146,-0.0781,27.93,68.27,0
0.2081,0.0621,28.07,68.28,0
0.2712,0.0631,28.1,68.3,0
0.169,-0.1023,28.11,68.31,0
0.2617,0.0927,28.31,68.33,0
0.2909,0.0292,28.11,68.32,1
0.3364,0.0455,27.9,68.31,1
0.3381,0.0018,27.85,68.3,1
0.2154,-0.1228,27.89,68.31,0
0.1458,-0.0696,27.97,68.32,0
0.1043,-0.0415,28.01,68.33,0
0.2282,0.1238,28.1,68.35,0
0.3178,0.0897,27.93,68.34,1
0.334,0.0162,27.79,68.33,1
0.3881,0.0541,27.65,68.32,1
0.2574,-0.1307,27.74,68.34,0
0.2983,0.0409,27.91,68.35,0
0.1974,-0.1009,27.99,68.37,0
0.266,0.0686,28.07,68.38,0
0.2949,0.029,27.9,68.37,1
0.3358,0.0409,27.82,68.36,1
0.3871,0.0513,27.68,68.35,1
0.4119,0.0247,27.65,68.35,1
0.4394,0.0276,27.5,68.34,1
0.3002,-0.1392,27.38,68.33,1
0.3527,0.0525,27.35,68.32,1
0.2439,-0.1089,27.44,68.34,0
0.2886,0.0447,27.55,68.35,0
0.3632,0.0746,27.4,68.34,1
0.3826,0.0195,27.24,68.34,1
0.4157,0.0331,27.16,68.33,1
0.4692,0.0535,26.71,68.29,2
0.3231,-0.1461,26.23,68.24,2
0.2349,-0.0881,26.42,68.25,0
0.311,0.0761,26.51,68.28,0
0.3441,0.0331,26.48,68.27,1
0.3711,0.027,26.5,68.26,1
0.4181,0.047,26.53,68.26,1
0.4589,0.0408,26.14,68.21,2
0.3153,-0.1436,25.69,68.17,2
0.3615,0.0462,25.66,68.16,1
0.2501,-0.1115,25.53,68.15,1
0.3327,0.0826,25.52,68.14,1
0.3599,0.0273,25.52,68.14,1
0.3732,0.0133,25.62,68.13,1
0.3984,0.0252,25.66,68.13,1
0.2672,-0.1312,25.91,68.15,0
0.323,0.0558,26.06,68.17,0
0.374,0.051,26.09,68.17,1
0.3967,0.0227,26.09,68.17,1
0.4604,0.0637,25.77,68.13,2
0.4466,-0.0138,25.58,68.09,2
0.4261,-0.0205,25.58,68.09,1
0.2882,-0.1379,25.54,68.08,1
0.332,0.0438,25.63,68.07,1
0.3545,0.0225,25.69,68.07,1
0.384,0.0295,25.69,68.07,1
0.2588,-0.1252,25.89,68.09,0
0.3159,0.0571,26.19,68.11,0
0.3547,0.0388,26.2,68.11,1
0.3825,0.0278,26.23,68.11,1
0.2599,-0.1226,26.41,68.13,0
0.1888,-0.0711,26.69,68.14,0
0.2626,0.0738,26.81,68.16,0
0.3314,0.0688,26.7,68.16,1
0.2232,-0.1082,26.63,68.14,1
0.2852,0.0621,26.56,68.14,1
0.1914,-0.0938,26.82,68.15,0
0.2694,0.078,26.98,68.17,0
0.1793,-0.0901,27.04,68.19,0
0.2521,0.0728,27.18,68.21,0
0.2926,0.0406,27.04,68.2,1
0.3294,0.0367,26.91,68.19,1
0.2141,-0.1152,27.11,68.21,0
0.2689,0.0548,27.2,68.23,0
0.3055,0.0366,27.08,68.22,1
0.3191,0.0136,26.91,68.21,1
0.205,-0.1141,27.03,68.23,0
0.2537,0.0486,27.2,68.24,0
0.1635,-0.0901,27.32,68.26,0
0.223,0.0594,27.38,68.27,0
0.2636,0.0406,27.55,68.29,0
0.164,-0.0996,27.61,68.3,0
0.1092,-0.0548,27.72,68.31,0
0.1876,0.0785,27.72,68.33,0
0.1164,-0.0712,27.82,68.33,0
0.2198,0.1034,27.94,68.35,0
0.1389,-0.0809,27.93,68.36,0
0.0935,-0.0454,28.02,68.37,0
0.1968,0.1033,28.1,68.38,0
0.1241,-0.0727,28.14,68.39,0
0.0832,-0.0409,28.22,68.39,0
0.0591,-0.0241,28.23,68.4,0
0.199,0.1399,28.35,68.41,0
0.3098,0.1107,28.24,68.4,1
0.3615,0.0517,28.0,68.39,1
0.3757,0.0142,27.8,68.38,1
0.3899,0.0142,27.67,68.37,1
0.2601,-0.1298,27.77,68.39,0
0.1848,-0.0753,27.8,68.4,0
0.1385,-0.0463,27.87,68.41,0
0.2282,0.0897,27.95,68.42,0
0.1532,-0.075,28.0,68.43,0
0.2171,0.0639,28.07,68.44,0
0.2618,0.0448,28.16,68.46,0
0.3201,0.0583,27.9,68.44,1
0.3239,0.0038,27.68,68.43,1
0.3316,0.0076,27.53,68.42,1
0.2121,-0.1195,27.65,68.43,0
0.2728,0.0607,27.7,68.45,0
0.178,-0.0948,27.76,68.46,0
0.124,-0.0539,27.87,68.46,0
0.0917,-0.0324,27.99,68.47,0
0.071,-0.0207,28.0,68.47,0
0.0569,-0.0141,28.07,68.48,0
0.0467,-0.0102,28.11,68.48,0
0.1515,0.1048,28.14,68.49,0
0.093,-0.0585,28.14,68.49,0
0.1636,0.0706,28.18,68.5,0
0.2066,0.043,28.23,68.51,0
0.1182,-0.0884,28.19,68.52,0
0.0717,-0.0465,28.16,68.52,0
0.169,0.0973,28.33,68.53,0
0.1004,-0.0687,28.39,68.53,0
0.0634,-0.037,28.34,68.53,0
0.1652,0.1018,28.27,68.54,0
0.0985,-0.0666,28.32,68.55,0
0.1974,0.0989,28.26,68.55,0
0.2657,0.0683,28.34,68.57,0
0.3199,0.0542,28.13,68.55,1
0.2055,-0.1144,27.96,68.53,1
0.1408,-0.0646,27.99,68.54,0
0.2199,0.0791,28.03,68.55,0
0.1421,-0.0777,28.06,68.55,0
0.0981,-0.0441,28.04,68.56,0
0.0717,-0.0263,28.09,68.56,0
0.055,-0.0167,28.09,68.56,0
0.2137,0.1587,28.17,68.57,0
0.1416,-0.0721,28.17,68.58,0
0.0993,-0.0423,28.25,68.58,0
0.0732,-0.0262,28.34,68.58,0
0.0559,-0.0172,28.26,68.58,0
0.044,-0.012,28.29,68.58,0
0.1628,0.1188,28.23,68.59,0
0.1007,-0.0621,28.28,68.59,0
0.1862,0.0855,28.54,68.6,0
0.2581,0.0719,28.51,68.61,0
0.1594,-0.0986,28.48,68.62,0
0.1048,-0.0547,28.49,68.62,0
0.0731,-0.0317,28.5,68.62,0
0.0537,-0.0194,28.43,68.62,0
0.1586,0.1049,28.48,68.63,0
0.0964,-0.0622,28.47,68.63,0
0.1673,0.0709,28.59,68.64,0
0.0968,-0.0705,28.59,68.64,0
0.0593,-0.0375,28.59,68.64,0
0.1487,0.0894,28.58,68.64,0
0.2329,0.0842,28.58,68.65,0
0.2733,0.0405,28.67,68.66,0
0.2742,0.0009,28.67,68.67,0
0.1659,-0.1083,28.69,68.68,0
0.2123,0.0464,28.65,68.68,0
0.2444,0.0321,28.69,68.69,0
0.2692,0.0248,28.89,68.7,0
0.2873,0.0182,28.62,68.68,1
0.2967,0.0094,28.31,68.66,1
0.3348,0.0381,28.07,68.65,1
0.2132,-0.1215,28.17,68.66,0
0.1452,-0.068,28.18,68.66,0
0.1053,-0.0399,28.22,68.66,0
0.0804,-0.0249,28.28,68.66,0
0.0638,-0.0166,28.35,68.66,0
0.1596,0.0958,28.37,68.67,0
0.0994,-0.0602,28.41,68.67,0
0.0664,-0.033,28.47,68.67,0
0.1775,0.1111,28.48,68.67,0
0.2346,0.0571,28.53,68.68,0
0.1434,-0.0912,28.51,68.69,0
0.0936,-0.0497,28.51,68.69,0
0.0653,-0.0283,28.41,68.69,0
0.1883,0.123,28.39,68.69,0
0.2341,0.0457,28.45,68.7,0
0.2759,0.0418,28.51,68.71,0
0.3107,0.0348,28.22,68.69,1
0.1961,-0.1147,28.04,68.67,1
0.2397,0.0437,28.15,68.68,0
0.2863,0.0465,28.31,68.69,0
0.1802,-0.1061,28.26,68.69,0
0.1211,-0.0591,28.3,68.69,0
0.204,0.0829,28.27,68.7,0
0.2536,0.0497,28.32,68.71,0
0.2892,0.0356,28.1,68.69,1
0.1814,-0.1078,27.81,68.66,1
0.2268,0.0454,27.85,68.67,0
0.2793,0.0524,27.91,68.68,0
0.1747,-0.1045,27.95,68.69,0
0.2217,0.047,28.04,68.7,0
0.1369,-0.0848,28.15,68.7,0
0.0903,-0.0466,28.23,68.7,0
0.0635,-0.0268,28.23,68.7,0
0.0473,-0.0163,28.23,68.7,0
0.0368,-0.0105,28.29,68.69,0
0.0296,-0.0072,28.29,68.69,0
0.1568,0.1272,28.29,68.7,0
0.0963,-0.0605,28.33,68.7,0
0.168,0.0716,28.35,68.7,0
0.0978,-0.0702,28.32,68.7,0
0.1853,0.0875,28.37,68.71,0
0.1096,-0.0757,28.42,68.71,0
0.1787,0.0691,28.39,68.71,0
0.1038,-0.075,28.38,68.71,0
0.1762,0.0724,28.37,68.72,0
0.2429,0.0667,28.32,68.73,0
0.1449,-0.098,28.42,68.73,0
0.0915,-0.0534,28.48,68.73,0
0.0612,-0.0303,28.43,68.73,0
0.1681,0.107,28.41,68.73,0
0.2601,0.0919,28.54,68.74,0
0.2833,0.0233,28.33,68.72,1
0.3157,0.0323,28.07,68.7,1
0.3371,0.0215,27.93,68.68,1
0.2178,-0.1194,27.97,68.69,0
0.1508,-0.067,27.97,68.69,0
0.2337,0.0829,28.11,68.7,0
0.1543,-0.0794,28.12,68.71,0
0.234,0.0797,28.22,68.71,0
0.2898,0.0557,28.02,68.69,1
0.1873,-0.1024,27.84,68.67,1
0.1297,-0.0576,27.92,68.67,0
0.0956,-0.0341,28.0,68.67,0
0.2065,0.111,28.08,68.68,0
0.2725,0.066,28.21,68.69,0
0.3367,0.0642,28.07,68.67,1
0.2217,-0.1151,27.85,68.65,1
0.1557,-0.066,27.93,68.66,0
0.1157,-0.04,28.05,68.66,0
0.1949,0.0792,28.1,68.67,0
0.2715,0.0766,28.1,68.68,0
0.3241,0.0526,27.9,68.66,1
0.3521,0.028,27.74,68.64,1
0.3845,0.0324,27.56,68.63,1
0.4025,0.0179,27.43,68.62,1
0.3927,-0.0098,27.3,68.6,1
0.2636,-0.1291,27.47,68.62,0
0.1893,-0.0744,27.6,68.62,0
0.2538,0.0646,27.72,68.63,0
0.1722,-0.0816,27.8,68.64,0
0.235,0.0628,27.9,68.65,0
0.2699,0.0349,28.0,68.66,0
0.2957,0.0257,27.85,68.64,1
0.1872,-0.1085,27.7,68.62,1
0.1273,-0.0599,27.72,68.62,0
0.1951,0.0678,27.69,68.63,0
0.1232,-0.0719,27.78,68.63,0
0.1963,0.073,27.88,68.64,0
0.1211,-0.0752,27.96,68.64,0
0.1877,0.0666,28.04,68.65,0
0.113,-0.0747,28.16,68.65,0
0.0729,-0.0401,28.14,68.65,0
0.0505,-0.0224,28.27,68.65,0
0.1623,0.1119,28.27,68.66,0
0.2489,0.0866,28.31,68.67,0
0.1554,-0.0935,28.41,68.67,0
0.1035,-0.0519,28.3,68.67,0
0.2108,0.1073,28.33,68.68,0
0.2805,0.0697,28.17,68.66,1
0.2914,0.0109,27.98,68.64,1
0.1828,-0.1086,28.08,68.65,0
0.2475,0.0647,28.14,68.66,0
0.1575,-0.0901,28.18,68.66,0
0.1069,-0.0506,28.26,68.66,0
0.2095,0.1026,28.36,68.67,0
0.1343,-0.0752,28.43,68.67,0
0.0917,-0.0427,28.35,68.67,0
0.0662,-0.0255,28.36,68.67,0
0.1751,0.1089,28.28,68.68,0
0.1093,-0.0658,28.29,68.68,0
0.0726,-0.0367,28.26,68.68,0
0.1637,0.0911,28.33,68.69,0
0.0979,-0.0657,28.31,68.69,0
0.1723,0.0743,28.35,68.69,0
0.1001,-0.0721,28.38,68.69,0
0.0616,-0.0385,28.4,68.69,0
0.1753,0.1137,28.37,68.7,0
0.1061,-0.0693,28.39,68.7,0
0.2005,0.0944,28.38,68.71,0
0.1222,-0.0783,28.5,68.71,0
0.2088,0.0867,28.51,68.71,0
0.1278,-0.081,28.42,68.72,0
0.0827,-0.045,28.4,68.72,0
0.2016,0.1189,28.55,68.72,0
0.2631,0.0615,28.57,68.73,0
0.1637,-0.0994,28.64,68.73,0
0.1078,-0.0559,28.56,68.73,0
0.2049,0.0971,28.54,68.74,0
0.277,0.0721,28.54,68.75,0
0.296,0.0189,28.35,68.73,1
0.1855,-0.1104,28.1,68.7,1
0.1239,-0.0616,28.15,68.71,0
0.2279,0.104,28.23,68.71,0
0.2663,0.0384,28.25,68.72,0
0.1678,-0.0984,28.26,68.73,0
0.2554,0.0876,28.3,68.73,0
0.277,0.0216,28.35,68.74,0
0.1736,-0.1034,28.38,68.75,0
0.1161,-0.0575,28.36,68.75,0
0.2451,0.129,28.4,68.76,0
0.2917,0.0466,28.16,68.73,1
0.1876,-0.1041,27.9,68.71,1
0.1282,-0.0594,28.04,68.71,0
0.2175,0.0893,28.14,68.72,0
0.2848,0.0673,27.96,68.7,1
0.1845,-0.1004,27.86,68.67,1
0.1277,-0.0567,28.03,68.68,0
0.2239,0.0962,28.1,68.68,0
0.2958,0.0719,27.94,68.66,1
0.1929,-0.103,27.72,68.64,1
0.1341,-0.0588,27.77,68.65,0
0.0987,-0.0354,27.86,68.65,0
0.2035,0.1048,28.02,68.65,0
0.2485,0.045,28.2,68.66,0
0.1556,-0.0929,28.25,68.67,0
0.2068,0.0511,28.29,68.68,0
0.2623,0.0555,28.3,68.68,0
0.1615,-0.1008,28.32,68.69,0
0.2336,0.072,28.34,68.7,0
0.281,0.0474,28.12,68.68,1
0.3028,0.0218,27.9,68.66,1
0.3363,0.0335,27.68,68.64,1
0.2152,-0.1211,27.81,68.65,0
0.2893,0.0741,27.89,68.66,0
0.3419,0.0526,27.76,68.65,1
0.2259,-0.116,27.52,68.62,1
0.1587,-0.0672,27.69,68.63,0
0.1176,-0.0411,27.77,68.63,0
0.1959,0.0783,27.91,68.64,0
0.1264,-0.0694,27.92,68.64,0
0.0872,-0.0392,28.02,68.64,0
0.1914,0.1042,28.1,68.65,0
0.1211,-0.0702,28.13,68.65,0
0.0818,-0.0393,28.2,68.66,0
0.1762,0.0944,28.25,68.66,0
0.2484,0.0723,28.32,68.67,0
0.1546,-0.0939,28.35,68.67,0
0.1027,-0.0518,28.43,68.68,0
0.0728,-0.0299,28.45,68.68,0
0.1645,0.0917,28.52,68.68,0
0.2381,0.0736,28.63,68.69,0
0.3202,0.0822,28.41,68.67,1
0.3782,0.058,28.26,68.66,1
0.3951,0.0169,28.17,68.64,1
0.3718,-0.0233,27.96,68.63,1
0.3882,0.0164,27.75,68.62,1
0.4155,0.0272,27.69,68.6,1
0.3892,-0.0263,27.62,68.59,1
0.2588,-0.1304,27.68,68.6,0
0.1837,-0.0751,27.81,68.61,0
0.2405,0.0567,28.02,68.62,0
0.2943,0.0539,27.8,68.6,1
0.3392,0.0449,27.62,68.59,1
0.2245,-0.1147,27.66,68.6,0
0.1592,-0.0653,27.7,68.6,0
0.1198,-0.0394,27.86,68.61,0
0.1995,0.0797,27.84,68.61,0
0.2469,0.0474,27.95,68.62,0
0.2813,0.0344,27.81,68.61,1
0.177,-0.1043,27.67,68.58,1
0.1197,-0.0573,27.75,68.59,0
0.1967,0.077,27.82,68.6,0
0.2454,0.0487,27.95,68.61,0
0.1518,-0.0936,28.01,68.61,0
0.1007,-0.0511,28.07,68.61,0
0.2016,0.1009,28.07,68.62,0
0.128,-0.0736,28.1,68.63,0
0.0869,-0.0411,28.15,68.63,0
0.0627,-0.0241,28.13,68.63,0
0.1927,0.13,28.15,68.64,0
0.255,0.0623,28.3,68.65,0
0.1622,-0.0929,28.29,68.65,0
0.1105,-0.0517,28.3,68.65,0
0.0803,-0.0302,28.31,68.65,0
0.0616,-0.0187,28.33,68.65,0
0.0492,-0.0124,28.37,68.65,0
0.0404,-0.0088,28.41,68.65,0
0.1364,0.096,28.48,68.66,0
0.2367,0.1003,28.52,68.66,0
0.295,0.0584,28.25,68.65,1
0.3375,0.0425,28.01,68.63,1
0.3708,0.0333,27.89,68.62,1
0.3834,0.0126,27.82,68.6,1
0.2577,-0.1258,27.94,68.61,0
0.3606,0.1029,27.97,68.63,0
0.2518,-0.1088,28.11,68.64,0
0.1864,-0.0655,28.01,68.65,0
0.1445,-0.0419,28.13,68.65,0
0.2184,0.0739,28.2,68.66,0
0.2776,0.0592,28.2,68.67,0
0.3303,0.0527,28.0,68.65,1
0.3442,0.0139,27.88,68.64,1
0.3442,-0.0,27.73,68.62,1
0.3502,0.006,27.53,68.61,1
0.397,0.0468,27.35,68.59,1
0.3818,-0.0152,27.22,68.58,1
0.2523,-0.1295,27.38,68.59,0
0.3529,0.1006,27.46,68.61,0
0.2428,-0.1101,27.59,68.62,0
0.1766,-0.0662,27.71,68.62,0
0.1344,-0.0422,27.78,68.63,0
0.1059,-0.0286,27.93,68.63,0
0.0854,-0.0204,28.01,68.63,0
0.1926,0.1072,28.0,68.64,0
0.2527,0.06,28.08,68.65,0
0.1618,-0.0909,28.2,68.65,0
0.2712,0.1094,28.41,68.67,0
0.1797,-0.0916,28.42,68.67,0
0.2467,0.067,28.58,68.68,0
0.1603,-0.0864,28.51,68.68,0
0.111,-0.0493,28.69,68.69,0
0.1888,0.0779,28.69,68.69,0
0.1184,-0.0704,28.73,68.69,0
0.0794,-0.0391,28.75,68.69,0
0.1766,0.0973,28.77,68.7,0
0.1087,-0.068,28.73,68.7,0
0.0713,-0.0374,28.71,68.7,0
0.0499,-0.0215,28.71,68.7,0
0.1619,0.112,28.75,68.7,0
0.0985,-0.0634,28.71,68.7,0
0.0637,-0.0347,28.72,68.7,0
0.1814,0.1176,28.81,68.71,0
0.2504,0.0691,28.8,68.72,0
0.2971,0.0467,28.58,68.7,1
0.3129,0.0158,28.37,68.68,1
0.3536,0.0407,28.12,68.66,1
0.3447,-0.009,27.98,68.65,1
0.3364,-0.0083,27.77,68.63,1
0.2153,-0.1211,27.81,68.64,0
0.2551,0.0398,27.96,68.65,0
0.286,0.0309,27.73,68.63,1
0.3077,0.0217,27.6,68.61,1
0.1952,-0.1125,27.75,68.62,0
0.2752,0.0801,27.88,68.63,0
0.3465,0.0713,27.7,68.62,1
0.3798,0.0333,27.46,68.6,1
0.385,0.0052,27.3,68.59,1
0.422,0.037,27.16,68.58,1
0.2856,-0.1364,27.03,68.56,1
0.2053,-0.0803,27.17,68.57,0
0.1552,-0.0501,27.31,68.58,0
0.2269,0.0717,27.5,68.59,0
0.1524,-0.0745,27.6,68.59,0
0.2418,0.0893,27.69,68.6,0
0.2912,0.0494,27.59,68.59,1
0.1886,-0.1026,27.4,68.56,1
0.1307,-0.058,27.56,68.57,0
0.0962,-0.0345,27.67,68.57,0
0.0743,-0.0218,27.75,68.57,0
0.1646,0.0902,27.86,68.58,0
0.2191,0.0545,27.85,68.59,0
0.2684,0.0493,27.92,68.6,0
0.1648,-0.1036,27.93,68.61,0
0.2106,0.0458,28.06,68.62,0
0.1277,-0.0829,28.21,68.62,0
0.1952,0.0675,28.3,68.63,0
0.2622,0.067,28.39,68.64,0
0.1619,-0.1003,28.28,68.64,0
0.209,0.0472,28.33,68.65,0
0.249,0.0399,28.36,68.66,0
0.1499,-0.099,28.34,68.67,0
0.2011,0.0512,28.41,68.67,0
0.2295,0.0284,28.47,68.68,0
0.2772,0.0477,28.58,68.69,0
0.1681,-0.1091,28.74,68.69,0
0.2384,0.0704,28.8,68.7,0
0.2993,0.0609,28.52,68.68,1
0.3547,0.0554,28.4,68.67,1
0.2306,-0.1241,28.51,68.68,0
0.2765,0.0459,28.56,68.69,0
0.1795,-0.097,28.51,68.69,0
0.2612,0.0817,28.62,68.7,0
0.3225,0.0613,28.35,68.68,1
0.362,0.0394,28.09,68.67,1
0.3803,0.0183,27.92,68.65,1
0.3922,0.0119,27.72,68.64,1
0.2624,-0.1298,27.8,68.65,0
0.3471,0.0848,27.89,68.66,0
0.239,-0.1081,27.98,68.67,0
0.2968,0.0577,27.73,68.65,1
0.3297,0.033,27.6,68.64,1
0.3626,0.0328,27.38,68.62,1
0.3693,0.0068,27.24,68.61,1
0.3884,0.0191,27.22,68.6,1
0.3649,-0.0235,27.12,68.58,1
0.3732,0.0083,27.09,68.57,1
0.2451,-0.1281,27.3,68.58,0
0.1719,-0.0733,27.35,68.59,0
0.2301,0.0583,27.5,68.6,0
0.1512,-0.0789,27.51,68.6,0
0.1063,-0.0449,27.62,68.61,0
0.2069,0.1006,27.7,68.61,0
0.2827,0.0758,27.48,68.6,1
0.3626,0.0799,27.3,68.58,1
0.2413,-0.1212,27.43,68.59,0
0.3407,0.0994,27.48,68.61,0
0.3771,0.0364,27.33,68.59,1
0.4078,0.0307,27.2,68.58,1
0.4245,0.0167,27.14,68.57,1
0.4478,0.0233,27.01,68.56,1
0.3077,-0.14,26.91,68.55,1
0.2243,-0.0834,27.02,68.56,0
0.3091,0.0848,27.2,68.57,0
0.341,0.0319,27.16,68.56,1
0.3585,0.0175,27.01,68.54,1
0.2397,-0.1188,27.22,68.56,0
0.2837,0.0439,27.37,68.57,0
0.3334,0.0498,27.28,68.55,1
0.3765,0.0431,27.24,68.54,1
0.391,0.0145,27.12,68.53,1
0.4018,0.0108,27.09,68.52,1
0.4024,0.0006,26.98,68.51,1
0.2714,-0.131,27.16,68.52,0
0.338,0.0665,27.29,68.54,0
0.3445,0.0065,27.17,68.53,1
0.3884,0.044,27.05,68.51,1
0.4202,0.0317,26.89,68.51,1
0.4447,0.0246,26.82,68.5,1
0.4389,-0.0058,26.65,68.49,1
0.4386,-0.0003,26.64,68.48,1
0.4672,0.0287,26.27,68.44,2
0.5206,0.0533,25.92,68.39,2
0.5107,-0.0099,25.71,68.35,2
0.5042,-0.0065,25.41,68.31,2
0.488,-0.0162,25.11,68.27,2
0.3412,-0.1468,25.18,68.26,1
0.3551,0.014,25.2,68.25,1
0.3698,0.0147,25.27,68.24,1
0.3867,0.0169,25.32,68.24,1
0.3982,0.0115,25.39,68.23,1
0.4137,0.0155,25.38,68.23,1
0.458,0.0443,25.21,68.19,2
0.4767,0.0187,24.96,68.15,2
0.4468,-0.0299,25.11,68.15,1
0.306,-0.1408,25.07,68.14,1
0.345,0.039,25.16,68.13,1
0.37,0.0251,25.13,68.13,1
0.4177,0.0477,25.14,68.13,1
0.4606,0.0429,24.75,68.09,2
0.4574,-0.0032,24.44,68.05,2
0.3163,-0.1411,24.58,68.05,1
0.377,0.0607,24.64,68.04,1
0.4111,0.0341,24.77,68.04,1
0.4418,0.0307,24.95,68.04,1
0.4522,0.0103,24.78,68.01,2
0.4341,-0.0181,24.6,67.97,2
0.4133,-0.0208,24.73,67.97,1
0.4325,0.0193,24.81,67.97,1
0.467,0.0344,24.68,67.93,2
0.4588,-0.0082,24.47,67.9,2
0.4521,-0.0067,24.32,67.86,2
0.3107,-0.1414,24.46,67.86,1
0.3992,0.0885,24.55,67.86,1
0.4011,0.0018,24.68,67.87,1
0.2754,-0.1257,25.02,67.89,0
0.3154,0.04,25.26,67.92,0
0.2148,-0.1005,25.5,67.94,0
0.2779,0.0631,25.66,67.97,0
0.1862,-0.0918,25.96,67.99,0
0.2527,0.0665,26.27,68.01,0
0.3192,0.0665,26.23,68.01,1
0.3296,0.0103,26.2,68.0,1
0.3493,0.0197,26.15,68.0,1
0.2266,-0.1227,26.35,68.02,0
0.1567,-0.0699,26.54,68.04,0
0.1148,-0.0419,26.73,68.06,0
0.2131,0.0983,26.85,68.07,0
0.2765,0.0634,27.02,68.1,0
0.3018,0.0253,26.98,68.09,1
0.3541,0.0523,26.97,68.09,1
0.3895,0.0354,26.92,68.08,1
0.4289,0.0394,26.87,68.08,1
0.4218,-0.0071,26.86,68.08,1
0.41,-0.0117,26.71,68.08,1
0.4328,0.0228,26.55,68.08,1
0.4402,0.0074,26.58,68.08,1
0.4152,-0.025,26.53,68.08,1
0.3992,-0.016,26.44,68.08,1
0.4219,0.0227,26.46,68.08,1
0.4789,0.0571,26.17,68.04,2
0.4942,0.0153,25.72,68.01,2
0.4639,-0.0303,25.39,67.97,2
0.4777,0.0138,25.06,67.93,2
0.4876,0.0099,24.75,67.9,2
0.5032,0.0157,24.55,67.87,2
0.5452,0.0419,24.35,67.84,2
0.5029,-0.0422,24.18,67.8,2
0.5137,0.0107,23.97,67.77,2
0.5491,0.0355,23.82,67.75,2
0.5194,-0.0297,23.62,67.72,2
0.5164,-0.003,23.57,67.69,2
0.4962,-0.0202,23.51,67.66,2
0.4918,-0.0044,23.52,67.63,2
0.4877,-0.0041,23.35,67.6,2
0.5037,0.0159,23.28,67.58,2
0.5295,0.0258,23.14,67.55,2
0.5621,0.0326,23.11,67.53,2
0.5817,0.0197,23.07,67.51,2
0.5523,-0.0295,23.04,67.48,2
0.5677,0.0155,22.95,67.46,2
0.5289,-0.0388,22.97,67.44,2
0.5209,-0.008,22.97,67.42,2
0.5478,0.0269,22.92,67.4,2
0.5299,-0.0179,22.89,67.37,2
0.515,-0.0149,22.77,67.35,2
0.4823,-0.0327,22.72,67.33,2
0.3345,-0.1478,23.02,67.34,1
0.368,0.0334,23.23,67.35,1
0.4307,0.0627,23.51,67.37,1
0.4691,0.0384,23.39,67.34,2
0.5376,0.0686,23.31,67.32,2
0.5047,-0.0329,23.29,67.3,2
0.5142,0.0094,23.19,67.28,2
0.5041,-0.0101,23.13,67.26,2
0.5007,-0.0034,23.18,67.24,2
0.4979,-0.0028,23.14,67.22,2
0.4829,-0.015,23.07,67.2,2
0.4749,-0.0079,23.01,67.18,2
0.5093,0.0344,23.04,67.16,2
0.4716,-0.0377,22.96,67.14,2
0.4376,-0.034,23.26,67.16,1
0.4565,0.0189,23.4,67.18,1
0.4678,0.0113,23.35,67.16,2
0.3241,-0.1437,23.14,67.13,2
0.4006,0.0765,23.32,67.15,1
0.3994,-0.0012,23.42,67.17,1
0.4193,0.0199,23.63,67.19,1
0.4657,0.0464,23.6,67.16,2
0.4597,-0.0061,23.49,67.14,2
0.5217,0.062,23.41,67.13,2
0.546,0.0243,23.31,67.11,2
0.5182,-0.0278,23.21,67.1,2
0.5001,-0.0181,23.15,67.08,2
0.3501,-0.15,23.4,67.1,1
0.4466,0.0965,23.62,67.12,1
0.4971,0.0505,23.49,67.1,2
0.3546,-0.1425,23.4,67.07,2
0.2659,-0.0887,23.8,67.12,0
0.4047,0.1388,24.25,67.16,0
0.4742,0.0694,24.05,67.14,2
0.491,0.0168,23.97,67.13,2
0.5353,0.0443,23.84,67.11,2
0.5084,-0.0269,23.78,67.09,2
0.4907,-0.0177,23.73,67.08,2
0.4691,-0.0215,23.66,67.06,2
0.4757,0.0065,23.52,67.04,2
0.4576,-0.0181,23.4,67.02,2
0.4358,-0.0218,23.6,67.04,1
0.4387,0.003,23.83,67.06,1
0.474,0.0353,23.67,67.05,2
0.3277,-0.1463,23.48,67.02,2
0.3698,0.0421,23.73,67.04,1
0.3923,0.0225,23.91,67.06,1
0.4226,0.0303,24.06,67.08,1
0.4598,0.0372,23.97,67.06,2
0.4652,0.0054,23.82,67.04,2
0.525,0.0598,23.71,67.03,2
0.5103,-0.0147,23.57,67.01,2
0.5235,0.0132,23.48,67.0,2
0.5652,0.0417,23.42,66.99,2
0.5732,0.008,23.24,66.98,2
0.5737,0.0005,23.17,66.97,2
0.5492,-0.0245,23.13,66.95,2
0.5279,-0.0213,23.07,66.94,2
0.57,0.0421,23.02,66.93,2
0.6016,0.0316,23.01,66.92,2
0.6289,0.0273,22.99,66.92,2
0.5972,-0.0316,22.99,66.91,2
0.573,-0.0243,22.9,66.9,2
0.6168,0.0438,22.76,66.89,2
0.635,0.0182,22.79,66.88,2
0.6041,-0.0309,22.82,66.88,2
0.4392,-0.1649,23.03,66.9,1
0.5182,0.079,23.19,66.93,1
0.585,0.0668,23.23,66.92,2
0.5948,0.0097,22.97,66.91,2
0.5649,-0.0298,22.82,66.9,2
0.6033,0.0383,22.83,66.89,2
0.5931,-0.0102,22.87,66.88,2
0.5592,-0.0339,22.9,66.88,2
0.5631,0.0038,22.84,66.87,2
0.5713,0.0082,22.86,66.86,2
0.5854,0.0141,22.8,66.85,2
0.4233,-0.1621,23.07,66.87,1
0.4971,0.0738,23.31,66.9,1
0.4962,-0.0009,23.17,66.89,2
0.5599,0.0636,23.17,66.88,2
0.6313,0.0715,23.08,66.87,2
0.673,0.0417,23.01,66.87,2
0.6607,-0.0123,22.99,66.86,2
0.6524,-0.0083,23.05,66.86,2
0.6789,0.0264,23.02,66.86,2
0.6794,0.0005,22.94,66.85,2
0.6515,-0.0278,22.98,66.85,2
0.6139,-0.0376,22.9,66.84,2
0.5952,-0.0188,22.83,66.83,2
0.5612,-0.0339,22.81,66.83,2
0.5727,0.0115,22.87,66.82,2
0.5717,-0.001,22.88,66.81,2
0.5726,0.0009,22.85,66.8,2
0.5844,0.0118,22.76,66.8,2
0.6005,0.0161,22.8,66.79,2
0.5972,-0.0033,22.75,66.78,2
0.6068,0.0097,22.74,66.78,2
0.6129,0.0061,22.79,66.77,2
0.6243,0.0114,22.79,66.77,2
0.636,0.0117,22.85,66.77,2
0.607,-0.029,22.82,66.76,2
0.5932,-0.0138,22.9,66.76,2
0.5894,-0.0037,22.87,66.75,2
0.6031,0.0137,22.86,66.75,2
0.6152,0.0121,22.9,66.74,2
0.6132,-0.002,22.89,66.74,2
0.6089,-0.0043,22.86,66.73,2
0.595,-0.0139,22.84,66.73,2
0.5887,-0.0063,22.78,66.72,2
0.6284,0.0397,22.78,66.72,2
0.6307,0.0023,22.85,66.72,2
0.6107,-0.02,22.87,66.71,2
0.6337,0.023,22.89,66.71,2
0.638,0.0043,22.89,66.71,2
0.6563,0.0183,22.84,66.71,2
0.6624,0.0061,22.92,66.71,2
0.6399,-0.0225,22.93,66.7,2
0.6071,-0.0328,22.87,66.7,2
0.6362,0.0291,22.89,66.7,2
0.6124,-0.0238,22.9,66.69,2
0.5558,-0.0565,22.82,66.69,2
0.5448,-0.0111,22.72,66.68,2
0.57,0.0252,22.67,66.68,2
0.5808,0.0108,22.61,66.67,2
0.5541,-0.0267,22.52,66.67,2
0.5398,-0.0143,22.59,66.66,2
0.5412,0.0014,22.54,66.65,2
0.5869,0.0457,22.52,66.65,2
0.5903,0.0034,22.5,66.65,2
0.6009,0.0106,22.62,66.64,2
0.6194,0.0185,22.63,66.64,2
0.6633,0.0439,22.56,66.64,2
0.6759,0.0126,22.63,66.64,2
0.6801,0.0043,22.71,66.64,2
0.6951,0.015,22.67,66.65,2
0.6866,-0.0085,22.61,66.65,2
0.6927,0.0061,22.52,66.65,2
0.6893,-0.0034,22.51,66.65,2
0.6856,-0.0037,22.55,66.65,2
0.7172,0.0316,22.63,66.65,2
0.6711,-0.0461,22.69,66.66,2
0.676,0.0049,22.64,66.66,2
0.6805,0.0045,22.64,66.66,2
0.6715,-0.0091,22.68,66.66,2
0.6926,0.0211,22.76,66.66,2
0.7225,0.0298,22.78,66.66,2
0.532,-0.1905,22.81,66.66,2
0.5807,0.0487,22.86,66.65,2
0.567,-0.0136,22.92,66.65,2
0.5964,0.0294,22.9,66.64,2
0.5838,-0.0126,22.88,66.64,2
0.6121,0.0283,22.89,66.64,2
0.622,0.0099,22.89,66.64,2
0.5897,-0.0323,22.89,66.63,2
0.6028,0.0131,22.87,66.63,2
0.6041,0.0013,22.89,66.63,2
0.6337,0.0296,22.85,66.63,2
0.6619,0.0282,22.78,66.63,2
0.7033,0.0414,22.7,66.63,2
0.6829,-0.0203,22.71,66.63,2
0.6691,-0.0138,22.82,66.63,2
0.6969,0.0278,22.84,66.63,2
0.6598,-0.0371,22.8,66.63,2
0.6051,-0.0547,22.85,66.63,2
0.6253,0.0202,22.83,66.63,2
0.6623,0.037,22.88,66.63,2
0.6934,0.0312,22.82,66.63,2
0.6367,-0.0567,22.85,66.63,2
0.6496,0.0129,22.85,66.63,2
0.4702,-0.1794,22.9,66.62,2
0.5432,0.073,22.81,66.62,2
0.5794,0.0363,22.77,66.61,2
0.5694,-0.0101,22.73,66.61,2
0.5672,-0.0022,22.7,66.61,2
0.5357,-0.0314,22.68,66.6,2
0.5358,0.0,22.58,66.6,2
0.5757,0.0399,22.58,66.59,2
0.5999,0.0242,22.51,66.59,2
0.5705,-0.0294,22.47,66.59,2
0.5731,0.0026,22.48,66.58,2
0.5689,-0.0042,22.56,66.58,2
0.6029,0.034,22.61,66.58,2
0.5832,-0.0197,22.63,66.58,2
0.5682,-0.0149,22.63,66.57,2
0.5649,-0.0033,22.67,66.57,2
0.6103,0.0454,22.75,66.57,2
0.605,-0.0052,22.76,66.57,2
0.6121,0.007,22.83,66.57,2
0.6464,0.0343,22.89,66.57,2
0.6452,-0.0011,22.88,66.57,2
0.6613,0.0161,23.0,66.57,2
0.6651,0.0037,22.95,66.57,2
0.6706,0.0055,22.92,66.58,2
0.6481,-0.0224,22.89,66.58,2
0.6334,-0.0147,22.94,66.58,2
0.5933,-0.0401,23.01,66.57,2
0.5823,-0.011,23.02,66.57,2
0.6051,0.0228,23.06,66.57,2
0.599,-0.0062,22.96,66.57,2
0.639,0.04,22.91,66.57,2
0.6295,-0.0095,22.92,66.57,2
0.6621,0.0326,22.92,66.57,2
0.6846,0.0225,22.91,66.58,2
0.6596,-0.025,22.92,66.58,2
0.6832,0.0236,22.9,66.58,2
0.6898,0.0066,22.91,66.58,2
0.7265,0.0368,22.95,66.59,2
0.7651,0.0386,22.86,66.59,2
0.7891,0.0239,22.86,66.6,2
0.8166,0.0275,22.97,66.61,2
0.8157,-0.0009,23.02,66.62,2
0.7799,-0.0358,22.97,66.62,2
0.7415,-0.0383,22.83,66.63,2
0.7385,-0.003,22.94,66.63,2
0.7359,-0.0026,22.83,66.64,2
0.713,-0.0229,22.82,66.64,2
0.7303,0.0173,22.77,66.64,2
0.7387,0.0084,22.81,66.65,2
0.7541,0.0154,22.76,66.65,2
0.7746,0.0205,22.79,66.66,2
0.7977,0.0231,22.79,66.67,2
0.7386,-0.059,22.81,66.67,2
0.7373,-0.0014,22.8,66.67,2
0.7197,-0.0176,22.85,66.68,2
0.6783,-0.0413,22.87,66.68,2
0.6812,0.0029,22.85,66.68,2
0.6324,-0.0488,22.88,66.67,2
0.6612,0.0288,22.86,66.67,2
0.6931,0.0319,22.81,66.68,2
0.7059,0.0127,22.81,66.68,2
0.7432,0.0373,22.85,66.68,2
0.7671,0.0239,22.81,66.69,2
0.7646,-0.0025,22.86,66.69,2
0.7354,-0.0292,22.83,66.69,2
0.6718,-0.0636,22.74,66.69,2
0.63,-0.0418,22.66,66.69,2
0.5694,-0.0606,22.54,66.68,2
0.5342,-0.0352,22.54,66.68,2
0.5288,-0.0054,22.6,66.67,2
0.5591,0.0303,22.56,66.67,2
0.5856,0.0266,22.58,66.66,2
0.5671,-0.0186,22.54,66.66,2
0.5513,-0.0157,22.52,66.65,2
0.5583,0.0069,22.63,66.65,2
0.5847,0.0265,22.58,66.64,2
0.5916,0.0069,22.59,66.64,2
0.5795,-0.0121,22.63,66.63,2
0.5729,-0.0066,22.64,66.63,2
0.5897,0.0168,22.57,66.63,2
0.6316,0.0419,22.55,66.63,2
0.6442,0.0126,22.58,66.63,2
0.642,-0.0022,22.59,66.63,2
0.6357,-0.0063,22.59,66.63,2
0.6516,0.016,22.69,66.63,2
0.6584,0.0067,22.72,66.63,2
0.6637,0.0053,22.74,66.63,2
0.6986,0.0349,22.77,66.63,2
0.7288,0.0302,22.71,66.63,2
0.732,0.0032,22.67,66.64,2
0.7227,-0.0093,22.75,66.64,2
0.7186,-0.0041,22.73,66.64,2
0.7212,0.0027,22.76,66.65,2
0.7308,0.0096,22.73,66.65,2
0.7468,0.016,22.75,66.65,2
0.7771,0.0303,22.7,66.66,2
0.7764,-0.0007,22.72,66.67,2
0.8064,0.0299,22.71,66.67,2
0.7843,-0.022,22.77,66.68,2
0.7416,-0.0427,22.79,66.68,2
0.7143,-0.0273,22.82,66.68,2
0.6687,-0.0457,22.89,66.68,2
0.6878,0.0192,22.89,66.68,2
0.7103,0.0225,22.89,66.69,2
0.7227,0.0124,22.87,66.69,2
0.7395,0.0167,22.83,66.69,2
0.7685,0.0291,22.88,66.7,2
0.7658,-0.0027,22.92,66.7,2
0.7049,-0.0609,22.99,66.7,2
0.7139,0.0091,23.01,66.7,2
0.711,-0.0029,23.06,66.71,2
0.6621,-0.0489,23.03,66.7,2
0.6834,0.0213,23.04,66.7,2
0.6638,-0.0196,23.06,66.7,2
0.6443,-0.0195,22.99,66.7,2
0.6575,0.0132,22.98,66.7,2
0.6414,-0.0161,22.98,66.7,2
0.6706,0.0292,23.01,66.7,2
0.6952,0.0246,22.97,66.7,2
0.7247,0.0295,22.95,66.7,2
0.7349,0.0102,22.96,66.7,2
0.7377,0.0028,22.97,66.71,2
0.7462,0.0084,22.97,66.71,2
0.7196,-0.0266,23.03,66.71,2
0.7246,0.005,23.0,66.71,2
0.7363,0.0118,22.96,66.72,2
0.7593,0.023,22.94,66.72,2
0.774,0.0146,22.95,66.72,2
0.7898,0.0159,23.06,66.73,2
0.7867,-0.0031,23.02,66.73,2
0.771,-0.0158,23.05,66.74,2
0.7768,0.0058,23.13,66.74,2
0.7752,-0.0015,23.14,66.75,2
0.7739,-0.0014,23.16,66.75,2
0.7295,-0.0444,23.17,66.75,2
0.7094,-0.02,23.16,66.75,2
0.6819,-0.0275,23.16,66.75,2
0.7111,0.0292,23.11,66.75,2
0.666,-0.0451,23.16,66.75,2
0.6487,-0.0173,23.06,66.75,2
0.6821,0.0334,23.05,66.75,2
0.6665,-0.0156,22.95,66.74,2
0.6852,0.0187,22.92,66.74,2
0.7204,0.0352,22.96,66.74,2
0.7032,-0.0172,22.95,66.75,2
0.7031,-0.0001,22.99,66.75,2
0.6813,-0.0218,22.96,66.74,2
0.6857,0.0044,22.93,66.74,2
0.7107,0.025,22.94,66.74,2
0.7079,-0.0028,23.04,66.75,2
0.7255,0.0176,23.09,66.75,2
0.744,0.0185,23.14,66.75,2
0.6888,-0.0552,23.21,66.75,2
0.7059,0.0171,23.28,66.75,2
0.6738,-0.0322,23.22,66.75,2
0.6687,-0.0051,23.23,66.75,2
0.675,0.0063,23.16,66.74,2
0.7074,0.0324,23.15,66.75,2
0.7032,-0.0041,23.04,66.75,2
0.7226,0.0193,23.02,66.75,2
0.7601,0.0375,23.03,66.75,2
0.7594,-0.0007,23.12,66.75,2
0.7519,-0.0074,23.12,66.76,2
0.7562,0.0042,23.03,66.76,2
0.7449,-0.0112,23.08,66.76,2
0.7552,0.0103,23.04,66.76,2
0.7189,-0.0362,23.07,66.76,2
0.6988,-0.0201,23.08,66.76,2
0.6946,-0.0042,23.02,66.76,2
0.7153,0.0207,22.88,66.76,2
0.6989,-0.0164,22.88,66.76,2
0.7183,0.0194,22.86,66.76,2
0.6906,-0.0277,22.8,66.76,2
0.7145,0.024,22.86,66.76,2
0.6713,-0.0433,22.91,66.76,2
0.6629,-0.0084,22.93,66.76,2
0.6932,0.0303,22.96,66.76,2
0.665,-0.0282,23.0,66.76,2
0.6726,0.0075,23.06,66.76,2
0.6803,0.0078,23.11,66.75,2
0.708,0.0277,23.11,66.75,2
0.6625,-0.0455,23.05,66.75,2
0.6906,0.0281,23.08,66.75,2
0.6755,-0.0151,23.18,66.75,2
0.6889,0.0134,23.13,66.75,2
0.6859,-0.003,23.06,66.75,2
0.6848,-0.0011,23.05,66.75,2
0.6595,-0.0254,23.01,66.75,2
0.6709,0.0115,22.94,66.75,2
0.7012,0.0303,23.03,66.75,2
0.7254,0.0242,23.01,66.75,2
0.7313,0.0059,23.01,66.75,2
0.7467,0.0154,23.02,66.75,2
0.7366,-0.0101,23.03,66.75,2
0.7453,0.0087,23.08,66.75,2
0.7324,-0.0129,23.01,66.76,2
0.7413,0.0088,23.0,66.76,2
0.7062,-0.0351,22.99,66.76,2
0.6919,-0.0142,23.03,66.76,2
0.7159,0.024,23.01,66.76,2
0.7326,0.0167,23.02,66.76,2
0.725,-0.0076,23.04,66.76,2
0.7341,0.009,23.09,66.76,2
0.7469,0.0128,23.18,66.76,2
0.7413,-0.0056,23.22,66.77,2
0.7488,0.0075,23.2,66.77,2
0.7599,0.0111,23.24,66.77,2
0.7657,0.0058,23.2,66.77,2
0.7876,0.0219,23.13,66.78,2
0.7791,-0.0084,23.09,66.78,2
0.7569,-0.0222,23.04,66.78,2
0.7661,0.0092,23.12,66.79,2
0.7106,-0.0555,23.08,66.79,2
0.6986,-0.0121,23.0,66.79,2
0.7167,0.0181,22.99,66.79,2
0.7136,-0.003,22.93,66.79,2
0.7207,0.007,22.99,66.79,2
0.7463,0.0256,23.06,66.79,2
0.7776,0.0314,23.06,66.79,2
0.7789,0.0013,23.09,66.79,2
0.7719,-0.007,23.0,66.8,2
0.7617,-0.0102,23.04,66.8,2
0.7669,0.0052,23.06,66.8,2
0.7761,0.0092,23.06,66.8,2
0.7572,-0.0189,23.04,66.81,2
0.7707,0.0136,23.15,66.81,2
0.7848,0.014,22.99,66.81,2
0.7716,-0.0131,22.95,66.81,2
0.7213,-0.0503,22.92,66.81,2
0.7381,0.0168,22.92,66.81,2
0.7525,0.0144,23.0,66.81,2
0.7747,0.0222,22.89,66.82,2
0.7724,-0.0024,22.87,66.82,2
0.7909,0.0185,22.83,66.82,2
0.7939,0.0029,22.85,66.83,2
0.7852,-0.0087,22.84,66.83,2
0.8051,0.0199,22.93,66.83,2
0.7973,-0.0078,22.95,66.84,2
0.7928,-0.0045,23.03,66.84,2
0.8103,0.0175,23.09,66.84,2
0.7704,-0.0399,23.09,66.84,2
0.7553,-0.0151,23.01,66.84,2
0.7557,0.0004,22.97,66.85,2
0.7117,-0.044,22.9,66.84,2
0.7291,0.0174,22.93,66.84,2
0.6971,-0.032,22.91,66.84,2
0.676,-0.0211,22.96,66.84,2
0.6726,-0.0034,22.99,66.84,2
0.7019,0.0293,23.0,66.83,2
0.7377,0.0357,22.98,66.83,2
0.7225,-0.0152,22.97,66.83,2
0.7221,-0.0003,22.9,66.83,2
0.7313,0.0092,22.95,66.83,2
0.7483,0.017,22.9,66.83,2
0.7508,0.0024,22.95,66.83,2
0.7234,-0.0274,22.95,66.83,2
0.706,-0.0174,22.89,66.83,2
0.7084,0.0024,22.93,66.83,2
0.7386,0.0302,22.87,66.83,2
0.7744,0.0358,22.85,66.83,2
0.793,0.0186,22.78,66.84,2
0.8108,0.0178,22.83,66.84,2
0.784,-0.0267,22.92,66.84,2
0.7654,-0.0186,22.92,66.84,2
0.7775,0.0121,22.85,66.85,2
0.7946,0.0171,22.78,66.85,2
0.759,-0.0356,22.78,66.85,2
0.7504,-0.0086,22.76,66.85,2
0.7619,0.0115,22.84,66.85,2
0.7761,0.0142,22.86,66.85,2
0.7416,-0.0345,22.89,66.85,2
0.7619,0.0203,22.88,66.85,2
0.7749,0.013,22.82,66.86,2
0.7643,-0.0106,22.78,66.86,2
0.7794,0.0152,22.83,66.86,2
0.7795,0.0,22.78,66.86,2
0.7869,0.0074,22.77,66.86,2
0.7917,0.0048,22.76,66.87,2
0.7605,-0.0312,22.75,66.87,2
0.7744,0.0139,22.76,66.87,2
0.7975,0.0231,22.75,66.87,2
0.796,-0.0014,22.83,66.87,2
0.7947,-0.0013,22.86,66.87,2
0.793,-0.0018,22.94,66.88,2
0.8016,0.0086,22.9,66.88,2
0.7555,-0.0461,22.98,66.88,2
0.736,-0.0195,22.99,66.88,2
0.7515,0.0156,23.01,66.88,2
0.7343,-0.0172,22.96,66.88,2
0.7414,0.0071,22.99,66.88,2
0.7565,0.0151,23.02,66.88,2
0.7813,0.0247,23.01,66.88,2
0.7976,0.0163,23.06,66.88,2
0.8066,0.0091,23.07,66.88,2
0.8176,0.011,23.1,66.89,2
0.8163,-0.0013,23.1,66.89,2
0.8285,0.0122,23.04,66.89,2
0.8231,-0.0054,23.04,66.9,2
0.8183,-0.0048,23.02,66.9,2
0.8171,-0.0012,23.02,66.9,2
0.794,-0.0231,23.02,66.9,2
0.7629,-0.0311,23.01,66.9,2
0.7733,0.0104,23.04,66.91,2
0.7669,-0.0065,23.08,66.91,2
0.7719,0.0051,23.05,66.91,2
0.7745,0.0026,22.98,66.91,2
0.7524,-0.0221,22.94,66.91,2
0.7724,0.02,22.92,66.91,2
0.7781,0.0057,22.89,66.91,2
0.7982,0.0201,22.97,66.91,2
0.8203,0.0222,22.97,66.91,2
0.7995,-0.0208,23.06,66.91,2
0.7953,-0.0042,23.04,66.92,2
0.7638,-0.0315,23.09,66.92,2
0.743,-0.0208,23.11,66.91,2
0.7659,0.023,23.02,66.91,2
0.7968,0.0309,23.04,66.92,2
0.7577,-0.0391,22.97,66.92,2
0.7746,0.0169,22.99,66.92,2
0.7646,-0.0101,23.0,66.92,2
0.7565,-0.0081,22.97,66.92,2
0.7737,0.0172,22.98,66.92,2
0.7456,-0.0281,22.94,66.91,2
0.7261,-0.0195,22.9,66.91,2
0.7367,0.0106,22.9,66.91,2
0.7245,-0.0122,22.95,66.91,2
0.7205,-0.004,22.96,66.91,2
0.709,-0.0115,22.94,66.9,2
0.7048,-0.0043,23.01,66.9,2
0.7046,-0.0002,22.95,66.9,2
0.6962,-0.0084,23.01,66.9,2
0.7261,0.0299,23.0,66.89,2
0.7095,-0.0166,22.98,66.89,2
0.7065,-0.003,23.05,66.89,2
0.728,0.0214,23.06,66.89,2
0.6863,-0.0417,23.02,66.88,2
0.708,0.0217,22.93,66.88,2
0.7223,0.0142,22.88,66.88,2
0.7309,0.0087,22.93,66.88,2
0.7537,0.0228,22.93,66.88,2
0.7643,0.0106,22.85,66.88,2
0.7564,-0.0079,22.85,66.88,2
0.6925,-0.0639,22.88,66.88,2
0.6993,0.0067,22.97,66.87,2
0.6543,-0.0449,23.02,66.87,2
0.6815,0.0272,23.02,66.87,2
0.7114,0.0299,23.01,66.86,2
0.7518,0.0404,23.04,66.87,2
0.7808,0.029,23.03,66.87,2
0.7931,0.0123,23.11,66.87,2
0.7652,-0.028,23.11,66.87,2
0.7469,-0.0183,23.04,66.87,2
0.7395,-0.0074,23.02,66.87,2
0.7424,0.0029,22.95,66.87,2
0.7288,-0.0136,22.96,66.87,2
0.7408,0.012,22.98,66.87,2
0.7521,0.0113,22.94,66.87,2
0.764,0.0119,23.0,66.87,2
0.767,0.0029,22.95,66.87,2
0.7069,-0.0601,22.88,66.87,2
0.7181,0.0112,22.91,66.87,2
0.7338,0.0157,22.86,66.87,2
0.7417,0.0079,22.82,66.87,2
0.7192,-0.0226,22.81,66.86,2
0.6969,-0.0222,22.81,66.86,2
0.6601,-0.0369,22.84,66.86,2
0.6903,0.0302,22.79,66.85,2
0.6854,-0.0049,22.9,66.85,2
0.6955,0.0101,22.9,66.85,2
0.6892,-0.0063,22.9,66.85,2
0.6841,-0.0051,22.88,66.84,2
0.6814,-0.0027,22.88,66.84,2
0.7085,0.0272,22.85,66.84,2
0.7069,-0.0016,22.86,66.84,2
0.7051,-0.0018,22.89,66.84,2
0.7176,0.0125,22.9,66.84,2
0.7342,0.0166,23.01,66.84,2
0.7106,-0.0235,22.99,66.84,2
0.667,-0.0437,23.04,66.83,2
0.6883,0.0213,22.91,66.83,2
0.6832,-0.0051,22.96,66.83,2
0.6927,0.0095,22.96,66.83,2
0.6895,-0.0031,22.97,66.82,2
0.6755,-0.014,22.98,66.82,2
0.6759,0.0004,23.03,66.82,2
0.6907,0.0148,22.99,66.82,2
0.7217,0.031,22.94,66.82,2
0.7422,0.0205,23.01,66.82,2
0.7705,0.0283,23.01,66.82,2
0.7362,-0.0344,23.01,66.82,2
0.7188,-0.0173,22.98,66.82,2
0.7178,-0.001,22.94,66.82,2
0.6964,-0.0214,23.02,66.82,2
0.7058,0.0094,23.05,66.82,2
0.7232,0.0174,23.05,66.82,2
0.6772,-0.046,23.05,66.81,2
0.6739,-0.0033,23.07,66.81,2
0.6524,-0.0215,23.0,66.81,2
0.6627,0.0103,22.92,66.8,2
0.6988,0.0361,22.88,66.8,2
0.6954,-0.0034,22.82,66.8,2
0.6907,-0.0047,22.88,66.8,2
0.7056,0.0149,22.92,66.8,2
0.7099,0.0043,22.93,66.8,2
0.7243,0.0144,22.94,66.8,2
0.7485,0.0242,23.06,66.8,2
0.7099,-0.0387,22.98,66.8,2
0.734,0.0241,23.0,66.8,2
0.7385,0.0045,22.95,66.8,2
0.771,0.0325,22.99,66.8,2
0.7943,0.0233,23.08,66.81,2
0.7903,-0.0039,23.07,66.81,2
0.7994,0.0091,23.07,66.81,2
0.8114,0.012,23.18,66.82,2
0.8066,-0.0048,23.12,66.82,2
0.7506,-0.0559,23.06,66.82,2
0.7654,0.0148,23.1,66.83,2
0.7653,-0.0001,23.04,66.83,2
0.7779,0.0126,23.1,66.83,2
0.788,0.0101,23.09,66.83,2
0.7474,-0.0406,23.12,66.83,2
0.7389,-0.0084,23.29,66.83,2
0.6938,-0.0451,23.34,66.83,2
0.6711,-0.0227,23.29,66.83,2
0.6878,0.0167,23.29,66.83,2
0.7272,0.0394,23.29,66.83,2
0.7348,0.0076,23.28,66.83,2
0.7302,-0.0047,23.32,66.83,2
0.752,0.0218,23.26,66.83,2
0.7837,0.0318,23.25,66.83,2
0.7736,-0.0101,23.18,66.83,2
0.7939,0.0203,23.17,66.84,2
0.7769,-0.017,23.24,66.84,2
0.7443,-0.0326,23.28,66.84,2
0.74,-0.0043,23.28,66.84,2
0.7565,0.0164,23.22,66.84,2
0.7319,-0.0246,23.21,66.84,2
0.7204,-0.0115,23.18,66.84,2
0.6993,-0.0212,23.14,66.84,2
0.6911,-0.0082,23.14,66.83,2
0.6845,-0.0066,23.1,66.83,2
0.6349,-0.0496,23.06,66.83,2
0.6191,-0.0158,23.1,66.82,2
0.64,0.0209,23.13,66.82,2
0.673,0.033,22.97,66.81,2
0.6568,-0.0162,22.98,66.81,2
0.4786,-0.1783,22.87,66.8,2
0.5571,0.0786,22.77,66.79,2
0.6235,0.0664,22.78,66.79,2
0.6428,0.0193,22.8,66.78,2
0.6741,0.0312,22.84,66.78,2
0.6623,-0.0117,22.9,66.78,2
0.6848,0.0224,22.93,66.78,2
0.6848,0.0,22.96,66.78,2
0.6845,-0.0003,22.86,66.77,2
0.6715,-0.013,22.99,66.77,2
0.6845,0.0131,22.94,66.77,2
0.6781,-0.0065,22.88,66.77,2
0.6629,-0.0152,22.93,66.77,2
0.6705,0.0076,22.91,66.77,2
0.6549,-0.0156,22.89,66.76,2
0.6778,0.023,22.85,66.76,2
0.7126,0.0348,22.84,66.76,2
0.7217,0.0091,22.8,66.76,2
0.7177,-0.004,22.83,66.76,2
0.748,0.0302,22.87,66.77,2
0.7569,0.0089,22.92,66.77,2
0.6988,-0.0581,22.93,66.77,2
0.6839,-0.0149,22.87,66.77,2
0.6639,-0.02,22.88,66.76,2
0.6526,-0.0113,22.9,66.76,2
0.6755,0.0229,22.86,66.76,2
0.6604,-0.015,22.78,66.76,2
0.6493,-0.0112,22.76,66.76,2
0.679,0.0297,22.74,66.75,2
0.7158,0.0368,22.78,66.75,2
0.7494,0.0336,22.78,66.76,2
0.724,-0.0254,22.76,66.76,2
0.7413,0.0174,22.73,66.76,2
0.7595,0.0181,22.77,66.76,2
0.7526,-0.0069,22.88,66.77,2
0.7679,0.0154,22.83,66.77,2
0.7385,-0.0294,22.86,66.77,2
0.7288,-0.0097,22.95,66.77,2
0.7163,-0.0125,22.91,66.77,2
0.7296,0.0133,22.95,66.77,2
0.711,-0.0186,22.84,66.77,2
0.6903,-0.0207,22.86,66.77,2
0.6732,-0.0171,22.73,66.77,2
0.6902,0.017,22.7,66.77,2
0.7226,0.0324,22.7,66.77,2
0.7289,0.0063,22.87,66.77,2
0.739,0.0101,22.91,66.77,2
0.7021,-0.0369,22.95,66.77,2
0.7112,0.0091,22.97,66.77,2
0.6767,-0.0345,23.09,66.77,2
0.6828,0.0061,23.12,66.77,2
0.7167,0.0339,23.12,66.77,2
0.6605,-0.0562,23.14,66.77,2
0.6843,0.0238,23.17,66.77,2
0.6774,-0.007,23.04,66.76,2
0.6736,-0.0038,23.05,66.76,2
0.6459,-0.0277,22.94,66.76,2
0.6158,-0.03,22.96,66.76,2
0.6514,0.0356,22.96,66.75,2
0.7038,0.0524,22.99,66.75,2
0.7242,0.0204,22.92,66.75,2
0.7411,0.0169,22.97,66.76,2
0.7705,0.0294,22.95,66.76,2
0.7418,-0.0287,23.0,66.76,2
0.7054,-0.0365,23.02,66.76,2
0.7074,0.0021,23.05,66.76,2
0.6645,-0.0429,23.04,66.76,2
0.6889,0.0244,23.05,66.76,2
0.6757,-0.0132,23.02,66.76,2
0.6676,-0.0081,22.95,66.76,2
0.6797,0.0121,22.96,66.75,2
0.7034,0.0237,23.03,66.75,2
0.6996,-0.0038,23.08,66.75,2
0.7016,0.0019,23.03,66.75,2
0.6841,-0.0175,22.95,66.75,2
0.7194,0.0353,23.03,66.75,2
0.7154,-0.004,23.07,66.76,2
0.7153,-0.0001,23.0,66.76,2
0.6944,-0.0209,23.1,66.76,2
0.6654,-0.029,23.06,66.75,2
0.67,0.0046,23.01,66.75,2
0.6849,0.0148,23.03,66.75,2
0.6269,-0.058,23.09,66.75,2
0.6319,0.0051,23.06,66.74,2
0.6354,0.0035,23.12,66.74,2
0.622,-0.0134,23.06,66.74,2
0.6543,0.0323,23.0,66.74,2
0.6646,0.0103,23.04,66.73,2
0.6721,0.0075,23.07,66.73,2
0.6486,-0.0235,23.0,66.73,2
0.6517,0.0031,22.97,66.73,2
0.6495,-0.0023,22.92,66.73,2
0.6825,0.033,22.91,66.73,2
0.6977,0.0153,22.92,66.73,2
0.7121,0.0144,22.86,66.73,2
0.7319,0.0197,22.94,66.73,2
0.7327,0.0008,22.93,66.73,2
0.7309,-0.0018,22.96,66.73,2
0.7071,-0.0237,22.95,66.73,2
0.7107,0.0036,23.0,66.74,2
0.6799,-0.0308,22.98,66.73,2
0.6265,-0.0535,22.97,66.73,2
0.6077,-0.0188,22.94,66.73,2
0.6454,0.0377,23.02,66.72,2
0.6182,-0.0272,22.97,66.72,2
0.6272,0.009,22.98,66.72,2
0.6637,0.0366,22.9,66.72,2
0.6643,0.0006,22.88,66.72,2
0.6534,-0.0109,22.89,66.71,2
0.6708,0.0174,22.84,66.71,2
0.6828,0.012,22.86,66.71,2
0.7244,0.0416,22.79,66.72,2
0.7165,-0.008,22.78,66.72,2
0.7245,0.0081,22.72,66.72,2
0.7133,-0.0112,22.76,66.72,2
0.6939,-0.0194,22.83,66.72,2
0.6475,-0.0464,22.81,66.72,2
0.6239,-0.0236,22.88,66.71,2
0.6194,-0.0045,22.95,66.71,2
0.6386,0.0192,22.87,66.71,2
0.6385,-0.0001,22.83,66.71,2
0.6357,-0.0028,22.79,66.7,2
0.5942,-0.0415,22.75,66.7,2
0.5876,-0.0066,22.7,66.7,2
0.5964,0.0087,22.69,66.69,2
0.5884,-0.0079,22.66,66.69,2
0.53,-0.0585,22.64,66.68,2
0.5739,0.0439,22.59,66.68,2
0.5838,0.0099,22.5,66.67,2
0.5891,0.0053,22.55,66.67,2
0.5977,0.0086,22.51,66.66,2
0.5814,-0.0164,22.55,66.66,2
0.5771,-0.0043,22.57,66.65,2
0.5965,0.0195,22.58,66.65,2
0.6,0.0034,22.59,66.65,2
0.6036,0.0037,22.6,66.65,2
0.5876,-0.0161,22.68,66.64,2
0.5871,-0.0004,22.64,66.64,2
0.5935,0.0064,22.62,66.64,2
0.5806,-0.013,22.64,66.63,2
0.6134,0.0329,22.66,66.63,2
0.6216,0.0081,22.69,66.63,2
0.6595,0.0379,22.74,66.63,2
0.6157,-0.0437,22.78,66.63,2
0.643,0.0273,22.77,66.63,2
0.6758,0.0328,22.79,66.63,2
0.6647,-0.011,22.65,66.63,2
0.6661,0.0013,22.69,66.63,2
0.642,-0.0241,22.67,66.63,2
0.5999,-0.0421,22.67,66.63,2
0.62,0.02,22.71,66.62,2
0.628,0.008,22.72,66.62,2
0.6426,0.0146,22.8,66.62,2
0.6226,-0.02,22.8,66.62,2
0.609,-0.0135,22.75,66.62,2
0.5903,-0.0188,22.85,66.62,2
0.6273,0.037,22.8,66.62,2
0.6656,0.0383,22.77,66.62,2
0.4852,-0.1804,22.64,66.61,2
0.5071,0.0219,22.67,66.6,2
0.5207,0.0136,22.63,66.6,2
0.548,0.0272,22.65,66.59,2
0.6012,0.0533,22.66,66.59,2
0.5797,-0.0215,22.6,66.59,2
0.621,0.0413,22.62,66.59,2
0.5827,-0.0383,22.75,66.58,2
0.5644,-0.0183,22.76,66.58,2
0.6072,0.0428,22.78,66.58,2
0.6261,0.0189,22.78,66.58,2
0.6068,-0.0194,22.77,66.58,2
0.6434,0.0367,22.75,66.58,2
0.6367,-0.0067,22.76,66.58,2
0.6665,0.0298,22.7,66.58,2
0.6891,0.0226,22.67,66.58,2
0.7146,0.0254,22.68,66.59,2
0.7339,0.0193,22.71,66.59,2
0.7491,0.0152,22.8,66.6,2
0.7468,-0.0023,22.88,66.6,2
0.7478,0.001,22.87,66.61,2
0.7383,-0.0095,22.89,66.61,2
0.7485,0.0102,22.89,66.62,2
0.7248,-0.0237,22.95,66.62,2
0.7166,-0.0082,22.95,66.63,2
0.6816,-0.035,22.97,66.63,2
0.6772,-0.0044,22.95,66.63,2
0.6716,-0.0057,22.93,66.63,2
0.6931,0.0215,22.99,66.63,2
0.6902,-0.0029,23.03,66.63,2
0.6897,-0.0004,23.01,66.64,2
0.7138,0.0241,22.86,66.64,2
0.6785,-0.0353,22.85,66.64,2
0.655,-0.0235,22.84,66.64,2
0.6438,-0.0112,22.82,66.64,2
0.6161,-0.0276,22.74,66.64,2
0.6028,-0.0133,22.6,66.63,2
0.6146,0.0118,22.66,66.63,2
0.66,0.0454,22.69,66.63,2
0.6684,0.0085,22.71,66.63,2
0.6387,-0.0298,22.71,66.63,2
0.6441,0.0055,22.67,66.63,2
0.6413,-0.0029,22.62,66.63,2
0.6641,0.0228,22.65,66.63,2
0.6427,-0.0214,22.66,66.63,2
0.6311,-0.0116,22.65,66.63,2
0.6118,-0.0194,22.63,66.63,2
0.5863,-0.0254,22.63,66.63,2
0.6135,0.0271,22.65,66.62,2
0.4448,-0.1686,22.93,66.65,1
0.4535,0.0087,23.27,66.68,1
0.481,0.0275,23.19,66.67,2
0.4856,0.0046,23.12,66.66,2
0.5101,0.0245,23.05,66.66,2
0.5317,0.0215,23.05,66.65,2
0.5501,0.0184,23.02,66.64,2
0.5503,0.0002,23.08,66.64,2
0.5648,0.0145,22.96,66.63,2
0.5951,0.0302,23.09,66.63,2
0.6294,0.0343,23.12,66.63,2
0.6213,-0.008,23.04,66.63,2
0.6063,-0.0151,22.95,66.63,2
0.6172,0.011,22.93,66.62,2
0.6116,-0.0056,22.84,66.62,2
0.6031,-0.0085,22.71,66.62,2
0.6137,0.0106,22.64,66.62,2
0.6135,-0.0002,22.68,66.62,2
0.5738,-0.0398,22.67,66.61,2
0.5979,0.0241,22.61,66.61,2
0.6095,0.0116,22.6,66.61,2
0.6232,0.0136,22.58,66.61,2
0.6103,-0.0128,22.61,66.61,2
0.6452,0.0349,22.61,66.61,2
0.5989,-0.0464,22.64,66.6,2
0.564,-0.0349,22.71,66.6,2
0.5445,-0.0194,22.64,66.6,2
0.545,0.0005,22.75,66.59,2
0.5416,-0.0034,22.76,66.59,2
0.5183,-0.0233,22.7,66.58,2
0.5056,-0.0127,22.82,66.57,2
0.5217,0.0161,22.89,66.57,2
0.5063,-0.0154,22.9,66.56,2
0.4945,-0.0119,22.86,66.56,2
0.5332,0.0388,22.8,66.55,2
0.5571,0.0238,22.81,66.55,2
0.548,-0.0091,22.82,66.55,2
0.5231,-0.0249,22.79,66.54,2
0.4967,-0.0264,22.74,66.53,2
0.5358,0.0391,22.74,66.53,2
0.4871,-0.0487,22.6,66.52,2
0.4638,-0.0232,22.53,66.52,2
0.4658,0.002,22.47,66.51,2
0.4529,-0.013,22.52,66.5,2
0.4832,0.0303,22.5,66.5,2
0.4676,-0.0156,22.46,66.49,2
0.5067,0.0391,22.47,66.49,2
0.5114,0.0047,22.49,66.48,2
0.5141,0.0027,22.47,66.48,2
0.5219,0.0079,22.52,66.47,2
0.4971,-0.0248,22.51,66.47,2
0.4955,-0.0016,22.51,66.46,2
0.5159,0.0205,22.56,66.46,2
0.5225,0.0066,22.58,66.46,2
0.5295,0.007,22.61,66.46,2
0.5377,0.0082,22.72,66.45,2
0.5533,0.0155,22.7,66.45,2
0.5245,-0.0288,22.73,66.45,2
0.5191,-0.0054,22.71,66.45,2
0.5271,0.008,22.62,66.44,2
0.5661,0.0391,22.63,66.44,2
0.5657,-0.0005,22.63,66.44,2
0.5711,0.0054,22.62,66.44,2
0.5749,0.0038,22.56,66.44,2
0.5879,0.013,22.54,66.44,2
0.5888,0.0009,22.54,66.44,2
0.5499,-0.0389,22.48,66.44,2
0.5054,-0.0445,22.49,66.44,2
0.4785,-0.0269,22.52,66.43,2
0.5311,0.0526,22.53,66.43,2
0.5269,-0.0042,22.5,66.43,2
0.5208,-0.0061,22.54,66.43,2
0.5138,-0.007,22.49,66.42,2
0.526,0.0122,22.5,66.42,2
0.4945,-0.0315,22.48,66.42,2
0.4773,-0.0172,22.49,66.41,2
0.3338,-0.1435,22.81,66.44,1
0.4003,0.0665,23.01,66.47,1
0.2849,-0.1154,23.23,66.5,1
0.3166,0.0317,23.48,66.52,1
0.4077,0.091,23.62,66.55,1
0.4022,-0.0054,23.8,66.58,1
0.4133,0.011,23.92,66.61,1
0.4388,0.0255,24.01,66.64,1
0.2987,-0.14,24.11,66.66,1
0.338,0.0392,24.24,66.69,1
0.3907,0.0527,24.32,66.71,1
0.2659,-0.1247,24.67,66.76,0
0.3392,0.0733,24.97,66.81,0
0.3701,0.0308,24.98,66.84,1
0.4525,0.0824,25.08,66.86,1
0.4973,0.0448,24.75,66.85,2
0.5304,0.0331,24.59,66.84,2
0.528,-0.0024,24.37,66.83,2
0.5197,-0.0083,24.14,66.82,2
0.5074,-0.0122,24.1,66.81,2
0.4962,-0.0112,23.97,66.8,2
0.4924,-0.0038,23.78,66.78,2
0.4817,-0.0108,23.63,66.77,2
0.3376,-0.144,23.84,66.79,1
0.3786,0.041,24.01,66.82,1
0.446,0.0673,24.12,66.84,1
0.4491,0.0032,24.34,66.87,1
0.4442,-0.0049,24.47,66.89,1
0.4198,-0.0244,24.59,66.92,1
0.4347,0.0148,24.65,66.94,1
0.42,-0.0147,24.78,66.96,1
0.4148,-0.0051,24.88,66.98,1
0.4406,0.0257,24.88,67.01,1
0.4478,0.0072,24.9,67.03,1
0.4555,0.0078,24.71,67.01,2
0.4519,-0.0036,24.56,66.99,2
0.453,0.0011,24.29,66.98,2
0.4697,0.0167,24.08,66.96,2
0.5063,0.0366,23.79,66.95,2
0.3556,-0.1506,23.93,66.96,1
0.3891,0.0334,24.2,66.98,1
0.4031,0.014,24.35,67.01,1
0.4434,0.0404,24.57,67.03,1
0.4421,-0.0013,24.7,67.05,1
0.4515,0.0094,24.45,67.03,2
0.4567,0.0051,24.28,67.01,2
0.4637,0.007,24.08,67.0,2
0.4479,-0.0158,24.2,67.02,1
0.44,-0.0078,24.3,67.04,1
0.4461,0.0061,24.36,67.06,1
0.4774,0.0313,24.15,67.04,2
0.3324,-0.1451,24.0,67.02,2
0.3928,0.0604,24.07,67.04,1
0.4256,0.0329,24.2,67.06,1
0.4306,0.005,24.33,67.08,1
0.4535,0.0229,24.26,67.06,2
0.4916,0.0381,24.1,67.04,2
0.5253,0.0337,23.96,67.03,2
0.5334,0.0081,23.74,67.02,2
0.5051,-0.0283,23.61,67.0,2
0.4985,-0.0066,23.58,66.99,2
0.5558,0.0573,23.55,66.97,2
0.5492,-0.0066,23.53,66.96,2
0.5343,-0.0149,23.43,66.95,2
0.3805,-0.1538,23.57,66.97,1
0.4537,0.0732,23.8,66.99,1
0.4392,-0.0144,23.93,67.01,1
0.4504,0.0112,23.82,67.0,2
0.4558,0.0054,23.67,66.98,2
0.4336,-0.0222,23.72,67.0,1
0.4292,-0.0044,23.88,67.02,1
0.2956,-0.1337,23.96,67.04,1
0.3647,0.0692,24.12,67.05,1
0.4095,0.0448,24.28,67.07,1
0.415,0.0055,24.42,67.09,1
0.4375,0.0224,24.43,67.11,1
0.4863,0.0489,24.29,67.1,2
0.5043,0.0179,24.12,67.08,2
0.3544,-0.1499,24.22,67.1,1
0.2632,-0.0912,24.35,67.11,1
0.2042,-0.059,24.75,67.14,0
0.1636,-0.0406,25.03,67.18,0
0.3065,0.143,25.18,67.19,1
0.3603,0.0538,25.19,67.21,1
0.3811,0.0208,25.16,67.22,1
0.2616,-0.1195,25.58,67.26,0
0.294,0.0324,25.88,67.3,0
0.3209,0.027,25.82,67.31,1
0.2123,-0.1087,25.89,67.31,1
0.313,0.1007,25.96,67.32,1
0.3936,0.0806,25.96,67.34,1
0.2692,-0.1244,26.19,67.37,0
0.1948,-0.0744,26.34,67.4,0
0.1476,-0.0472,26.57,67.43,0
0.2208,0.0732,26.71,67.47,0
0.2718,0.051,26.96,67.5,0
0.3218,0.05,26.93,67.51,1
0.3775,0.0557,26.9,67.52,1
0.3805,0.003,26.91,67.52,1
0.3699,-0.0106,26.84,67.53,1
0.2418,-0.1281,26.95,67.56,0
0.3434,0.1016,27.06,67.6,0
0.3906,0.0472,26.96,67.61,1
0.4186,0.0281,26.87,67.62,1
0.4212,0.0026,26.74,67.62,1
0.4305,0.0092,26.62,67.63,1
0.4117,-0.0188,26.54,67.64,1
0.4235,0.0118,26.48,67.65,1
0.4383,0.0148,26.49,67.66,1
0.4431,0.0048,26.42,67.67,1
0.4709,0.0278,26.05,67.64,2
0.4882,0.0173,25.73,67.61,2
0.3391,-0.1491,25.69,67.61,1
0.394,0.0549,25.82,67.62,1
0.4169,0.0229,25.76,67.63,1
0.4494,0.0325,25.82,67.64,1
0.4294,-0.02,25.82,67.65,1
0.469,0.0396,25.49,67.62,2
0.4801,0.011,25.3,67.59,2
0.5025,0.0224,25.09,67.56,2
0.5202,0.0177,24.84,67.54,2
0.5026,-0.0176,24.51,67.51,2
0.4724,-0.0302,24.28,67.49,2
0.4778,0.0054,24.08,67.46,2
0.3311,-0.1467,24.16,67.47,1
0.3453,0.0142,24.24,67.48,1
0.3643,0.0189,24.42,67.48,1
0.3649,0.0007,24.49,67.49,1
0.3769,0.0119,24.6,67.5,1
0.25,-0.1269,24.86,67.53,0
0.3119,0.0619,25.13,67.57,0
0.3784,0.0665,25.12,67.58,1
0.3811,0.0027,25.2,67.58,1
0.3943,0.0132,25.25,67.59,1
0.2626,-0.1317,25.47,67.62,0
0.2883,0.0257,25.78,67.66,0
0.3292,0.0409,25.78,67.66,1
0.3538,0.0246,25.78,67.66,1
0.3963,0.0426,25.75,67.67,1
0.2645,-0.1318,26.02,67.7,0
0.1875,-0.077,26.12,67.73,0
0.14,-0.0476,26.22,67.75,0
0.2437,0.1038,26.4,67.78,0
0.2873,0.0435,26.36,67.77,1
0.3102,0.0229,26.3,67.77,1
0.3125,0.0024,26.21,67.77,1
0.331,0.0185,26.26,67.78,1
0.3616,0.0306,26.21,67.78,1
0.3568,-0.0048,26.1,67.78,1
0.3598,0.003,26.08,67.78,1
0.2351,-0.1247,26.27,67.81,0
0.2895,0.0544,26.46,67.84,0
0.1923,-0.0972,26.62,67.86,0
0.264,0.0717,26.86,67.89,0
0.3205,0.0565,26.75,67.88,1
0.2108,-0.1097,26.67,67.88,1
0.2528,0.042,26.78,67.9,0
0.2914,0.0386,26.99,67.93,0
0.3158,0.0244,26.93,67.93,1
0.3477,0.0319,26.9,67.92,1
0.3695,0.0218,26.9,67.92,1
0.3937,0.0242,26.89,67.93,1
0.3772,-0.0165,26.85,67.93,1
0.2503,-0.127,27.0,67.95,0
0.1778,-0.0725,27.07,67.97,0
0.2439,0.0662,27.15,67.99,0
0.1637,-0.0803,27.29,68.01,0
0.2301,0.0664,27.44,68.03,0
0.2914,0.0613,27.34,68.03,1
0.3264,0.035,27.17,68.02,1
0.3561,0.0297,27.11,68.02,1
0.3978,0.0417,26.94,68.02,1
0.3917,-0.0061,26.86,68.02,1
0.4393,0.0476,26.77,68.02,1
0.4352,-0.004,26.76,68.02,1
0.4382,0.0029,26.73,68.02,1
0.4105,-0.0277,26.73,68.02,1
0.439,0.0285,26.64,68.02,1
0.2993,-0.1397,26.5,68.02,1
0.3318,0.0324,26.44,68.01,1
0.227,-0.1048,26.55,68.04,0
0.32,0.093,26.77,68.06,0
0.3685,0.0485,26.63,68.06,1
0.2505,-0.1179,26.53,68.05,1
0.3209,0.0703,26.43,68.04,1
0.2192,-0.1017,26.66,68.06,0
0.2612,0.042,26.93,68.09,0
0.1725,-0.0887,27.1,68.1,0
0.2239,0.0514,27.15,68.12,0
0.1424,-0.0816,27.23,68.14,0
0.0969,-0.0455,27.3,68.15,0
0.0702,-0.0267,27.42,68.16,0
0.2036,0.1334,27.49,68.18,0
0.1326,-0.071,27.6,68.19,0
0.0918,-0.0408,27.68,68.2,0
0.1921,0.1003,27.86,68.22,0
0.1213,-0.0709,27.94,68.23,0
0.0814,-0.0398,27.94,68.24,0
0.2129,0.1315,28.03,68.25,0
0.2864,0.0735,27.86,68.24,1
0.1847,-0.1017,27.78,68.23,1
0.2417,0.0569,27.86,68.24,0
0.2717,0.03,27.95,68.26,0
0.2845,0.0128,27.75,68.25,1
0.2997,0.0152,27.53,68.24,1
0.3378,0.0381,27.46,68.23,1
0.3776,0.0398,27.27,68.23,1
0.2497,-0.1279,27.39,68.25,0
0.3114,0.0617,27.48,68.27,0
0.3222,0.0107,27.32,68.26,1
0.3794,0.0572,27.29,68.25,1
0.2524,-0.1269,27.39,68.27,0
0.1785,-0.074,27.52,68.28,0
0.2579,0.0794,27.6,68.3,0
0.2875,0.0296,27.42,68.29,1
0.3158,0.0283,27.2,68.28,1
0.3891,0.0733,27.12,68.27,1
0.3769,-0.0122,27.01,68.27,1
0.2487,-0.1283,27.3,68.28,0
0.3023,0.0536,27.39,68.3,0
0.3372,0.035,27.24,68.29,1
0.3661,0.0289,27.16,68.29,1
0.2422,-0.1239,27.22,68.3,0
0.1706,-0.0716,27.34,68.31,0
0.2344,0.0638,27.43,68.33,0
0.2856,0.0512,27.32,68.32,1
0.3068,0.0212,27.11,68.31,1
0.196,-0.1108,27.22,68.32,0
0.134,-0.062,27.29,68.33,0
0.0976,-0.0364,27.35,68.34,0
0.1848,0.0872,27.58,68.35,0
0.1176,-0.0672,27.71,68.36,0
0.0803,-0.0374,27.77,68.37,0
0.2159,0.1357,27.74,68.38,0
0.281,0.065,27.55,68.37,1
0.181,-0.0999,27.33,68.35,1
0.1243,-0.0567,27.35,68.36,0
0.2129,0.0886,27.51,68.37,0
0.2844,0.0715,27.42,68.36,1
0.3288,0.0445,27.35,68.35,1
0.214,-0.1149,27.44,68.36,0
0.2711,0.0571,27.62,68.38,0
0.1773,-0.0938,27.72,68.39,0
0.1237,-0.0537,27.84,68.4,0
0.0913,-0.0324,27.84,68.4,0
0.2005,0.1092,27.91,68.42,0
0.2587,0.0583,27.98,68.43,0
0.1643,-0.0944,27.98,68.44,0
0.2191,0.0548,28.22,68.45,0
0.1367,-0.0824,28.22,68.46,0
0.0912,-0.0454,28.3,68.47,0
0.17,0.0788,28.4,68.47,0
0.2139,0.0439,28.46,68.49,0
0.2513,0.0374,28.53,68.5,0
0.2852,0.0339,28.32,68.48,1
0.3035,0.0182,28.08,68.47,1
0.3099,0.0065,27.88,68.45,1
0.3354,0.0254,27.73,68.44,1
0.2133,-0.1221,27.85,68.45,0
0.27,0.0567,27.93,68.47,0
0.1748,-0.0952,28.01,68.48,0
0.3058,0.131,27.8,68.46,1
0.3475,0.0417,27.62,68.45,1
0.3845,0.037,27.45,68.44,1
0.2556,-0.1289,27.57,68.46,0
0.1798,-0.0758,27.69,68.47,0
0.2727,0.0929,27.79,68.48,0
0.1837,-0.089,27.88,68.49,0
0.1307,-0.053,27.96,68.5,0
0.0973,-0.0334,28.02,68.5,0
0.075,-0.0223,28.03,68.5,0
0.1718,0.0968,28.07,68.51,0
0.2215,0.0498,28.13,68.52,0
0.1333,-0.0882,28.18,68.53,0
0.2029,0.0696,28.27,68.54,0
0.2726,0.0697,28.36,68.55,0
0.1706,-0.102,28.41,68.56,0
0.2591,0.0885,28.4,68.57,0
0.3369,0.0778,28.28,68.56,1
0.3452,0.0083,28.11,68.54,1
0.2245,-0.1207,28.19,68.55,0
0.1554,-0.0691,28.34,68.56,0
0.1137,-0.0417,28.32,68.57,0
0.0869,-0.0268,28.37,68.57,0
0.0687,-0.0182,28.33,68.57,0
0.1656,0.0969,28.39,68.58,0
0.1037,-0.0618,28.46,68.58,0
0.0695,-0.0343,28.48,68.58,0
0.0496,-0.0199,28.53,68.58,0
0.0374,-0.0122,28.58,68.58,0
0.0294,-0.008,28.51,68.58,0
0.0238,-0.0056,28.51,68.58,0
0.1222,0.0984,28.54,68.59,0
0.0685,-0.0537,28.55,68.59,0
0.0406,-0.0279,28.51,68.59,0
0.0258,-0.0149,28.52,68.59,0
0.0176,-0.0082,28.52,68.59,0
0.1153,0.0978,28.49,68.59,0
0.0619,-0.0534,28.52,68.59,0
0.0346,-0.0273,28.46,68.59,0
0.1579,0.1233,28.47,68.6,0
0.2264,0.0685,28.51,68.61,0
0.2874,0.061,28.34,68.59,1
0.1802,-0.1073,28.07,68.57,1
0.1207,-0.0595,28.18,68.57,0
0.1962,0.0755,28.2,68.58,0
0.2621,0.0659,28.25,68.59,0
0.2903,0.0282,28.07,68.57,1
0.1827,-0.1075,27.9,68.55,1
0.2458,0.0631,28.08,68.56,0
0.1569,-0.0889,28.08,68.57,0
0.1072,-0.0497,28.2,68.57,0
0.183,0.0758,28.25,68.58,0
0.1137,-0.0693,28.29,68.59,0
0.2082,0.0945,28.25,68.59,0
0.13,-0.0783,28.31,68.6,0
0.1991,0.0691,28.33,68.61,0
0.1214,-0.0777,28.34,68.61,0
0.2064,0.085,28.39,68.62,0
0.2389,0.0325,28.45,68.63,0
0.2625,0.0236,28.46,68.64,0
0.1572,-0.1053,28.53,68.64,0
0.1003,-0.0569,28.55,68.65,0
0.1983,0.098,28.6,68.65,0
0.2641,0.0658,28.66,68.66,0
0.1659,-0.0982,28.69,68.67,0
0.2237,0.0578,28.69,68.68,0
0.2813,0.0576,28.46,68.66,1
0.1774,-0.1039,28.21,68.63,1
0.1194,-0.0579,28.24,68.64,0
0.1955,0.0761,28.33,68.64,0
0.1225,-0.073,28.34,68.65,0
0.0821,-0.0405,28.41,68.65,0
0.0586,-0.0235,28.47,68.65,0
0.1866,0.128,28.54,68.65,0
0.1187,-0.068,28.59,68.66,0
0.2078,0.0891,28.64,68.66,0
0.1295,-0.0783,28.68,68.67,0
0.1882,0.0588,28.73,68.67,0
0.1121,-0.0761,28.73,68.68,0
0.0709,-0.0412,28.76,68.68,0
0.0477,-0.0232,28.72,68.67,0
0.1965,0.1488,28.75,68.68,0
0.1254,-0.0711,28.77,68.68,0
0.2097,0.0843,28.85,68.69,0
0.2482,0.0385,28.82,68.7,0
0.269,0.0208,28.81,68.71,0
0.2677,-0.0013,28.75,68.72,0
0.2955,0.0278,28.48,68.7,1
0.3295,0.034,28.21,68.68,1
0.2075,-0.122,28.21,68.69,0
0.1393,-0.0682,28.29,68.69,0
0.0992,-0.0401,28.29,68.69,0
0.2068,0.1076,28.4,68.7,0
0.1339,-0.0729,28.42,68.7,0
0.0922,-0.0417,28.4,68.7,0
0.0671,-0.0251,28.47,68.7,0
0.1585,0.0914,28.52,68.7,0
0.2024,0.0439,28.52,68.71,0
0.2384,0.0359,28.56,68.72,0
0.1392,-0.0991,28.61,68.72,0
0.0863,-0.053,28.59,68.72,0
0.057,-0.0292,28.65,68.72,0
0.0401,-0.0169,28.58,68.72,0
0.0298,-0.0103,28.54,68.71,0
0.1281,0.0983,28.56,68.72,0
0.0725,-0.0556,28.58,68.72,0
0.1683,0.0958,28.59,68.72,0
0.0976,-0.0707,28.69,68.72,0
0.0599,-0.0378,28.67,68.72,0
0.039,-0.0209,28.62,68.72,0
0.1345,0.0955,28.68,68.72,0
0.1912,0.0567,28.59,68.72,0
0.108,-0.0832,28.59,68.72,0
0.1869,0.0789,28.63,68.73,0
0.1089,-0.0779,28.65,68.73,0
0.0672,-0.0417,28.65,68.73,0
0.1567,0.0895,28.7,68.73,0
0.2158,0.0591,28.74,68.74,0
0.2592,0.0434,28.79,68.75,0
0.1558,-0.1034,28.76,68.75,0
0.2273,0.0715,28.72,68.76,0
0.1402,-0.0871,28.76,68.76,0
0.2271,0.0869,28.75,68.76,0
0.2699,0.0428,28.73,68.77,0
0.303,0.0332,28.41,68.75,1
0.1931,-0.1099,28.23,68.73,1
0.2597,0.0666,28.28,68.74,0
0.1687,-0.091,28.41,68.74,0
0.2698,0.1011,28.42,68.75,0
0.1788,-0.0911,28.4,68.75,0
0.2335,0.0547,28.44,68.76,0
0.1497,-0.0838,28.49,68.76,0
0.1025,-0.0472,28.48,68.76,0
0.1819,0.0795,28.54,68.76,0
0.1128,-0.0691,28.47,68.76,0
0.0748,-0.038,28.5,68.76,0
0.1604,0.0856,28.6,68.77,0
0.0956,-0.0648,28.61,68.77,0
0.1808,0.0852,28.63,68.77,0
0.1074,-0.0734,28.62,68.77,0
0.0678,-0.0396,28.55,68.77,0
0.0457,-0.0221,28.54,68.76,0
0.0327,-0.013,28.6,68.76,0
0.1521,0.1194,28.66,68.76,0
0.0913,-0.0608,28.63,68.76,0
0.0582,-0.0331,28.58,68.76,0
0.1769,0.1187,28.54,68.76,0
0.233,0.0562,28.6,68.77,0
0.1417,-0.0913,28.58,68.77,0
0.0919,-0.0498,28.61,68.77,0
0.0636,-0.0283,28.62,68.77,0
0.0467,-0.017,28.49,68.77,0
0.1584,0.1117,28.55,68.77,0
0.2437,0.0853,28.62,68.77,0
0.308,0.0642,28.36,68.75,1
0.198,-0.11,28.16,68.73,1
0.261,0.063,28.23,68.74,0
0.1693,-0.0918,28.21,68.74,0
0.2446,0.0753,28.2,68.75,0
0.1578,-0.0868,28.2,68.75,0
0.2285,0.0707,28.18,68.76,0
0.28,0.0515,28.3,68.77,0
0.3113,0.0313,28.03,68.75,1
0.1991,-0.1122,27.77,68.72,1
0.1363,-0.0627,27.9,68.72,0
0.0995,-0.0369,28.02,68.73,0
0.1989,0.0995,28.09,68.73,0
0.129,-0.0699,28.18,68.73,0
0.0895,-0.0395,28.29,68.73,0
0.181,0.0915,28.3,68.74,0
0.1131,-0.0679,28.22,68.74,0
0.2331,0.12,28.35,68.74,0
0.1499,-0.0832,28.4,68.75,0
0.1024,-0.0475,28.49,68.75,0
0.0739,-0.0285,28.46,68.75,0
0.0557,-0.0182,28.41,68.74,0
0.156,0.1002,28.37,68.75,0
0.0948,-0.0612,28.34,68.75,0
0.0613,-0.0335,28.33,68.74,0
0.0421,-0.0191,28.33,68.74,0
0.1807,0.1385,28.37,68.75,0
0.2446,0.064,28.43,68.75,0
0.1508,-0.0938,28.46,68.76,0
0.0986,-0.0522,28.45,68.76,0
0.1708,0.0721,28.48,68.76,0
0.1016,-0.0691,28.56,68.76,0
0.1841,0.0825,28.68,68.76,0
0.109,-0.0751,28.66,68.76,0
0.1958,0.0868,28.73,68.77,0
0.2688,0.073,28.78,68.78,0
0.168,-0.1008,28.87,68.78,0
0.227,0.059,28.92,68.78,0
0.2598,0.0328,28.94,68.79,0
0.2679,0.0081,28.91,68.8,0
0.1622,-0.1056,28.93,68.8,0
0.1052,-0.0571,28.9,68.8,0
0.0731,-0.0321,28.88,68.8,0
0.0541,-0.019,28.79,68.8,0
0.0422,-0.012,28.75,68.79,0
0.0341,-0.0081,28.67,68.79,0
0.0283,-0.0058,28.57,68.78,0
0.0239,-0.0044,28.63,68.78,0
0.1504,0.1265,28.6,68.78,0
0.2165,0.066,28.65,68.79,0
0.1306,-0.0859,28.62,68.79,0
0.1942,0.0636,28.69,68.79,0
0.1161,-0.0781,28.71,68.79,0
0.184,0.068,28.78,68.79,0
0.1085,-0.0755,28.7,68.79,0
0.0681,-0.0404,28.71,68.79,0
0.0457,-0.0224,28.69,68.79,0
0.1727,0.127,28.76,68.79,0
0.1067,-0.066,28.81,68.79,0
0.1826,0.0759,28.78,68.79,0
0.1088,-0.0738,28.78,68.79,0
0.0688,-0.04,28.77,68.79,0
0.0462,-0.0226,28.71,68.79,0
0.0328,-0.0134,28.78,68.78,0
0.0244,-0.0084,28.68,68.78,0
0.1439,0.1194,28.71,68.78,0
0.0849,-0.0589,28.6,68.78,0
0.1556,0.0706,28.57,68.78,0
0.0872,-0.0684,28.54,68.78,0
0.0513,-0.0359,28.49,68.78,0
0.0319,-0.0194,28.46,68.77,0
0.0211,-0.0108,28.38,68.77,0
0.1423,0.1212,28.4,68.77,0
0.2161,0.0738,28.45,68.78,0
0.2565,0.0404,28.53,68.78,0
0.2807,0.0242,28.38,68.76,1
0.1722,-0.1085,28.17,68.73,1
0.2882,0.116,27.96,68.71,1
0.1897,-0.0985,27.99,68.72,0
0.2451,0.0554,28.0,68.73,0
0.2882,0.0431,27.86,68.71,1
0.1845,-0.1037,27.68,68.68,1
0.1263,-0.0582,27.77,68.68,0
0.092,-0.0343,27.74,68.69,0
0.1755,0.0835,27.8,68.69,0
0.1101,-0.0654,27.88,68.69,0
0.2041,0.094,28.01,68.7,0
0.1274,-0.0768,27.99,68.7,0
0.0849,-0.0425,28.0,68.7,0
0.1777,0.0929,27.97,68.71,0
0.2514,0.0737,28.0,68.71,0
0.2878,0.0364,27.87,68.69,1
0.3132,0.0254,27.66,68.68,1
0.1975,-0.1158,27.78,68.68,0
0.2454,0.0479,27.91,68.69,0
0.3311,0.0857,27.75,68.67,1
0.3584,0.0272,27.58,68.66,1
0.3568,-0.0016,27.46,68.64,1
0.2331,-0.1237,27.56,68.65,0
0.1626,-0.0705,27.66,68.66,0
0.2702,0.1076,27.69,68.67,0
0.3051,0.0349,27.47,68.65,1
0.3316,0.0265,27.38,68.63,1
0.2164,-0.1152,27.49,68.64,0
0.1509,-0.0655,27.6,68.65,0
0.1116,-0.0393,27.68,68.65,0
0.189,0.0774,27.73,68.66,0
0.1214,-0.0676,27.76,68.66,0
0.0836,-0.0377,27.68,68.66,0
0.0615,-0.0222,27.7,68.66,0
0.1626,0.1012,27.82,68.66,0
0.1004,-0.0623,27.85,68.67,0
0.1989,0.0985,27.98,68.67,0
0.123,-0.0759,27.94,68.68,0
0.2011,0.0781,27.95,68.68,0
0.1229,-0.0782,28.0,68.68,0
0.08,-0.0429,28.05,68.68,0
0.0554,-0.0246,28.13,68.68,0
0.0405,-0.0149,28.2,68.68,0
0.0309,-0.0095,28.28,68.68,0
0.0244,-0.0065,28.31,68.68,0
0.1522,0.1278,28.26,68.68,0
0.0922,-0.06,28.36,68.68,0
0.1718,0.0796,28.44,68.69,0
0.1005,-0.0713,28.44,68.69,0
0.2046,0.1042,28.48,68.7,0
0.1248,-0.0798,28.41,68.7,0
0.0806,-0.0442,28.39,68.7,0
0.2325,0.1519,28.44,68.71,0
0.1514,-0.0811,28.46,68.71,0
0.229,0.0776,28.51,68.72,0
0.1448,-0.0842,28.49,68.72,0
0.2167,0.0719,28.5,68.73,0
0.1339,-0.0828,28.52,68.73,0
0.195,0.0611,28.59,68.73,0
0.2351,0.0401,28.64,68.74,0
0.2593,0.0242,28.67,68.75,0
0.2831,0.0238,28.5,68.73,1
0.2962,0.0131,28.36,68.71,1
0.182,-0.1142,28.49,68.71,0
0.2346,0.0526,28.46,68.72,0
0.1461,-0.0885,28.45,68.72,0
0.0973,-0.0488,28.45,68.72,0
0.2016,0.1044,28.49,68.73,0
0.1279,-0.0737,28.42,68.73,0
0.1916,0.0636,28.48,68.74,0
0.2443,0.0527,28.63,68.74,0
0.2918,0.0475,28.39,68.72,1
0.3268,0.035,28.17,68.7,1
0.3652,0.0384,28.04,68.69,1
0.2381,-0.1271,28.12,68.7,0
0.2704,0.0322,28.19,68.71,0
0.3296,0.0592,27.97,68.69,1
0.3392,0.0096,27.86,68.67,1
0.2188,-0.1204,27.91,68.68,0
0.2527,0.0339,28.02,68.69,0
0.1611,-0.0916,28.06,68.69,0
0.1095,-0.0516,28.09,68.69,0
0.2014,0.092,28.08,68.7,0
0.1278,-0.0737,28.22,68.7,0
0.2089,0.0811,28.32,68.71,0
0.13,-0.0789,28.35,68.71,0
0.1961,0.0661,28.4,68.72,0
0.2416,0.0455,28.36,68.73,0
0.2716,0.03,28.39,68.73,0
0.1665,-0.1051,28.47,68.74,0
0.292,0.1255,28.25,68.72,1
0.3611,0.0691,27.98,68.7,1
0.3464,-0.0147,27.83,68.68,1
0.3514,0.005,27.58,68.67,1
0.3729,0.0215,27.44,68.65,1
0.4107,0.0378,27.39,68.64,1
0.3873,-0.0234,27.24,68.63,1
0.2542,-0.1331,27.35,68.64,0
0.3046,0.0505,27.52,68.65,0
0.2021,-0.1026,27.53,68.66,0
0.1422,-0.0599,27.64,68.66,0
0.2102,0.068,27.79,68.67,0
0.2687,0.0586,27.83,68.68,0
0.1695,-0.0993,28.03,68.68,0
0.1137,-0.0557,28.12,68.69,0
0.2409,0.1272,28.17,68.69,0
0.2825,0.0416,27.88,68.67,1
0.3193,0.0368,27.67,68.66,1
0.33,0.0107,27.48,68.64,1
0.3307,0.0007,27.37,68.62,1
0.3199,-0.0109,27.23,68.61,1
0.2013,-0.1185,27.29,68.62,0
0.2481,0.0468,27.36,68.63,0
0.2962,0.0481,27.23,68.61,1
0.3349,0.0387,27.09,68.59,1
0.2183,-0.1166,27.18,68.6,0
0.2875,0.0692,27.36,68.61,0
0.3514,0.0639,27.2,68.6,1
0.3762,0.0248,27.12,68.59,1
0.2518,-0.1244,27.18,68.6,0
0.1796,-0.0722,27.26,68.6,0
0.1353,-0.0444,27.33,68.61,0
0.2362,0.101,27.46,68.62,0
0.3114,0.0752,27.25,68.6,1
0.2088,-0.1026,27.0,68.58,1
0.1495,-0.0593,27.08,68.59,0
0.1131,-0.0364,27.18,68.59,0
0.0894,-0.0238,27.33,68.59,0
0.1978,0.1084,27.41,68.6,0
0.2403,0.0425,27.55,68.61,0
0.1506,-0.0896,27.69,68.62,0
0.1014,-0.0493,27.71,68.62,0
0.188,0.0867,27.81,68.63,0
0.1177,-0.0703,27.9,68.63,0
0.079,-0.0387,27.96,68.63,0
0.1917,0.1127,28.02,68.64,0
0.1211,-0.0706,27.99,68.64,0
0.0817,-0.0395,28.08,68.64,0
0.0585,-0.0232,28.09,68.64,0
0.1766,0.1181,28.17,68.65,0
0.2848,0.1082,27.98,68.63,1
0.3106,0.0258,27.84,68.61,1
0.3251,0.0144,27.76,68.6,1
0.2065,-0.1186,27.8,68.6,0
0.1396,-0.0669,27.97,68.61,0
0.2175,0.0779,27.92,68.62,0
0.2764,0.0589,28.02,68.63,0
0.3269,0.0505,27.8,68.61,1
0.2117,-0.1152,27.63,68.59,1
0.1462,-0.0655,27.7,68.6,0
0.2395,0.0933,27.78,68.61,0
0.3114,0.0719,27.62,68.59,1
0.3178,0.0064,27.43,68.57,1
0.2056,-0.1122,27.59,68.58,0
0.1425,-0.0632,27.72,68.59,0
0.105,-0.0375,27.71,68.59,0
0.1988,0.0938,27.75,68.6,0
0.2434,0.0446,27.82,68.61,0
0.1525,-0.0909,27.86,68.62,0
0.1027,-0.0498,27.9,68.62,0
0.1941,0.0914,28.1,68.63,0
0.2715,0.0774,28.15,68.64,0
0.1741,-0.0974,28.17,68.64,0
0.2471,0.0731,28.2,68.65,0
0.2731,0.0259,28.28,68.66,0
0.3026,0.0295,28.16,68.65,1
0.3161,0.0135,27.93,68.63,1
0.3397,0.0236,27.72,68.61,1
0.3498,0.0102,27.62,68.6,1
0.2278,-0.122,27.7,68.61,0
0.3167,0.0889,27.83,68.62,0
0.3518,0.0351,27.66,68.61,1
0.3755,0.0237,27.56,68.59,1
0.4153,0.0398,27.44,68.58,1
0.4567,0.0414,26.93,68.53,2
0.3141,-0.1426,26.59,68.48,2
0.3513,0.0372,26.56,68.47,1
0.3681,0.0168,26.37,68.45,1
0.3753,0.0072,26.29,68.44,1
0.2509,-0.1244,26.47,68.46,0
0.2988,0.0479,26.65,68.47,0
0.2006,-0.0983,26.83,68.48,0
0.3134,0.1129,26.72,68.47,1
0.3341,0.0207,26.67,68.46,1
0.2223,-0.1118,26.74,68.47,0
0.3076,0.0853,26.88,68.49,0
0.208,-0.0997,27.02,68.5,0
0.1491,-0.0589,27.08,68.5,0
0.2822,0.1332,26.98,68.49,1
0.3458,0.0636,26.88,68.48,1
0.3835,0.0377,26.74,68.47,1
0.2586,-0.1249,26.94,68.48,0
0.3075,0.0489,27.14,68.49,0
0.3668,0.0592,26.97,68.48,1
0.3938,0.027,26.91,68.47,1
0.4066,0.0128,26.93,68.46,1
0.4482,0.0417,26.73,68.46,1
0.4698,0.0216,26.37,68.41,2
0.4474,-0.0224,26.03,68.37,2
0.3054,-0.142,25.96,68.35,1
0.3934,0.088,25.95,68.35,1
0.4733,0.0799,25.53,68.3,2
0.479,0.0057,25.27,68.26,2
0.4707,-0.0084,24.99,68.22,2
0.3267,-0.144,25.05,68.21,1
0.4023,0.0756,25.03,68.21,1
0.284,-0.1183,25.03,68.2,1
0.336,0.052,25.05,68.19,1
0.3756,0.0397,25.15,68.18,1
0.4174,0.0418,25.24,68.18,1
0.4274,0.0099,25.36,68.18,1
0.4612,0.0339,25.04,68.14,2
0.3167,-0.1445,24.78,68.09,2
0.4023,0.0856,24.85,68.09,1
0.3968,-0.0055,24.86,68.09,1
0.4071,0.0103,24.89,68.09,1
0.4335,0.0264,24.94,68.09,1
0.2946,-0.139,24.92,68.08,1
0.3193,0.0248,24.96,68.07,1
0.3746,0.0553,24.99,68.07,1
0.4271,0.0524,25.1,68.07,1
0.2927,-0.1344,25.17,68.06,1
0.3551,0.0623,25.23,68.06,1
0.369,0.0139,25.21,68.06,1
0.3901,0.0212,25.25,68.06,1
0.3929,0.0028,25.29,68.06,1
0.3979,0.005,25.31,68.05,1
0.4305,0.0327,25.4,68.05,1
0.4532,0.0226,25.15,68.02,2
0.4641,0.0109,24.8,67.98,2
0.4344,-0.0296,24.91,67.98,1
0.4846,0.0501,25.02,67.99,1
0.4612,-0.0234,24.88,67.95,2
0.4441,-0.0171,24.67,67.91,2
0.4395,-0.0046,24.77,67.92,1
0.4477,0.0082,24.87,67.92,1
0.4324,-0.0153,24.95,67.92,1
0.2944,-0.138,24.97,67.92,1
0.3306,0.0362,25.08,67.92,1
0.3617,0.0311,25.12,67.92,1
0.4194,0.0577,25.19,67.92,1
0.2869,-0.1325,25.29,67.92,1
0.3508,0.0639,25.3,67.92,1
0.3668,0.0159,25.34,67.92,1
0.2479,-0.1189,25.56,67.94,0
0.2881,0.0402,25.79,67.96,0
0.3318,0.0437,25.81,67.96,1
0.3991,0.0673,25.77,67.96,1
0.2693,-0.1299,25.99,67.99,0
0.3427,0.0734,26.21,68.01,0
0.3819,0.0392,26.22,68.01,1
0.4617,0.0799,26.18,68.02,1
0.4537,-0.008,25.79,67.98,2
0.4349,-0.0188,25.48,67.94,2
0.4493,0.0144,25.53,67.94,1
0.4364,-0.0129,25.56,67.95,1
0.4326,-0.0038,25.54,67.95,1
0.4241,-0.0085,25.55,67.95,1
0.4745,0.0504,25.23,67.92,2
0.4685,-0.006,24.93,67.88,2
0.3254,-0.1431,24.99,67.88,1
0.2398,-0.0855,25.08,67.87,1
0.3105,0.0706,25.09,67.87,1
0.2186,-0.0919,25.33,67.9,0
0.1631,-0.0555,25.57,67.92,0
0.2573,0.0943,25.91,67.94,0
0.1768,-0.0805,26.13,67.96,0
0.1292,-0.0476,26.27,67.98,0
0.0992,-0.0299,26.38,67.99,0
0.2416,0.1424,26.56,68.02,0
0.3196,0.0779,26.46,68.01,1
0.3734,0.0538,26.42,68.01,1
0.4418,0.0684,26.43,68.01,1
0.4221,-0.0197,26.45,68.01,1
0.4237,0.0016,26.35,68.01,1
0.4012,-0.0225,26.31,68.01,1
0.4,-0.0011,26.27,68.01,1
0.445,0.045,26.26,68.02,1
0.4488,0.0038,26.21,68.02,1
0.4461,-0.0027,26.14,68.02,1
0.4597,0.0136,25.77,67.98,2
0.4894,0.0296,25.38,67.95,2
0.3428,-0.1466,25.34,67.95,1
0.2544,-0.0884,25.35,67.94,1
0.3052,0.0508,25.33,67.94,1
0.3473,0.042,25.35,67.93,1
0.3772,0.0299,25.44,67.93,1
0.413,0.0358,25.57,67.94,1
0.4487,0.0357,25.67,67.94,1
0.4612,0.0124,25.41,67.9,2
0.4739,0.0127,25.13,67.87,2
0.4917,0.0178,24.9,67.84,2
0.4915,-0.0002,24.68,67.8,2
0.468,-0.0235,24.43,67.77,2
0.4723,0.0043,24.17,67.74,2
0.465,-0.0074,23.95,67.71,2
0.4978,0.0328,23.72,67.68,2
0.4713,-0.0265,23.65,67.65,2
0.4914,0.02,23.48,67.62,2
0.5116,0.0202,23.42,67.59,2
0.5291,0.0175,23.42,67.57,2
0.5101,-0.019,23.27,67.54,2
0.486,-0.0241,23.26,67.52,2
0.5271,0.0411,23.21,67.49,2
0.3729,-0.1542,23.37,67.5,1
0.431,0.058,23.61,67.51,1
0.5007,0.0698,23.51,67.49,2
0.4936,-0.0071,23.48,67.46,2
0.5274,0.0337,23.4,67.44,2
0.5154,-0.0119,23.3,67.42,2
0.508,-0.0075,23.24,67.39,2
0.5035,-0.0044,23.11,67.37,2
0.4776,-0.026,23.09,67.35,2
0.4705,-0.0071,23.02,67.32,2
0.4625,-0.008,22.94,67.3,2
0.3234,-0.1391,23.13,67.31,1
0.3908,0.0674,23.37,67.32,1
0.4138,0.023,23.45,67.34,1
0.4079,-0.0059,23.63,67.35,1
0.4339,0.0259,23.76,67.37,1
0.488,0.0541,23.63,67.34,2
0.4803,-0.0077,23.55,67.32,2
